-- Start building task run all -- (251051378)
-- Start building task all -- (0)
-- Start building task kernel -- (1)
-- Enter folder kernel/kernel --
<1> Building kernel/kernel/wait.c
<2> Building kernel/kernel/unixsock.c
<0> Building kernel/kernel/workqueue.c
<3> Building kernel/kernel/timer.c
In file included from kernel/kernel/timer.c:3:
kernel/kernel/timer.c: 在函数‘__calc_index’中:
kernel/kernel/timer.h:29:31: warning: ‘uint64_t’ {或称 ‘long long unsigned int’}转换自‘int’时可能会改变结果的符号 [-Wsign-conversion]
   29 | #define TIMER_WHEEL_BITS      8
      |                               ^
kernel/kernel/timer.c:63:22: note: in expansion of macro ‘TIMER_WHEEL_BITS’
kernel/kernel/unixsock.c: 在函数‘ring_write’中:
   63 |     uint64_t shift = TIMER_WHEEL_BITS * (*level);
      |                      ^~~~~~~~~~~~~~~~
kernel/kernel/unixsock.c:62:21: warning: 未使用的变量‘to_copy’ [-Wunused-variable]
   62 |     uint32_t space, to_copy, contiguous, first_chunk;
      |                     ^~~~~~~
kernel/kernel/unixsock.c:59:38: warning: 未使用的参数‘rpos’ [-Wunused-parameter]
   59 |                            uint32_t* rpos, uint32_t* wpos, uint32_t* bytes,
      |                            ~~~~~~~~~~^~~~
kernel/kernel/unixsock.c: 在函数‘ring_read’中:
kernel/kernel/unixsock.c:89:14: warning: 未使用的变量‘to_copy’ [-Wunused-variable]
   89 |     uint32_t to_copy, contiguous, first_chunk;
      |              ^~~~~~~
kernel/kernel/unixsock.c:86:53: warning: 未使用的参数‘wpos’ [-Wunused-parameter]
   86 |                           uint32_t* rpos, uint32_t* wpos, uint32_t* bytes,
      |                                           ~~~~~~~~~~^~~~
kernel/kernel/timer.c: 在文件作用域：
kernel/kernel/timer.c:274:13: warning: ‘__msleep_wakeup’ 在此处定义 [-Wunused-function]
kernel/kernel/workqueue.c: 在函数‘__tasklet_add’中:
kernel/kernel/workqueue.c:216:22: warning: ‘int’转换自‘uint32_t’ {或称 ‘unsigned int’}时可能会改变结果的符号 [-Wsign-conversion]
  274 | static void __msleep_wakeup(void* arg)
      |             ^~~~~~~~~~~~~~~
  216 |         for (int i = tasklet_count; i > 0; i--) {
      |                      ^~~~~~~~~~~~~
<1> Building kernel/kernel/sysfs.c
kernel/kernel/sysfs.c: 在函数‘sysfs_vfs_read’中:
kernel/kernel/sysfs.c:87:57: warning: ‘long long unsigned int’转换自‘int’时可能会改变结果的符号 [-Wsign-conversion]
   87 |             len = attr->show(temp + total, sizeof(temp) - total);
      |                                                         ^
kernel/kernel/sysfs.c:89:55: warning: ‘long long unsigned int’转换自‘int’时可能会改变结果的符号 [-Wsign-conversion]
   89 |             len = snprintf(temp + total, sizeof(temp) - total, "%s\n", attr->value);
      |                                                       ^
<0> Building kernel/kernel/sync.c
<3> Building kernel/kernel/signal.c
kernel/kernel/sync.c: 在函数‘mutex_is_locked’中:
kernel/kernel/sync.c:249:15: warning: ‘int’转换自‘uint32_t’ {或称 ‘unsigned int’}时可能会改变结果的符号 [-Wsign-conversion]
  249 |     return mtx->locked;
      |            ~~~^~~~~~~~
kernel/kernel/signal.c: 在函数‘signal_send_info’中:
kernel/kernel/signal.c:184:19: warning: conversion from ‘uint64_t’ {或称 ‘long long unsigned int’} to ‘int’ may change value [-Wconversion]
  184 |     info.si_pid = current_process;
      |                   ^~~~~~~~~~~~~~~
kernel/kernel/signal.c: 在函数‘__signal_setup_frame’中:
kernel/kernel/signal.c:222:27: warning: conversion from ‘uint64_t’ {或称 ‘long long unsigned int’} to ‘int’ may change value [-Wconversion]
  222 |     siginfo_ptr->si_pid = current_process;
      |                           ^~~~~~~~~~~~~~~
kernel/kernel/signal.c: 在函数‘signal_do_pending’中:
kernel/kernel/signal.c:251:29: warning: ISO C 不允许在‘void *’和函数指针间比较 [-Wpedantic]
  251 |         if (act->sa_handler == (void*)1) {
      |                             ^~
kernel/kernel/signal.c:280:23: warning: conversion from ‘uint64_t’ {或称 ‘long long unsigned int’} to ‘int’ may change value [-Wconversion]
  280 |         info.si_pid = current_process;
      |                       ^~~~~~~~~~~~~~~
kernel/kernel/signal.c:289:20: warning: 未使用的变量‘old_blocked’ [-Wunused-variable]
  289 |         k_sigset_t old_blocked = sig_data->blocked;
      |                    ^~~~~~~~~~~
<1> Building kernel/kernel/shell_enhanced.c
<2> Building kernel/kernel/rcu.c
kernel/kernel/shell_enhanced.c:238:12: warning: ‘shell_create_pipe’ 在此处定义 [-Wunused-function]
  238 | static int shell_create_pipe(int pipefd[2])
      |            ^~~~~~~~~~~~~~~~~
kernel/kernel/shell_enhanced.c:139:13: warning: ‘shell_unquote’ 在此处定义 [-Wunused-function]
  139 | static void shell_unquote(char* dst, const char* src, uint64_t max)
      |             ^~~~~~~~~~~~~
kernel/kernel/shell_enhanced.c:84:17: warning: ‘history_index’ 在此处定义 [-Wunused-variable]
   84 | static uint32_t history_index = 0;
      |                 ^~~~~~~~~~~~~
<3> Building kernel/kernel/process.c
kernel/kernel/process.c: 在函数‘__process_trampoline’中:
kernel/kernel/process.c:23:29: warning: ISO C 不允许将一个对象指针转换为一个函数指针 [-Wpedantic]
   23 |         void (*fn)(void*) = (void (*)(void*))p->entry;
      |                             ^
kernel/kernel/process.c: 在函数‘process_switch’中:
kernel/kernel/process.c:133:63: warning: 未使用的参数‘old’ [-Wunused-parameter]
  133 | __attribute__((naked)) void process_switch(process_context_t* old, process_context_t* new)
      |                                            ~~~~~~~~~~~~~~~~~~~^~~
kernel/kernel/process.c:133:87: warning: 未使用的参数‘new’ [-Wunused-parameter]
  133 | __attribute__((naked)) void process_switch(process_context_t* old, process_context_t* new)
      |                                                                    ~~~~~~~~~~~~~~~~~~~^~~
kernel/kernel/process.c: 在函数‘process_fork’中:
kernel/kernel/process.c:556:15: warning: conversion from ‘uint64_t’ {或称 ‘long long unsigned int’} to ‘uint32_t’ {或称 ‘unsigned int’} may change value [-Wconversion]
  556 |         parent->flags,
      |         ~~~~~~^~~~~~~
<2> Building kernel/kernel/module.c
<0> Building kernel/kernel/kthread.c
kernel/kernel/module.c: 在函数‘__apply_relocations’中:
kernel/kernel/module.c:147:47: warning: conversion from ‘uint32_t’ {或称 ‘unsigned int’} to ‘uint16_t’ {或称 ‘short unsigned int’} may change value [-Wconversion]
  147 |         void* target_base = section_base(mod, target_idx, shdrs, shstr, data);
      |                                               ^~~~~~~~~~
kernel/kernel/module.c:153:21: warning: 未使用的变量‘strtab’ [-Wunused-variable]
  153 |         const char* strtab = (const char*)mod->strtab;
      |                     ^~~~~~
kernel/kernel/module.c: 在函数‘module_load’中:
kernel/kernel/module.c:275:56: warning: ‘void *’型指针用在了算术表达式中 [-Wpointer-arith]
  275 |     const Elf64_Shdr* shdrs = (const Elf64_Shdr*)(data + ehdr->e_shoff);
      |                                                        ^
kernel/kernel/module.c:277:44: warning: ‘void *’型指针用在了算术表达式中 [-Wpointer-arith]
  277 |     const char* shstr = (const char*)(data + shstrtab->sh_offset);
      |                                            ^
kernel/kernel/module.c:290:52: warning: ‘void *’型指针用在了算术表达式中 [-Wpointer-arith]
  290 |                     memcpy(mod->text_section, data + shdrs[i].sh_offset, shdrs[i].sh_size);
      |                                                    ^
kernel/kernel/module.c:297:52: warning: ‘void *’型指针用在了算术表达式中 [-Wpointer-arith]
  297 |                     memcpy(mod->data_section, data + shdrs[i].sh_offset, shdrs[i].sh_size);
      |                                                    ^
kernel/kernel/module.c:304:54: warning: ‘void *’型指针用在了算术表达式中 [-Wpointer-arith]
  304 |                     memcpy(mod->rodata_section, data + shdrs[i].sh_offset, shdrs[i].sh_size);
kernel/kernel/kthread.c: 在函数‘kthread_entry’中:
kernel/kernel/kthread.c:29:18: warning: ‘uint64_t’ {或称 ‘long long unsigned int’}转换自‘int’时可能会改变结果的符号 [-Wsign-conversion]
   29 |     kt->result = ret;
      |                  ^~~
      |                                                      ^
kernel/kernel/module.c:315:55: warning: ‘void *’型指针用在了算术表达式中 [-Wpointer-arith]
  315 |             if (mod->symtab) memcpy(mod->symtab, data + shdrs[i].sh_offset, shdrs[i].sh_size);
      |                                                       ^
kernel/kernel/module.c:321:59: warning: ‘void *’型指针用在了算术表达式中 [-Wpointer-arith]
  321 |                 if (mod->strtab) memcpy(mod->strtab, data + shdrs[i].sh_offset, shdrs[i].sh_size);
      |                                                           ^
kernel/kernel/kthread.c: 在函数‘kthread_create’中:
kernel/kernel/kthread.c:50:44: warning: ISO C 不允许将一个函数指针转换为一个对象指针 [-Wpedantic]
   50 |     uint64_t pid = process_create_ex(name, (void*)kthread_entry, NULL,
      |                                            ^
kernel/kernel/kthread.c: 在文件作用域：
kernel/kernel/kthread.c:14:13: warning: ‘__kthread_wrapper’声明为‘static’却从未定义过 [-Wunused-function]
   14 | static void __kthread_wrapper(void);
      |             ^~~~~~~~~~~~~~~~~
kernel/kernel/module.c: 在函数‘module_get_next’中:
kernel/kernel/module.c:472:20: warning: conversion from ‘long long int’ to ‘uint32_t’ {或称 ‘unsigned int’} may change value [-Wconversion]
  472 |     uint32_t idx = mod - module_table;
      |                    ^~~
<0> Building kernel/kernel/kernel.c
<1> Building kernel/kernel/ipc.c
<0> Building kernel/kernel/fs.c
kernel/kernel/ipc.c: 在函数‘shm_get’中:
kernel/kernel/ipc.c:73:40: warning: unsigned conversion from ‘int’ to ‘uint64_t’ {或称 ‘long long unsigned int’} changes value from ‘-4096’ to ‘18446744073709547520’ [-Wsign-conversion]
   73 |     seg->size = (size + PAGE_SIZE - 1) & ~(PAGE_SIZE - 1);
      |                                        ^
kernel/kernel/ipc.c:81:24: warning: conversion from ‘uint64_t’ {或称 ‘long long unsigned int’} to ‘uint32_t’ {或称 ‘unsigned int’} may change value [-Wconversion]
   81 |     seg->creator_pid = current_process;
      |                        ^~~~~~~~~~~~~~~
<3> Building kernel/kernel/fifo.c
kernel/kernel/ipc.c: 在函数‘shm_at’中:
kernel/kernel/ipc.c:111:14: warning: unsigned conversion from ‘int’ to ‘uint32_t’ {或称 ‘unsigned int’} changes value from ‘-3’ to ‘4294967293’ [-Wsign-conversion]
  111 |         prot &= ~PROT_WRITE;
      |              ^~
kernel/kernel/ipc.c: 在函数‘msg_get’中:
kernel/kernel/ipc.c:245:34: warning: conversion from ‘uint64_t’ {或称 ‘long long unsigned int’} to ‘uint32_t’ {或称 ‘unsigned int’} may change value [-Wconversion]
  245 |     msg_queues[id].creator_pid = current_process;
      |                                  ^~~~~~~~~~~~~~~
kernel/kernel/ipc.c: 在函数‘sem_get’中:
kernel/kernel/ipc.c:410:17: warning: conversion from ‘int’ to ‘uint16_t’ {或称 ‘short unsigned int’} may change value [-Wconversion]
  410 |     ss->nsems = nsems;
      |                 ^~~~~
kernel/kernel/ipc.c:412:23: warning: conversion from ‘uint64_t’ {或称 ‘long long unsigned int’} to ‘uint32_t’ {或称 ‘unsigned int’} may change value [-Wconversion]
  412 |     ss->creator_pid = current_process;
      |                       ^~~~~~~~~~~~~~~
kernel/kernel/ipc.c: 在函数‘sem_op’中:
kernel/kernel/ipc.c:452:27: warning: conversion from ‘int’ to ‘int16_t’ {或称 ‘short int’} may change value [-Wconversion]
  452 |         ss->values[num] = val;
      |                           ^~~
kernel/kernel/ipc.c: 在函数‘sem_ctl’中:
kernel/kernel/ipc.c:472:38: warning: conversion from ‘int’ to ‘int16_t’ {或称 ‘short int’} may change value [-Wconversion]
  472 |                 ss->values[semnum] = *(int*)arg;
      |                                      ^
kernel/kernel/ipc.c: 在函数‘futex_wait’中:
kernel/kernel/ipc.c:503:52: warning: 未使用的参数‘timeout_ms’ [-Wunused-parameter]
  503 | int futex_wait(void* uaddr, uint32_t val, uint64_t timeout_ms)
      |                                           ~~~~~~~~~^~~~~~~~~~
kernel/kernel/ipc.c: 在函数‘futex_wake’中:
kernel/kernel/ipc.c:573:12: warning: ‘int’转换自‘uint32_t’ {或称 ‘unsigned int’}时可能会改变结果的符号 [-Wsign-conversion]
  573 |     return woken;
      |            ^~~~~
kernel/kernel/ipc.c: 在函数‘futex_requeue’中:
kernel/kernel/ipc.c:600:12: warning: ‘int’转换自‘uint32_t’ {或称 ‘unsigned int’}时可能会改变结果的符号 [-Wsign-conversion]
  600 |     return moved;
      |            ^~~~~
kernel/kernel/ipc.c: 在函数‘ipc_syscall’中:
kernel/kernel/ipc.c:626:53: warning: 将一个整数转换为大小不同的指针 [-Wint-to-pointer-cast]
  626 |                 void* ret = shm_at((uint32_t)first, (void*)second, (int)third);
      |                                                     ^
kernel/kernel/ipc.c:627:30: warning: 将一个指针转换为大小不同的整数 [-Wpointer-to-int-cast]
  627 |                 return ret ? (long)ret : -1;
      |                              ^
kernel/kernel/ipc.c:630:27: warning: 将一个整数转换为大小不同的指针 [-Wint-to-pointer-cast]
  630 |             return shm_dt((void*)first);
      |                           ^
kernel/kernel/ipc.c:632:58: warning: 将一个整数转换为大小不同的指针 [-Wint-to-pointer-cast]
  632 |             return shm_ctl((uint32_t)first, (int)second, (void*)third);
      |                                                          ^
kernel/kernel/ipc.c:641:46: warning: 将一个整数转换为大小不同的指针 [-Wint-to-pointer-cast]
  641 |             return msg_send((uint32_t)first, (void*)second, (uint64_t)third, (int)fourth);
      |                                              ^
kernel/kernel/ipc.c:643:46: warning: 将一个整数转换为大小不同的指针 [-Wint-to-pointer-cast]
  643 |             return msg_recv((uint32_t)first, (void*)second, (uint64_t)third, (long)fourth, (int)fifth);
      |                                              ^
kernel/kernel/ipc.c:645:58: warning: 将一个整数转换为大小不同的指针 [-Wint-to-pointer-cast]
  645 |             return msg_ctl((uint32_t)first, (int)second, (void*)third);
      |                                                          ^
kernel/kernel/ipc.c:654:44: warning: 将一个整数转换为大小不同的指针 [-Wint-to-pointer-cast]
  654 |             return sem_op((uint32_t)first, (struct sembuf*)second, (uint32_t)third);
      |                                            ^
kernel/kernel/ipc.c:656:70: warning: 将一个整数转换为大小不同的指针 [-Wint-to-pointer-cast]
  656 |             return sem_ctl((uint32_t)first, (int)second, (int)third, (void*)fifth);
      |                                                                      ^
kernel/kernel/ipc.c: 在函数‘ipc_shm_create’中:
kernel/kernel/ipc.c:917:52: warning: unsigned conversion from ‘int’ to ‘uint64_t’ {或称 ‘long long unsigned int’} changes value from ‘-4096’ to ‘18446744073709547520’ [-Wsign-conversion]
  917 |     uint64_t aligned_size = (size + PAGE_SIZE - 1) & ~(PAGE_SIZE - 1);
      |                                                    ^
<2> Building kernel/kernel/epoll.c
<3> Building kernel/kernel/devtmpfs.c
<3> Building kernel/kernel/cgroup.c
-- Enter folder kernel/arch/x86_64 --
<2> Building kernel/arch/x86_64/wmi.c
<0> Building kernel/arch/x86_64/win32_security.c
<3> Building kernel/arch/x86_64/win32_process.c
kernel/arch/x86_64/win32_security.c: 在函数‘CreateWellKnownSid’中:
kernel/arch/x86_64/win32_security.c:8:43: warning: 初始值设定周围缺少花括号 [-Wmissing-braces]
    8 | #define SECURITY_WORLD_SID_AUTHORITY      {0,0,0,0,0,1}
      |                                           ^
kernel/arch/x86_64/win32_security.c:397:43: note: in expansion of macro ‘SECURITY_WORLD_SID_AUTHORITY’
  397 |     SID_IDENTIFIER_AUTHORITY world_auth = SECURITY_WORLD_SID_AUTHORITY;
      |                                           ^~~~~~~~~~~~~~~~~~~~~~~~~~~~
kernel/arch/x86_64/win32_security.c:9:43: warning: 初始值设定周围缺少花括号 [-Wmissing-braces]
    9 | #define SECURITY_LOCAL_SID_AUTHORITY      {0,0,0,0,0,2}
      |                                           ^
kernel/arch/x86_64/win32_security.c:398:43: note: in expansion of macro ‘SECURITY_LOCAL_SID_AUTHORITY’
  398 |     SID_IDENTIFIER_AUTHORITY local_auth = SECURITY_LOCAL_SID_AUTHORITY;
      |                                           ^~~~~~~~~~~~~~~~~~~~~~~~~~~~
kernel/arch/x86_64/win32_security.c:10:43: warning: 初始值设定周围缺少花括号 [-Wmissing-braces]
   10 | #define SECURITY_CREATOR_SID_AUTHORITY    {0,0,0,0,0,3}
      |                                           ^
kernel/arch/x86_64/win32_security.c:399:45: note: in expansion of macro ‘SECURITY_CREATOR_SID_AUTHORITY’
  399 |     SID_IDENTIFIER_AUTHORITY creator_auth = SECURITY_CREATOR_SID_AUTHORITY;
      |                                             ^~~~~~~~~~~~~~~~~~~~~~~~~~~~~~
kernel/arch/x86_64/win32_security.c:12:43: warning: 初始值设定周围缺少花括号 [-Wmissing-braces]
   12 | #define SECURITY_NT_AUTHORITY             {0,0,0,0,0,5}
      |                                           ^
kernel/arch/x86_64/win32_security.c:400:40: note: in expansion of macro ‘SECURITY_NT_AUTHORITY’
  400 |     SID_IDENTIFIER_AUTHORITY nt_auth = SECURITY_NT_AUTHORITY;
      |                                        ^~~~~~~~~~~~~~~~~~~~~
kernel/arch/x86_64/win32_security.c: 在函数‘sid_is_world_or_auth’中:
kernel/arch/x86_64/win32_security.c:8:43: warning: 初始值设定周围缺少花括号 [-Wmissing-braces]
kernel/arch/x86_64/wmi.c: 在函数‘wmi_exec_query’中:
    8 | #define SECURITY_WORLD_SID_AUTHORITY      {0,0,0,0,0,1}
      |                                           ^
kernel/arch/x86_64/win32_security.c:591:43: note: in expansion of macro ‘SECURITY_WORLD_SID_AUTHORITY’
  591 |     SID_IDENTIFIER_AUTHORITY world_auth = SECURITY_WORLD_SID_AUTHORITY;
      |                                           ^~~~~~~~~~~~~~~~~~~~~~~~~~~~
kernel/arch/x86_64/win32_security.c:12:43: warning: 初始值设定周围缺少花括号 [-Wmissing-braces]
kernel/arch/x86_64/wmi.c:498:21: warning: 多字节字符常量 [-Wmultichar]
   12 | #define SECURITY_NT_AUTHORITY             {0,0,0,0,0,5}
      |                                           ^
kernel/arch/x86_64/win32_security.c:592:40: note: in expansion of macro ‘SECURITY_NT_AUTHORITY’
  498 |     en->signature = 'ENUM';
  592 |     SID_IDENTIFIER_AUTHORITY nt_auth = SECURITY_NT_AUTHORITY;
      |                                        ^~~~~~~~~~~~~~~~~~~~~
      |                     ^~~~~~
kernel/arch/x86_64/wmi.c: 在函数‘wmi_enum_get’中:
kernel/arch/x86_64/wmi.c:531:36: warning: 多字节字符常量 [-Wmultichar]
kernel/arch/x86_64/win32_security.c: 在函数‘create_system_token’中:
  531 |     if (en->signature != (uint32_t)'ENUM') return WBEM_E_INVALID_PARAMETER;
      |                                    ^~~~~~
kernel/arch/x86_64/win32_security.c:12:43: warning: 初始值设定周围缺少花括号 [-Wmissing-braces]
   12 | #define SECURITY_NT_AUTHORITY             {0,0,0,0,0,5}
      |                                           ^
kernel/arch/x86_64/win32_security.c:662:40: note: in expansion of macro ‘SECURITY_NT_AUTHORITY’
  662 |     SID_IDENTIFIER_AUTHORITY nt_auth = SECURITY_NT_AUTHORITY;
      |                                        ^~~~~~~~~~~~~~~~~~~~~
kernel/arch/x86_64/win32_security.c:8:43: warning: 初始值设定周围缺少花括号 [-Wmissing-braces]
    8 | #define SECURITY_WORLD_SID_AUTHORITY      {0,0,0,0,0,1}
      |                                           ^
kernel/arch/x86_64/win32_security.c:663:43: note: in expansion of macro ‘SECURITY_WORLD_SID_AUTHORITY’
  663 |     SID_IDENTIFIER_AUTHORITY world_auth = SECURITY_WORLD_SID_AUTHORITY;
      |                                           ^~~~~~~~~~~~~~~~~~~~~~~~~~~~
kernel/arch/x86_64/win32_process.c: 在函数‘ZwClose’中:
kernel/arch/x86_64/win32_process.c:1137:12: warning: ‘uint32_t’ {或称 ‘unsigned int’}转换自‘NTSTATUS’ {或称 ‘long int’}时可能会改变结果的符号 [-Wsign-conversion]
kernel/arch/x86_64/win32_security.c: 在函数‘LookupAccountNameA’中:
 1137 |     return NtClose(Handle);
      |            ^~~~~~~~~~~~~~~
kernel/arch/x86_64/win32_process.c: 在函数‘ZwAllocateVirtualMemory’中:
kernel/arch/x86_64/win32_process.c:1148:12: warning: ‘uint32_t’ {或称 ‘unsigned int’}转换自‘NTSTATUS’ {或称 ‘long int’}时可能会改变结果的符号 [-Wsign-conversion]
 1148 |     return NtAllocateVirtualMemory(ProcessHandle, BaseAddress, ZeroBits, RegionSize, AllocationType, Protect);
      |            ^~~~~~~~~~~~~~~~~~~~~~~~~~~~~~~~~~~~~~~~~~~~~~~~~~~~~~~~~~~~~~~~~~~~~~~~~~~~~~~~~~~~~~~~~~~~~~~~~~
kernel/arch/x86_64/win32_process.c: 在函数‘ZwFreeVirtualMemory’中:
kernel/arch/x86_64/win32_process.c:1157:12: warning: ‘uint32_t’ {或称 ‘unsigned int’}转换自‘NTSTATUS’ {或称 ‘long int’}时可能会改变结果的符号 [-Wsign-conversion]
 1157 |     return NtFreeVirtualMemory(ProcessHandle, BaseAddress, RegionSize, FreeType);
      |            ^~~~~~~~~~~~~~~~~~~~~~~~~~~~~~~~~~~~~~~~~~~~~~~~~~~~~~~~~~~~~~~~~~~~~
kernel/arch/x86_64/win32_security.c:12:43: warning: 初始值设定周围缺少花括号 [-Wmissing-braces]
kernel/arch/x86_64/win32_process.c: 在函数‘ZwQueryInformationProcess’中:
   12 | #define SECURITY_NT_AUTHORITY             {0,0,0,0,0,5}
      |                                           ^
kernel/arch/x86_64/win32_security.c:886:44: note: in expansion of macro ‘SECURITY_NT_AUTHORITY’
kernel/arch/x86_64/win32_process.c:1167:12: warning: ‘uint32_t’ {或称 ‘unsigned int’}转换自‘NTSTATUS’ {或称 ‘long int’}时可能会改变结果的符号 [-Wsign-conversion]
  886 |         SID_IDENTIFIER_AUTHORITY nt_auth = SECURITY_NT_AUTHORITY;
 1167 |     return NtQueryInformationProcess(ProcessHandle, ProcessInformationClass, ProcessInformation, ProcessInformationLength, ReturnLength);
      |                                            ^~~~~~~~~~~~~~~~~~~~~
      |            ^~~~~~~~~~~~~~~~~~~~~~~~~~~~~~~~~~~~~~~~~~~~~~~~~~~~~~~~~~~~~~~~~~~~~~~~~~~~~~~~~~~~~~~~~~~~~~~~~~~~~~~~~~~~~~~~~~~~~~~~~~~~~
kernel/arch/x86_64/win32_process.c: 在函数‘ZwQueryInformationThread’中:
kernel/arch/x86_64/win32_process.c:1177:12: warning: ‘uint32_t’ {或称 ‘unsigned int’}转换自‘NTSTATUS’ {或称 ‘long int’}时可能会改变结果的符号 [-Wsign-conversion]
 1177 |     return NtQueryInformationThread(ThreadHandle, ThreadInformationClass, ThreadInformation, ThreadInformationLength, ReturnLength);
      |            ^~~~~~~~~~~~~~~~~~~~~~~~~~~~~~~~~~~~~~~~~~~~~~~~~~~~~~~~~~~~~~~~~~~~~~~~~~~~~~~~~~~~~~~~~~~~~~~~~~~~~~~~~~~~~~~~~~~~~~~~
kernel/arch/x86_64/win32_process.c: 在函数‘ZwCreateFile’中:
kernel/arch/x86_64/win32_process.c:1193:12: warning: ‘uint32_t’ {或称 ‘unsigned int’}转换自‘NTSTATUS’ {或称 ‘long int’}时可能会改变结果的符号 [-Wsign-conversion]
 1193 |     return NtCreateFile(FileHandle, DesiredAccess, ObjectAttributes, IoStatusBlock, AllocationSize, FileAttributes, ShareAccess, CreateDisposition, CreateOptions, EaBuffer, EaLength);
      |            ^~~~~~~~~~~~~~~~~~~~~~~~~~~~~~~~~~~~~~~~~~~~~~~~~~~~~~~~~~~~~~~~~~~~~~~~~~~~~~~~~~~~~~~~~~~~~~~~~~~~~~~~~~~~~~~~~~~~~~~~~~~~~~~~~~~~~~~~~~~~~~~~~~~~~~~~~~~~~~~~~~~~~~~~~~~
kernel/arch/x86_64/win32_process.c: 在函数‘ZwReadFile’中:
kernel/arch/x86_64/win32_process.c:1207:12: warning: ‘uint32_t’ {或称 ‘unsigned int’}转换自‘NTSTATUS’ {或称 ‘long int’}时可能会改变结果的符号 [-Wsign-conversion]
 1207 |     return NtReadFile(FileHandle, Event, ApcRoutine, ApcContext, IoStatusBlock, Buffer, Length, ByteOffset, Key);
      |            ^~~~~~~~~~~~~~~~~~~~~~~~~~~~~~~~~~~~~~~~~~~~~~~~~~~~~~~~~~~~~~~~~~~~~~~~~~~~~~~~~~~~~~~~~~~~~~~~~~~~~
kernel/arch/x86_64/win32_process.c: 在函数‘ZwWriteFile’中:
kernel/arch/x86_64/win32_process.c:1221:12: warning: ‘uint32_t’ {或称 ‘unsigned int’}转换自‘NTSTATUS’ {或称 ‘long int’}时可能会改变结果的符号 [-Wsign-conversion]
 1221 |     return NtWriteFile(FileHandle, Event, ApcRoutine, ApcContext, IoStatusBlock, Buffer, Length, ByteOffset, Key);
      |            ^~~~~~~~~~~~~~~~~~~~~~~~~~~~~~~~~~~~~~~~~~~~~~~~~~~~~~~~~~~~~~~~~~~~~~~~~~~~~~~~~~~~~~~~~~~~~~~~~~~~~~
kernel/arch/x86_64/win32_process.c: 在函数‘ZwQueryAttributesFile’中:
kernel/arch/x86_64/win32_process.c:1228:12: warning: ‘uint32_t’ {或称 ‘unsigned int’}转换自‘NTSTATUS’ {或称 ‘long int’}时可能会改变结果的符号 [-Wsign-conversion]
 1228 |     return NtQueryAttributesFile(ObjectAttributes, FileInformation);
      |            ^~~~~~~~~~~~~~~~~~~~~~~~~~~~~~~~~~~~~~~~~~~~~~~~~~~~~~~~
kernel/arch/x86_64/win32_process.c: 在文件作用域：
kernel/arch/x86_64/win32_process.c:291:13: warning: ‘process_slot_cleanup’ 在此处定义 [-Wunused-function]
  291 | static void process_slot_cleanup(win32_process_t* proc) {
      |             ^~~~~~~~~~~~~~~~~~~~
kernel/arch/x86_64/win32_security.c: 在文件作用域：
kernel/arch/x86_64/win32_security.c:175:13: warning: ‘set_last_error’ 在此处定义 [-Wunused-function]
  175 | static void set_last_error(uint32_t err) {
      |             ^~~~~~~~~~~~~~
<1> Building kernel/arch/x86_64/win32_kernel32.c
kernel/arch/x86_64/win32_kernel32.c: 在函数‘SetFilePointer’中:
kernel/arch/x86_64/win32_kernel32.c:614:48: warning: ‘long long unsigned int’转换自‘long long int’时可能会改变结果的符号 [-Wsign-conversion]
  614 |         offset = (int64_t)((uint64_t)hi << 32) | (uint64_t)(uint32_t)lDistanceToMove;
      |                                                ^
kernel/arch/x86_64/win32_kernel32.c:614:18: warning: ‘int64_t’ {或称 ‘long long int’}转换自‘long long unsigned int’时可能会改变结果的符号 [-Wsign-conversion]
  614 |         offset = (int64_t)((uint64_t)hi << 32) | (uint64_t)(uint32_t)lDistanceToMove;
      |                  ^
kernel/arch/x86_64/win32_kernel32.c: 在函数‘SetEndOfFile’中:
kernel/arch/x86_64/win32_kernel32.c:650:9: warning: 变量‘fd’被设定但未被使用 [-Wunused-but-set-variable=]
  650 |     int fd;
      |         ^~
kernel/arch/x86_64/win32_kernel32.c: 在函数‘GetFileSize’中:
kernel/arch/x86_64/win32_kernel32.c:682:9: warning: 变量‘fd’被设定但未被使用 [-Wunused-but-set-variable=]
  682 |     int fd;
      |         ^~
kernel/arch/x86_64/win32_kernel32.c: 在函数‘FileTimeToDosDateTime’中:
kernel/arch/x86_64/win32_kernel32.c:1035:44: warning: 未使用的参数‘lpFileTime’ [-Wunused-parameter]
 1035 | BOOL FileTimeToDosDateTime(const uint64_t* lpFileTime, WORD* lpFatDate, WORD* lpFatTime) {
      |                            ~~~~~~~~~~~~~~~~^~~~~~~~~~
kernel/arch/x86_64/win32_kernel32.c: 在函数‘DosDateTimeToFileTime’中:
kernel/arch/x86_64/win32_kernel32.c:1041:33: warning: 未使用的参数‘wFatDate’ [-Wunused-parameter]
 1041 | BOOL DosDateTimeToFileTime(WORD wFatDate, WORD wFatTime, uint64_t* lpFileTime) {
      |                            ~~~~~^~~~~~~~
kernel/arch/x86_64/win32_kernel32.c:1041:48: warning: 未使用的参数‘wFatTime’ [-Wunused-parameter]
 1041 | BOOL DosDateTimeToFileTime(WORD wFatDate, WORD wFatTime, uint64_t* lpFileTime) {
      |                                           ~~~~~^~~~~~~~
kernel/arch/x86_64/win32_kernel32.c: 在文件作用域：
kernel/arch/x86_64/win32_kernel32.c:1549:23: warning: cast between incompatible function types from ‘uint32_t (*)(void)’ {或称 ‘unsigned int (*)(void)’} to ‘intptr_t (*)()’ {或称 ‘long long int (*)()’} [-Wcast-function-type]
 1549 |     { "GetTickCount", (FARPROC)GetTickCount },
      |                       ^
kernel/arch/x86_64/win32_kernel32.c:1551:16: warning: cast between incompatible function types from ‘void (*)(uint32_t)’ {或称 ‘void (*)(unsigned int)’} to ‘intptr_t (*)()’ {或称 ‘long long int (*)()’} [-Wcast-function-type]
 1551 |     { "Sleep", (FARPROC)Sleep },
      |                ^
kernel/arch/x86_64/win32_kernel32.c:1552:23: warning: cast between incompatible function types from ‘void * (*)(void *, uint64_t,  uint32_t (*)(void *), void *, uint32_t,  uint32_t *)’ {或称 ‘void * (*)(void *, long long unsigned int,  unsigned int (*)(void *), void *, unsigned int,  unsigned int *)’} to ‘intptr_t (*)()’ {或称 ‘long long int (*)()’} [-Wcast-function-type]
 1552 |     { "CreateThread", (FARPROC)CreateThread },
      |                       ^
kernel/arch/x86_64/win32_kernel32.c:1553:26: warning: cast between incompatible function types from ‘BOOL (*)(void *, uint32_t)’ {或称 ‘int (*)(void *, unsigned int)’} to ‘intptr_t (*)()’ {或称 ‘long long int (*)()’} [-Wcast-function-type]
 1553 |     { "TerminateThread", (FARPROC)TerminateThread },
      |                          ^
kernel/arch/x86_64/win32_kernel32.c:1554:22: warning: cast between incompatible function types from ‘BOOL (*)(void *)’ {或称 ‘int (*)(void *)’} to ‘intptr_t (*)()’ {或称 ‘long long int (*)()’} [-Wcast-function-type]
 1554 |     { "CloseHandle", (FARPROC)CloseHandle },
      |                      ^
kernel/arch/x86_64/win32_kernel32.c:1555:30: warning: cast between incompatible function types from ‘uint32_t (*)(void *, unsigned int)’ {或称 ‘unsigned int (*)(void *, unsigned int)’} to ‘intptr_t (*)()’ {或称 ‘long long int (*)()’} [-Wcast-function-type]
 1555 |     { "WaitForSingleObject", (FARPROC)WaitForSingleObject },
      |                              ^
kernel/arch/x86_64/win32_kernel32.c:1556:23: warning: cast between incompatible function types from ‘uint32_t (*)(void)’ {或称 ‘unsigned int (*)(void)’} to ‘intptr_t (*)()’ {或称 ‘long long int (*)()’} [-Wcast-function-type]
 1556 |     { "GetLastError", (FARPROC)GetLastError },
      |                       ^
kernel/arch/x86_64/win32_kernel32.c:1557:23: warning: cast between incompatible function types from ‘void (*)(uint32_t)’ {或称 ‘void (*)(unsigned int)’} to ‘intptr_t (*)()’ {或称 ‘long long int (*)()’} [-Wcast-function-type]
 1557 |     { "SetLastError", (FARPROC)SetLastError },
      |                       ^
kernel/arch/x86_64/win32_kernel32.c:1558:30: warning: cast between incompatible function types from ‘uint32_t (*)(void)’ {或称 ‘unsigned int (*)(void)’} to ‘intptr_t (*)()’ {或称 ‘long long int (*)()’} [-Wcast-function-type]
 1558 |     { "GetCurrentProcessId", (FARPROC)GetCurrentProcessId },
      |                              ^
kernel/arch/x86_64/win32_kernel32.c:1559:29: warning: cast between incompatible function types from ‘uint32_t (*)(void)’ {或称 ‘unsigned int (*)(void)’} to ‘intptr_t (*)()’ {或称 ‘long long int (*)()’} [-Wcast-function-type]
 1559 |     { "GetCurrentThreadId", (FARPROC)GetCurrentThreadId },
      |                             ^
kernel/arch/x86_64/win32_kernel32.c:1560:28: warning: cast between incompatible function types from ‘void * (*)(void)’ to ‘intptr_t (*)()’ {或称 ‘long long int (*)()’} [-Wcast-function-type]
 1560 |     { "GetCurrentProcess", (FARPROC)GetCurrentProcess },
      |                            ^
kernel/arch/x86_64/win32_kernel32.c:1561:27: warning: cast between incompatible function types from ‘void * (*)(void)’ to ‘intptr_t (*)()’ {或称 ‘long long int (*)()’} [-Wcast-function-type]
 1561 |     { "GetCurrentThread", (FARPROC)GetCurrentThread },
      |                           ^
kernel/arch/x86_64/win32_kernel32.c:1562:34: warning: cast between incompatible function types from ‘BOOL (*)(void *, BOOL)’ {或称 ‘int (*)(void *, int)’} to ‘intptr_t (*)()’ {或称 ‘long long int (*)()’} [-Wcast-function-type]
 1562 |     { "SetProcessPriorityBoost", (FARPROC)SetProcessPriorityBoost },
      |                                  ^
kernel/arch/x86_64/win32_kernel32.c:1563:29: warning: cast between incompatible function types from ‘BOOL (*)(void *, uint32_t *)’ {或称 ‘int (*)(void *, unsigned int *)’} to ‘intptr_t (*)()’ {或称 ‘long long int (*)()’} [-Wcast-function-type]
 1563 |     { "GetExitCodeProcess", (FARPROC)GetExitCodeProcess },
      |                             ^
kernel/arch/x86_64/win32_kernel32.c:1564:19: warning: cast between incompatible function types from ‘BOOL (*)(void *, void *, uint32_t,  uint32_t *, void *)’ {或称 ‘int (*)(void *, void *, unsigned int,  unsigned int *, void *)’} to ‘intptr_t (*)()’ {或称 ‘long long int (*)()’} [-Wcast-function-type]
 1564 |     { "ReadFile", (FARPROC)ReadFile },
      |                   ^
kernel/arch/x86_64/win32_kernel32.c:1565:20: warning: cast between incompatible function types from ‘BOOL (*)(void *, const void *, uint32_t,  uint32_t *, void *)’ {或称 ‘int (*)(void *, const void *, unsigned int,  unsigned int *, void *)’} to ‘intptr_t (*)()’ {或称 ‘long long int (*)()’} [-Wcast-function-type]
 1565 |     { "WriteFile", (FARPROC)WriteFile },
      |                    ^
kernel/arch/x86_64/win32_kernel32.c:1566:22: warning: cast between incompatible function types from ‘void * (*)(const char *, uint32_t,  uint32_t,  void *, uint32_t,  uint32_t,  void *)’ {或称 ‘void * (*)(const char *, unsigned int,  unsigned int,  void *, unsigned int,  unsigned int,  void *)’} to ‘intptr_t (*)()’ {或称 ‘long long int (*)()’} [-Wcast-function-type]
 1566 |     { "CreateFileA", (FARPROC)CreateFileA },
      |                      ^
kernel/arch/x86_64/win32_kernel32.c:1567:25: warning: cast between incompatible function types from ‘BOOL (*)(void *, int32_t,  int32_t *, uint32_t)’ {或称 ‘int (*)(void *, int,  int *, unsigned int)’} to ‘intptr_t (*)()’ {或称 ‘long long int (*)()’} [-Wcast-function-type]
 1567 |     { "SetFilePointer", (FARPROC)SetFilePointer },
      |                         ^
kernel/arch/x86_64/win32_kernel32.c:1568:23: warning: cast between incompatible function types from ‘BOOL (*)(void *)’ {或称 ‘int (*)(void *)’} to ‘intptr_t (*)()’ {或称 ‘long long int (*)()’} [-Wcast-function-type]
 1568 |     { "SetEndOfFile", (FARPROC)SetEndOfFile },
      |                       ^
kernel/arch/x86_64/win32_kernel32.c:1569:27: warning: cast between incompatible function types from ‘BOOL (*)(void *)’ {或称 ‘int (*)(void *)’} to ‘intptr_t (*)()’ {或称 ‘long long int (*)()’} [-Wcast-function-type]
 1569 |     { "FlushFileBuffers", (FARPROC)FlushFileBuffers },
      |                           ^
kernel/arch/x86_64/win32_kernel32.c:1570:25: warning: cast between incompatible function types from ‘void * (*)(const char *, void *)’ to ‘intptr_t (*)()’ {或称 ‘long long int (*)()’} [-Wcast-function-type]
 1570 |     { "FindFirstFileA", (FARPROC)FindFirstFileA },
      |                         ^
kernel/arch/x86_64/win32_kernel32.c:1571:24: warning: cast between incompatible function types from ‘BOOL (*)(void *, void *)’ {或称 ‘int (*)(void *, void *)’} to ‘intptr_t (*)()’ {或称 ‘long long int (*)()’} [-Wcast-function-type]
 1571 |     { "FindNextFileA", (FARPROC)FindNextFileA },
      |                        ^
kernel/arch/x86_64/win32_kernel32.c:1572:20: warning: cast between incompatible function types from ‘BOOL (*)(void *)’ {或称 ‘int (*)(void *)’} to ‘intptr_t (*)()’ {或称 ‘long long int (*)()’} [-Wcast-function-type]
 1572 |     { "FindClose", (FARPROC)FindClose },
      |                    ^
kernel/arch/x86_64/win32_kernel32.c:1573:27: warning: cast between incompatible function types from ‘BOOL (*)(const char *, void *)’ {或称 ‘int (*)(const char *, void *)’} to ‘intptr_t (*)()’ {或称 ‘long long int (*)()’} [-Wcast-function-type]
 1573 |     { "CreateDirectoryA", (FARPROC)CreateDirectoryA },
      |                           ^
kernel/arch/x86_64/win32_kernel32.c:1574:27: warning: cast between incompatible function types from ‘BOOL (*)(const char *)’ {或称 ‘int (*)(const char *)’} to ‘intptr_t (*)()’ {或称 ‘long long int (*)()’} [-Wcast-function-type]
 1574 |     { "RemoveDirectoryA", (FARPROC)RemoveDirectoryA },
      |                           ^
kernel/arch/x86_64/win32_kernel32.c:1575:22: warning: cast between incompatible function types from ‘BOOL (*)(const char *)’ {或称 ‘int (*)(const char *)’} to ‘intptr_t (*)()’ {或称 ‘long long int (*)()’} [-Wcast-function-type]
 1575 |     { "DeleteFileA", (FARPROC)DeleteFileA },
      |                      ^
kernel/arch/x86_64/win32_kernel32.c:1576:20: warning: cast between incompatible function types from ‘BOOL (*)(const char *, const char *)’ {或称 ‘int (*)(const char *, const char *)’} to ‘intptr_t (*)()’ {或称 ‘long long int (*)()’} [-Wcast-function-type]
 1576 |     { "MoveFileA", (FARPROC)MoveFileA },
      |                    ^
kernel/arch/x86_64/win32_kernel32.c:1577:20: warning: cast between incompatible function types from ‘BOOL (*)(const char *, const char *, BOOL)’ {或称 ‘int (*)(const char *, const char *, int)’} to ‘intptr_t (*)()’ {或称 ‘long long int (*)()’} [-Wcast-function-type]
 1577 |     { "CopyFileA", (FARPROC)CopyFileA },
      |                    ^
kernel/arch/x86_64/win32_kernel32.c:1578:29: warning: cast between incompatible function types from ‘uint32_t (*)(const char *)’ {或称 ‘unsigned int (*)(const char *)’} to ‘intptr_t (*)()’ {或称 ‘long long int (*)()’} [-Wcast-function-type]
 1578 |     { "GetFileAttributesA", (FARPROC)GetFileAttributesA },
      |                             ^
kernel/arch/x86_64/win32_kernel32.c:1579:24: warning: cast between incompatible function types from ‘BOOL (*)(void *, int64_t *)’ {或称 ‘int (*)(void *, long long int *)’} to ‘intptr_t (*)()’ {或称 ‘long long int (*)()’} [-Wcast-function-type]
 1579 |     { "GetFileSizeEx", (FARPROC)GetFileSizeEx },
      |                        ^
kernel/arch/x86_64/win32_kernel32.c:1580:29: warning: cast between incompatible function types from ‘uint32_t (*)(void *, char *, uint32_t)’ {或称 ‘unsigned int (*)(void *, char *, unsigned int)’} to ‘intptr_t (*)()’ {或称 ‘long long int (*)()’} [-Wcast-function-type]
 1580 |     { "GetModuleFileNameA", (FARPROC)GetModuleFileNameA },
      |                             ^
kernel/arch/x86_64/win32_kernel32.c:1581:27: warning: cast between incompatible function types from ‘void * (*)(const char *)’ to ‘intptr_t (*)()’ {或称 ‘long long int (*)()’} [-Wcast-function-type]
 1581 |     { "GetModuleHandleA", (FARPROC)GetModuleHandleA },
      |                           ^
kernel/arch/x86_64/win32_kernel32.c:1582:25: warning: cast between incompatible function types from ‘intptr_t (* (*)(void *, const char *))()’ {或称 ‘long long int (* (*)(void *, const char *))()’} to ‘intptr_t (*)()’ {或称 ‘long long int (*)()’} [-Wcast-function-type]
 1582 |     { "GetProcAddress", (FARPROC)GetProcAddress },
      |                         ^
kernel/arch/x86_64/win32_kernel32.c:1583:23: warning: cast between incompatible function types from ‘void * (*)(const char *)’ to ‘intptr_t (*)()’ {或称 ‘long long int (*)()’} [-Wcast-function-type]
 1583 |     { "LoadLibraryA", (FARPROC)LoadLibraryA },
      |                       ^
kernel/arch/x86_64/win32_kernel32.c:1584:22: warning: cast between incompatible function types from ‘BOOL (*)(void *)’ {或称 ‘int (*)(void *)’} to ‘intptr_t (*)()’ {或称 ‘long long int (*)()’} [-Wcast-function-type]
 1584 |     { "FreeLibrary", (FARPROC)FreeLibrary },
      |                      ^
kernel/arch/x86_64/win32_kernel32.c:1585:22: warning: cast between incompatible function types from ‘void * (*)(UINT,  uint64_t)’ {或称 ‘void * (*)(unsigned int,  long long unsigned int)’} to ‘intptr_t (*)()’ {或称 ‘long long int (*)()’} [-Wcast-function-type]
 1585 |     { "GlobalAlloc", (FARPROC)GlobalAlloc },
      |                      ^
kernel/arch/x86_64/win32_kernel32.c:1586:21: warning: cast between incompatible function types from ‘void * (*)(void *)’ to ‘intptr_t (*)()’ {或称 ‘long long int (*)()’} [-Wcast-function-type]
 1586 |     { "GlobalFree", (FARPROC)GlobalFree },
      |                     ^
kernel/arch/x86_64/win32_kernel32.c:1587:21: warning: cast between incompatible function types from ‘void * (*)(void *)’ to ‘intptr_t (*)()’ {或称 ‘long long int (*)()’} [-Wcast-function-type]
 1587 |     { "GlobalLock", (FARPROC)GlobalLock },
      |                     ^
kernel/arch/x86_64/win32_kernel32.c:1588:23: warning: cast between incompatible function types from ‘BOOL (*)(void *)’ {或称 ‘int (*)(void *)’} to ‘intptr_t (*)()’ {或称 ‘long long int (*)()’} [-Wcast-function-type]
 1588 |     { "GlobalUnlock", (FARPROC)GlobalUnlock },
      |                       ^
kernel/arch/x86_64/win32_kernel32.c:1590:21: warning: cast between incompatible function types from ‘void * (*)(UINT,  uint64_t)’ {或称 ‘void * (*)(unsigned int,  long long unsigned int)’} to ‘intptr_t (*)()’ {或称 ‘long long int (*)()’} [-Wcast-function-type]
 1590 |     { "LocalAlloc", (FARPROC)LocalAlloc },
      |                     ^
kernel/arch/x86_64/win32_kernel32.c:1591:20: warning: cast between incompatible function types from ‘void * (*)(void *)’ to ‘intptr_t (*)()’ {或称 ‘long long int (*)()’} [-Wcast-function-type]
 1591 |     { "LocalFree", (FARPROC)LocalFree },
      |                    ^
kernel/arch/x86_64/win32_kernel32.c:1592:20: warning: cast between incompatible function types from ‘void * (*)(void *)’ to ‘intptr_t (*)()’ {或称 ‘long long int (*)()’} [-Wcast-function-type]
 1592 |     { "LocalLock", (FARPROC)LocalLock },
      |                    ^
kernel/arch/x86_64/win32_kernel32.c:1593:22: warning: cast between incompatible function types from ‘BOOL (*)(void *)’ {或称 ‘int (*)(void *)’} to ‘intptr_t (*)()’ {或称 ‘long long int (*)()’} [-Wcast-function-type]
 1593 |     { "LocalUnlock", (FARPROC)LocalUnlock },
      |                      ^
kernel/arch/x86_64/win32_kernel32.c:1595:23: warning: cast between incompatible function types from ‘void * (*)(void *, uint64_t,  DWORD,  DWORD)’ {或称 ‘void * (*)(void *, long long unsigned int,  unsigned int,  unsigned int)’} to ‘intptr_t (*)()’ {或称 ‘long long int (*)()’} [-Wcast-function-type]
 1595 |     { "VirtualAlloc", (FARPROC)VirtualAlloc },
      |                       ^
kernel/arch/x86_64/win32_kernel32.c:1596:22: warning: cast between incompatible function types from ‘BOOL (*)(void *, uint64_t,  DWORD)’ {或称 ‘int (*)(void *, long long unsigned int,  unsigned int)’} to ‘intptr_t (*)()’ {或称 ‘long long int (*)()’} [-Wcast-function-type]
 1596 |     { "VirtualFree", (FARPROC)VirtualFree },
      |                      ^
kernel/arch/x86_64/win32_kernel32.c:1597:25: warning: cast between incompatible function types from ‘BOOL (*)(void *, uint64_t,  DWORD,  DWORD *)’ {或称 ‘int (*)(void *, long long unsigned int,  unsigned int,  unsigned int *)’} to ‘intptr_t (*)()’ {或称 ‘long long int (*)()’} [-Wcast-function-type]
 1597 |     { "VirtualProtect", (FARPROC)VirtualProtect },
      |                         ^
kernel/arch/x86_64/win32_kernel32.c:1598:23: warning: cast between incompatible function types from ‘BOOL (*)(const void *, void *, uint64_t)’ {或称 ‘int (*)(const void *, void *, long long unsigned int)’} to ‘intptr_t (*)()’ {或称 ‘long long int (*)()’} [-Wcast-function-type]
 1598 |     { "VirtualQuery", (FARPROC)VirtualQuery },
      |                       ^
kernel/arch/x86_64/win32_kernel32.c:1599:21: warning: cast between incompatible function types from ‘void * (*)(DWORD,  uint64_t,  uint64_t)’ {或称 ‘void * (*)(unsigned int,  long long unsigned int,  long long unsigned int)’} to ‘intptr_t (*)()’ {或称 ‘long long int (*)()’} [-Wcast-function-type]
 1599 |     { "HeapCreate", (FARPROC)HeapCreate },
      |                     ^
kernel/arch/x86_64/win32_kernel32.c:1600:22: warning: cast between incompatible function types from ‘BOOL (*)(void *)’ {或称 ‘int (*)(void *)’} to ‘intptr_t (*)()’ {或称 ‘long long int (*)()’} [-Wcast-function-type]
 1600 |     { "HeapDestroy", (FARPROC)HeapDestroy },
      |                      ^
kernel/arch/x86_64/win32_kernel32.c:1601:20: warning: cast between incompatible function types from ‘void * (*)(void *, DWORD,  uint64_t)’ {或称 ‘void * (*)(void *, unsigned int,  long long unsigned int)’} to ‘intptr_t (*)()’ {或称 ‘long long int (*)()’} [-Wcast-function-type]
 1601 |     { "HeapAlloc", (FARPROC)HeapAlloc },
      |                    ^
kernel/arch/x86_64/win32_kernel32.c:1602:19: warning: cast between incompatible function types from ‘BOOL (*)(void *, DWORD,  void *)’ {或称 ‘int (*)(void *, unsigned int,  void *)’} to ‘intptr_t (*)()’ {或称 ‘long long int (*)()’} [-Wcast-function-type]
 1602 |     { "HeapFree", (FARPROC)HeapFree },
      |                   ^
kernel/arch/x86_64/win32_kernel32.c:1603:25: warning: cast between incompatible function types from ‘void * (*)(void)’ to ‘intptr_t (*)()’ {或称 ‘long long int (*)()’} [-Wcast-function-type]
 1603 |     { "GetProcessHeap", (FARPROC)GetProcessHeap },
      |                         ^
kernel/arch/x86_64/win32_kernel32.c:1604:24: warning: cast between incompatible function types from ‘void (*)(void *)’ to ‘intptr_t (*)()’ {或称 ‘long long int (*)()’} [-Wcast-function-type]
 1604 |     { "GetSystemInfo", (FARPROC)GetSystemInfo },
      |                        ^
kernel/arch/x86_64/win32_kernel32.c:1605:21: warning: cast between incompatible function types from ‘DWORD (*)(void)’ {或称 ‘unsigned int (*)(void)’} to ‘intptr_t (*)()’ {或称 ‘long long int (*)()’} [-Wcast-function-type]
 1605 |     { "GetVersion", (FARPROC)GetVersion },
      |                     ^
kernel/arch/x86_64/win32_kernel32.c:1606:24: warning: cast between incompatible function types from ‘BOOL (*)(void *)’ {或称 ‘int (*)(void *)’} to ‘intptr_t (*)()’ {或称 ‘long long int (*)()’} [-Wcast-function-type]
 1606 |     { "GetVersionExA", (FARPROC)GetVersionExA },
      |                        ^
kernel/arch/x86_64/win32_kernel32.c:1607:30: warning: cast between incompatible function types from ‘UINT (*)(char *, UINT)’ {或称 ‘unsigned int (*)(char *, unsigned int)’} to ‘intptr_t (*)()’ {或称 ‘long long int (*)()’} [-Wcast-function-type]
 1607 |     { "GetSystemDirectoryA", (FARPROC)GetSystemDirectoryA },
      |                              ^
kernel/arch/x86_64/win32_kernel32.c:1608:31: warning: cast between incompatible function types from ‘UINT (*)(char *, UINT)’ {或称 ‘unsigned int (*)(char *, unsigned int)’} to ‘intptr_t (*)()’ {或称 ‘long long int (*)()’} [-Wcast-function-type]
 1608 |     { "GetWindowsDirectoryA", (FARPROC)GetWindowsDirectoryA },
      |                               ^
kernel/arch/x86_64/win32_kernel32.c:1609:23: warning: cast between incompatible function types from ‘UINT (*)(uint32_t,  char *)’ {或称 ‘unsigned int (*)(unsigned int,  char *)’} to ‘intptr_t (*)()’ {或称 ‘long long int (*)()’} [-Wcast-function-type]
 1609 |     { "GetTempPathA", (FARPROC)GetTempPathA },
      |                       ^
kernel/arch/x86_64/win32_kernel32.c:1610:34: warning: cast between incompatible function types from ‘DWORD (*)(const char *, char *, DWORD)’ {或称 ‘unsigned int (*)(const char *, char *, unsigned int)’} to ‘intptr_t (*)()’ {或称 ‘long long int (*)()’} [-Wcast-function-type]
 1610 |     { "GetEnvironmentVariableA", (FARPROC)GetEnvironmentVariableA },
      |                                  ^
kernel/arch/x86_64/win32_kernel32.c:1611:34: warning: cast between incompatible function types from ‘BOOL (*)(const char *, const char *)’ {或称 ‘int (*)(const char *, const char *)’} to ‘intptr_t (*)()’ {或称 ‘long long int (*)()’} [-Wcast-function-type]
 1611 |     { "SetEnvironmentVariableA", (FARPROC)SetEnvironmentVariableA },
      |                                  ^
kernel/arch/x86_64/win32_kernel32.c:1612:36: warning: cast between incompatible function types from ‘DWORD (*)(const char *, char *, DWORD)’ {或称 ‘unsigned int (*)(const char *, char *, unsigned int)’} to ‘intptr_t (*)()’ {或称 ‘long long int (*)()’} [-Wcast-function-type]
 1612 |     { "ExpandEnvironmentStringsA", (FARPROC)ExpandEnvironmentStringsA },
      |                                    ^
kernel/arch/x86_64/win32_kernel32.c:1613:27: warning: cast between incompatible function types from ‘BOOL (*)(char *, uint32_t *)’ {或称 ‘int (*)(char *, unsigned int *)’} to ‘intptr_t (*)()’ {或称 ‘long long int (*)()’} [-Wcast-function-type]
 1613 |     { "GetComputerNameA", (FARPROC)GetComputerNameA },
      |                           ^
kernel/arch/x86_64/win32_kernel32.c:1614:23: warning: cast between incompatible function types from ‘BOOL (*)(char *, uint32_t *)’ {或称 ‘int (*)(char *, unsigned int *)’} to ‘intptr_t (*)()’ {或称 ‘long long int (*)()’} [-Wcast-function-type]
 1614 |     { "GetUserNameA", (FARPROC)GetUserNameA },
      |                       ^
kernel/arch/x86_64/win32_kernel32.c:1615:19: warning: cast between incompatible function types from ‘int (*)(const char *)’ to ‘intptr_t (*)()’ {或称 ‘long long int (*)()’} [-Wcast-function-type]
 1615 |     { "lstrlenA", (FARPROC)lstrlenA },
      |                   ^
kernel/arch/x86_64/win32_kernel32.c:1616:19: warning: cast between incompatible function types from ‘char * (*)(char *, const char *)’ to ‘intptr_t (*)()’ {或称 ‘long long int (*)()’} [-Wcast-function-type]
 1616 |     { "lstrcpyA", (FARPROC)lstrcpyA },
      |                   ^
kernel/arch/x86_64/win32_kernel32.c:1617:20: warning: cast between incompatible function types from ‘char * (*)(char *, const char *, int)’ to ‘intptr_t (*)()’ {或称 ‘long long int (*)()’} [-Wcast-function-type]
 1617 |     { "lstrcpynA", (FARPROC)lstrcpynA },
      |                    ^
kernel/arch/x86_64/win32_kernel32.c:1618:19: warning: cast between incompatible function types from ‘int (*)(const char *, const char *)’ to ‘intptr_t (*)()’ {或称 ‘long long int (*)()’} [-Wcast-function-type]
 1618 |     { "lstrcmpA", (FARPROC)lstrcmpA },
      |                   ^
kernel/arch/x86_64/win32_kernel32.c:1619:20: warning: cast between incompatible function types from ‘int (*)(const char *, const char *)’ to ‘intptr_t (*)()’ {或称 ‘long long int (*)()’} [-Wcast-function-type]
 1619 |     { "lstrcmpiA", (FARPROC)lstrcmpiA },
      |                    ^
kernel/arch/x86_64/win32_kernel32.c:1620:19: warning: cast between incompatible function types from ‘char * (*)(char *, const char *)’ to ‘intptr_t (*)()’ {或称 ‘long long int (*)()’} [-Wcast-function-type]
 1620 |     { "lstrcatA", (FARPROC)lstrcatA },
      |                   ^
kernel/arch/x86_64/win32_kernel32.c:1621:20: warning: cast between incompatible function types from ‘CHAR * (*)(const CHAR *)’ {或称 ‘char * (*)(const char *)’} to ‘intptr_t (*)()’ {或称 ‘long long int (*)()’} [-Wcast-function-type]
 1621 |     { "CharNextA", (FARPROC)CharNextA },
      |                    ^
kernel/arch/x86_64/win32_kernel32.c:1622:20: warning: cast between incompatible function types from ‘CHAR * (*)(const CHAR *, const CHAR *)’ {或称 ‘char * (*)(const char *, const char *)’} to ‘intptr_t (*)()’ {或称 ‘long long int (*)()’} [-Wcast-function-type]
 1622 |     { "CharPrevA", (FARPROC)CharPrevA },
      |                    ^
kernel/arch/x86_64/win32_kernel32.c:1623:23: warning: cast between incompatible function types from ‘BOOL (*)(CHAR)’ {或称 ‘int (*)(char)’} to ‘intptr_t (*)()’ {或称 ‘long long int (*)()’} [-Wcast-function-type]
 1623 |     { "IsCharAlphaA", (FARPROC)IsCharAlphaA },
      |                       ^
kernel/arch/x86_64/win32_kernel32.c:1624:30: warning: cast between incompatible function types from ‘BOOL (*)(CHAR)’ {或称 ‘int (*)(char)’} to ‘intptr_t (*)()’ {或称 ‘long long int (*)()’} [-Wcast-function-type]
 1624 |     { "IsCharAlphaNumericA", (FARPROC)IsCharAlphaNumericA },
      |                              ^
kernel/arch/x86_64/win32_kernel32.c:1625:23: warning: cast between incompatible function types from ‘BOOL (*)(CHAR)’ {或称 ‘int (*)(char)’} to ‘intptr_t (*)()’ {或称 ‘long long int (*)()’} [-Wcast-function-type]
 1625 |     { "IsCharUpperA", (FARPROC)IsCharUpperA },
      |                       ^
kernel/arch/x86_64/win32_kernel32.c:1626:23: warning: cast between incompatible function types from ‘BOOL (*)(CHAR)’ {或称 ‘int (*)(char)’} to ‘intptr_t (*)()’ {或称 ‘long long int (*)()’} [-Wcast-function-type]
 1626 |     { "IsCharLowerA", (FARPROC)IsCharLowerA },
      |                       ^
kernel/arch/x86_64/win32_kernel32.c:1627:21: warning: cast between incompatible function types from ‘CHAR (*)(CHAR)’ {或称 ‘char (*)(char)’} to ‘intptr_t (*)()’ {或称 ‘long long int (*)()’} [-Wcast-function-type]
 1627 |     { "CharUpperA", (FARPROC)CharUpperA },
      |                     ^
kernel/arch/x86_64/win32_kernel32.c:1628:21: warning: cast between incompatible function types from ‘CHAR (*)(CHAR)’ {或称 ‘char (*)(char)’} to ‘intptr_t (*)()’ {或称 ‘long long int (*)()’} [-Wcast-function-type]
 1628 |     { "CharLowerA", (FARPROC)CharLowerA },
      |                     ^
kernel/arch/x86_64/win32_kernel32.c:1629:21: warning: cast between incompatible function types from ‘int (*)(char *, const char *, void *)’ to ‘intptr_t (*)()’ {或称 ‘long long int (*)()’} [-Wcast-function-type]
 1629 |     { "wvsprintfA", (FARPROC)wvsprintfA },
      |                     ^
kernel/arch/x86_64/win32_kernel32.c:1630:24: warning: cast between incompatible function types from ‘int (*)(void *, const char *, unsigned int,  unsigned int,  void **)’ to ‘intptr_t (*)()’ {或称 ‘long long int (*)()’} [-Wcast-function-type]
 1630 |     { "RegOpenKeyExA", (FARPROC)RegOpenKeyExA },
      |                        ^
kernel/arch/x86_64/win32_kernel32.c:1631:26: warning: cast between incompatible function types from ‘int (*)(void *, const char *, unsigned int,  char *, unsigned int,  unsigned int,  void *, void **, DWORD *)’ {或称 ‘int (*)(void *, const char *, unsigned int,  char *, unsigned int,  unsigned int,  void *, void **, unsigned int *)’} to ‘intptr_t (*)()’ {或称 ‘long long int (*)()’} [-Wcast-function-type]
 1631 |     { "RegCreateKeyExA", (FARPROC)RegCreateKeyExA },
      |                          ^
kernel/arch/x86_64/win32_kernel32.c:1632:22: warning: cast between incompatible function types from ‘int (*)(void *)’ to ‘intptr_t (*)()’ {或称 ‘long long int (*)()’} [-Wcast-function-type]
 1632 |     { "RegCloseKey", (FARPROC)RegCloseKey },
      |                      ^
kernel/arch/x86_64/win32_kernel32.c:1633:27: warning: cast between incompatible function types from ‘int (*)(void *, const char *, DWORD *, DWORD *, BYTE *, DWORD *)’ {或称 ‘int (*)(void *, const char *, unsigned int *, unsigned int *, unsigned char *, unsigned int *)’} to ‘intptr_t (*)()’ {或称 ‘long long int (*)()’} [-Wcast-function-type]
 1633 |     { "RegQueryValueExA", (FARPROC)RegQueryValueExA },
      |                           ^
kernel/arch/x86_64/win32_kernel32.c:1634:25: warning: cast between incompatible function types from ‘int (*)(void *, const char *, unsigned int,  unsigned int,  const BYTE *, unsigned int)’ {或称 ‘int (*)(void *, const char *, unsigned int,  unsigned int,  const unsigned char *, unsigned int)’} to ‘intptr_t (*)()’ {或称 ‘long long int (*)()’} [-Wcast-function-type]
 1634 |     { "RegSetValueExA", (FARPROC)RegSetValueExA },
      |                         ^
kernel/arch/x86_64/win32_kernel32.c:1635:24: warning: cast between incompatible function types from ‘int (*)(void *, unsigned int,  char *, DWORD *, DWORD *, char *, DWORD *, uint64_t *)’ {或称 ‘int (*)(void *, unsigned int,  char *, unsigned int *, unsigned int *, char *, unsigned int *, long long unsigned int *)’} to ‘intptr_t (*)()’ {或称 ‘long long int (*)()’} [-Wcast-function-type]
 1635 |     { "RegEnumKeyExA", (FARPROC)RegEnumKeyExA },
      |                        ^
kernel/arch/x86_64/win32_kernel32.c:1636:24: warning: cast between incompatible function types from ‘int (*)(void *, unsigned int,  char *, DWORD *, DWORD *, DWORD *, BYTE *, DWORD *)’ {或称 ‘int (*)(void *, unsigned int,  char *, unsigned int *, unsigned int *, unsigned int *, unsigned char *, unsigned int *)’} to ‘intptr_t (*)()’ {或称 ‘long long int (*)()’} [-Wcast-function-type]
 1636 |     { "RegEnumValueA", (FARPROC)RegEnumValueA },
      |                        ^
kernel/arch/x86_64/win32_kernel32.c:1637:24: warning: cast between incompatible function types from ‘int (*)(void *, const char *)’ to ‘intptr_t (*)()’ {或称 ‘long long int (*)()’} [-Wcast-function-type]
 1637 |     { "RegDeleteKeyA", (FARPROC)RegDeleteKeyA },
      |                        ^
kernel/arch/x86_64/win32_kernel32.c:1638:26: warning: cast between incompatible function types from ‘int (*)(void *, const char *)’ to ‘intptr_t (*)()’ {或称 ‘long long int (*)()’} [-Wcast-function-type]
 1638 |     { "RegDeleteValueA", (FARPROC)RegDeleteValueA },
      |                          ^
kernel/arch/x86_64/win32_kernel32.c:1639:22: warning: cast between incompatible function types from ‘int (*)(void *)’ to ‘intptr_t (*)()’ {或称 ‘long long int (*)()’} [-Wcast-function-type]
 1639 |     { "RegFlushKey", (FARPROC)RegFlushKey },
      |                      ^
kernel/arch/x86_64/win32_kernel32.c:1640:19: warning: cast between incompatible function types from ‘BOOL (*)(void *, uint32_t,  uint32_t,  uint32_t,  uint32_t)’ {或称 ‘int (*)(void *, unsigned int,  unsigned int,  unsigned int,  unsigned int)’} to ‘intptr_t (*)()’ {或称 ‘long long int (*)()’} [-Wcast-function-type]
 1640 |     { "LockFile", (FARPROC)LockFile },
      |                   ^
kernel/arch/x86_64/win32_kernel32.c:1641:21: warning: cast between incompatible function types from ‘BOOL (*)(void *, uint32_t,  uint32_t,  uint32_t,  uint32_t)’ {或称 ‘int (*)(void *, unsigned int,  unsigned int,  unsigned int,  unsigned int)’} to ‘intptr_t (*)()’ {或称 ‘long long int (*)()’} [-Wcast-function-type]
 1641 |     { "UnlockFile", (FARPROC)UnlockFile },
      |                     ^
kernel/arch/x86_64/win32_kernel32.c:1642:21: warning: cast between incompatible function types from ‘BOOL (*)(void *, DWORD,  uint32_t,  uint32_t,  uint32_t,  void *)’ {或称 ‘int (*)(void *, unsigned int,  unsigned int,  unsigned int,  unsigned int,  void *)’} to ‘intptr_t (*)()’ {或称 ‘long long int (*)()’} [-Wcast-function-type]
 1642 |     { "LockFileEx", (FARPROC)LockFileEx },
      |                     ^
kernel/arch/x86_64/win32_kernel32.c:1643:23: warning: cast between incompatible function types from ‘BOOL (*)(void *, DWORD,  uint32_t,  uint32_t,  void *)’ {或称 ‘int (*)(void *, unsigned int,  unsigned int,  unsigned int,  void *)’} to ‘intptr_t (*)()’ {或称 ‘long long int (*)()’} [-Wcast-function-type]
 1643 |     { "UnlockFileEx", (FARPROC)UnlockFileEx },
      |                       ^
kernel/arch/x86_64/win32_kernel32.c:1644:26: warning: cast between incompatible function types from ‘BOOL (*)(const char *, const char *)’ {或称 ‘int (*)(const char *, const char *)’} to ‘intptr_t (*)()’ {或称 ‘long long int (*)()’} [-Wcast-function-type]
 1644 |     { "SetVolumeLabelA", (FARPROC)SetVolumeLabelA },
      |                          ^
kernel/arch/x86_64/win32_kernel32.c:1645:34: warning: cast between incompatible function types from ‘DWORD (*)(uint32_t,  char *)’ {或称 ‘unsigned int (*)(unsigned int,  char *)’} to ‘intptr_t (*)()’ {或称 ‘long long int (*)()’} [-Wcast-function-type]
 1645 |     { "GetLogicalDriveStringsA", (FARPROC)GetLogicalDriveStringsA },
      |                                  ^
kernel/arch/x86_64/win32_kernel32.c:1646:24: warning: cast between incompatible function types from ‘UINT (*)(const char *)’ {或称 ‘unsigned int (*)(const char *)’} to ‘intptr_t (*)()’ {或称 ‘long long int (*)()’} [-Wcast-function-type]
 1646 |     { "GetDriveTypeA", (FARPROC)GetDriveTypeA },
      |                        ^
kernel/arch/x86_64/win32_kernel32.c:1647:28: warning: cast between incompatible function types from ‘BOOL (*)(const char *, uint32_t *, uint32_t *, uint32_t *, uint32_t *)’ {或称 ‘int (*)(const char *, unsigned int *, unsigned int *, unsigned int *, unsigned int *)’} to ‘intptr_t (*)()’ {或称 ‘long long int (*)()’} [-Wcast-function-type]
 1647 |     { "GetDiskFreeSpaceA", (FARPROC)GetDiskFreeSpaceA },
      |                            ^
kernel/arch/x86_64/win32_kernel32.c:1648:30: warning: cast between incompatible function types from ‘BOOL (*)(const char *, uint64_t *, uint64_t *, uint64_t *)’ {或称 ‘int (*)(const char *, long long unsigned int *, long long unsigned int *, long long unsigned int *)’} to ‘intptr_t (*)()’ {或称 ‘long long int (*)()’} [-Wcast-function-type]
 1648 |     { "GetDiskFreeSpaceExA", (FARPROC)GetDiskFreeSpaceExA },
      |                              ^
kernel/arch/x86_64/win32_kernel32.c:1649:22: warning: cast between incompatible function types from ‘BOOL (*)(void *, int64_t *, int64_t *, int64_t *)’ {或称 ‘int (*)(void *, long long int *, long long int *, long long int *)’} to ‘intptr_t (*)()’ {或称 ‘long long int (*)()’} [-Wcast-function-type]
 1649 |     { "GetFileTime", (FARPROC)GetFileTime },
      |                      ^
kernel/arch/x86_64/win32_kernel32.c:1650:22: warning: cast between incompatible function types from ‘BOOL (*)(void *, const int64_t *, const int64_t *, const int64_t *)’ {或称 ‘int (*)(void *, const long long int *, const long long int *, const long long int *)’} to ‘intptr_t (*)()’ {或称 ‘long long int (*)()’} [-Wcast-function-type]
 1650 |     { "SetFileTime", (FARPROC)SetFileTime },
      |                      ^
kernel/arch/x86_64/win32_kernel32.c:1651:31: warning: cast between incompatible function types from ‘BOOL (*)(const char *, uint32_t,  void *)’ {或称 ‘int (*)(const char *, unsigned int,  void *)’} to ‘intptr_t (*)()’ {或称 ‘long long int (*)()’} [-Wcast-function-type]
 1651 |     { "GetFileAttributesExA", (FARPROC)GetFileAttributesExA },
      |                               ^
kernel/arch/x86_64/win32_kernel32.c:1652:29: warning: cast between incompatible function types from ‘BOOL (*)(const char *, uint32_t)’ {或称 ‘int (*)(const char *, unsigned int)’} to ‘intptr_t (*)()’ {或称 ‘long long int (*)()’} [-Wcast-function-type]
 1652 |     { "SetFileAttributesA", (FARPROC)SetFileAttributesA },
      |                             ^
kernel/arch/x86_64/win32_kernel32.c:1653:27: warning: cast between incompatible function types from ‘BOOL (*)(const char *, uint32_t,  char *, char **)’ {或称 ‘int (*)(const char *, unsigned int,  char *, char **)’} to ‘intptr_t (*)()’ {或称 ‘long long int (*)()’} [-Wcast-function-type]
 1653 |     { "GetFullPathNameA", (FARPROC)GetFullPathNameA },
      |                           ^
kernel/arch/x86_64/win32_kernel32.c:1654:28: warning: cast between incompatible function types from ‘BOOL (*)(const char *, char *, uint32_t)’ {或称 ‘int (*)(const char *, char *, unsigned int)’} to ‘intptr_t (*)()’ {或称 ‘long long int (*)()’} [-Wcast-function-type]
 1654 |     { "GetShortPathNameA", (FARPROC)GetShortPathNameA },
      |                            ^
kernel/arch/x86_64/win32_kernel32.c:1655:27: warning: cast between incompatible function types from ‘BOOL (*)(const char *, char *, uint32_t)’ {或称 ‘int (*)(const char *, char *, unsigned int)’} to ‘intptr_t (*)()’ {或称 ‘long long int (*)()’} [-Wcast-function-type]
 1655 |     { "GetLongPathNameA", (FARPROC)GetLongPathNameA },
      |                           ^
kernel/arch/x86_64/win32_kernel32.c:1656:22: warning: cast between incompatible function types from ‘DWORD (*)(const char *, const char *, const char *, uint32_t,  char *, char **)’ {或称 ‘unsigned int (*)(const char *, const char *, const char *, unsigned int,  char *, char **)’} to ‘intptr_t (*)()’ {或称 ‘long long int (*)()’} [-Wcast-function-type]
 1656 |     { "SearchPathA", (FARPROC)SearchPathA },
      |                      ^
kernel/arch/x86_64/win32_kernel32.c:1657:29: warning: cast between incompatible function types from ‘void * (*)(void *, void *, uint32_t,  uint32_t,  uint32_t,  const char *)’ {或称 ‘void * (*)(void *, void *, unsigned int,  unsigned int,  unsigned int,  const char *)’} to ‘intptr_t (*)()’ {或称 ‘long long int (*)()’} [-Wcast-function-type]
 1657 |     { "CreateFileMappingA", (FARPROC)CreateFileMappingA },
      |                             ^
kernel/arch/x86_64/win32_kernel32.c:1658:24: warning: cast between incompatible function types from ‘void * (*)(void *, uint32_t,  uint32_t,  uint32_t,  uint64_t)’ {或称 ‘void * (*)(void *, unsigned int,  unsigned int,  unsigned int,  long long unsigned int)’} to ‘intptr_t (*)()’ {或称 ‘long long int (*)()’} [-Wcast-function-type]
 1658 |     { "MapViewOfFile", (FARPROC)MapViewOfFile },
      |                        ^
kernel/arch/x86_64/win32_kernel32.c:1659:26: warning: cast between incompatible function types from ‘BOOL (*)(const void *)’ {或称 ‘int (*)(const void *)’} to ‘intptr_t (*)()’ {或称 ‘long long int (*)()’} [-Wcast-function-type]
 1659 |     { "UnmapViewOfFile", (FARPROC)UnmapViewOfFile },
      |                          ^
kernel/arch/x86_64/win32_kernel32.c:1660:34: warning: cast between incompatible function types from ‘BOOL (*)(int64_t *)’ {或称 ‘int (*)(long long int *)’} to ‘intptr_t (*)()’ {或称 ‘long long int (*)()’} [-Wcast-function-type]
 1660 |     { "QueryPerformanceCounter", (FARPROC)QueryPerformanceCounter },
      |                                  ^
kernel/arch/x86_64/win32_kernel32.c:1661:36: warning: cast between incompatible function types from ‘BOOL (*)(int64_t *)’ {或称 ‘int (*)(long long int *)’} to ‘intptr_t (*)()’ {或称 ‘long long int (*)()’} [-Wcast-function-type]
 1661 |     { "QueryPerformanceFrequency", (FARPROC)QueryPerformanceFrequency },
      |                                    ^
kernel/arch/x86_64/win32_kernel32.c:1662:18: warning: cast between incompatible function types from ‘void (*)(uint32_t,  BOOL)’ {或称 ‘void (*)(unsigned int,  int)’} to ‘intptr_t (*)()’ {或称 ‘long long int (*)()’} [-Wcast-function-type]
 1662 |     { "SleepEx", (FARPROC)SleepEx },
      |                  ^
kernel/arch/x86_64/win32_kernel32.c:1663:36: warning: cast between incompatible function types from ‘BOOL (*)(uint32_t)’ {或称 ‘int (*)(unsigned int)’} to ‘intptr_t (*)()’ {或称 ‘long long int (*)()’} [-Wcast-function-type]
 1663 |     { "IsProcessorFeaturePresent", (FARPROC)IsProcessorFeaturePresent },
      |                                    ^
kernel/arch/x86_64/win32_kernel32.c:1664:31: warning: cast between incompatible function types from ‘BOOL (*)(void *)’ {或称 ‘int (*)(void *)’} to ‘intptr_t (*)()’ {或称 ‘long long int (*)()’} [-Wcast-function-type]
 1664 |     { "GetSystemPowerStatus", (FARPROC)GetSystemPowerStatus },
      |                               ^
kernel/arch/x86_64/win32_kernel32.c:1665:27: warning: cast between incompatible function types from ‘int (*)(int)’ to ‘intptr_t (*)()’ {或称 ‘long long int (*)()’} [-Wcast-function-type]
 1665 |     { "GetSystemMetrics", (FARPROC)GetSystemMetrics },
      |                           ^
kernel/arch/x86_64/win32_kernel32.c:1666:33: warning: cast between incompatible function types from ‘int (*)(void)’ to ‘intptr_t (*)()’ {或称 ‘long long int (*)()’} [-Wcast-function-type]
 1666 |     { "GetSystemDefaultLangID", (FARPROC)GetSystemDefaultLangID },
      |                                 ^
kernel/arch/x86_64/win32_kernel32.c:1667:31: warning: cast between incompatible function types from ‘int (*)(void)’ to ‘intptr_t (*)()’ {或称 ‘long long int (*)()’} [-Wcast-function-type]
 1667 |     { "GetUserDefaultLangID", (FARPROC)GetUserDefaultLangID },
      |                               ^
kernel/arch/x86_64/win32_kernel32.c:1668:31: warning: cast between incompatible function types from ‘LCID (*)(void)’ {或称 ‘unsigned int (*)(void)’} to ‘intptr_t (*)()’ {或称 ‘long long int (*)()’} [-Wcast-function-type]
 1668 |     { "GetSystemDefaultLCID", (FARPROC)GetSystemDefaultLCID },
      |                               ^
kernel/arch/x86_64/win32_kernel32.c:1669:29: warning: cast between incompatible function types from ‘LCID (*)(void)’ {或称 ‘unsigned int (*)(void)’} to ‘intptr_t (*)()’ {或称 ‘long long int (*)()’} [-Wcast-function-type]
 1669 |     { "GetUserDefaultLCID", (FARPROC)GetUserDefaultLCID },
      |                             ^
kernel/arch/x86_64/win32_kernel32.c:1670:24: warning: cast between incompatible function types from ‘BOOL (*)(uint32_t,  uint32_t)’ {或称 ‘int (*)(unsigned int,  unsigned int)’} to ‘intptr_t (*)()’ {或称 ‘long long int (*)()’} [-Wcast-function-type]
 1670 |     { "IsValidLocale", (FARPROC)IsValidLocale },
      |                        ^
kernel/arch/x86_64/win32_kernel32.c:1671:29: warning: cast between incompatible function types from ‘BOOL (*)(BOOL (*)(CHAR *), uint32_t)’ {或称 ‘int (*)(int (*)(char *), unsigned int)’} to ‘intptr_t (*)()’ {或称 ‘long long int (*)()’} [-Wcast-function-type]
 1671 |     { "EnumSystemLocalesA", (FARPROC)EnumSystemLocalesA },
      |                             ^
kernel/arch/x86_64/win32_kernel32.c:1672:25: warning: cast between incompatible function types from ‘int (*)(uint32_t,  uint32_t,  const char *, int,  const char *, int)’ {或称 ‘int (*)(unsigned int,  unsigned int,  const char *, int,  const char *, int)’} to ‘intptr_t (*)()’ {或称 ‘long long int (*)()’} [-Wcast-function-type]
 1672 |     { "CompareStringA", (FARPROC)CompareStringA },
      |                         ^
kernel/arch/x86_64/win32_kernel32.c:1673:23: warning: cast between incompatible function types from ‘int (*)(uint32_t,  uint32_t,  const char *, int,  char *, int)’ {或称 ‘int (*)(unsigned int,  unsigned int,  const char *, int,  char *, int)’} to ‘intptr_t (*)()’ {或称 ‘long long int (*)()’} [-Wcast-function-type]
 1673 |     { "LCMapStringA", (FARPROC)LCMapStringA },
      |                       ^
kernel/arch/x86_64/win32_kernel32.c:1674:25: warning: cast between incompatible function types from ‘int (*)(uint32_t,  uint32_t,  const char *, int,  uint16_t *)’ {或称 ‘int (*)(unsigned int,  unsigned int,  const char *, int,  short unsigned int *)’} to ‘intptr_t (*)()’ {或称 ‘long long int (*)()’} [-Wcast-function-type]
 1674 |     { "GetStringTypeA", (FARPROC)GetStringTypeA },
      |                         ^
kernel/arch/x86_64/win32_kernel32.c:1675:28: warning: cast between incompatible function types from ‘BOOL (*)(void *, const void *, void *, SIZE_T,  SIZE_T *)’ {或称 ‘int (*)(void *, const void *, void *, long long unsigned int,  long long unsigned int *)’} to ‘intptr_t (*)()’ {或称 ‘long long int (*)()’} [-Wcast-function-type]
 1675 |     { "ReadProcessMemory", (FARPROC)ReadProcessMemory },
      |                            ^
kernel/arch/x86_64/win32_kernel32.c:1676:29: warning: cast between incompatible function types from ‘BOOL (*)(void *, void *, const void *, SIZE_T,  SIZE_T *)’ {或称 ‘int (*)(void *, void *, const void *, long long unsigned int,  long long unsigned int *)’} to ‘intptr_t (*)()’ {或称 ‘long long int (*)()’} [-Wcast-function-type]
 1676 |     { "WriteProcessMemory", (FARPROC)WriteProcessMemory },
      |                             ^
kernel/arch/x86_64/win32_kernel32.c:1677:27: warning: cast between incompatible function types from ‘void * (*)(const wchar_t *)’ {或称 ‘void * (*)(const short unsigned int *)’} to ‘intptr_t (*)()’ {或称 ‘long long int (*)()’} [-Wcast-function-type]
 1677 |     { "GetModuleHandleW", (FARPROC)GetModuleHandleW },
      |                           ^
kernel/arch/x86_64/win32_kernel32.c:1678:29: warning: cast between incompatible function types from ‘DWORD (*)(void *, wchar_t *, DWORD)’ {或称 ‘unsigned int (*)(void *, short unsigned int *, unsigned int)’} to ‘intptr_t (*)()’ {或称 ‘long long int (*)()’} [-Wcast-function-type]
 1678 |     { "GetModuleFileNameW", (FARPROC)GetModuleFileNameW },
      |                             ^
kernel/arch/x86_64/win32_kernel32.c:1679:23: warning: cast between incompatible function types from ‘void * (*)(const wchar_t *)’ {或称 ‘void * (*)(const short unsigned int *)’} to ‘intptr_t (*)()’ {或称 ‘long long int (*)()’} [-Wcast-function-type]
 1679 |     { "LoadLibraryW", (FARPROC)LoadLibraryW },
      |                       ^
kernel/arch/x86_64/win32_kernel32.c:1680:25: warning: cast between incompatible function types from ‘void * (*)(const char *, void *, uint32_t)’ {或称 ‘void * (*)(const char *, void *, unsigned int)’} to ‘intptr_t (*)()’ {或称 ‘long long int (*)()’} [-Wcast-function-type]
 1680 |     { "LoadLibraryExA", (FARPROC)LoadLibraryExA },
      |                         ^
kernel/arch/x86_64/win32_kernel32.c:1681:25: warning: cast between incompatible function types from ‘void * (*)(const wchar_t *, void *, uint32_t)’ {或称 ‘void * (*)(const short unsigned int *, void *, unsigned int)’} to ‘intptr_t (*)()’ {或称 ‘long long int (*)()’} [-Wcast-function-type]
 1681 |     { "LoadLibraryExW", (FARPROC)LoadLibraryExW },
      |                         ^
kernel/arch/x86_64/win32_kernel32.c:1682:35: warning: cast between incompatible function types from ‘BOOL (*)(void *, uint32_t)’ {或称 ‘int (*)(void *, unsigned int)’} to ‘intptr_t (*)()’ {或称 ‘long long int (*)()’} [-Wcast-function-type]
 1682 |     { "FreeLibraryAndExitThread", (FARPROC)FreeLibraryAndExitThread },
      |                                   ^
kernel/arch/x86_64/win32_kernel32.c:1683:27: warning: cast between incompatible function types from ‘DWORD (*)(uint32_t,  char *)’ {或称 ‘unsigned int (*)(unsigned int,  char *)’} to ‘intptr_t (*)()’ {或称 ‘long long int (*)()’} [-Wcast-function-type]
 1683 |     { "GetDllDirectoryA", (FARPROC)GetDllDirectoryA },
      |                           ^
kernel/arch/x86_64/win32_kernel32.c:1684:27: warning: cast between incompatible function types from ‘BOOL (*)(const char *)’ {或称 ‘int (*)(const char *)’} to ‘intptr_t (*)()’ {或称 ‘long long int (*)()’} [-Wcast-function-type]
 1684 |     { "SetDllDirectoryA", (FARPROC)SetDllDirectoryA },
      |                           ^
kernel/arch/x86_64/win32_kernel32.c:1686:22: warning: cast between incompatible function types from ‘void * (*)(void *, DWORD,  void *, uint64_t)’ {或称 ‘void * (*)(void *, unsigned int,  void *, long long unsigned int)’} to ‘intptr_t (*)()’ {或称 ‘long long int (*)()’} [-Wcast-function-type]
 1686 |     { "HeapReAlloc", (FARPROC)HeapReAlloc },
      |                      ^
kernel/arch/x86_64/win32_kernel32.c:1688:23: warning: cast between incompatible function types from ‘BOOL (*)(void *, DWORD,  const void *)’ {或称 ‘int (*)(void *, unsigned int,  const void *)’} to ‘intptr_t (*)()’ {或称 ‘long long int (*)()’} [-Wcast-function-type]
 1688 |     { "HeapValidate", (FARPROC)HeapValidate },
      |                       ^
kernel/arch/x86_64/win32_kernel32.c:1689:22: warning: cast between incompatible function types from ‘uint32_t (*)(void *, uint32_t)’ {或称 ‘unsigned int (*)(void *, unsigned int)’} to ‘intptr_t (*)()’ {或称 ‘long long int (*)()’} [-Wcast-function-type]
 1689 |     { "HeapCompact", (FARPROC)HeapCompact },
      |                      ^
kernel/arch/x86_64/win32_kernel32.c:1690:29: warning: cast between incompatible function types from ‘BOOL (*)(void *, uint32_t,  void *, SIZE_T)’ {或称 ‘int (*)(void *, unsigned int,  void *, long long unsigned int)’} to ‘intptr_t (*)()’ {或称 ‘long long int (*)()’} [-Wcast-function-type]
 1690 |     { "HeapSetInformation", (FARPROC)HeapSetInformation },
      |                             ^
kernel/arch/x86_64/win32_kernel32.c:1691:31: warning: cast between incompatible function types from ‘BOOL (*)(void *, uint32_t,  void *, SIZE_T,  SIZE_T *)’ {或称 ‘int (*)(void *, unsigned int,  void *, long long unsigned int,  long long unsigned int *)’} to ‘intptr_t (*)()’ {或称 ‘long long int (*)()’} [-Wcast-function-type]
 1691 |     { "HeapQueryInformation", (FARPROC)HeapQueryInformation },
      |                               ^
kernel/arch/x86_64/win32_kernel32.c:1692:36: warning: cast between incompatible function types from ‘BOOL (*)(void *)’ {或称 ‘int (*)(void *)’} to ‘intptr_t (*)()’ {或称 ‘long long int (*)()’} [-Wcast-function-type]
 1692 |     { "InitializeCriticalSection", (FARPROC)InitializeCriticalSection },
      |                                    ^
kernel/arch/x86_64/win32_kernel32.c:1693:31: warning: cast between incompatible function types from ‘void (*)(void *)’ to ‘intptr_t (*)()’ {或称 ‘long long int (*)()’} [-Wcast-function-type]
 1693 |     { "EnterCriticalSection", (FARPROC)EnterCriticalSection },
      |                               ^
kernel/arch/x86_64/win32_kernel32.c:1694:34: warning: cast between incompatible function types from ‘BOOL (*)(void *)’ {或称 ‘int (*)(void *)’} to ‘intptr_t (*)()’ {或称 ‘long long int (*)()’} [-Wcast-function-type]
 1694 |     { "TryEnterCriticalSection", (FARPROC)TryEnterCriticalSection },
      |                                  ^
kernel/arch/x86_64/win32_kernel32.c:1695:31: warning: cast between incompatible function types from ‘void (*)(void *)’ to ‘intptr_t (*)()’ {或称 ‘long long int (*)()’} [-Wcast-function-type]
 1695 |     { "LeaveCriticalSection", (FARPROC)LeaveCriticalSection },
      |                               ^
kernel/arch/x86_64/win32_kernel32.c:1696:32: warning: cast between incompatible function types from ‘void (*)(void *)’ to ‘intptr_t (*)()’ {或称 ‘long long int (*)()’} [-Wcast-function-type]
 1696 |     { "DeleteCriticalSection", (FARPROC)DeleteCriticalSection },
      |                                ^
kernel/arch/x86_64/win32_kernel32.c:1697:48: warning: cast between incompatible function types from ‘BOOL (*)(void *, uint32_t)’ {或称 ‘int (*)(void *, unsigned int)’} to ‘intptr_t (*)()’ {或称 ‘long long int (*)()’} [-Wcast-function-type]
 1697 |     { "InitializeCriticalSectionAndSpinCount", (FARPROC)InitializeCriticalSectionAndSpinCount },
      |                                                ^
kernel/arch/x86_64/win32_kernel32.c:1698:37: warning: cast between incompatible function types from ‘BOOL (*)(volatile LONG *, LONG,  LONG)’ {或称 ‘int (*)(volatile long int *, long int,  long int)’} to ‘intptr_t (*)()’ {或称 ‘long long int (*)()’} [-Wcast-function-type]
 1698 |     { "InterlockedCompareExchange", (FARPROC)InterlockedCompareExchange },
      |                                     ^
kernel/arch/x86_64/win32_kernel32.c:1699:31: warning: cast between incompatible function types from ‘LONG (*)(volatile LONG *)’ {或称 ‘long int (*)(volatile long int *)’} to ‘intptr_t (*)()’ {或称 ‘long long int (*)()’} [-Wcast-function-type]
 1699 |     { "InterlockedIncrement", (FARPROC)InterlockedIncrement },
      |                               ^
kernel/arch/x86_64/win32_kernel32.c:1700:31: warning: cast between incompatible function types from ‘LONG (*)(volatile LONG *)’ {或称 ‘long int (*)(volatile long int *)’} to ‘intptr_t (*)()’ {或称 ‘long long int (*)()’} [-Wcast-function-type]
 1700 |     { "InterlockedDecrement", (FARPROC)InterlockedDecrement },
      |                               ^
kernel/arch/x86_64/win32_kernel32.c:1701:30: warning: cast between incompatible function types from ‘LONG (*)(volatile LONG *, LONG)’ {或称 ‘long int (*)(volatile long int *, long int)’} to ‘intptr_t (*)()’ {或称 ‘long long int (*)()’} [-Wcast-function-type]
 1701 |     { "InterlockedExchange", (FARPROC)InterlockedExchange },
      |                              ^
kernel/arch/x86_64/win32_kernel32.c:1702:33: warning: cast between incompatible function types from ‘LONG (*)(volatile LONG *, LONG)’ {或称 ‘long int (*)(volatile long int *, long int)’} to ‘intptr_t (*)()’ {或称 ‘long long int (*)()’} [-Wcast-function-type]
 1702 |     { "InterlockedExchangeAdd", (FARPROC)InterlockedExchangeAdd },
      |                                 ^
kernel/arch/x86_64/win32_kernel32.c:1703:44: warning: cast between incompatible function types from ‘void * (*)(void * volatile*, void *, void *)’ to ‘intptr_t (*)()’ {或称 ‘long long int (*)()’} [-Wcast-function-type]
 1703 |     { "InterlockedCompareExchangePointer", (FARPROC)InterlockedCompareExchangePointer },
      |                                            ^
kernel/arch/x86_64/win32_kernel32.c:1704:37: warning: cast between incompatible function types from ‘void * (*)(void * volatile*, void *)’ to ‘intptr_t (*)()’ {或称 ‘long long int (*)()’} [-Wcast-function-type]
 1704 |     { "InterlockedExchangePointer", (FARPROC)InterlockedExchangePointer },
      |                                     ^
kernel/arch/x86_64/win32_kernel32.c:1705:29: warning: cast between incompatible function types from ‘void (*)(const char *)’ to ‘intptr_t (*)()’ {或称 ‘long long int (*)()’} [-Wcast-function-type]
 1705 |     { "OutputDebugStringA", (FARPROC)OutputDebugStringA },
      |                             ^
kernel/arch/x86_64/win32_kernel32.c:1707:28: warning: cast between incompatible function types from ‘BOOL (*)(void)’ {或称 ‘int (*)(void)’} to ‘intptr_t (*)()’ {或称 ‘long long int (*)()’} [-Wcast-function-type]
 1707 |     { "IsDebuggerPresent", (FARPROC)IsDebuggerPresent },
      |                            ^
kernel/arch/x86_64/win32_kernel32.c:1708:20: warning: cast between incompatible function types from ‘void (*)(int)’ to ‘intptr_t (*)()’ {或称 ‘long long int (*)()’} [-Wcast-function-type]
 1708 |     { "FatalExit", (FARPROC)FatalExit },
      |                    ^
kernel/arch/x86_64/win32_kernel32.c:1709:25: warning: cast between incompatible function types from ‘void (*)(uint32_t,  uint32_t,  uint32_t,  const uint32_t *)’ {或称 ‘void (*)(unsigned int,  unsigned int,  unsigned int,  const unsigned int *)’} to ‘intptr_t (*)()’ {或称 ‘long long int (*)()’} [-Wcast-function-type]
 1709 |     { "RaiseException", (FARPROC)RaiseException },
      |                         ^
kernel/arch/x86_64/win32_kernel32.c:1710:23: warning: cast between incompatible function types from ‘uint32_t (*)(uint32_t)’ {或称 ‘unsigned int (*)(unsigned int)’} to ‘intptr_t (*)()’ {或称 ‘long long int (*)()’} [-Wcast-function-type]
 1710 |     { "SetErrorMode", (FARPROC)SetErrorMode },
      |                       ^
kernel/arch/x86_64/win32_kernel32.c:1711:15: warning: cast between incompatible function types from ‘BOOL (*)(uint32_t,  uint32_t)’ {或称 ‘int (*)(unsigned int,  unsigned int)’} to ‘intptr_t (*)()’ {或称 ‘long long int (*)()’} [-Wcast-function-type]
 1711 |     { "Beep", (FARPROC)Beep },
      |               ^
kernel/arch/x86_64/win32_kernel32.c:1712:35: warning: cast between incompatible function types from ‘BOOL (*)(uint32_t,  uint32_t)’ {或称 ‘int (*)(unsigned int,  unsigned int)’} to ‘intptr_t (*)()’ {或称 ‘long long int (*)()’} [-Wcast-function-type]
 1712 |     { "GenerateConsoleCtrlEvent", (FARPROC)GenerateConsoleCtrlEvent },
      |                                   ^
kernel/arch/x86_64/win32_kernel32.c:1713:23: warning: cast between incompatible function types from ‘BOOL (*)(void)’ {或称 ‘int (*)(void)’} to ‘intptr_t (*)()’ {或称 ‘long long int (*)()’} [-Wcast-function-type]
 1713 |     { "AllocConsole", (FARPROC)AllocConsole },
      |                       ^
kernel/arch/x86_64/win32_kernel32.c:1714:22: warning: cast between incompatible function types from ‘BOOL (*)(void)’ {或称 ‘int (*)(void)’} to ‘intptr_t (*)()’ {或称 ‘long long int (*)()’} [-Wcast-function-type]
 1714 |     { "FreeConsole", (FARPROC)FreeConsole },
      |                      ^
kernel/arch/x86_64/win32_kernel32.c:1715:27: warning: cast between incompatible function types from ‘void * (*)(void)’ to ‘intptr_t (*)()’ {或称 ‘long long int (*)()’} [-Wcast-function-type]
 1715 |     { "GetConsoleWindow", (FARPROC)GetConsoleWindow },
      |                           ^
kernel/arch/x86_64/win32_kernel32.c:1716:27: warning: cast between incompatible function types from ‘BOOL (*)(const char *)’ {或称 ‘int (*)(const char *)’} to ‘intptr_t (*)()’ {或称 ‘long long int (*)()’} [-Wcast-function-type]
 1716 |     { "SetConsoleTitleA", (FARPROC)SetConsoleTitleA },
      |                           ^
kernel/arch/x86_64/win32_kernel32.c:1717:27: warning: cast between incompatible function types from ‘DWORD (*)(char *, uint32_t)’ {或称 ‘unsigned int (*)(char *, unsigned int)’} to ‘intptr_t (*)()’ {或称 ‘long long int (*)()’} [-Wcast-function-type]
 1717 |     { "GetConsoleTitleA", (FARPROC)GetConsoleTitleA },
      |                           ^
kernel/arch/x86_64/win32_kernel32.c:1718:34: warning: cast between incompatible function types from ‘BOOL (*)(void *, uint16_t)’ {或称 ‘int (*)(void *, short unsigned int)’} to ‘intptr_t (*)()’ {或称 ‘long long int (*)()’} [-Wcast-function-type]
 1718 |     { "SetConsoleTextAttribute", (FARPROC)SetConsoleTextAttribute },
      |                                  ^
kernel/arch/x86_64/win32_kernel32.c:1719:37: warning: cast between incompatible function types from ‘BOOL (*)(void *, void *)’ {或称 ‘int (*)(void *, void *)’} to ‘intptr_t (*)()’ {或称 ‘long long int (*)()’} [-Wcast-function-type]
 1719 |     { "GetConsoleScreenBufferInfo", (FARPROC)GetConsoleScreenBufferInfo },
      |                                     ^
kernel/arch/x86_64/win32_kernel32.c:1720:35: warning: cast between incompatible function types from ‘BOOL (*)(void *, COORD)’ {或称 ‘int (*)(void *, COORD)’} to ‘intptr_t (*)()’ {或称 ‘long long int (*)()’} [-Wcast-function-type]
 1720 |     { "SetConsoleCursorPosition", (FARPROC)SetConsoleCursorPosition },
      |                                   ^
kernel/arch/x86_64/win32_kernel32.c:1721:31: warning: cast between incompatible function types from ‘BOOL (*)(void *, const void *)’ {或称 ‘int (*)(void *, const void *)’} to ‘intptr_t (*)()’ {或称 ‘long long int (*)()’} [-Wcast-function-type]
 1721 |     { "SetConsoleCursorInfo", (FARPROC)SetConsoleCursorInfo },
      |                               ^
kernel/arch/x86_64/win32_kernel32.c:1722:38: warning: cast between incompatible function types from ‘BOOL (*)(void *, CHAR,  DWORD,  COORD,  DWORD *)’ {或称 ‘int (*)(void *, char,  unsigned int,  COORD,  unsigned int *)’} to ‘intptr_t (*)()’ {或称 ‘long long int (*)()’} [-Wcast-function-type]
 1722 |     { "FillConsoleOutputCharacterA", (FARPROC)FillConsoleOutputCharacterA },
      |                                      ^
kernel/arch/x86_64/win32_kernel32.c:1723:37: warning: cast between incompatible function types from ‘BOOL (*)(void *, WORD,  DWORD,  COORD,  DWORD *)’ {或称 ‘int (*)(void *, short unsigned int,  unsigned int,  COORD,  unsigned int *)’} to ‘intptr_t (*)()’ {或称 ‘long long int (*)()’} [-Wcast-function-type]
 1723 |     { "FillConsoleOutputAttribute", (FARPROC)FillConsoleOutputAttribute },
      |                                     ^
kernel/arch/x86_64/win32_kernel32.c:1724:37: warning: cast between incompatible function types from ‘BOOL (*)(void *, const SMALL_RECT *, const SMALL_RECT *, COORD,  const CHAR_INFO *)’ {或称 ‘int (*)(void *, const SMALL_RECT *, const SMALL_RECT *, COORD,  const union _CHAR_INFO *)’} to ‘intptr_t (*)()’ {或称 ‘long long int (*)()’} [-Wcast-function-type]
 1724 |     { "ScrollConsoleScreenBufferA", (FARPROC)ScrollConsoleScreenBufferA },
      |                                     ^
kernel/arch/x86_64/win32_kernel32.c:1725:24: warning: cast between incompatible function types from ‘BOOL (*)(void *, const void *, DWORD,  DWORD *, void *)’ {或称 ‘int (*)(void *, const void *, unsigned int,  unsigned int *, void *)’} to ‘intptr_t (*)()’ {或称 ‘long long int (*)()’} [-Wcast-function-type]
 1725 |     { "WriteConsoleA", (FARPROC)WriteConsoleA },
      |                        ^
kernel/arch/x86_64/win32_kernel32.c:1726:23: warning: cast between incompatible function types from ‘BOOL (*)(void *, void *, DWORD,  DWORD *, void *)’ {或称 ‘int (*)(void *, void *, unsigned int,  unsigned int *, void *)’} to ‘intptr_t (*)()’ {或称 ‘long long int (*)()’} [-Wcast-function-type]
 1726 |     { "ReadConsoleA", (FARPROC)ReadConsoleA },
      |                       ^
kernel/arch/x86_64/win32_kernel32.c: 在函数‘LoadLibraryA’中:
kernel/arch/x86_64/win32_kernel32.c:1804:40: warning: ‘long long unsigned int’转换自‘off_t’ {或称 ‘long long int’}时可能会改变结果的符号 [-Wsign-conversion]
 1804 |     file_buf = memory_alloc(st.st_size + 16ULL);
      |                                        ^
kernel/arch/x86_64/win32_kernel32.c:1810:36: warning: ‘long long unsigned int’转换自‘off_t’ {或称 ‘long long int’}时可能会改变结果的符号 [-Wsign-conversion]
 1810 |     memset(file_buf, 0, st.st_size + 16ULL);
      |                                    ^
kernel/arch/x86_64/win32_kernel32.c:1812:36: warning: ‘uint64_t’ {或称 ‘long long unsigned int’}转换自‘off_t’ {或称 ‘long long int’}时可能会改变结果的符号 [-Wsign-conversion]
 1812 |     res = vfs_read(fd, file_buf, st.st_size);
      |                                  ~~^~~~~~~~
kernel/arch/x86_64/win32_kernel32.c: 在函数‘GetFileAttributesExA’中:
kernel/arch/x86_64/win32_kernel32.c:2978:60: warning: 未使用的参数‘fInfoLevelId’ [-Wunused-parameter]
 2978 | BOOL GetFileAttributesExA(const char* lpFileName, uint32_t fInfoLevelId,
      |                                                   ~~~~~~~~~^~~~~~~~~~~~
kernel/arch/x86_64/win32_kernel32.c: 在函数‘GetFullPathNameA’中:
kernel/arch/x86_64/win32_kernel32.c:3042:28: warning: conversion from ‘size_t’ {或称 ‘long long unsigned int’} to ‘BOOL’ {或称 ‘int’} may change value [-Wconversion]
 3042 |             return dir_len + 1;
      |                    ~~~~~~~~^~~
kernel/arch/x86_64/win32_kernel32.c:3049:16: warning: ‘BOOL’ {或称 ‘int’}转换自‘unsigned int’时可能会改变结果的符号 [-Wsign-conversion]
 3049 |         return (uint32_t)(dir_len + strlen(last_sep + 1));
      |                ^~~~~~~~~~~~~~~~~~~~~~~~~~~~~~~~~~~~~~~~~~
kernel/arch/x86_64/win32_kernel32.c:3054:24: warning: ‘BOOL’ {或称 ‘int’}转换自‘uint32_t’ {或称 ‘unsigned int’}时可能会改变结果的符号 [-Wsign-conversion]
 3054 |             return len + 1;
      |                    ~~~~^~~
kernel/arch/x86_64/win32_kernel32.c:3060:16: warning: ‘BOOL’ {或称 ‘int’}转换自‘uint32_t’ {或称 ‘unsigned int’}时可能会改变结果的符号 [-Wsign-conversion]
 3060 |         return len;
      |                ^~~
kernel/arch/x86_64/win32_kernel32.c: 在函数‘GetShortPathNameA’中:
kernel/arch/x86_64/win32_kernel32.c:3087:12: warning: ‘BOOL’ {或称 ‘int’}转换自‘uint32_t’ {或称 ‘unsigned int’}时可能会改变结果的符号 [-Wsign-conversion]
 3087 |     return j;
      |            ^
kernel/arch/x86_64/win32_kernel32.c: 在函数‘GetLongPathNameA’中:
kernel/arch/x86_64/win32_kernel32.c:3102:20: warning: ‘BOOL’ {或称 ‘int’}转换自‘uint32_t’ {或称 ‘unsigned int’}时可能会改变结果的符号 [-Wsign-conversion]
 3102 |         return len + 1;
      |                ~~~~^~~
kernel/arch/x86_64/win32_kernel32.c:3106:12: warning: ‘BOOL’ {或称 ‘int’}转换自‘uint32_t’ {或称 ‘unsigned int’}时可能会改变结果的符号 [-Wsign-conversion]
 3106 |     return len;
      |            ^~~
kernel/arch/x86_64/win32_kernel32.c: 在函数‘GetStringTypeA’中:
kernel/arch/x86_64/win32_kernel32.c:3422:46: warning: 未使用的参数‘dwInfoType’ [-Wunused-parameter]
 3422 | int GetStringTypeA(uint32_t Locale, uint32_t dwInfoType,
      |                                     ~~~~~~~~~^~~~~~~~~~
<2> Building kernel/arch/x86_64/win32_gdi_and_msg.c
<0> Building kernel/arch/x86_64/vlan.c
kernel/arch/x86_64/win32_gdi_and_msg.c:525:42: warning: 在从‘int’转换为‘short int’时发生溢出，值从‘33999’变为‘-31537’ [-Woverflow]
  525 |     0, 8363, 16069, 22765, 28138, 31939, 33999, 34263, 32702,
      |                                          ^~~~~
kernel/arch/x86_64/win32_gdi_and_msg.c:525:49: warning: 在从‘int’转换为‘short int’时发生溢出，值从‘34263’变为‘-31273’ [-Woverflow]
  525 |     0, 8363, 16069, 22765, 28138, 31939, 33999, 34263, 32702,
      |                                                 ^~~~~
kernel/arch/x86_64/win32_gdi_and_msg.c:527:21: warning: 在从‘int’转换为‘short int’时发生溢出，值从‘-32787’变为‘32749’ [-Woverflow]
  527 |     -25102, -29755, -32787, -34104, -33649, -31480, -27710, -22506
      |                     ^
kernel/arch/x86_64/win32_gdi_and_msg.c:527:29: warning: 在从‘int’转换为‘short int’时发生溢出，值从‘-34104’变为‘31432’ [-Woverflow]
  527 |     -25102, -29755, -32787, -34104, -33649, -31480, -27710, -22506
      |                             ^
kernel/arch/x86_64/win32_gdi_and_msg.c:527:37: warning: 在从‘int’转换为‘short int’时发生溢出，值从‘-33649’变为‘31887’ [-Woverflow]
  527 |     -25102, -29755, -32787, -34104, -33649, -31480, -27710, -22506
      |                                     ^
kernel/arch/x86_64/win32_gdi_and_msg.c:531:29: warning: 在从‘int’转换为‘short int’时发生溢出，值从‘-34183’变为‘31353’ [-Woverflow]
  531 |     -21473, -27452, -31783, -34183, -34516, -32730, -28899, -23224,
      |                             ^
kernel/arch/x86_64/win32_gdi_and_msg.c:531:37: warning: 在从‘int’转换为‘short int’时发生溢出，值从‘-34516’变为‘31020’ [-Woverflow]
  531 |     -21473, -27452, -31783, -34183, -34516, -32730, -28899, -23224,
      |                                     ^
kernel/arch/x86_64/win32_gdi_and_msg.c:532:54: warning: 在从‘int’转换为‘short int’时发生溢出，值从‘33497’变为‘-32039’ [-Woverflow]
  532 |     -16016, -7649, 1299, 10197, 18435, 25369, 30478, 33497
      |                                                      ^~~~~
kernel/arch/x86_64/win32_gdi_and_msg.c: 在函数‘Ellipse’中:
kernel/arch/x86_64/win32_gdi_and_msg.c:537:14: warning: 变量‘brush_color’被设定但未被使用 [-Wunused-but-set-variable=]
  537 |     COLORREF brush_color = RGB(255, 255, 255);
      |              ^~~~~~~~~~~
kernel/arch/x86_64/win32_gdi_and_msg.c: 在函数‘default_window_proc’中:
kernel/arch/x86_64/win32_gdi_and_msg.c:1041:64: warning: 未使用的参数‘wparam’ [-Wunused-parameter]
 1041 | static LRESULT default_window_proc(HWND hwnd, UINT msg, WPARAM wparam, LPARAM lparam) {
      |                                                         ~~~~~~~^~~~~~
kernel/arch/x86_64/win32_gdi_and_msg.c:1041:79: warning: 未使用的参数‘lparam’ [-Wunused-parameter]
 1041 | static LRESULT default_window_proc(HWND hwnd, UINT msg, WPARAM wparam, LPARAM lparam) {
      |                                                                        ~~~~~~~^~~~~~
kernel/arch/x86_64/win32_gdi_and_msg.c: 在函数‘CreateWindowExA’中:
kernel/arch/x86_64/win32_gdi_and_msg.c:1232:20: warning: ‘LONG’ {或称 ‘long int’}转换自‘uint32_t’ {或称 ‘unsigned int’}时可能会改变结果的符号 [-Wsign-conversion]
 1232 |         cs.style = dwStyle;
      |                    ^~~~~~~
<3> Building kernel/arch/x86_64/virtio.c
kernel/arch/x86_64/virtio.c: 在函数‘__vq_alloc’中:
kernel/arch/x86_64/virtio.c:16:47: warning: ‘uint64_t’ {或称 ‘long long unsigned int’}转换自‘int’时可能会改变结果的符号 [-Wsign-conversion]
   16 |     vq->avail = (virtq_avail_t*)kzalloc(2 + 2 + 2 * num);
      |                                         ~~~~~~^~~~~~~~~
kernel/arch/x86_64/virtio.c:19:45: warning: ‘uint64_t’ {或称 ‘long long unsigned int’}转换自‘int’时可能会改变结果的符号 [-Wsign-conversion]
   19 |     vq->used = (virtq_used_t*)kzalloc(2 + 2 + 8 * num);
      |                                       ~~~~~~^~~~~~~~~
kernel/arch/x86_64/virtio.c:23:29: warning: conversion from ‘int’ to ‘uint16_t’ {或称 ‘short unsigned int’} may change value [-Wconversion]
   23 |         vq->descs[i].next = (i + 1) % num;
      |                             ^
kernel/arch/x86_64/virtio.c: 在函数‘__vq_get_used’中:
kernel/arch/x86_64/virtio.c:61:11: warning: conversion from ‘uint32_t’ {或称 ‘unsigned int’} to ‘uint16_t’ {或称 ‘short unsigned int’} may change value [-Wconversion]
   61 |     *id = elem->id;
      |           ^~~~
kernel/arch/x86_64/virtio.c: 在函数‘virtio_blk_init’中:
kernel/arch/x86_64/virtio.c:91:27: warning: conversion from ‘uint32_t’ {或称 ‘unsigned int’} to ‘uint16_t’ {或称 ‘short unsigned int’} may change value [-Wconversion]
   91 |     uint16_t queue_size = mmio->queue_size;
      |                           ^~~~
kernel/arch/x86_64/virtio.c: 在函数‘virtio_net_init’中:
kernel/arch/x86_64/virtio.c:188:24: warning: conversion from ‘uint32_t’ {或称 ‘unsigned int’} to ‘uint16_t’ {或称 ‘short unsigned int’} may change value [-Wconversion]
  188 |     uint16_t rx_size = mmio->queue_size;
      |                        ^~~~
kernel/arch/x86_64/virtio.c:194:24: warning: conversion from ‘uint32_t’ {或称 ‘unsigned int’} to ‘uint16_t’ {或称 ‘short unsigned int’} may change value [-Wconversion]
  194 |     uint16_t tx_size = mmio->queue_size;
      |                        ^~~~
<0> Building kernel/arch/x86_64/thermal.c
kernel/arch/x86_64/thermal.c:24:12: warning: ‘read_tsc’ 在此处定义 [-Wunused-function]
   24 | static u64 read_tsc(void)
      |            ^~~~~~~~
<3> Building kernel/arch/x86_64/tcp_cong.c
kernel/arch/x86_64/tcp_cong.c: 在函数‘tcp_reno_cong_avoid’中:
kernel/arch/x86_64/tcp_cong.c:23:23: warning: conversion from ‘uint32_t’ {或称 ‘unsigned int’} to ‘uint16_t’ {或称 ‘short unsigned int’} may change value [-Wconversion]
   23 |         sk->snd_wnd = new_cwnd;
      |                       ^~~~~~~~
kernel/arch/x86_64/tcp_cong.c:27:24: warning: conversion from ‘uint32_t’ {或称 ‘unsigned int’} to ‘uint16_t’ {或称 ‘short unsigned int’} may change value [-Wconversion]
   27 |         sk->snd_wnd += incr;
      |                        ^~~~
kernel/arch/x86_64/tcp_cong.c: 在函数‘tcp_cubic_cong_avoid’中:
kernel/arch/x86_64/tcp_cong.c:160:23: warning: conversion from ‘uint32_t’ {或称 ‘unsigned int’} to ‘uint16_t’ {或称 ‘short unsigned int’} may change value [-Wconversion]
  160 |         sk->snd_wnd = new_cwnd;
      |                       ^~~~~~~~
kernel/arch/x86_64/tcp_cong.c:170:28: warning: conversion from ‘uint64_t’ {或称 ‘long long unsigned int’} to ‘uint32_t’ {或称 ‘unsigned int’} may change value [-Wconversion]
  170 |             ca->bictcp_K = cubic_root((ca->w_max - sk->snd_wnd) * 1000000 * TCP_CUBIC_SCALE / TCP_CUBIC_C);
      |                            ^~~~~~~~~~
kernel/arch/x86_64/tcp_cong.c:180:23: warning: conversion from ‘uint32_t’ {或称 ‘unsigned int’} to ‘uint16_t’ {或称 ‘short unsigned int’} may change value [-Wconversion]
  180 |         sk->snd_wnd = ca->last_wnd + 1;
      |                       ^~
kernel/arch/x86_64/tcp_cong.c:199:25: warning: 由于数据类型范围限制，比较结果永远为真 [-Wtype-limits]
  199 |         if (sk->snd_wnd < TCP_CONG_MAX_CWND)
      |                         ^
kernel/arch/x86_64/tcp_cong.c: 在函数‘tcp_bbr_cong_avoid’中:
kernel/arch/x86_64/tcp_cong.c:399:19: warning: conversion from ‘unsigned int’ to ‘uint16_t’ {或称 ‘short unsigned int’} may change value [-Wconversion]
  399 |     sk->snd_wnd = (uint32_t)bbr->target_cwnd;
      |                   ^
<0> Building kernel/arch/x86_64/tcp_bbr.c
kernel/arch/x86_64/tcp_bbr.c: 在函数‘bbr_quantization_budget’中:
kernel/arch/x86_64/tcp_bbr.c:227:54: warning: 未使用的参数‘bbr’ [-Wunused-parameter]
  227 | static uint64_t bbr_quantization_budget(bbr_state_t* bbr, uint64_t cwnd)
      |                                         ~~~~~~~~~~~~~^~~
<3> Building kernel/arch/x86_64/slab.c
kernel/arch/x86_64/slab.c: 在函数‘__slab_order’中:
kernel/arch/x86_64/slab.c:18:33: warning: comparison of integer expressions of different signedness: ‘int’ and ‘uint32_t’ {或称 ‘unsigned int’} [-Wsign-compare]
   18 |     while ((PAGE_SIZE << order) < need && order < BUDDY_MAX_ORDER) {
      |                                 ^
kernel/arch/x86_64/slab.c: 在函数‘__slab_destroy’中:
kernel/arch/x86_64/slab.c:85:22: warning: unsigned conversion from ‘int’ to ‘uint32_t’ {或称 ‘unsigned int’} changes value from ‘-5’ to ‘4294967291’ [-Wsign-conversion]
   85 |             p->flags &= ~PAGE_FLAG_SLAB;
      |                      ^~
kernel/arch/x86_64/slab.c: 在函数‘slab_init’中:
kernel/arch/x86_64/slab.c:152:27: warning: conversion from ‘uint32_t’ {或称 ‘unsigned int’} to ‘char’ may change value [-Wconversion]
  152 |             buf[bpos++] = '0' + (n % 10);
      |                           ^~~
kernel/arch/x86_64/slab.c: 在函数‘kmalloc’中:
kernel/arch/x86_64/slab.c:297:37: warning: comparison of integer expressions of different signedness: ‘int’ and ‘uint64_t’ {或称 ‘long long unsigned int’} [-Wsign-compare]
  297 |         while ((PAGE_SIZE << order) < size && order < BUDDY_MAX_ORDER) order++;
      |                                     ^
<0> Building kernel/arch/x86_64/security.c
<0> Building kernel/arch/x86_64/scm.c
<3> Building kernel/arch/x86_64/route.c
kernel/arch/x86_64/route.c: 在函数‘route_table_get’中:
kernel/arch/x86_64/route.c:42:68: warning: comparison of unsigned expression in ‘>= 0’ is always true [-Wtype-limits]
   42 |         if (fib.tables[i].tb_id == table_id && fib.tables[i].count >= 0) {
      |                                                                    ^~
<3> Building kernel/arch/x86_64/registry.c
kernel/arch/x86_64/registry.c: 在函数‘registry_init’中:
kernel/arch/x86_64/registry.c:344:14: warning: 未使用的变量‘dword_zero’ [-Wunused-variable]
  344 |     uint32_t dword_zero = 0;
      |              ^~~~~~~~~~
kernel/arch/x86_64/registry.c: 在文件作用域：
kernel/arch/x86_64/registry.c:294:13: warning: ‘seed_value_dword’ 在此处定义 [-Wunused-function]
<1> Building kernel/arch/x86_64/procfs.c
  294 | static void seed_value_dword(reg_key_t* key, const char* name, uint32_t val)
      |             ^~~~~~~~~~~~~~~~
kernel/arch/x86_64/procfs.c: 在函数‘procfs_cpuinfo_read’中:
kernel/arch/x86_64/procfs.c:29:36: warning: ‘uint64_t’ {或称 ‘long long unsigned int’}转换自‘int’时可能会改变结果的符号 [-Wsign-conversion]
   29 |     n += snprintf(buf + n, max_len - n,
      |                                    ^
kernel/arch/x86_64/procfs.c: 在函数‘procfs_meminfo_read’中:
kernel/arch/x86_64/procfs.c:65:36: warning: ‘uint64_t’ {或称 ‘long long unsigned int’}转换自‘int’时可能会改变结果的符号 [-Wsign-conversion]
   65 |     n += snprintf(buf + n, max_len - n,
      |                                    ^
kernel/arch/x86_64/procfs.c: 在函数‘procfs_stat_read’中:
kernel/arch/x86_64/procfs.c:123:36: warning: ‘uint64_t’ {或称 ‘long long unsigned int’}转换自‘int’时可能会改变结果的符号 [-Wsign-conversion]
  123 |     n += snprintf(buf + n, max_len - n, "cpu  %lu 0 %lu %lu 0 0 0 0 0 0\n",
      |                                    ^
kernel/arch/x86_64/procfs.c:128:44: warning: ‘uint64_t’ {或称 ‘long long unsigned int’}转换自‘int’时可能会改变结果的符号 [-Wsign-conversion]
  128 |             n += snprintf(buf + n, max_len - n, "cpu%u %lu 0 %lu %lu 0 0 0 0 0 0\n",
      |                                            ^
kernel/arch/x86_64/procfs.c:132:36: warning: ‘uint64_t’ {或称 ‘long long unsigned int’}转换自‘int’时可能会改变结果的符号 [-Wsign-conversion]
  132 |     n += snprintf(buf + n, max_len - n, "intr %lu\n", irq_total);
      |                                    ^
kernel/arch/x86_64/procfs.c:134:36: warning: ‘uint64_t’ {或称 ‘long long unsigned int’}转换自‘int’时可能会改变结果的符号 [-Wsign-conversion]
  134 |     n += snprintf(buf + n, max_len - n, "ctxt %lu\n",
      |                                    ^
kernel/arch/x86_64/procfs.c:136:36: warning: ‘uint64_t’ {或称 ‘long long unsigned int’}转换自‘int’时可能会改变结果的符号 [-Wsign-conversion]
  136 |     n += snprintf(buf + n, max_len - n, "btime %lu\n", __uptime_cached / 1000);
      |                                    ^
kernel/arch/x86_64/procfs.c:147:36: warning: ‘uint64_t’ {或称 ‘long long unsigned int’}转换自‘int’时可能会改变结果的符号 [-Wsign-conversion]
  147 |     n += snprintf(buf + n, max_len - n, "processes %lu\n", proc_count);
      |                                    ^
kernel/arch/x86_64/procfs.c:148:36: warning: ‘uint64_t’ {或称 ‘long long unsigned int’}转换自‘int’时可能会改变结果的符号 [-Wsign-conversion]
  148 |     n += snprintf(buf + n, max_len - n, "procs_running %lu\n", running ? running : 1);
      |                                    ^
kernel/arch/x86_64/procfs.c:149:36: warning: ‘uint64_t’ {或称 ‘long long unsigned int’}转换自‘int’时可能会改变结果的符号 [-Wsign-conversion]
  149 |     n += snprintf(buf + n, max_len - n, "procs_blocked %lu\n", blocked);
      |                                    ^
kernel/arch/x86_64/procfs.c: 在函数‘procfs_finddir’中:
kernel/arch/x86_64/procfs.c:272:24: warning: ‘uint64_t’ {或称 ‘long long unsigned int’}转换自‘int’时可能会改变结果的符号 [-Wsign-conversion]
  272 |         pid = pid * 10 + (*p - '0');
      |                        ^
<0> Building kernel/arch/x86_64/pnp.c
kernel/arch/x86_64/pnp.c: 在函数‘add_pnp_root’中:
kernel/arch/x86_64/pnp.c:219:23: warning: 多字节字符常量 [-Wmultichar]
  219 |     node->signature = 'PnPD';
      |                       ^~~~~~
kernel/arch/x86_64/pnp.c: 在函数‘pnp_init’中:
kernel/arch/x86_64/pnp.c:325:39: warning: 多字节字符常量 [-Wmultichar]
  325 |                 dev_node->signature = 'PnPD';
      |                                       ^~~~~~
kernel/arch/x86_64/pnp.c: 在文件作用域：
kernel/arch/x86_64/pnp.c:706:14: warning: ‘find_hdevinfo’ 在此处定义 [-Wunused-function]
  706 | static void* find_hdevinfo(void* h) {
      |              ^~~~~~~~~~~~~
<1> Building kernel/arch/x86_64/pe.c
<3> Building kernel/arch/x86_64/ntfs.c
kernel/arch/x86_64/ntfs.c: 在函数‘write_attr_filename’中:
kernel/arch/x86_64/ntfs.c:181:28: warning: taking address of packed member of ‘struct <匿名>’ may result in an unaligned pointer value [-Waddress-of-packed-member]
  181 |     ascii_to_utf16(name, fn->file_name, NTFS_MAX_FILENAME_LEN);
      |                          ~~^~~~~~~~~~~
<1> Building kernel/arch/x86_64/netfilter.c
在函数‘write_attr_data_resident’中,
    内联自‘create_file’于 kernel/arch/x86_64/ntfs.c:470:15:
kernel/arch/x86_64/ntfs.c:199:22: warning: potential null pointer dereference [-Wnull-dereference]
  199 |     ah->attribute_id = (uint16_t)attr_id;
      |     ~~~~~~~~~~~~~~~~~^~~~~~~~~~~~~~~~~~~
kernel/arch/x86_64/ntfs.c:198:22: warning: potential null pointer dereference [-Wnull-dereference]
  198 |     ah->non_resident = 0;
      |     ~~~~~~~~~~~~~~~~~^~~
kernel/arch/x86_64/ntfs.c:197:14: warning: potential null pointer dereference [-Wnull-dereference]
  197 |     ah->type = NTFS_ATTRIBUTE_DATA;
在函数‘write_attr_data_nonresident’中,
    内联自‘create_file’于 kernel/arch/x86_64/ntfs.c:485:15:
kernel/arch/x86_64/ntfs.c:223:42: warning: potential null pointer dereference [-Wnull-dereference]
  223 |     ah->data.non_resident.allocated_size = alloc_size;
      |     ~~~~~~~~~~~~~~~~~~~~~~~~~~~~~~~~~~~~~^~~~~~~~~~~~
kernel/arch/x86_64/ntfs.c:226:43: warning: potential null pointer dereference [-Wnull-dereference]
  226 |     ah->data.non_resident.compressed_size = alloc_size;
      |     ~~~~~~~~~~~~~~~~~~~~~~~~~~~~~~~~~~~~~~^~~~~~~~~~~~
kernel/arch/x86_64/ntfs.c:219:22: warning: potential null pointer dereference [-Wnull-dereference]
  219 |     ah->attribute_id = (uint16_t)attr_id;
      |     ~~~~~~~~~~~~~~~~~^~~~~~~~~~~~~~~~~~~
kernel/arch/x86_64/ntfs.c:227:16: warning: potential null pointer dereference [-Wnull-dereference]
  227 |     ah->length = (uint32_t)sizeof(NTFS_ATTRIBUTE_HEADER);
      |     ~~~~~~~~~~~^~~~~~~~~~~~~~~~~~~~~~~~~~~~~~~~~~~~~~~~~
kernel/arch/x86_64/ntfs.c:225:44: warning: potential null pointer dereference [-Wnull-dereference]
  225 |     ah->data.non_resident.initialized_size = data_size;
      |     ~~~~~~~~~~~~~~~~~~~~~~~~~~~~~~~~~~~~~~~^~~~~~~~~~~
kernel/arch/x86_64/ntfs.c:224:37: warning: potential null pointer dereference [-Wnull-dereference]
  224 |     ah->data.non_resident.data_size = data_size;
      |     ~~~~~~~~~~~~~~~~~~~~~~~~~~~~~~~~^~~~~~~~~~~
kernel/arch/x86_64/ntfs.c:222:43: warning: potential null pointer dereference [-Wnull-dereference]
  222 |     ah->data.non_resident.data_run_offset = (uint16_t)(sizeof(NTFS_ATTRIBUTE_HEADER));
      |     ~~~~~~~~~~~~~~~~~~~~~~~~~~~~~~~~~~~~~~^~~~~~~~~~~~~~~~~~~~~~~~~~~~~~~~~~~~~~~~~~~
kernel/arch/x86_64/ntfs.c:221:36: warning: potential null pointer dereference [-Wnull-dereference]
  221 |     ah->data.non_resident.high_vcn = 0;
      |     ~~~~~~~~~~~~~~~~~~~~~~~~~~~~~~~^~~
kernel/arch/x86_64/ntfs.c:220:35: warning: potential null pointer dereference [-Wnull-dereference]
  220 |     ah->data.non_resident.low_vcn = 0;
      |     ~~~~~~~~~~~~~~~~~~~~~~~~~~~~~~^~~
kernel/arch/x86_64/ntfs.c:218:22: warning: potential null pointer dereference [-Wnull-dereference]
  218 |     ah->non_resident = 1;
      |     ~~~~~~~~~~~~~~~~~^~~
kernel/arch/x86_64/ntfs.c:217:14: warning: potential null pointer dereference [-Wnull-dereference]
  217 |     ah->type = NTFS_ATTRIBUTE_DATA;
在函数‘write_attr_end’中,
    内联自‘create_file’于 kernel/arch/x86_64/ntfs.c:491:11:
kernel/arch/x86_64/ntfs.c:270:16: warning: potential null pointer dereference [-Wnull-dereference]
  270 |     ah->length = (uint32_t)sizeof(NTFS_ATTRIBUTE_HEADER);
      |     ~~~~~~~~~~~^~~~~~~~~~~~~~~~~~~~~~~~~~~~~~~~~~~~~~~~~
kernel/arch/x86_64/ntfs.c:269:14: warning: potential null pointer dereference [-Wnull-dereference]
  269 |     ah->type = NTFS_ATTRIBUTE_END;
<1> Building kernel/arch/x86_64/memory.c
kernel/arch/x86_64/memory.c: 在函数‘memory_init’中:
kernel/arch/x86_64/memory.c:17:41: warning: unsigned conversion from ‘int’ to ‘uint64_t’ {或称 ‘long long unsigned int’} changes value from ‘-4096’ to ‘18446744073709547520’ [-Wsign-conversion]
   17 |     heap_start = (kend + PAGE_SIZE - 1) & ~(PAGE_SIZE - 1);
      |                                         ^
kernel/arch/x86_64/memory.c: 在函数‘kmalloc’中:
kernel/arch/x86_64/memory.c:38:47: warning: unsigned conversion from ‘int’ to ‘uint64_t’ {或称 ‘long long unsigned int’} changes value from ‘-4096’ to ‘18446744073709547520’ [-Wsign-conversion]
   38 |     uint64_t aligned = (size + PAGE_SIZE - 1) & ~(PAGE_SIZE - 1);
      |                                               ^
kernel/arch/x86_64/memory.c:39:33: warning: comparison of integer expressions of different signedness: ‘int’ and ‘uint64_t’ {或称 ‘long long unsigned int’} [-Wsign-compare]
   39 |     while ((PAGE_SIZE << order) < aligned && order < BUDDY_MAX_ORDER) {
      |                                 ^
kernel/arch/x86_64/memory.c: 在函数‘memory_alloc_physical’中:
kernel/arch/x86_64/memory.c:81:41: warning: 未使用的参数‘count’ [-Wunused-parameter]
   81 | uint64_t memory_alloc_physical(uint64_t count)
      |                                ~~~~~~~~~^~~~~
在函数‘write_attr_index_root’中,
    内联自‘create_standard_metadata_file.isra’于 kernel/arch/x86_64/ntfs.c:394:15:
kernel/arch/x86_64/ntfs.c:261:16: warning: potential null pointer dereference [-Wnull-dereference]
  261 |     ah->length = (uint32_t)(sizeof(NTFS_ATTRIBUTE_HEADER) + total);
      |     ~~~~~~~~~~~^~~~~~~~~~~~~~~~~~~~~~~~~~~~~~~~~~~~~~~~~~~~~~~~~~~
kernel/arch/x86_64/ntfs.c:259:36: warning: potential null pointer dereference [-Wnull-dereference]
  259 |     ah->data.resident.value_length = total;
      |     ~~~~~~~~~~~~~~~~~~~~~~~~~~~~~~~^~~~~~~
kernel/arch/x86_64/ntfs.c:238:22: warning: potential null pointer dereference [-Wnull-dereference]
  238 |     ah->attribute_id = (uint16_t)attr_id;
      |     ~~~~~~~~~~~~~~~~~^~~~~~~~~~~~~~~~~~~
kernel/arch/x86_64/ntfs.c:260:36: warning: potential null pointer dereference [-Wnull-dereference]
  260 |     ah->data.resident.value_offset = (uint16_t)sizeof(NTFS_ATTRIBUTE_HEADER);
      |     ~~~~~~~~~~~~~~~~~~~~~~~~~~~~~~~^~~~~~~~~~~~~~~~~~~~~~~~~~~~~~~~~~~~~~~~~
kernel/arch/x86_64/ntfs.c:256:19: warning: potential null pointer dereference [-Wnull-dereference]
  256 |     ih->leaf_flag = leaf_flag;
      |     ~~~~~~~~~~~~~~^~~~~~~~~~~
kernel/arch/x86_64/ntfs.c:255:24: warning: potential null pointer dereference [-Wnull-dereference]
  255 |     ih->allocated_size = NTFS_INDEX_ROOT_SIZE - (uint32_t)sizeof(NTFS_INDEX_HEADER) - 16U;
      |     ~~~~~~~~~~~~~~~~~~~^~~~~~~~~~~~~~~~~~~~~~~~~~~~~~~~~~~~~~~~~~~~~~~~~~~~~~~~~~~~~~~~~~
kernel/arch/x86_64/ntfs.c:254:28: warning: potential null pointer dereference [-Wnull-dereference]
  254 |     ih->index_entries_size = entries_size;
      |     ~~~~~~~~~~~~~~~~~~~~~~~^~~~~~~~~~~~~~
kernel/arch/x86_64/ntfs.c:253:24: warning: potential null pointer dereference [-Wnull-dereference]
  253 |     ih->entries_offset = (uint32_t)sizeof(NTFS_INDEX_HEADER);
      |     ~~~~~~~~~~~~~~~~~~~^~~~~~~~~~~~~~~~~~~~~~~~~~~~~~~~~~~~~
kernel/arch/x86_64/ntfs.c:250:23: warning: potential null pointer dereference [-Wnull-dereference]
  250 |     *clusters_per_rec = 1;
      |     ~~~~~~~~~~~~~~~~~~^~~
kernel/arch/x86_64/ntfs.c:247:21: warning: potential null pointer dereference [-Wnull-dereference]
  247 |     *idx_block_size = 4096;
      |     ~~~~~~~~~~~~~~~~^~~~~~
kernel/arch/x86_64/ntfs.c:244:15: warning: potential null pointer dereference [-Wnull-dereference]
  244 |     *idx_type = NTFS_ATTRIBUTE_FILE_NAME;
kernel/arch/x86_64/ntfs.c:237:22: warning: potential null pointer dereference [-Wnull-dereference]
  237 |     ah->non_resident = 0;
      |     ~~~~~~~~~~~~~~~~~^~~
kernel/arch/x86_64/ntfs.c:236:14: warning: potential null pointer dereference [-Wnull-dereference]
  236 |     ah->type = NTFS_ATTRIBUTE_INDEX_ROOT;
在函数‘write_attr_end’中,
    内联自‘create_standard_metadata_file.isra’于 kernel/arch/x86_64/ntfs.c:399:11:
kernel/arch/x86_64/ntfs.c:270:16: warning: potential null pointer dereference [-Wnull-dereference]
  270 |     ah->length = (uint32_t)sizeof(NTFS_ATTRIBUTE_HEADER);
      |     ~~~~~~~~~~~^~~~~~~~~~~~~~~~~~~~~~~~~~~~~~~~~~~~~~~~~
kernel/arch/x86_64/ntfs.c:269:14: warning: potential null pointer dereference [-Wnull-dereference]
  269 |     ah->type = NTFS_ATTRIBUTE_END;
在函数‘write_attr_index_root’中,
    内联自‘create_directory’于 kernel/arch/x86_64/ntfs.c:433:11:
kernel/arch/x86_64/ntfs.c:261:16: warning: potential null pointer dereference [-Wnull-dereference]
  261 |     ah->length = (uint32_t)(sizeof(NTFS_ATTRIBUTE_HEADER) + total);
      |     ~~~~~~~~~~~^~~~~~~~~~~~~~~~~~~~~~~~~~~~~~~~~~~~~~~~~~~~~~~~~~~
kernel/arch/x86_64/ntfs.c:259:36: warning: potential null pointer dereference [-Wnull-dereference]
  259 |     ah->data.resident.value_length = total;
      |     ~~~~~~~~~~~~~~~~~~~~~~~~~~~~~~~^~~~~~~
kernel/arch/x86_64/ntfs.c:238:22: warning: potential null pointer dereference [-Wnull-dereference]
  238 |     ah->attribute_id = (uint16_t)attr_id;
      |     ~~~~~~~~~~~~~~~~~^~~~~~~~~~~~~~~~~~~
kernel/arch/x86_64/ntfs.c:260:36: warning: potential null pointer dereference [-Wnull-dereference]
  260 |     ah->data.resident.value_offset = (uint16_t)sizeof(NTFS_ATTRIBUTE_HEADER);
      |     ~~~~~~~~~~~~~~~~~~~~~~~~~~~~~~~^~~~~~~~~~~~~~~~~~~~~~~~~~~~~~~~~~~~~~~~~
kernel/arch/x86_64/ntfs.c:256:19: warning: potential null pointer dereference [-Wnull-dereference]
  256 |     ih->leaf_flag = leaf_flag;
      |     ~~~~~~~~~~~~~~^~~~~~~~~~~
kernel/arch/x86_64/ntfs.c:255:24: warning: potential null pointer dereference [-Wnull-dereference]
  255 |     ih->allocated_size = NTFS_INDEX_ROOT_SIZE - (uint32_t)sizeof(NTFS_INDEX_HEADER) - 16U;
      |     ~~~~~~~~~~~~~~~~~~~^~~~~~~~~~~~~~~~~~~~~~~~~~~~~~~~~~~~~~~~~~~~~~~~~~~~~~~~~~~~~~~~~~
kernel/arch/x86_64/ntfs.c:254:28: warning: potential null pointer dereference [-Wnull-dereference]
  254 |     ih->index_entries_size = entries_size;
      |     ~~~~~~~~~~~~~~~~~~~~~~~^~~~~~~~~~~~~~
kernel/arch/x86_64/ntfs.c:253:24: warning: potential null pointer dereference [-Wnull-dereference]
  253 |     ih->entries_offset = (uint32_t)sizeof(NTFS_INDEX_HEADER);
      |     ~~~~~~~~~~~~~~~~~~~^~~~~~~~~~~~~~~~~~~~~~~~~~~~~~~~~~~~~
kernel/arch/x86_64/ntfs.c:250:23: warning: potential null pointer dereference [-Wnull-dereference]
  250 |     *clusters_per_rec = 1;
      |     ~~~~~~~~~~~~~~~~~~^~~
kernel/arch/x86_64/ntfs.c:247:21: warning: potential null pointer dereference [-Wnull-dereference]
  247 |     *idx_block_size = 4096;
      |     ~~~~~~~~~~~~~~~~^~~~~~
kernel/arch/x86_64/ntfs.c:244:15: warning: potential null pointer dereference [-Wnull-dereference]
  244 |     *idx_type = NTFS_ATTRIBUTE_FILE_NAME;
kernel/arch/x86_64/ntfs.c:237:22: warning: potential null pointer dereference [-Wnull-dereference]
  237 |     ah->non_resident = 0;
      |     ~~~~~~~~~~~~~~~~~^~~
kernel/arch/x86_64/ntfs.c:236:14: warning: potential null pointer dereference [-Wnull-dereference]
  236 |     ah->type = NTFS_ATTRIBUTE_INDEX_ROOT;
在函数‘write_attr_end’中,
    内联自‘create_directory’于 kernel/arch/x86_64/ntfs.c:437:11:
kernel/arch/x86_64/ntfs.c:270:16: warning: potential null pointer dereference [-Wnull-dereference]
  270 |     ah->length = (uint32_t)sizeof(NTFS_ATTRIBUTE_HEADER);
      |     ~~~~~~~~~~~^~~~~~~~~~~~~~~~~~~~~~~~~~~~~~~~~~~~~~~~~
kernel/arch/x86_64/ntfs.c:269:14: warning: potential null pointer dereference [-Wnull-dereference]
  269 |     ah->type = NTFS_ATTRIBUTE_END;
<2> Building kernel/arch/x86_64/lsm.c
<0> Building kernel/arch/x86_64/ldso.c
kernel/arch/x86_64/ldso.c: 在函数‘ldso_read_at’中:
kernel/arch/x86_64/ldso.c:24:23: warning: ‘int64_t’ {或称 ‘long long int’}转换自‘uint64_t’ {或称 ‘long long unsigned int’}时可能会改变结果的符号 [-Wsign-conversion]
   24 |     if (vfs_lseek(fd, offset, 0) != (int64_t)offset)
      |                       ^~~~~~
kernel/arch/x86_64/ldso.c: 在函数‘ldso_elf_hash’中:
kernel/arch/x86_64/ldso.c:38:16: warning: conversion from ‘uint32_t’ {或称 ‘unsigned int’} to ‘uint8_t’ {或称 ‘unsigned char’} may change value [-Wconversion]
   38 |         high = h & 0xF0000000U;
      |                ^
kernel/arch/x86_64/ldso.c: 在函数‘ldso_relocate’中:
kernel/arch/x86_64/ldso.c:582:32: warning: ‘long long unsigned int’转换自‘int64_t’ {或称 ‘long long int’}时可能会改变结果的符号 [-Wsign-conversion]
  582 |                 *target = base + rel->r_addend;
      |                                ^
kernel/arch/x86_64/ldso.c:591:36: warning: ‘long long unsigned int’转换自‘int64_t’ {或称 ‘long long int’}时可能会改变结果的符号 [-Wsign-conversion]
  591 |                 *target = sym_addr + rel->r_addend;
      |                                    ^
kernel/arch/x86_64/ldso.c:601:49: warning: ‘long long unsigned int’转换自‘int64_t’ {或称 ‘long long int’}时可能会改变结果的符号 [-Wsign-conversion]
  601 |                 *target32 = (uint32_t)(sym_addr + rel->r_addend - (uint64_t)target);
      |                                                 ^
kernel/arch/x86_64/ldso.c:632:32: warning: ‘long long unsigned int’转换自‘int64_t’ {或称 ‘long long int’}时可能会改变结果的符号 [-Wsign-conversion]
  632 |                 *target = base + rel->r_addend;
      |                                ^
kernel/arch/x86_64/ldso.c:640:36: warning: ‘long long unsigned int’转换自‘int64_t’ {或称 ‘long long int’}时可能会改变结果的符号 [-Wsign-conversion]
  640 |                 *target = sym_addr + rel->r_addend;
      |                                    ^
kernel/arch/x86_64/ldso.c:649:49: warning: ‘long long unsigned int’转换自‘int64_t’ {或称 ‘long long int’}时可能会改变结果的符号 [-Wsign-conversion]
  649 |                 *target32 = (uint32_t)(sym_addr + rel->r_addend - (uint64_t)target);
      |                                                 ^
kernel/arch/x86_64/ldso.c: 在函数‘ldso_call_init’中:
kernel/arch/x86_64/ldso.c:690:36: warning: ISO C 不允许将一个对象指针转换为一个函数指针 [-Wpedantic]
  690 |                 void (*fn)(void) = (void(*)(void))lib->init_array[j];
      |                                    ^
kernel/arch/x86_64/ldso.c: 在函数‘ldso_call_fini’中:
kernel/arch/x86_64/ldso.c:715:36: warning: ISO C 不允许将一个对象指针转换为一个函数指针 [-Wpedantic]
  715 |                 void (*fn)(void) = (void(*)(void))lib->fini_array[j];
      |                                    ^
kernel/arch/x86_64/ldso.c: 在函数‘ldso_unload_library’中:
kernel/arch/x86_64/ldso.c:760:36: warning: ISO C 不允许将一个对象指针转换为一个函数指针 [-Wpedantic]
  760 |                 void (*fn)(void) = (void(*)(void))lib->fini_array[j];
      |                                    ^
<1> Building kernel/arch/x86_64/kvm.c
kernel/arch/x86_64/kvm.c: 在函数‘vmx_handle_cr_access’中:
kernel/arch/x86_64/kvm.c:405:9: warning: 未使用的变量‘gpr’ [-Wunused-variable]
  405 |     u32 gpr = (exit_qual >> 8) & 0xF;
      |         ^~~
kernel/arch/x86_64/kvm.c:404:9: warning: 未使用的变量‘access_type’ [-Wunused-variable]
  404 |     u32 access_type = (exit_qual >> 4) & 0x3;
      |         ^~~~~~~~~~~
kernel/arch/x86_64/kvm.c: 在函数‘ept_map_page’中:
kernel/arch/x86_64/kvm.c:510:58: warning: conversion from ‘u64’ {或称 ‘long long unsigned int’} to ‘u32’ {或称 ‘unsigned int’} may change value [-Wconversion]
  510 |         u64 *entry = ept_get_entry(ept_root, level_offset[level]);
      |                                              ~~~~~~~~~~~~^~~~~~~
kernel/arch/x86_64/kvm.c:520:53: warning: conversion from ‘u64’ {或称 ‘long long unsigned int’} to ‘u32’ {或称 ‘unsigned int’} may change value [-Wconversion]
  520 |     u64 *leaf = ept_get_entry(ept_root, level_offset[0]);
      |                                         ~~~~~~~~~~~~^~~
<3> Building kernel/arch/x86_64/keyboard.c
kernel/arch/x86_64/keyboard.c: 在函数‘__kbd_handle_key’中:
kernel/arch/x86_64/keyboard.c:129:44: warning: unsigned conversion from ‘int’ to ‘uint32_t’ {或称 ‘unsigned int’} changes value from ‘-2’ to ‘4294967294’ [-Wsign-conversion]
  129 |                 if (release) kbd_modifiers &= ~KEYMOD_LSHIFT;
      |                                            ^~
kernel/arch/x86_64/keyboard.c:133:44: warning: unsigned conversion from ‘int’ to ‘uint32_t’ {或称 ‘unsigned int’} changes value from ‘-3’ to ‘4294967293’ [-Wsign-conversion]
  133 |                 if (release) kbd_modifiers &= ~KEYMOD_RSHIFT;
      |                                            ^~
kernel/arch/x86_64/keyboard.c:138:48: warning: unsigned conversion from ‘int’ to ‘uint32_t’ {或称 ‘unsigned int’} changes value from ‘-9’ to ‘4294967287’ [-Wsign-conversion]
  138 |                     if (release) kbd_modifiers &= ~KEYMOD_RCTRL;
      |                                                ^~
kernel/arch/x86_64/keyboard.c:141:48: warning: unsigned conversion from ‘int’ to ‘uint32_t’ {或称 ‘unsigned int’} changes value from ‘-5’ to ‘4294967291’ [-Wsign-conversion]
  141 |                     if (release) kbd_modifiers &= ~KEYMOD_LCTRL;
      |                                                ^~
kernel/arch/x86_64/keyboard.c:148:48: warning: unsigned conversion from ‘int’ to ‘uint32_t’ {或称 ‘unsigned int’} changes value from ‘-33’ to ‘4294967263’ [-Wsign-conversion]
  148 |                     if (release) kbd_modifiers &= ~KEYMOD_RALT;
      |                                                ^~
kernel/arch/x86_64/keyboard.c:151:48: warning: unsigned conversion from ‘int’ to ‘uint32_t’ {或称 ‘unsigned int’} changes value from ‘-17’ to ‘4294967279’ [-Wsign-conversion]
  151 |                     if (release) kbd_modifiers &= ~KEYMOD_LALT;
      |                                                ^~
kernel/arch/x86_64/keyboard.c:159:31: warning: unsigned conversion from ‘int’ to ‘uint8_t’ {或称 ‘unsigned char’} changes the value of ‘-5’ [-Wsign-conversion]
  159 |                     kbd_led = (kbd_modifiers & KEYMOD_CAPSLOCK) ? (kbd_led | KBD_LED_CAPS) : (kbd_led & ~KBD_LED_CAPS);
      |                               ^
kernel/arch/x86_64/keyboard.c:166:31: warning: unsigned conversion from ‘int’ to ‘uint8_t’ {或称 ‘unsigned char’} changes the value of ‘-3’ [-Wsign-conversion]
  166 |                     kbd_led = (kbd_modifiers & KEYMOD_NUMLOCK) ? (kbd_led | KBD_LED_NUM) : (kbd_led & ~KBD_LED_NUM);
      |                               ^
kernel/arch/x86_64/keyboard.c:173:31: warning: unsigned conversion from ‘int’ to ‘uint8_t’ {或称 ‘unsigned char’} changes the value of ‘-2’ [-Wsign-conversion]
  173 |                     kbd_led = (kbd_modifiers & KEYMOD_SCROLLLOCK) ? (kbd_led | KBD_LED_SCROLL) : (kbd_led & ~KBD_LED_SCROLL);
      |                               ^
kernel/arch/x86_64/keyboard.c:183:40: warning: unsigned conversion from ‘int’ to ‘uint32_t’ {或称 ‘unsigned int’} changes value from ‘-513’ to ‘4294966783’ [-Wsign-conversion]
  183 |             if (release) kbd_modifiers &= ~KEYMOD_LWIN;
      |                                        ^~
kernel/arch/x86_64/keyboard.c:186:40: warning: unsigned conversion from ‘int’ to ‘uint32_t’ {或称 ‘unsigned int’} changes value from ‘-1025’ to ‘4294966271’ [-Wsign-conversion]
  186 |             if (release) kbd_modifiers &= ~KEYMOD_RWIN;
      |                                        ^~
kernel/arch/x86_64/keyboard.c:207:24: warning: ‘char’转换自‘uint8_t’ {或称 ‘unsigned char’}时可能会改变结果的符号 [-Wsign-conversion]
  207 |             ev.ascii = scancode_set1_shift[scancode];
      |                        ^~~~~~~~~~~~~~~~~~~
kernel/arch/x86_64/keyboard.c:209:24: warning: ‘char’转换自‘uint8_t’ {或称 ‘unsigned char’}时可能会改变结果的符号 [-Wsign-conversion]
  209 |             ev.ascii = scancode_set1_normal[scancode];
      |                        ^~~~~~~~~~~~~~~~~~~~
kernel/arch/x86_64/keyboard.c: 在函数‘keyboard_init’中:
kernel/arch/x86_64/keyboard.c:249:27: warning: ISO C 不允许将一个函数指针转换为一个对象指针 [-Wpedantic]
  249 |     interrupt_register(1, (void*)keyboard_irq_handler);
      |                           ^
<3> Building kernel/arch/x86_64/jbd2.c
<1> Building kernel/arch/x86_64/ioapic.c
kernel/arch/x86_64/jbd2.c: 在函数‘jbd2_journal_load’中:
kernel/arch/x86_64/jbd2.c:398:56: warning: ‘void *’型指针用在了算术表达式中 [-Wpointer-arith]
  398 |             uint64_t* block_nos = (uint64_t*)(scan_buf + sizeof(jbd2_block_header_t));
      |                                                        ^
kernel/arch/x86_64/jbd2.c: 在函数‘jbd2_trans_commit’中:
kernel/arch/x86_64/jbd2.c:627:52: warning: ‘void *’型指针用在了算术表达式中 [-Wpointer-arith]
<2> Building kernel/arch/x86_64/idt.c
  627 |         uint64_t* block_nos = (uint64_t*)(desc_buf + sizeof(jbd2_block_header_t));
      |                                                    ^
kernel/arch/x86_64/jbd2.c: 在函数‘jbd2_trans_abort’中:
kernel/arch/x86_64/jbd2.c:759:20: warning: unsigned conversion from ‘int’ to ‘uint32_t’ {或称 ‘unsigned int’} changes value from ‘-2’ to ‘4294967294’ [-Wsign-conversion]
  759 |         blk->flags &= ~JBD2_BLOCK_DIRTY;
      |                    ^~
kernel/arch/x86_64/jbd2.c: 在函数‘jbd2_journal_checkpoint’中:
kernel/arch/x86_64/jbd2.c:867:32: warning: unsigned conversion from ‘int’ to ‘uint32_t’ {或称 ‘unsigned int’} changes value from ‘-2’ to ‘4294967294’ [-Wsign-conversion]
  867 |                     blk->flags &= ~JBD2_BLOCK_DIRTY;
      |                                ^~
kernel/arch/x86_64/jbd2.c:875:24: warning: unsigned conversion from ‘int’ to ‘uint32_t’ {或称 ‘unsigned int’} changes value from ‘-9’ to ‘4294967287’ [-Wsign-conversion]
  875 |             blk->flags &= ~JBD2_BLOCK_IN_LOG;
      |                        ^~
In file included from kernel/arch/x86_64/ioapic.c:3:
kernel/arch/x86_64/ioapic.c: 在函数‘ioapic_set_redirect’中:
kernel/arch/x86_64/include/arch/ioapic.h:15:32: warning: ‘uint32_t’ {或称 ‘unsigned int’}转换自‘int’时可能会改变结果的符号 [-Wsign-conversion]
   15 | #define IOAPIC_REG_REDIR_BASE  0x10
      |                                ^~~~
kernel/arch/x86_64/ioapic.c:70:20: note: in expansion of macro ‘IOAPIC_REG_REDIR_BASE’
   70 |     uint32_t reg = IOAPIC_REG_REDIR_BASE + irq_num * 2;
      |                    ^~~~~~~~~~~~~~~~~~~~~
kernel/arch/x86_64/ioapic.c: 在函数‘ioapic_mask_irq’中:
kernel/arch/x86_64/include/arch/ioapic.h:15:32: warning: ‘uint32_t’ {或称 ‘unsigned int’}转换自‘int’时可能会改变结果的符号 [-Wsign-conversion]
   15 | #define IOAPIC_REG_REDIR_BASE  0x10
      |                                ^~~~
kernel/arch/x86_64/ioapic.c:111:20: note: in expansion of macro ‘IOAPIC_REG_REDIR_BASE’
  111 |     uint32_t reg = IOAPIC_REG_REDIR_BASE + irq_num * 2;
      |                    ^~~~~~~~~~~~~~~~~~~~~
kernel/arch/x86_64/ioapic.c: 在函数‘ioapic_unmask_irq’中:
kernel/arch/x86_64/include/arch/ioapic.h:15:32: warning: ‘uint32_t’ {或称 ‘unsigned int’}转换自‘int’时可能会改变结果的符号 [-Wsign-conversion]
   15 | #define IOAPIC_REG_REDIR_BASE  0x10
      |                                ^~~~
kernel/arch/x86_64/ioapic.c:120:20: note: in expansion of macro ‘IOAPIC_REG_REDIR_BASE’
  120 |     uint32_t reg = IOAPIC_REG_REDIR_BASE + irq_num * 2;
      |                    ^~~~~~~~~~~~~~~~~~~~~
kernel/arch/x86_64/ioapic.c:123:9: warning: unsigned conversion from ‘int’ to ‘uint32_t’ {或称 ‘unsigned int’} changes value from ‘-65537’ to ‘4294901759’ [-Wsign-conversion]
  123 |     low &= ~IOAPIC_MASKED;
      |         ^~
kernel/arch/x86_64/ioapic.c: 在函数‘ioapic_get_redirect_entry’中:
kernel/arch/x86_64/include/arch/ioapic.h:15:32: warning: ‘uint32_t’ {或称 ‘unsigned int’}转换自‘int’时可能会改变结果的符号 [-Wsign-conversion]
   15 | #define IOAPIC_REG_REDIR_BASE  0x10
      |                                ^~~~
kernel/arch/x86_64/ioapic.c:129:20: note: in expansion of macro ‘IOAPIC_REG_REDIR_BASE’
  129 |     uint32_t reg = IOAPIC_REG_REDIR_BASE + irq_num * 2;
      |                    ^~~~~~~~~~~~~~~~~~~~~
kernel/arch/x86_64/idt.c: 在函数‘idt_init’中:
kernel/arch/x86_64/idt.c:39:26: warning: conversion from ‘int’ to ‘uint8_t’ {或称 ‘unsigned char’} may change value [-Wconversion]
   39 |             idt_set_gate(i, (uint64_t)interrupt_handler_err, 0x08, 0x8E, 0);
      |                          ^
kernel/arch/x86_64/idt.c:41:26: warning: conversion from ‘int’ to ‘uint8_t’ {或称 ‘unsigned char’} may change value [-Wconversion]
   41 |             idt_set_gate(i, (uint64_t)interrupt_handler, 0x08, 0x8E, 0);
      |                          ^
kernel/arch/x86_64/idt.c: 在函数‘idt_set_gate’中:
kernel/arch/x86_64/idt.c:60:28: warning: conversion from ‘uint64_t’ {或称 ‘long long unsigned int’} to ‘uint32_t’ {或称 ‘unsigned int’} may change value [-Wconversion]
   60 |     idt[index].base_high = (handler >> 32) & 0xFFFFFFFF;
      |                            ^
<2> Building kernel/arch/x86_64/i2c.c
kernel/arch/x86_64/i2c.c: 在函数‘i2c_smbus_wait_until_done’中:
kernel/arch/x86_64/i2c.c:55:13: warning: 未使用的变量‘status’ [-Wunused-variable]
   55 |     uint8_t status = i2c_smbus_read(bus->base_io, I2C_SMBUS_HST_STS);
      |             ^~~~~~
kernel/arch/x86_64/i2c.c: 在函数‘i2c_smbus_init’中:
kernel/arch/x86_64/i2c.c:118:54: warning: conversion from ‘int’ to ‘uint8_t’ {或称 ‘unsigned char’} may change value [-Wconversion]
  118 |                 uint32_t class_reg = pci_read_config(b, d, f, 0x08);
      |                                                      ^
kernel/arch/x86_64/i2c.c:118:57: warning: conversion from ‘int’ to ‘uint8_t’ {或称 ‘unsigned char’} may change value [-Wconversion]
  118 |                 uint32_t class_reg = pci_read_config(b, d, f, 0x08);
      |                                                         ^
kernel/arch/x86_64/i2c.c:118:60: warning: conversion from ‘int’ to ‘uint8_t’ {或称 ‘unsigned char’} may change value [-Wconversion]
  118 |                 uint32_t class_reg = pci_read_config(b, d, f, 0x08);
      |                                                            ^
kernel/arch/x86_64/i2c.c:121:38: warning: conversion from ‘uint32_t’ {或称 ‘unsigned int’} to ‘uint8_t’ {或称 ‘unsigned char’} may change value [-Wconversion]
  121 |                 uint8_t class_code = (class_reg >> 24) & 0xFF;
      |                                      ^
kernel/arch/x86_64/i2c.c:126:51: warning: conversion from ‘int’ to ‘uint8_t’ {或称 ‘unsigned char’} may change value [-Wconversion]
  126 |                 uint32_t id_reg = pci_read_config(b, d, f, 0x00);
      |                                                   ^
kernel/arch/x86_64/i2c.c:126:54: warning: conversion from ‘int’ to ‘uint8_t’ {或称 ‘unsigned char’} may change value [-Wconversion]
  126 |                 uint32_t id_reg = pci_read_config(b, d, f, 0x00);
      |                                                      ^
kernel/arch/x86_64/i2c.c:126:57: warning: conversion from ‘int’ to ‘uint8_t’ {或称 ‘unsigned char’} may change value [-Wconversion]
  126 |                 uint32_t id_reg = pci_read_config(b, d, f, 0x00);
      |                                                         ^
kernel/arch/x86_64/i2c.c:128:32: warning: conversion from ‘uint32_t’ {或称 ‘unsigned int’} to ‘uint16_t’ {或称 ‘short unsigned int’} may change value [-Wconversion]
  128 |                 uint16_t did = (id_reg >> 16) & 0xFFFF;
      |                                ^
kernel/arch/x86_64/i2c.c:130:62: warning: conversion from ‘int’ to ‘uint8_t’ {或称 ‘unsigned char’} may change value [-Wconversion]
  130 |                 uint16_t cmd_reg = (uint16_t)pci_read_config(b, d, f, 0x04);
      |                                                              ^
kernel/arch/x86_64/i2c.c:130:65: warning: conversion from ‘int’ to ‘uint8_t’ {或称 ‘unsigned char’} may change value [-Wconversion]
  130 |                 uint16_t cmd_reg = (uint16_t)pci_read_config(b, d, f, 0x04);
      |                                                                 ^
kernel/arch/x86_64/i2c.c:130:68: warning: conversion from ‘int’ to ‘uint8_t’ {或称 ‘unsigned char’} may change value [-Wconversion]
  130 |                 uint16_t cmd_reg = (uint16_t)pci_read_config(b, d, f, 0x04);
      |                                                                    ^
kernel/arch/x86_64/i2c.c:132:34: warning: conversion from ‘int’ to ‘uint8_t’ {或称 ‘unsigned char’} may change value [-Wconversion]
  132 |                 pci_write_config(b, d, f, 0x04, cmd_reg);
      |                                  ^
kernel/arch/x86_64/i2c.c:132:37: warning: conversion from ‘int’ to ‘uint8_t’ {或称 ‘unsigned char’} may change value [-Wconversion]
  132 |                 pci_write_config(b, d, f, 0x04, cmd_reg);
      |                                     ^
kernel/arch/x86_64/i2c.c:132:40: warning: conversion from ‘int’ to ‘uint8_t’ {或称 ‘unsigned char’} may change value [-Wconversion]
  132 |                 pci_write_config(b, d, f, 0x04, cmd_reg);
      |                                        ^
kernel/arch/x86_64/i2c.c:135:65: warning: conversion from ‘int’ to ‘uint8_t’ {或称 ‘unsigned char’} may change value [-Wconversion]
  135 |                 uint8_t header_type = (uint8_t)(pci_read_config(b, d, f, 0x0C) & 0xFF);
      |                                                                 ^
kernel/arch/x86_64/i2c.c:135:68: warning: conversion from ‘int’ to ‘uint8_t’ {或称 ‘unsigned char’} may change value [-Wconversion]
  135 |                 uint8_t header_type = (uint8_t)(pci_read_config(b, d, f, 0x0C) & 0xFF);
      |                                                                    ^
kernel/arch/x86_64/i2c.c:135:71: warning: conversion from ‘int’ to ‘uint8_t’ {或称 ‘unsigned char’} may change value [-Wconversion]
  135 |                 uint8_t header_type = (uint8_t)(pci_read_config(b, d, f, 0x0C) & 0xFF);
      |                                                                       ^
kernel/arch/x86_64/i2c.c:137:53: warning: conversion from ‘int’ to ‘uint8_t’ {或称 ‘unsigned char’} may change value [-Wconversion]
  137 |                     uint32_t bar4 = pci_read_config(b, d, f, 0x20);
      |                                                     ^
kernel/arch/x86_64/i2c.c:137:56: warning: conversion from ‘int’ to ‘uint8_t’ {或称 ‘unsigned char’} may change value [-Wconversion]
  137 |                     uint32_t bar4 = pci_read_config(b, d, f, 0x20);
      |                                                        ^
kernel/arch/x86_64/i2c.c:137:59: warning: conversion from ‘int’ to ‘uint8_t’ {或称 ‘unsigned char’} may change value [-Wconversion]
  137 |                     uint32_t bar4 = pci_read_config(b, d, f, 0x20);
      |                                                           ^
kernel/arch/x86_64/i2c.c:155:51: warning: conversion from ‘int’ to ‘uint8_t’ {或称 ‘unsigned char’} may change value [-Wconversion]
  155 |                 bus->pci_config = pci_read_config(b, d, f, 0x90);
      |                                                   ^
kernel/arch/x86_64/i2c.c:155:54: warning: conversion from ‘int’ to ‘uint8_t’ {或称 ‘unsigned char’} may change value [-Wconversion]
  155 |                 bus->pci_config = pci_read_config(b, d, f, 0x90);
      |                                                      ^
kernel/arch/x86_64/i2c.c:155:57: warning: conversion from ‘int’ to ‘uint8_t’ {或称 ‘unsigned char’} may change value [-Wconversion]
  155 |                 bus->pci_config = pci_read_config(b, d, f, 0x90);
      |                                                         ^
kernel/arch/x86_64/i2c.c: 在函数‘i2c_smbus_block_read’中:
kernel/arch/x86_64/i2c.c:230:67: warning: conversion from ‘uint32_t’ {或称 ‘unsigned int’} to ‘uint8_t’ {或称 ‘unsigned char’} may change value [-Wconversion]
  230 |         buf[i] = i2c_smbus_read(bus->base_io, I2C_SMBUS_HST_BLOCK + i);
kernel/arch/x86_64/i2c.c: 在函数‘i2c_smbus_block_write’中:
kernel/arch/x86_64/i2c.c:256:59: warning: conversion from ‘uint32_t’ {或称 ‘unsigned int’} to ‘uint8_t’ {或称 ‘unsigned char’} may change value [-Wconversion]
  256 |         i2c_smbus_write(bus->base_io, I2C_SMBUS_HST_BLOCK + i, buf[i]);
<1> Building kernel/arch/x86_64/hpet.c
<0> Building kernel/arch/x86_64/hda.c
kernel/arch/x86_64/hda.c: 在函数‘hda_reset’中:
kernel/arch/x86_64/hda.c:53:37: warning: unsigned conversion from ‘int’ to ‘uint32_t’ {或称 ‘unsigned int’} changes value from ‘-2’ to ‘4294967294’ [-Wsign-conversion]
   53 |         hda_write32(dev, 0x08, gctl & ~0x01);
      |                                     ^
kernel/arch/x86_64/hda.c: 在函数‘hda_send_cmd’中:
kernel/arch/x86_64/hda.c:75:5: error: 隐式声明函数‘spinlock_acquire’ [-Wimplicit-function-declaration]
   75 |     spinlock_acquire(&dev->lock);
      |     ^~~~~~~~~~~~~~~~
kernel/arch/x86_64/hda.c:94:13: error: 隐式声明函数‘spinlock_release’ [-Wimplicit-function-declaration]
   94 |             spinlock_release(&dev->lock);
      |             ^~~~~~~~~~~~~~~~
kernel/arch/x86_64/hda.c: 在函数‘hda_init’中:
kernel/arch/x86_64/hda.c:176:47: warning: conversion from ‘int’ to ‘uint8_t’ {或称 ‘unsigned char’} may change value [-Wconversion]
  176 |                 uint32_t id = pci_read_config(b, d, f, 0x00);
      |                                               ^
kernel/arch/x86_64/hda.c:176:50: warning: conversion from ‘int’ to ‘uint8_t’ {或称 ‘unsigned char’} may change value [-Wconversion]
  176 |                 uint32_t id = pci_read_config(b, d, f, 0x00);
      |                                                  ^
kernel/arch/x86_64/hda.c:176:53: warning: conversion from ‘int’ to ‘uint8_t’ {或称 ‘unsigned char’} may change value [-Wconversion]
  176 |                 uint32_t id = pci_read_config(b, d, f, 0x00);
      |                                                     ^
kernel/arch/x86_64/hda.c:178:35: warning: conversion from ‘uint32_t’ {或称 ‘unsigned int’} to ‘uint16_t’ {或称 ‘short unsigned int’} may change value [-Wconversion]
  178 |                 uint16_t device = (id >> 16) & 0xFFFF;
      |                                   ^
kernel/arch/x86_64/hda.c:189:44: warning: conversion from ‘int’ to ‘uint8_t’ {或称 ‘unsigned char’} may change value [-Wconversion]
  189 |                 dev->irq = pci_read_config(b, d, f, 0x3C) & 0xFF;
      |                                            ^
kernel/arch/x86_64/hda.c:189:47: warning: conversion from ‘int’ to ‘uint8_t’ {或称 ‘unsigned char’} may change value [-Wconversion]
  189 |                 dev->irq = pci_read_config(b, d, f, 0x3C) & 0xFF;
      |                                               ^
kernel/arch/x86_64/hda.c:189:50: warning: conversion from ‘int’ to ‘uint8_t’ {或称 ‘unsigned char’} may change value [-Wconversion]
  189 |                 dev->irq = pci_read_config(b, d, f, 0x3C) & 0xFF;
      |                                                  ^
kernel/arch/x86_64/hda.c:192:48: warning: conversion from ‘int’ to ‘uint8_t’ {或称 ‘unsigned char’} may change value [-Wconversion]
  192 |                 uint32_t bar = pci_read_config(b, d, f, 0x10);
      |                                                ^
kernel/arch/x86_64/hda.c:192:51: warning: conversion from ‘int’ to ‘uint8_t’ {或称 ‘unsigned char’} may change value [-Wconversion]
  192 |                 uint32_t bar = pci_read_config(b, d, f, 0x10);
      |                                                   ^
kernel/arch/x86_64/hda.c:192:54: warning: conversion from ‘int’ to ‘uint8_t’ {或称 ‘unsigned char’} may change value [-Wconversion]
  192 |                 uint32_t bar = pci_read_config(b, d, f, 0x10);
      |                                                      ^
kernel/arch/x86_64/hda.c:194:51: warning: conversion from ‘int’ to ‘uint8_t’ {或称 ‘unsigned char’} may change value [-Wconversion]
  194 |                 uint32_t bar_hi = pci_read_config(b, d, f, 0x14);
      |                                                   ^
kernel/arch/x86_64/hda.c:194:54: warning: conversion from ‘int’ to ‘uint8_t’ {或称 ‘unsigned char’} may change value [-Wconversion]
  194 |                 uint32_t bar_hi = pci_read_config(b, d, f, 0x14);
      |                                                      ^
kernel/arch/x86_64/hda.c:194:57: warning: conversion from ‘int’ to ‘uint8_t’ {或称 ‘unsigned char’} may change value [-Wconversion]
  194 |                 uint32_t bar_hi = pci_read_config(b, d, f, 0x14);
      |                                                         ^
kernel/arch/x86_64/hda.c:221:17: error: implicit declaration of function ‘hda_write8’; did you mean ‘hda_write16’? [-Wimplicit-function-declaration]
  221 |                 hda_write8(dev, HDA_CORBSIZE, HDA_CORBSIZE_256);
      |                 ^~~~~~~~~~
      |                 hda_write16
<0> Building kernel/arch/x86_64/gdt.c
FAILED TASK run all: 
