-- Start building task run all -- (348508789)
-- Start building task all -- (0)
-- Start building task kernel -- (1)
-- Enter folder kernel/systemd --
<3> Building kernel/systemd/util.c
<0> Building kernel/systemd/udev.c
<1> Building kernel/systemd/timer.c
<2> Building kernel/systemd/target.c
kernel/systemd/util.c: 在函数‘fs_read_file_content’中:
kernel/systemd/util.c:16:48: warning: ‘uint64_t’ {或称 ‘long long unsigned int’}转换自‘int’时可能会改变结果的符号 [-Wsign-conversion]
   16 |     int bytes_read = vfs_read(fd, buffer, size - 1);
      |                                           ~~~~~^~~
kernel/systemd/util.c: 在函数‘fs_list_dir’中:
kernel/systemd/util.c:43:19: warning: ‘int’转换自‘size_t’ {或称 ‘long unsigned int’}时可能会改变结果的符号 [-Wsign-conversion]
   43 |         int len = strlen(name);
      |                   ^~~~~~
kernel/systemd/util.c: 在函数‘parse_ini_section’中:
kernel/systemd/util.c:82:15: warning: conversion from ‘long long int’ to ‘int’ may change value [-Wconversion]
   82 |     int len = end - line - 1;
      |               ^~~
kernel/systemd/util.c:86:32: warning: ‘size_t’ {或称 ‘long unsigned int’}转换自‘int’时可能会改变结果的符号 [-Wsign-conversion]
   86 |     strncpy(section, line + 1, len);
      |                                ^~~
kernel/systemd/util.c: 在函数‘parse_ini_keyvalue’中:
kernel/systemd/util.c:100:19: warning: conversion from ‘long long int’ to ‘int’ may change value [-Wconversion]
  100 |     int key_len = eq - line;
      |                   ^~
kernel/systemd/util.c:104:24: warning: ‘size_t’ {或称 ‘long unsigned int’}转换自‘int’时可能会改变结果的符号 [-Wsign-conversion]
  104 |     strncpy(key, line, key_len);
      |                        ^~~~~~~
kernel/systemd/util.c:109:21: warning: ‘int’转换自‘size_t’ {或称 ‘long unsigned int’}时可能会改变结果的符号 [-Wsign-conversion]
  109 |     int value_len = strlen(value_start);
      |                     ^~~~~~
kernel/systemd/util.c:112:33: warning: ‘size_t’ {或称 ‘long unsigned int’}转换自‘int’时可能会改变结果的符号 [-Wsign-conversion]
  112 |     strncpy(value, value_start, value_len);
      |                                 ^~~~~~~~~
kernel/systemd/timer.c: 在函数‘timer_read_persist’中:
kernel/systemd/timer.c:125:44: warning: ‘uint64_t’ {或称 ‘long long unsigned int’}转换自‘int’时可能会改变结果的符号 [-Wsign-conversion]
  125 |                     timer->accuracy_usec = accuracy_usec;
      |                                            ^~~~~~~~~~~~~
kernel/systemd/timer.c: 在函数‘timer_calculate_calendar_next’中:
kernel/systemd/udev.c: 在函数‘parse_udev_rule’中:
kernel/systemd/timer.c:413:22: warning: ‘time_t’ {或称 ‘long long int’}转换自‘uint64_t’ {或称 ‘long long unsigned int’}时可能会改变结果的符号 [-Wsign-conversion]
kernel/systemd/udev.c:88:23: warning: ‘int’转换自‘size_t’ {或称 ‘long unsigned int’}时可能会改变结果的符号 [-Wsign-conversion]
   88 |             int len = strlen(token);
      |                       ^~~~~~
  413 |     time_t current = now;
kernel/systemd/udev.c:89:68: warning: ‘size_t’ {或称 ‘long unsigned int’}转换自‘int’时可能会改变结果的符号 [-Wsign-conversion]
   89 |             if (len > 12) strncpy(rule->subsystem, token + 11, len - 13);
      |                                                                ~~~~^~~~
kernel/systemd/udev.c:91:23: warning: ‘int’转换自‘size_t’ {或称 ‘long unsigned int’}时可能会改变结果的符号 [-Wsign-conversion]
   91 |             int len = strlen(token);
      |                       ^~~~~~
kernel/systemd/udev.c:92:68: warning: ‘size_t’ {或称 ‘long unsigned int’}转换自‘int’时可能会改变结果的符号 [-Wsign-conversion]
   92 |             if (len > 13) strncpy(rule->subsystem, token + 12, len - 14);
      |                                                                ~~~~^~~~
kernel/systemd/udev.c:94:23: warning: ‘int’转换自‘size_t’ {或称 ‘long unsigned int’}时可能会改变结果的符号 [-Wsign-conversion]
   94 |             int len = strlen(token);
      |                       ^~~~~~
kernel/systemd/udev.c:95:65: warning: ‘size_t’ {或称 ‘long unsigned int’}转换自‘int’时可能会改变结果的符号 [-Wsign-conversion]
      |                      ^~~
   95 |             if (len > 13) strncpy(rule->vendor, token + 12, len - 14);
      |                                                             ~~~~^~~~
kernel/systemd/udev.c:97:23: warning: ‘int’转换自‘size_t’ {或称 ‘long unsigned int’}时可能会改变结果的符号 [-Wsign-conversion]
kernel/systemd/timer.c:414:16: warning: conversion from ‘time_t’ {或称 ‘long long int’} to ‘int’ may change value [-Wconversion]
  414 |     int year = 1970 + current / (365 * 24 * 3600);
   97 |             int len = strlen(token);
      |                       ^~~~~~
kernel/systemd/udev.c:98:65: warning: ‘size_t’ {或称 ‘long unsigned int’}转换自‘int’时可能会改变结果的符号 [-Wsign-conversion]
   98 |             if (len > 13) strncpy(rule->device, token + 12, len - 14);
      |                                                             ~~~~^~~~
      |                ^~~~
kernel/systemd/udev.c:100:23: warning: ‘int’转换自‘size_t’ {或称 ‘long unsigned int’}时可能会改变结果的符号 [-Wsign-conversion]
  100 |             int len = strlen(token);
      |                       ^~~~~~
kernel/systemd/timer.c:415:21: warning: conversion from ‘time_t’ {或称 ‘long long int’} to ‘int’ may change value [-Wconversion]
  415 |     int remaining = current % (365 * 24 * 3600);
      |                     ^~~~~~~
kernel/systemd/udev.c:101:63: warning: ‘size_t’ {或称 ‘long unsigned int’}转换自‘int’时可能会改变结果的符号 [-Wsign-conversion]
  101 |             if (len > 9) strncpy(rule->action, token + 8, len - 10);
      |                                                           ~~~~^~~~
kernel/systemd/udev.c:103:23: warning: ‘int’转换自‘size_t’ {或称 ‘long unsigned int’}时可能会改变结果的符号 [-Wsign-conversion]
  103 |             int len = strlen(token);
      |                       ^~~~~~
kernel/systemd/udev.c:104:64: warning: ‘size_t’ {或称 ‘long unsigned int’}转换自‘int’时可能会改变结果的符号 [-Wsign-conversion]
  104 |             if (len > 6) strncpy(rule->program, token + 5, len - 7);
      |                                                            ~~~~^~~
kernel/systemd/udev.c:106:23: warning: ‘int’转换自‘size_t’ {或称 ‘long unsigned int’}时可能会改变结果的符号 [-Wsign-conversion]
  106 |             int len = strlen(token);
      |                       ^~~~~~
kernel/systemd/timer.c:479:59: warning: ‘uint64_t’ {或称 ‘long long unsigned int’}转换自‘int’时可能会改变结果的符号 [-Wsign-conversion]
kernel/systemd/udev.c:107:61: warning: ‘size_t’ {或称 ‘long unsigned int’}转换自‘int’时可能会改变结果的符号 [-Wsign-conversion]
  107 |             if (len > 6) strncpy(rule->name, token + 5, len - 7);
  479 |                                 timer->next_elapse_time = seconds;
      |                                                           ^~~~~~~
      |                                                         ~~~~^~~
kernel/systemd/udev.c:109:23: warning: ‘int’转换自‘size_t’ {或称 ‘long unsigned int’}时可能会改变结果的符号 [-Wsign-conversion]
  109 |             int len = strlen(token);
kernel/systemd/timer.c:492:43: warning: ‘long long unsigned int’转换自‘time_t’ {或称 ‘long long int’}时可能会改变结果的符号 [-Wsign-conversion]
      |                       ^~~~~~
kernel/systemd/udev.c:110:66: warning: ‘size_t’ {或称 ‘long unsigned int’}转换自‘int’时可能会改变结果的符号 [-Wsign-conversion]
  110 |             if (len > 11) strncpy(rule->symlink, token + 10, len - 12);
      |                                                              ~~~~^~~~
kernel/systemd/udev.c:112:23: warning: ‘int’转换自‘size_t’ {或称 ‘long unsigned int’}时可能会改变结果的符号 [-Wsign-conversion]
  492 |         timer->next_elapse_time = current + timer->interval_sec;
  112 |             int len = strlen(token);
      |                       ^~~~~~
kernel/systemd/udev.c:113:64: warning: ‘size_t’ {或称 ‘long unsigned int’}转换自‘int’时可能会改变结果的符号 [-Wsign-conversion]
      |                                           ^
  113 |             if (len > 10) strncpy(rule->driver, token + 9, len - 11);
      |                                                            ~~~~^~~~
kernel/systemd/udev.c:115:23: warning: ‘int’转换自‘size_t’ {或称 ‘long unsigned int’}时可能会改变结果的符号 [-Wsign-conversion]
kernel/systemd/timer.c: 在函数‘timer_calculate_next_elapse’中:
  115 |             int len = strlen(token);
      |                       ^~~~~~
kernel/systemd/udev.c:116:62: warning: ‘size_t’ {或称 ‘long unsigned int’}转换自‘int’时可能会改变结果的符号 [-Wsign-conversion]
  116 |             if (len > 8) strncpy(rule->group, token + 7, len - 9);
      |                                                          ~~~~^~~
kernel/systemd/udev.c:118:23: warning: ‘int’转换自‘size_t’ {或称 ‘long unsigned int’}时可能会改变结果的符号 [-Wsign-conversion]
  118 |             int len = strlen(token);
kernel/systemd/timer.c:504:9: warning: the comparison will always evaluate as ‘true’ for the address of ‘calendar’ will never be NULL [-Waddress]
  504 |     if (timer->calendar && strlen(timer->calendar) > 0) {
      |                       ^~~~~~
      |         ^~~~~
kernel/systemd/udev.c: 在函数‘udev_create_device_node’中:
kernel/systemd/udev.c:166:52: warning: ‘uint64_t’ {或称 ‘long long unsigned int’}转换自‘int’时可能会改变结果的符号 [-Wsign-conversion]
  166 |     udev_vfs_mknod(devpath, FS_TYPE_CHARDEV, device->major, device->minor);
      |                                              ~~~~~~^~~~~~~
kernel/systemd/udev.c:166:67: warning: ‘uint64_t’ {或称 ‘long long unsigned int’}转换自‘int’时可能会改变结果的符号 [-Wsign-conversion]
  166 |     udev_vfs_mknod(devpath, FS_TYPE_CHARDEV, device->major, device->minor);
      |                                                             ~~~~~~^~~~~~~
kernel/systemd/udev.c: 在函数‘pci_class_to_subsystem’中:
kernel/systemd/udev.c:244:66: warning: 未使用的参数‘subclass’ [-Wunused-parameter]
  244 | static const char* pci_class_to_subsystem(uint8_t class, uint8_t subclass)
      |                                                          ~~~~~~~~^~~~~~~~
kernel/systemd/udev.c: 在函数‘udev_scan_pci_devices’中:
kernel/systemd/udev.c:288:64: warning: conversion from ‘uint16_t’ {或称 ‘short unsigned int’} to ‘uint8_t’ {或称 ‘unsigned char’} may change value [-Wconversion]
  288 |                 uint32_t vendor_device = pci_read_config_dword(bus, slot, func, 0);
      |                                                                ^~~
kernel/systemd/udev.c:288:69: warning: conversion from ‘uint16_t’ {或称 ‘short unsigned int’} to ‘uint8_t’ {或称 ‘unsigned char’} may change value [-Wconversion]
  288 |                 uint32_t vendor_device = pci_read_config_dword(bus, slot, func, 0);
      |                                                                     ^~~~
kernel/systemd/udev.c:288:75: warning: conversion from ‘uint16_t’ {或称 ‘short unsigned int’} to ‘uint8_t’ {或称 ‘unsigned char’} may change value [-Wconversion]
  288 |                 uint32_t vendor_device = pci_read_config_dword(bus, slot, func, 0);
In file included from kernel/systemd/timer.c:1:
kernel/systemd/include/systemd.h:407:10: note: ‘calendar’在此声明
      |                                                                           ^~~~
kernel/systemd/udev.c:293:38: warning: conversion from ‘uint32_t’ {或称 ‘unsigned int’} to ‘uint16_t’ {或称 ‘short unsigned int’} may change value [-Wconversion]
  407 |     char calendar[SYSTEMD_MAX_PATH_LEN];
      |          ^~~~~~~~
kernel/systemd/timer.c:523:40: warning: ‘uint64_t’ {或称 ‘long long unsigned int’}转换自‘int’时可能会改变结果的符号 [-Wsign-conversion]
  523 |         uint64_t rand_offset = (rand() % timer->accuracy_usec) / 1000000;
      |                                        ^
  293 |                 uint16_t device_id = (vendor_device >> 16) & 0xFFFF;
      |                                      ^
kernel/systemd/udev.c:297:60: warning: conversion from ‘uint16_t’ {或称 ‘short unsigned int’} to ‘uint8_t’ {或称 ‘unsigned char’} may change value [-Wconversion]
  297 |                 uint32_t class_rev = pci_read_config_dword(bus, slot, func, 8);
      |                                                            ^~~
kernel/systemd/udev.c:297:65: warning: conversion from ‘uint16_t’ {或称 ‘short unsigned int’} to ‘uint8_t’ {或称 ‘unsigned char’} may change value [-Wconversion]
  297 |                 uint32_t class_rev = pci_read_config_dword(bus, slot, func, 8);
      |                                                                 ^~~~
kernel/systemd/udev.c:297:71: warning: conversion from ‘uint16_t’ {或称 ‘short unsigned int’} to ‘uint8_t’ {或称 ‘unsigned char’} may change value [-Wconversion]
  297 |                 uint32_t class_rev = pci_read_config_dword(bus, slot, func, 8);
      |                                                                       ^~~~
kernel/systemd/udev.c:298:33: warning: conversion from ‘uint32_t’ {或称 ‘unsigned int’} to ‘uint8_t’ {或称 ‘unsigned char’} may change value [-Wconversion]
  298 |                 uint8_t class = (class_rev >> 24) & 0xFF;
      |                                 ^
kernel/systemd/timer.c: 在函数‘timer_trigger’中:
kernel/systemd/timer.c:545:9: warning: the comparison will always evaluate as ‘true’ for the address of ‘unit’ will never be NULL [-Waddress]
  545 |     if (timer->unit) {
      |         ^~~~~
kernel/systemd/include/systemd.h:409:10: note: ‘unit’在此声明
  409 |     char unit[SYSTEMD_MAX_NAME];
      |          ^~~~
kernel/systemd/timer.c: 在函数‘timer_load’中:
kernel/systemd/timer.c:622:43: warning: ‘uint64_t’ {或称 ‘long long unsigned int’}转换自‘int’时可能会改变结果的符号 [-Wsign-conversion]
  622 |                     timer->interval_sec = atoi(value);
      |                                           ^~~~
kernel/systemd/timer.c:624:43: warning: ‘uint64_t’ {或称 ‘long long unsigned int’}转换自‘int’时可能会改变结果的符号 [-Wsign-conversion]
  624 |                     timer->interval_sec = atoi(value);
      |                                           ^~~~
kernel/systemd/timer.c:626:43: warning: ‘uint64_t’ {或称 ‘long long unsigned int’}转换自‘int’时可能会改变结果的符号 [-Wsign-conversion]
  626 |                     timer->interval_sec = atoi(value);
      |                                           ^~~~
kernel/systemd/timer.c:628:43: warning: ‘uint64_t’ {或称 ‘long long unsigned int’}转换自‘int’时可能会改变结果的符号 [-Wsign-conversion]
  628 |                     timer->interval_sec = atoi(value);
      |                                           ^~~~
kernel/systemd/timer.c:630:43: warning: ‘uint64_t’ {或称 ‘long long unsigned int’}转换自‘int’时可能会改变结果的符号 [-Wsign-conversion]
  630 |                     timer->interval_sec = atoi(value);
      |                                           ^~~~
kernel/systemd/timer.c: 在函数‘timer_start’中:
kernel/systemd/timer.c:689:26: warning: 将一个指针转换为大小不同的整数 [-Wpointer-to-int-cast]
  689 |     thread_create((void*)(unsigned long)timer_monitor_thread, timer);
      |                          ^
kernel/systemd/timer.c: 在函数‘timer_find_next_activation’中:
kernel/systemd/timer.c:740:9: warning: the comparison will always evaluate as ‘true’ for the address of ‘calendar’ will never be NULL [-Waddress]
  740 |     if (timer->calendar && strlen(timer->calendar) > 0) {
      |         ^~~~~
kernel/systemd/include/systemd.h:407:10: note: ‘calendar’在此声明
  407 |     char calendar[SYSTEMD_MAX_PATH_LEN];
      |          ^~~~~~~~
kernel/systemd/udev.c: 在文件作用域：
kernel/systemd/udev.c:70:20: warning: ‘udev_subsystems’ 在此处定义 [-Wunused-variable]
   70 | static const char* udev_subsystems[UDEV_MAX_SUBSYSTEMS] = {
      |                    ^~~~~~~~~~~~~~~
kernel/systemd/timer.c: 在文件作用域：
kernel/systemd/timer.c:736:12: warning: ‘timer_find_next_activation’ 在此处定义 [-Wunused-function]
  736 | static int timer_find_next_activation(timer_t* timer, uint64_t now)
      |            ^~~~~~~~~~~~~~~~~~~~~~~~~~
<2> Building kernel/systemd/systemd.c
<3> Building kernel/systemd/systemctl.c
kernel/systemd/systemd.c: 在函数‘systemd_topological_sort’中:
kernel/systemd/systemd.c:598:41: warning: ‘long long unsigned int’转换自‘int’时可能会改变结果的符号 [-Wsign-conversion]
  598 |     int* in_degree = (int*)malloc(count * sizeof(int));
      |                                         ^
kernel/systemd/systemd.c:598:41: warning: conversion from ‘long long unsigned int’ to ‘size_t’ {或称 ‘long unsigned int’} may change value [-Wconversion]
  598 |     int* in_degree = (int*)malloc(count * sizeof(int));
      |                                   ~~~~~~^~~~~~~~~~~~~
kernel/systemd/systemd.c:601:32: warning: ‘long long unsigned int’转换自‘int’时可能会改变结果的符号 [-Wsign-conversion]
  601 |     memset(in_degree, 0, count * sizeof(int));
      |                                ^
kernel/systemd/systemd.c:601:32: warning: conversion from ‘long long unsigned int’ to ‘size_t’ {或称 ‘long unsigned int’} may change value [-Wconversion]
  601 |     memset(in_degree, 0, count * sizeof(int));
      |                          ~~~~~~^~~~~~~~~~~~~
kernel/systemd/systemd.c:615:37: warning: ‘long long unsigned int’转换自‘int’时可能会改变结果的符号 [-Wsign-conversion]
  615 |     int* queue = (int*)malloc(count * sizeof(int));
      |                                     ^
kernel/systemd/systemd.c:615:37: warning: conversion from ‘long long unsigned int’ to ‘size_t’ {或称 ‘long unsigned int’} may change value [-Wconversion]
  615 |     int* queue = (int*)malloc(count * sizeof(int));
      |                               ~~~~~~^~~~~~~~~~~~~
kernel/systemd/systemd.c: 在函数‘systemd_list_services’中:
kernel/systemd/systemd.c:986:9: warning: switch 没有处理枚举值‘UNIT_STATE_CONFIRMED’ [-Wswitch]
  986 |         switch (service->base.state) {
      |         ^~~~~~
kernel/systemd/systemd.c:986:9: warning: switch 没有处理枚举值‘UNIT_STATE_AWAITING’ [-Wswitch]
kernel/systemd/systemd.c:1000:19: warning: ‘int’转换自‘size_t’ {或称 ‘long unsigned int’}时可能会改变结果的符号 [-Wsign-conversion]
 1000 |         int len = strlen(line);
      |                   ^~~~~~
kernel/systemd/systemd.c: 在函数‘systemd_get_service_status’中:
kernel/systemd/systemd.c:1017:5: warning: switch 没有处理枚举值‘UNIT_STATE_CONFIRMED’ [-Wswitch]
 1017 |     switch (service->base.state) {
      |     ^~~~~~
kernel/systemd/systemd.c:1017:5: warning: switch 没有处理枚举值‘UNIT_STATE_AWAITING’ [-Wswitch]
kernel/systemd/systemd.c: 在函数‘systemd_list_units’中:
kernel/systemd/systemd.c:1207:19: warning: ‘int’转换自‘size_t’ {或称 ‘long unsigned int’}时可能会改变结果的符号 [-Wsign-conversion]
 1207 |         int len = strlen(line);
      |                   ^~~~~~
kernel/systemd/systemd.c: 在函数‘systemd_list_units_by_type’中:
kernel/systemd/systemd.c:1245:19: warning: ‘int’转换自‘size_t’ {或称 ‘long unsigned int’}时可能会改变结果的符号 [-Wsign-conversion]
 1245 |         int len = strlen(line);
      |                   ^~~~~~
kernel/systemd/systemctl.c: 在函数‘systemctl_list_units’中:
kernel/systemd/systemctl.c:73:21: warning: 变量‘sub_state’被设定但未被使用 [-Wunused-but-set-variable=]
   73 |         const char* sub_state = "-";
      |                     ^~~~~~~~~
kernel/systemd/systemd.c: 在文件作用域：
kernel/systemd/systemd.c:527:13: warning: ‘systemd_detect_cycle’ 在此处定义 [-Wunused-function]
  527 | static bool systemd_detect_cycle(unit_t* unit, unit_t** visited, int visited_count)
      |             ^~~~~~~~~~~~~~~~~~~~
kernel/systemd/systemd.c:110:16: warning: ‘find_swap’ 在此处定义 [-Wunused-function]
  110 | static swap_t* find_swap(const char* name)
      |                ^~~~~~~~~
kernel/systemd/systemd.c:100:24: warning: ‘find_path’ 在此处定义 [-Wunused-function]
  100 | static systemd_path_t* find_path(const char* name)
      |                        ^~~~~~~~~
kernel/systemd/systemd.c:90:21: warning: ‘find_automount’ 在此处定义 [-Wunused-function]
   90 | static automount_t* find_automount(const char* name)
      |                     ^~~~~~~~~~~~~~
kernel/systemd/systemd.c:80:18: warning: ‘find_device’ 在此处定义 [-Wunused-function]
   80 | static device_t* find_device(const char* name)
      |                  ^~~~~~~~~~~
kernel/systemd/systemd.c:70:17: warning: ‘find_slice’ 在此处定义 [-Wunused-function]
   70 | static slice_t* find_slice(const char* name)
      |                 ^~~~~~~~~~
kernel/systemd/systemd.c:60:17: warning: ‘find_mount’ 在此处定义 [-Wunused-function]
   60 | static mount_t* find_mount(const char* name)
      |                 ^~~~~~~~~~
kernel/systemd/systemd.c:50:17: warning: ‘find_timer’ 在此处定义 [-Wunused-function]
   50 | static timer_t* find_timer(const char* name)
      |                 ^~~~~~~~~~
kernel/systemd/systemd.c:40:26: warning: ‘find_socket’ 在此处定义 [-Wunused-function]
   40 | static systemd_socket_t* find_socket(const char* name)
      |                          ^~~~~~~~~~~
<0> Building kernel/systemd/swap.c
<3> Building kernel/systemd/socket.c
kernel/systemd/socket.c: 在函数‘parse_socket_config’中:
kernel/systemd/socket.c:63:32: warning: ‘uint64_t’ {或称 ‘long long unsigned int’}转换自‘int’时可能会改变结果的符号 [-Wsign-conversion]
   63 |                 socket->port = atoi(value);
      |                                ^~~~
kernel/systemd/socket.c: 在函数‘socket_accept_thread’中:
kernel/systemd/socket.c:107:14: warning: ‘msg’的声明隐藏了先前的一个局部变量 [-Wshadow]
  107 |         char msg[256];
      |              ^~~
kernel/systemd/socket.c:96:10: note: 被隐藏的声明在这里
   96 |     char msg[256];
      |          ^~~
kernel/systemd/socket.c: 在函数‘socket_start’中:
kernel/systemd/socket.c:173:44: warning: ‘uint32_t’ {或称 ‘unsigned int’}转换自‘int’时可能会改变结果的符号 [-Wsign-conversion]
  173 |     socket->unix_sock = unix_socket_create(unix_type);
      |                                            ^~~~~~~~~
kernel/systemd/socket.c:223:57: warning: 将一个指针转换为大小不同的整数 [-Wpointer-to-int-cast]
  223 |         socket->accept_thread_id = thread_create((void*)(unsigned long)socket_accept_thread, socket);
      |                                                         ^
kernel/systemd/socket.c:225:18: warning: ‘msg’的声明隐藏了先前的一个局部变量 [-Wshadow]
  225 |             char msg[256];
      |                  ^~~
kernel/systemd/socket.c:219:14: note: 被隐藏的声明在这里
  219 |         char msg[256];
      |              ^~~
<0> Building kernel/systemd/slice.c
kernel/systemd/slice.c: 在函数‘parse_slice_config’中:
kernel/systemd/slice.c:45:37: warning: ‘uint64_t’ {或称 ‘long long unsigned int’}转换自‘int’时可能会改变结果的符号 [-Wsign-conversion]
   45 |                 slice->cpu_weight = atoi(value);
      |                                     ^~~~
kernel/systemd/slice.c:47:36: warning: ‘uint64_t’ {或称 ‘long long unsigned int’}转换自‘int’时可能会改变结果的符号 [-Wsign-conversion]
   47 |                 slice->io_weight = atoi(value);
      |                                    ^~~~
kernel/systemd/slice.c:49:40: warning: ‘uint64_t’ {或称 ‘long long unsigned int’}转换自‘int’时可能会改变结果的符号 [-Wsign-conversion]
   49 |                 slice->memory_weight = atoi(value);
      |                                        ^~~~
kernel/systemd/slice.c:51:34: warning: ‘uint64_t’ {或称 ‘long long unsigned int’}转换自‘int’时可能会改变结果的符号 [-Wsign-conversion]
   51 |                 slice->cpu_max = atoi(value);
      |                                  ^~~~
kernel/systemd/slice.c:53:33: warning: ‘uint64_t’ {或称 ‘long long unsigned int’}转换自‘int’时可能会改变结果的符号 [-Wsign-conversion]
   53 |                 slice->io_max = atoi(value);
      |                                 ^~~~
kernel/systemd/slice.c:55:37: warning: ‘uint64_t’ {或称 ‘long long unsigned int’}转换自‘int’时可能会改变结果的符号 [-Wsign-conversion]
   55 |                 slice->memory_max = atoi(value);
      |                                     ^~~~
<3> Building kernel/systemd/service.c
<0> Building kernel/systemd/path.c
<1> Building kernel/systemd/mount.c
kernel/systemd/service.c: 在函数‘parse_env_vars’中:
kernel/systemd/service.c:78:15: warning: conversion from ‘long long int’ to ‘int’ may change value [-Wconversion]
   78 |     int len = eq - line;
      |               ^~
kernel/systemd/service.c:83:58: warning: ‘size_t’ {或称 ‘long unsigned int’}转换自‘int’时可能会改变结果的符号 [-Wsign-conversion]
   83 |     strncpy(service->env[service->env_count].name, line, len);
      |                                                          ^~~
kernel/systemd/service.c: 在函数‘parse_install_section’中:
kernel/systemd/service.c:157:70: warning: 未使用的参数‘value’ [-Wunused-parameter]
  157 | int parse_install_section(unit_t* unit, const char* key, const char* value)
      |                                                          ~~~~~~~~~~~~^~~~~
kernel/systemd/service.c: 在函数‘parse_service_section’中:
kernel/systemd/service.c:184:24: warning: ‘uint64_t’ {或称 ‘long long unsigned int’}转换自‘int’时可能会改变结果的符号 [-Wsign-conversion]
  184 |         service->uid = atoi(value);
      |                        ^~~~
kernel/systemd/service.c:187:24: warning: ‘uint64_t’ {或称 ‘long long unsigned int’}转换自‘int’时可能会改变结果的符号 [-Wsign-conversion]
  187 |         service->gid = atoi(value);
      |                        ^~~~
kernel/systemd/service.c:191:32: warning: ‘uint64_t’ {或称 ‘long long unsigned int’}转换自‘int’时可能会改变结果的符号 [-Wsign-conversion]
  191 |         service->restart_sec = atoi(value);
      |                                ^~~~
kernel/systemd/service.c:193:41: warning: ‘uint64_t’ {或称 ‘long long unsigned int’}转换自‘int’时可能会改变结果的符号 [-Wsign-conversion]
  193 |         service->start_limit_interval = atoi(value);
      |                                         ^~~~
kernel/systemd/service.c:195:38: warning: ‘uint64_t’ {或称 ‘long long unsigned int’}转换自‘int’时可能会改变结果的符号 [-Wsign-conversion]
  195 |         service->start_limit_burst = atoi(value);
      |                                      ^~~~
kernel/systemd/service.c:224:38: warning: ‘uint64_t’ {或称 ‘long long unsigned int’}转换自‘int’时可能会改变结果的符号 [-Wsign-conversion]
  224 |         service->timeout_start_sec = atoi(value);
      |                                      ^~~~
kernel/systemd/service.c:226:37: warning: ‘uint64_t’ {或称 ‘long long unsigned int’}转换自‘int’时可能会改变结果的符号 [-Wsign-conversion]
  226 |         service->timeout_stop_sec = atoi(value);
      |                                     ^~~~
kernel/systemd/service.c:228:38: warning: ‘uint64_t’ {或称 ‘long long unsigned int’}转换自‘int’时可能会改变结果的符号 [-Wsign-conversion]
  228 |         service->timeout_abort_sec = atoi(value);
      |                                      ^~~~
kernel/systemd/service.c:246:31: warning: ‘uint64_t’ {或称 ‘long long unsigned int’}转换自‘int’时可能会改变结果的符号 [-Wsign-conversion]
  246 |         service->cpu_shares = atoi(value);
      |                               ^~~~
kernel/systemd/service.c: 在函数‘service_build_envp’中:
kernel/systemd/service.c:316:50: warning: ‘long long unsigned int’转换自‘int’时可能会改变结果的符号 [-Wsign-conversion]
  316 |     char** envp = (char**)malloc((total_env + 1) * sizeof(char*));
      |                                                  ^
kernel/systemd/service.c:316:50: warning: conversion from ‘long long unsigned int’ to ‘size_t’ {或称 ‘long unsigned int’} may change value [-Wconversion]
  316 |     char** envp = (char**)malloc((total_env + 1) * sizeof(char*));
      |                                  ~~~~~~~~~~~~~~~~^~~~~~~~~~~~~~~
kernel/systemd/service.c: 在函数‘service_create_dynamic_user’中:
kernel/systemd/service.c:392:20: warning: ‘uint64_t’ {或称 ‘long long unsigned int’}转换自‘int’时可能会改变结果的符号 [-Wsign-conversion]
  392 |     service->uid = 1000 + systemd.service_count;
      |                    ^~~~
In file included from kernel/systemd/service.c:1:
kernel/systemd/service.c: 在函数‘service_setup_watchdog’中:
kernel/systemd/include/systemd.h:9:30: warning: ‘time_t’ {或称 ‘long long int’}转换自‘uint64_t’ {或称 ‘long long unsigned int’}时可能会改变结果的符号 [-Wsign-conversion]
    9 | #define time_get_timestamp() timer_get_jiffies()
      |                              ^~~~~~~~~~~~~~~~~
kernel/systemd/service.c:476:35: note: in expansion of macro ‘time_get_timestamp’
  476 |     service->watchdog_last_ping = time_get_timestamp();
      |                                   ^~~~~~~~~~~~~~~~~~
kernel/systemd/service.c: 在函数‘service_monitor_watchdog’中:
kernel/systemd/include/systemd.h:9:30: warning: ‘time_t’ {或称 ‘long long int’}转换自‘uint64_t’ {或称 ‘long long unsigned int’}时可能会改变结果的符号 [-Wsign-conversion]
    9 | #define time_get_timestamp() timer_get_jiffies()
      |                              ^~~~~~~~~~~~~~~~~
kernel/systemd/service.c:490:43: note: in expansion of macro ‘time_get_timestamp’
  490 |             service->watchdog_last_ping = time_get_timestamp();
      |                                           ^~~~~~~~~~~~~~~~~~
kernel/systemd/service.c: 在函数‘service_check_start_limit’中:
kernel/systemd/include/systemd.h:9:30: warning: ‘time_t’ {或称 ‘long long int’}转换自‘uint64_t’ {或称 ‘long long unsigned int’}时可能会改变结果的符号 [-Wsign-conversion]
    9 | #define time_get_timestamp() timer_get_jiffies()
      |                              ^~~~~~~~~~~~~~~~~
kernel/systemd/service.c:500:18: note: in expansion of macro ‘time_get_timestamp’
  500 |     time_t now = time_get_timestamp();
      |                  ^~~~~~~~~~~~~~~~~~
kernel/systemd/service.c:503:44: warning: comparison of integer expressions of different signedness: ‘time_t’ {或称 ‘long long int’} and ‘uint64_t’ {或称 ‘long long unsigned int’} [-Wsign-compare]
  503 |         if (now - service->last_start_time < service->start_limit_interval) {
      |                                            ^
kernel/systemd/service.c: 在函数‘service_run_command’中:
kernel/systemd/service.c:520:58: warning: 未使用的参数‘working_dir’ [-Wunused-parameter]
  520 | int service_run_command(exec_command_t* cmd, const char* working_dir)
      |                                              ~~~~~~~~~~~~^~~~~~~~~~~
kernel/systemd/service.c: 在函数‘service_start’中:
kernel/systemd/include/systemd.h:9:30: warning: ‘time_t’ {或称 ‘long long int’}转换自‘uint64_t’ {或称 ‘long long unsigned int’}时可能会改变结果的符号 [-Wsign-conversion]
    9 | #define time_get_timestamp() timer_get_jiffies()
      |                              ^~~~~~~~~~~~~~~~~
kernel/systemd/service.c:670:32: note: in expansion of macro ‘time_get_timestamp’
  670 |     service->last_start_time = time_get_timestamp();
      |                                ^~~~~~~~~~~~~~~~~~
kernel/systemd/service.c:722:33: warning: conversion from ‘uint64_t’ {或称 ‘long long unsigned int’} to ‘int’ may change value [-Wconversion]
  722 |             service->main_pid = pid;
      |                                 ^~~
kernel/systemd/service.c:737:31: warning: ISO C 不允许将‘thread_create’的第 1 个实参在函数指针和‘void *’间传递 [-Wpedantic]
  737 |                 thread_create(service_monitor_watchdog, service);
      |                               ^~~~~~~~~~~~~~~~~~~~~~~~
kernel/systemd/include/systemd.h:729:32: note: expected ‘void *’ but argument is of type ‘void (*)(void *)’
  729 | extern int thread_create(void* entry, void* arg);
      |                          ~~~~~~^~~~~
kernel/systemd/include/systemd.h:9:30: warning: ‘time_t’ {或称 ‘long long int’}转换自‘uint64_t’ {或称 ‘long long unsigned int’}时可能会改变结果的符号 [-Wsign-conversion]
    9 | #define time_get_timestamp() timer_get_jiffies()
      |                              ^~~~~~~~~~~~~~~~~
kernel/systemd/service.c:750:39: note: in expansion of macro ‘time_get_timestamp’
  750 |             service->last_exit_time = time_get_timestamp();
      |                                       ^~~~~~~~~~~~~~~~~~
kernel/systemd/service.c:781:33: warning: conversion from ‘uint64_t’ {或称 ‘long long unsigned int’} to ‘int’ may change value [-Wconversion]
  781 |             service->main_pid = pid;
      |                                 ^~~
kernel/systemd/service.c:792:31: warning: ISO C 不允许将‘thread_create’的第 1 个实参在函数指针和‘void *’间传递 [-Wpedantic]
  792 |                 thread_create(service_monitor_watchdog, service);
      |                               ^~~~~~~~~~~~~~~~~~~~~~~~
kernel/systemd/include/systemd.h:729:32: note: expected ‘void *’ but argument is of type ‘void (*)(void *)’
  729 | extern int thread_create(void* entry, void* arg);
      |                          ~~~~~~^~~~~
kernel/systemd/service.c:838:33: warning: conversion from ‘uint64_t’ {或称 ‘long long unsigned int’} to ‘int’ may change value [-Wconversion]
  838 |             service->main_pid = pid;
      |                                 ^~~
kernel/systemd/service.c:853:31: warning: ISO C 不允许将‘thread_create’的第 1 个实参在函数指针和‘void *’间传递 [-Wpedantic]
  853 |                 thread_create(service_monitor_watchdog, service);
      |                               ^~~~~~~~~~~~~~~~~~~~~~~~
kernel/systemd/include/systemd.h:729:32: note: expected ‘void *’ but argument is of type ‘void (*)(void *)’
  729 | extern int thread_create(void* entry, void* arg);
      |                          ~~~~~~^~~~~
kernel/systemd/service.c:872:33: warning: conversion from ‘uint64_t’ {或称 ‘long long unsigned int’} to ‘int’ may change value [-Wconversion]
  872 |             service->main_pid = pid;
      |                                 ^~~
kernel/systemd/service.c:887:31: warning: ISO C 不允许将‘thread_create’的第 1 个实参在函数指针和‘void *’间传递 [-Wpedantic]
  887 |                 thread_create(service_monitor_watchdog, service);
      |                               ^~~~~~~~~~~~~~~~~~~~~~~~
kernel/systemd/include/systemd.h:729:32: note: expected ‘void *’ but argument is of type ‘void (*)(void *)’
  729 | extern int thread_create(void* entry, void* arg);
      |                          ~~~~~~^~~~~
kernel/systemd/include/systemd.h:9:30: warning: ‘time_t’ {或称 ‘long long int’}转换自‘uint64_t’ {或称 ‘long long unsigned int’}时可能会改变结果的符号 [-Wsign-conversion]
    9 | #define time_get_timestamp() timer_get_jiffies()
      |                              ^~~~~~~~~~~~~~~~~
kernel/systemd/service.c:905:39: note: in expansion of macro ‘time_get_timestamp’
  905 |         service->watchdog_last_ping = time_get_timestamp();
      |                                       ^~~~~~~~~~~~~~~~~~
kernel/systemd/service.c: 在函数‘service_stop’中:
kernel/systemd/service.c:949:57: warning: comparison of integer expressions of different signedness: ‘int’ and ‘uint64_t’ {或称 ‘long long unsigned int’} [-Wsign-compare]
  949 |         if (service->main_pid != 0 && service->main_pid != service->pid) {
      |                                                         ^~
kernel/systemd/service.c:950:33: warning: ‘uint64_t’ {或称 ‘long long unsigned int’}转换自‘int’时可能会改变结果的符号 [-Wsign-conversion]
  950 |             process_kill(service->main_pid, service->kill_signal);
      |                          ~~~~~~~^~~~~~~~~~
kernel/systemd/include/systemd.h:9:30: warning: ‘time_t’ {或称 ‘long long int’}转换自‘uint64_t’ {或称 ‘long long unsigned int’}时可能会改变结果的符号 [-Wsign-conversion]
    9 | #define time_get_timestamp() timer_get_jiffies()
      |                              ^~~~~~~~~~~~~~~~~
kernel/systemd/service.c:994:31: note: in expansion of macro ‘time_get_timestamp’
  994 |     service->last_exit_time = time_get_timestamp();
      |                               ^~~~~~~~~~~~~~~~~~
kernel/systemd/service.c: 在函数‘service_check_watchdog’中:
kernel/systemd/include/systemd.h:9:30: warning: ‘time_t’ {或称 ‘long long int’}转换自‘uint64_t’ {或称 ‘long long unsigned int’}时可能会改变结果的符号 [-Wsign-conversion]
    9 | #define time_get_timestamp() timer_get_jiffies()
      |                              ^~~~~~~~~~~~~~~~~
kernel/systemd/service.c:1072:18: note: in expansion of macro ‘time_get_timestamp’
 1072 |     time_t now = time_get_timestamp();
      |                  ^~~~~~~~~~~~~~~~~~
kernel/systemd/service.c:1073:27: warning: ‘uint64_t’ {或称 ‘long long unsigned int’}转换自‘time_t’ {或称 ‘long long int’}时可能会改变结果的符号 [-Wsign-conversion]
 1073 |     uint64_t elapsed_ms = (now - service->watchdog_last_ping) * 1000;
      |                           ^
kernel/systemd/service.c: 在函数‘service_monitor’中:
kernel/systemd/include/systemd.h:9:30: warning: ‘time_t’ {或称 ‘long long int’}转换自‘uint64_t’ {或称 ‘long long unsigned int’}时可能会改变结果的符号 [-Wsign-conversion]
    9 | #define time_get_timestamp() timer_get_jiffies()
      |                              ^~~~~~~~~~~~~~~~~
kernel/systemd/service.c:1094:35: note: in expansion of macro ‘time_get_timestamp’
 1094 |         service->last_exit_time = time_get_timestamp();
      |                                   ^~~~~~~~~~~~~~~~~~
kernel/systemd/include/systemd.h:9:30: warning: ‘time_t’ {或称 ‘long long int’}转换自‘uint64_t’ {或称 ‘long long unsigned int’}时可能会改变结果的符号 [-Wsign-conversion]
    9 | #define time_get_timestamp() timer_get_jiffies()
      |                              ^~~~~~~~~~~~~~~~~
kernel/systemd/service.c:1111:35: note: in expansion of macro ‘time_get_timestamp’
 1111 |         service->last_exit_time = time_get_timestamp();
      |                                   ^~~~~~~~~~~~~~~~~~
kernel/systemd/mount.c: 在函数‘parse_mount_config’中:
kernel/systemd/mount.c:66:36: warning: ‘uint64_t’ {或称 ‘long long unsigned int’}转换自‘int’时可能会改变结果的符号 [-Wsign-conversion]
   66 |                 mount->dump_freq = atoi(value);
      |                                    ^~~~
kernel/systemd/mount.c:68:35: warning: ‘uint64_t’ {或称 ‘long long unsigned int’}转换自‘int’时可能会改变结果的符号 [-Wsign-conversion]
   68 |                 mount->pass_num = atoi(value);
      |                                   ^~~~
<0> Building kernel/systemd/journalctl.c
kernel/systemd/journalctl.c: 在函数‘journalctl_print_entry’中:
kernel/systemd/journalctl.c:53:52: warning: ‘int’转换自‘uint32_t’ {或称 ‘unsigned int’}时可能会改变结果的符号 [-Wsign-conversion]
   53 |     const char* prio_str = priority_to_string(entry->priority);
      |                                               ~~~~~^~~~~~~~~~
kernel/systemd/journalctl.c: 在函数‘journalctl_main’中:
kernel/systemd/journalctl.c:104:31: warning: ‘uint64_t’ {或称 ‘long long unsigned int’}转换自‘int’时可能会改变结果的符号 [-Wsign-conversion]
  104 |                 query.since = parse_time(argv[++i]);
      |                               ^~~~~~~~~~
kernel/systemd/journalctl.c:108:31: warning: ‘uint64_t’ {或称 ‘long long unsigned int’}转换自‘int’时可能会改变结果的符号 [-Wsign-conversion]
  108 |                 query.until = parse_time(argv[++i]);
      |                               ^~~~~~~~~~
kernel/systemd/journalctl.c:151:42: warning: comparison of integer expressions of different signedness: ‘time_t’ {或称 ‘long long int’} and ‘uint64_t’ {或称 ‘long long unsigned int’} [-Wsign-compare]
  151 |                 if (entries[i].timestamp > last_timestamp) {
      |                                          ^
kernel/systemd/journalctl.c:152:38: warning: ‘uint64_t’ {或称 ‘long long unsigned int’}转换自‘time_t’ {或称 ‘long long int’}时可能会改变结果的符号 [-Wsign-conversion]
  152 |                     last_timestamp = entries[i].timestamp;
      |                                      ^~~~~~~
<1> Building kernel/systemd/journal.c
kernel/systemd/journal.c: 在函数‘journal_update_header’中:
kernel/systemd/journal.c:148:24: warning: ‘long long unsigned int’转换自‘int’时可能会改变结果的符号 [-Wsign-conversion]
  148 |         .entry_count = journal_index.count,
      |                        ^~~~~~~~~~~~~
kernel/systemd/journal.c: 在函数‘journal_write_binary’中:
kernel/systemd/journal.c:191:33: warning: ‘uint64_t’ {或称 ‘long long unsigned int’}转换自‘int’时可能会改变结果的符号 [-Wsign-conversion]
  191 |             journal_file_size = vfs_lseek(journal_fd, 0, SEEK_END);
      |                                 ^~~~~~~~~
kernel/systemd/journal.c:205:23: warning: conversion from ‘long long unsigned int’ to ‘size_t’ {或称 ‘long unsigned int’} may change value [-Wconversion]
  205 |     size_t data_len = sizeof(uint64_t) + sizeof(uint32_t) * 4 + sizeof(uint64_t) +
      |                       ^~~~~~
kernel/systemd/journal.c:215:23: warning: ‘uint64_t’ {或称 ‘long long unsigned int’}转换自‘time_t’ {或称 ‘long long int’}时可能会改变结果的符号 [-Wsign-conversion]
  215 |     *(uint64_t*)ptr = entry->timestamp; ptr += sizeof(uint64_t);
      |                       ^~~~~
kernel/systemd/journal.c:225:27: warning: ‘int64_t’ {或称 ‘long long int’}转换自‘uint64_t’ {或称 ‘long long unsigned int’}时可能会改变结果的符号 [-Wsign-conversion]
  225 |     vfs_lseek(journal_fd, offset, SEEK_SET);
      |                           ^~~~~~
kernel/systemd/journal.c:232:64: warning: ‘uint64_t’ {或称 ‘long long unsigned int’}转换自‘time_t’ {或称 ‘long long int’}时可能会改变结果的符号 [-Wsign-conversion]
  232 |         journal_index.entries[journal_index.count].timestamp = entry->timestamp;
      |                                                                ^~~~~
kernel/systemd/journal.c:236:40: warning: ‘uint64_t’ {或称 ‘long long unsigned int’}转换自‘time_t’ {或称 ‘long long int’}时可能会改变结果的符号 [-Wsign-conversion]
  236 |         journal_index.last_timestamp = entry->timestamp;
      |                                        ^~~~~
kernel/systemd/journal.c: 在函数‘journal_read_binary’中:
kernel/systemd/journal.c:254:27: warning: ‘int64_t’ {或称 ‘long long int’}转换自‘uint64_t’ {或称 ‘long long unsigned int’}时可能会改变结果的符号 [-Wsign-conversion]
  254 |     vfs_lseek(journal_fd, offset, SEEK_SET);
      |                           ^~~~~~
In file included from kernel/systemd/journal.c:1:
kernel/systemd/journal.c: 在函数‘journal_log’中:
kernel/systemd/include/systemd.h:9:30: warning: ‘time_t’ {或称 ‘long long int’}转换自‘uint64_t’ {或称 ‘long long unsigned int’}时可能会改变结果的符号 [-Wsign-conversion]
    9 | #define time_get_timestamp() timer_get_jiffies()
      |                              ^~~~~~~~~~~~~~~~~
kernel/systemd/journal.c:279:23: note: in expansion of macro ‘time_get_timestamp’
  279 |     entry.timestamp = time_get_timestamp();
      |                       ^~~~~~~~~~~~~~~~~~
kernel/systemd/journal.c:280:22: warning: ‘uint32_t’ {或称 ‘unsigned int’}转换自‘int’时可能会改变结果的符号 [-Wsign-conversion]
  280 |     entry.priority = priority;
      |                      ^~~~~~~~
kernel/systemd/journal.c: 在函数‘journal_query’中:
kernel/systemd/journal.c:366:57: warning: comparison of integer expressions of different signedness: ‘uint32_t’ {或称 ‘unsigned int’} and ‘int’ [-Wsign-compare]
  366 |         if (query->priority >= 0 && idx_entry->priority > query->priority) {
      |                                                         ^
kernel/systemd/journal.c:370:13: warning: the comparison will always evaluate as ‘true’ for the address of ‘unit’ will never be NULL [-Waddress]
  370 |         if (query->unit && strlen(query->unit) > 0) {
      |             ^~~~~
kernel/systemd/include/systemd.h:551:10: note: ‘unit’在此声明
  551 |     char unit[SYSTEMD_MAX_NAME];
      |          ^~~~
kernel/systemd/journal.c: 在函数‘journal_count’中:
kernel/systemd/journal.c:410:57: warning: comparison of integer expressions of different signedness: ‘uint32_t’ {或称 ‘unsigned int’} and ‘int’ [-Wsign-compare]
  410 |         if (query->priority >= 0 && idx_entry->priority > query->priority) {
      |                                                         ^
kernel/systemd/journal.c:414:13: warning: the comparison will always evaluate as ‘true’ for the address of ‘unit’ will never be NULL [-Waddress]
  414 |         if (query->unit && strlen(query->unit) > 0) {
      |             ^~~~~
kernel/systemd/include/systemd.h:551:10: note: ‘unit’在此声明
  551 |     char unit[SYSTEMD_MAX_NAME];
      |          ^~~~
kernel/systemd/journal.c: 在文件作用域：
kernel/systemd/journal.c:88:13: warning: ‘journal_current_file’ 在此处定义 [-Wunused-variable]
   88 | static char journal_current_file[SYSTEMD_MAX_PATH_LEN];
      |             ^~~~~~~~~~~~~~~~~~~~
<0> Building kernel/systemd/fstab.c
kernel/systemd/fstab.c: 在函数‘parse_fstab_line’中:
kernel/systemd/fstab.c:39:24: warning: ‘uint64_t’ {或称 ‘long long unsigned int’}转换自‘int’时可能会改变结果的符号 [-Wsign-conversion]
   39 |     entry->dump_freq = atoi(token);
      |                        ^~~~
kernel/systemd/fstab.c:43:23: warning: ‘uint64_t’ {或称 ‘long long unsigned int’}转换自‘int’时可能会改变结果的符号 [-Wsign-conversion]
   43 |     entry->pass_num = atoi(token);
      |                       ^~~~
<0> Building kernel/systemd/device.c
<1> Building kernel/systemd/automount.c
kernel/systemd/automount.c:7:25: warning: ‘parse_automount_type’ 在此处定义 [-Wunused-function]
    7 | static automount_type_t parse_automount_type(const char* type)
      |                         ^~~~~~~~~~~~~~~~~~~~
-- Enter folder kernel/lib/libc --
<0> Building kernel/lib/libc/unistd.c
kernel/lib/libc/unistd.c: 在函数‘execve’中:
kernel/lib/libc/unistd.c:415:38: warning: 将一个指针转换为大小不同的整数 [-Wpointer-to-int-cast]
  415 |     return (int)syscall3(SYS_execve, (long)filename, (long)argv, (long)envp);
      |                                      ^
kernel/lib/libc/unistd.c:415:54: warning: 将一个指针转换为大小不同的整数 [-Wpointer-to-int-cast]
  415 |     return (int)syscall3(SYS_execve, (long)filename, (long)argv, (long)envp);
      |                                                      ^
kernel/lib/libc/unistd.c:415:66: warning: 将一个指针转换为大小不同的整数 [-Wpointer-to-int-cast]
  415 |     return (int)syscall3(SYS_execve, (long)filename, (long)argv, (long)envp);
      |                                                                  ^
kernel/lib/libc/unistd.c: 在函数‘wait’中:
kernel/lib/libc/unistd.c:430:41: warning: 将一个指针转换为大小不同的整数 [-Wpointer-to-int-cast]
  430 |     return (int)syscall4(SYS_wait4, -1, (long)status, 0, 0);
      |                                         ^
kernel/lib/libc/unistd.c: 在函数‘waitpid’中:
kernel/lib/libc/unistd.c:435:42: warning: 将一个指针转换为大小不同的整数 [-Wpointer-to-int-cast]
  435 |     return (int)syscall4(SYS_wait4, pid, (long)status, options, 0);
      |                                          ^
kernel/lib/libc/unistd.c: 在函数‘pipe’中:
kernel/lib/libc/unistd.c:440:36: warning: 将一个指针转换为大小不同的整数 [-Wpointer-to-int-cast]
  440 |     return (int)syscall1(SYS_pipe, (long)pipefd);
      |                                    ^
kernel/lib/libc/unistd.c: 在函数‘chdir’中:
kernel/lib/libc/unistd.c:455:37: warning: 将一个指针转换为大小不同的整数 [-Wpointer-to-int-cast]
  455 |     return (int)syscall1(SYS_chdir, (long)path);
      |                                     ^
kernel/lib/libc/unistd.c: 在函数‘getcwd’中:
kernel/lib/libc/unistd.c:460:37: warning: 将一个指针转换为大小不同的整数 [-Wpointer-to-int-cast]
  460 |     long ret = syscall2(SYS_getcwd, (long)buf, size);
      |                                     ^
kernel/lib/libc/unistd.c:460:48: warning: ‘long int’转换自‘size_t’ {或称 ‘long unsigned int’}时可能会改变结果的符号 [-Wsign-conversion]
  460 |     long ret = syscall2(SYS_getcwd, (long)buf, size);
      |                                                ^~~~
kernel/lib/libc/unistd.c: 在函数‘read’中:
kernel/lib/libc/unistd.c:472:40: warning: 将一个指针转换为大小不同的整数 [-Wpointer-to-int-cast]
  472 |     return (int)syscall3(SYS_read, fd, (long)buf, count);
      |                                        ^
kernel/lib/libc/unistd.c:472:51: warning: ‘long int’转换自‘size_t’ {或称 ‘long unsigned int’}时可能会改变结果的符号 [-Wsign-conversion]
  472 |     return (int)syscall3(SYS_read, fd, (long)buf, count);
      |                                                   ^~~~~
kernel/lib/libc/unistd.c: 在函数‘write’中:
kernel/lib/libc/unistd.c:477:41: warning: 将一个指针转换为大小不同的整数 [-Wpointer-to-int-cast]
  477 |     return (int)syscall3(SYS_write, fd, (long)buf, count);
      |                                         ^
kernel/lib/libc/unistd.c:477:52: warning: ‘long int’转换自‘size_t’ {或称 ‘long unsigned int’}时可能会改变结果的符号 [-Wsign-conversion]
  477 |     return (int)syscall3(SYS_write, fd, (long)buf, count);
      |                                                    ^~~~~
kernel/lib/libc/unistd.c: 在函数‘open’中:
kernel/lib/libc/unistd.c:488:36: warning: 将一个指针转换为大小不同的整数 [-Wpointer-to-int-cast]
  488 |     return (int)syscall3(SYS_open, (long)pathname, flags, mode);
      |                                    ^
kernel/lib/libc/unistd.c:488:59: warning: conversion from ‘mode_t’ {或称 ‘long long unsigned int’} to ‘long int’ may change value [-Wconversion]
  488 |     return (int)syscall3(SYS_open, (long)pathname, flags, mode);
      |                                                           ^~~~
kernel/lib/libc/unistd.c: 在函数‘creat’中:
kernel/lib/libc/unistd.c:493:37: warning: 将一个指针转换为大小不同的整数 [-Wpointer-to-int-cast]
  493 |     return (int)syscall2(SYS_creat, (long)pathname, mode);
      |                                     ^
kernel/lib/libc/unistd.c:493:53: warning: conversion from ‘mode_t’ {或称 ‘long long unsigned int’} to ‘long int’ may change value [-Wconversion]
  493 |     return (int)syscall2(SYS_creat, (long)pathname, mode);
      |                                                     ^~~~
kernel/lib/libc/unistd.c: 在函数‘lseek’中:
kernel/lib/libc/unistd.c:498:36: warning: conversion from ‘off_t’ {或称 ‘long long int’} to ‘long int’ may change value [-Wconversion]
  498 |     return syscall3(SYS_lseek, fd, offset, whence);
      |                                    ^~~~~~
kernel/lib/libc/unistd.c: 在函数‘sleep’中:
kernel/lib/libc/unistd.c:507:36: warning: 将一个指针转换为大小不同的整数 [-Wpointer-to-int-cast]
  507 |     while (syscall2(SYS_nanosleep, (long)&req, (long)&rem) < 0) {
      |                                    ^
kernel/lib/libc/unistd.c:507:48: warning: 将一个指针转换为大小不同的整数 [-Wpointer-to-int-cast]
  507 |     while (syscall2(SYS_nanosleep, (long)&req, (long)&rem) < 0) {
      |                                                ^
kernel/lib/libc/unistd.c: 在函数‘unlink’中:
kernel/lib/libc/unistd.c:517:38: warning: 将一个指针转换为大小不同的整数 [-Wpointer-to-int-cast]
  517 |     return (int)syscall1(SYS_unlink, (long)pathname);
      |                                      ^
kernel/lib/libc/unistd.c: 在函数‘rename’中:
kernel/lib/libc/unistd.c:522:38: warning: 将一个指针转换为大小不同的整数 [-Wpointer-to-int-cast]
  522 |     return (int)syscall2(SYS_rename, (long)oldpath, (long)newpath);
      |                                      ^
kernel/lib/libc/unistd.c:522:53: warning: 将一个指针转换为大小不同的整数 [-Wpointer-to-int-cast]
  522 |     return (int)syscall2(SYS_rename, (long)oldpath, (long)newpath);
      |                                                     ^
kernel/lib/libc/unistd.c: 在函数‘mkdir’中:
kernel/lib/libc/unistd.c:527:37: warning: 将一个指针转换为大小不同的整数 [-Wpointer-to-int-cast]
  527 |     return (int)syscall2(SYS_mkdir, (long)pathname, mode);
      |                                     ^
kernel/lib/libc/unistd.c:527:53: warning: conversion from ‘mode_t’ {或称 ‘long long unsigned int’} to ‘long int’ may change value [-Wconversion]
  527 |     return (int)syscall2(SYS_mkdir, (long)pathname, mode);
      |                                                     ^~~~
kernel/lib/libc/unistd.c: 在函数‘rmdir’中:
kernel/lib/libc/unistd.c:532:37: warning: 将一个指针转换为大小不同的整数 [-Wpointer-to-int-cast]
  532 |     return (int)syscall1(SYS_rmdir, (long)pathname);
      |                                     ^
kernel/lib/libc/unistd.c: 在函数‘chmod’中:
kernel/lib/libc/unistd.c:537:37: warning: 将一个指针转换为大小不同的整数 [-Wpointer-to-int-cast]
  537 |     return (int)syscall2(SYS_chmod, (long)pathname, mode);
      |                                     ^
kernel/lib/libc/unistd.c:537:53: warning: conversion from ‘mode_t’ {或称 ‘long long unsigned int’} to ‘long int’ may change value [-Wconversion]
  537 |     return (int)syscall2(SYS_chmod, (long)pathname, mode);
      |                                                     ^~~~
kernel/lib/libc/unistd.c: 在函数‘chown’中:
kernel/lib/libc/unistd.c:542:37: warning: 将一个指针转换为大小不同的整数 [-Wpointer-to-int-cast]
  542 |     return (int)syscall3(SYS_chown, (long)pathname, owner, group);
      |                                     ^
<1> Building kernel/lib/libc/time.c
<2> Building kernel/lib/libc/stdlib.c
kernel/lib/libc/time.c: 在函数‘bcd_to_bin’中:
kernel/lib/libc/time.c:34:30: warning: conversion from ‘int’ to ‘uint8_t’ {或称 ‘unsigned char’} may change value [-Wconversion]
   34 |     return ((bcd >> 4) * 10) + (bcd & 0x0F);
      |            ~~~~~~~~~~~~~~~~~~^~~~~~~~~~~~~~
kernel/lib/libc/time.c: 在函数‘rtc_to_tm’中:
kernel/lib/libc/time.c:107:16: warning: conversion from ‘int’ to ‘uint8_t’ {或称 ‘unsigned char’} may change value [-Wconversion]
  107 |         hour = ((hour & 0x7F) % 12) + 12;
      |                ^
kernel/lib/libc/time.c: 在函数‘asctime’中:
kernel/lib/libc/time.c:229:13: warning: conversion from ‘int’ to ‘char’ may change value [-Wconversion]
  229 |     p[8]  = '0' + (tm->tm_mday / 10);
      |             ^~~
kernel/lib/libc/time.c:230:13: warning: conversion from ‘int’ to ‘char’ may change value [-Wconversion]
  230 |     p[9]  = '0' + (tm->tm_mday % 10);
      |             ^~~
kernel/lib/libc/time.c:232:13: warning: conversion from ‘int’ to ‘char’ may change value [-Wconversion]
  232 |     p[11] = '0' + (tm->tm_hour / 10);
      |             ^~~
kernel/lib/libc/time.c:233:13: warning: conversion from ‘int’ to ‘char’ may change value [-Wconversion]
  233 |     p[12] = '0' + (tm->tm_hour % 10);
      |             ^~~
kernel/lib/libc/time.c:235:13: warning: conversion from ‘int’ to ‘char’ may change value [-Wconversion]
  235 |     p[14] = '0' + (tm->tm_min / 10);
      |             ^~~
kernel/lib/libc/time.c:236:13: warning: conversion from ‘int’ to ‘char’ may change value [-Wconversion]
  236 |     p[15] = '0' + (tm->tm_min % 10);
      |             ^~~
kernel/lib/libc/time.c:238:13: warning: conversion from ‘int’ to ‘char’ may change value [-Wconversion]
  238 |     p[17] = '0' + (tm->tm_sec / 10);
      |             ^~~
kernel/lib/libc/time.c:239:13: warning: conversion from ‘int’ to ‘char’ may change value [-Wconversion]
  239 |     p[18] = '0' + (tm->tm_sec % 10);
      |             ^~~
kernel/lib/libc/time.c:242:13: warning: conversion from ‘int’ to ‘char’ may change value [-Wconversion]
  242 |     p[20] = '0' + (yr / 1000);
      |             ^~~
kernel/lib/libc/time.c:243:13: warning: conversion from ‘int’ to ‘char’ may change value [-Wconversion]
  243 |     p[21] = '0' + ((yr / 100) % 10);
      |             ^~~
kernel/lib/libc/time.c:244:13: warning: conversion from ‘int’ to ‘char’ may change value [-Wconversion]
  244 |     p[22] = '0' + ((yr / 10) % 10);
      |             ^~~
kernel/lib/libc/time.c:245:13: warning: conversion from ‘int’ to ‘char’ may change value [-Wconversion]
  245 |     p[23] = '0' + (yr % 10);
      |             ^~~
kernel/lib/libc/time.c: 在函数‘strftime’中:
kernel/lib/libc/time.c:296:26: warning: conversion from ‘int’ to ‘char’ may change value [-Wconversion]
  296 |                 tmp[0] = '0' + (tm->tm_mday / 10);
      |                          ^~~
kernel/lib/libc/time.c:297:26: warning: conversion from ‘int’ to ‘char’ may change value [-Wconversion]
  297 |                 tmp[1] = '0' + (tm->tm_mday % 10);
      |                          ^~~
kernel/lib/libc/time.c:301:26: warning: conversion from ‘int’ to ‘char’ may change value [-Wconversion]
  301 |                 tmp[0] = '0' + (tm->tm_hour / 10);
      |                          ^~~
kernel/lib/libc/time.c:302:26: warning: conversion from ‘int’ to ‘char’ may change value [-Wconversion]
  302 |                 tmp[1] = '0' + (tm->tm_hour % 10);
      |                          ^~~
kernel/lib/libc/time.c:306:26: warning: conversion from ‘int’ to ‘char’ may change value [-Wconversion]
  306 |                 tmp[0] = '0' + (tm->tm_min / 10);
      |                          ^~~
kernel/lib/libc/time.c:307:26: warning: conversion from ‘int’ to ‘char’ may change value [-Wconversion]
  307 |                 tmp[1] = '0' + (tm->tm_min % 10);
      |                          ^~~
kernel/lib/libc/time.c:311:26: warning: conversion from ‘int’ to ‘char’ may change value [-Wconversion]
  311 |                 tmp[0] = '0' + ((tm->tm_mon + 1) / 10);
      |                          ^~~
kernel/lib/libc/time.c:312:26: warning: conversion from ‘int’ to ‘char’ may change value [-Wconversion]
  312 |                 tmp[1] = '0' + ((tm->tm_mon + 1) % 10);
      |                          ^~~
kernel/lib/libc/time.c:316:26: warning: conversion from ‘int’ to ‘char’ may change value [-Wconversion]
  316 |                 tmp[0] = '0' + (tm->tm_sec / 10);
      |                          ^~~
kernel/lib/libc/time.c:317:26: warning: conversion from ‘int’ to ‘char’ may change value [-Wconversion]
  317 |                 tmp[1] = '0' + (tm->tm_sec % 10);
      |                          ^~~
kernel/lib/libc/time.c:323:30: warning: conversion from ‘int’ to ‘char’ may change value [-Wconversion]
  323 |                     tmp[0] = '0' + (yr / 1000);
      |                              ^~~
kernel/lib/libc/time.c:324:30: warning: conversion from ‘int’ to ‘char’ may change value [-Wconversion]
  324 |                     tmp[1] = '0' + ((yr / 100) % 10);
      |                              ^~~
kernel/lib/libc/time.c:325:30: warning: conversion from ‘int’ to ‘char’ may change value [-Wconversion]
  325 |                     tmp[2] = '0' + ((yr / 10) % 10);
      |                              ^~~
kernel/lib/libc/time.c:326:30: warning: conversion from ‘int’ to ‘char’ may change value [-Wconversion]
  326 |                     tmp[3] = '0' + (yr % 10);
      |                              ^~~
In file included from kernel/lib/libc/stdlib.c:3:
include/kapi_syscall.h: 在函数‘sys_read’中:
include/kapi_syscall.h:494:38: warning: 将一个指针转换为大小不同的整数 [-Wpointer-to-int-cast]
  494 | { return kapi_syscall3(SYS_read, fd, (long)buf, count); }
      |                                      ^
include/kapi_syscall.h:494:49: warning: ‘long int’转换自‘size_t’ {或称 ‘long unsigned int’}时可能会改变结果的符号 [-Wsign-conversion]
  494 | { return kapi_syscall3(SYS_read, fd, (long)buf, count); }
      |                                                 ^~~~~
include/kapi_syscall.h: 在函数‘sys_write’中:
include/kapi_syscall.h:497:39: warning: 将一个指针转换为大小不同的整数 [-Wpointer-to-int-cast]
  497 | { return kapi_syscall3(SYS_write, fd, (long)buf, count); }
      |                                       ^
include/kapi_syscall.h:497:50: warning: ‘long int’转换自‘size_t’ {或称 ‘long unsigned int’}时可能会改变结果的符号 [-Wsign-conversion]
  497 | { return kapi_syscall3(SYS_write, fd, (long)buf, count); }
      |                                                  ^~~~~
include/kapi_syscall.h: 在函数‘sys_open’中:
include/kapi_syscall.h:500:34: warning: 将一个指针转换为大小不同的整数 [-Wpointer-to-int-cast]
  500 | { return kapi_syscall3(SYS_open, (long)pathname, flags, mode); }
      |                                  ^
include/kapi_syscall.h: 在函数‘sys_mmap’中:
include/kapi_syscall.h:509:34: warning: 将一个指针转换为大小不同的整数 [-Wpointer-to-int-cast]
  509 | { return kapi_syscall6(SYS_mmap, (long)addr, length, prot, flags, fd, offset); }
      |                                  ^
include/kapi_syscall.h:509:46: warning: ‘long int’转换自‘size_t’ {或称 ‘long unsigned int’}时可能会改变结果的符号 [-Wsign-conversion]
  509 | { return kapi_syscall6(SYS_mmap, (long)addr, length, prot, flags, fd, offset); }
      |                                              ^~~~~~
include/kapi_syscall.h: 在函数‘sys_munmap’中:
include/kapi_syscall.h:512:36: warning: 将一个指针转换为大小不同的整数 [-Wpointer-to-int-cast]
  512 | { return kapi_syscall2(SYS_munmap, (long)addr, length); }
      |                                    ^
include/kapi_syscall.h:512:48: warning: ‘long int’转换自‘size_t’ {或称 ‘long unsigned int’}时可能会改变结果的符号 [-Wsign-conversion]
  512 | { return kapi_syscall2(SYS_munmap, (long)addr, length); }
      |                                                ^~~~~~
include/kapi_syscall.h: 在函数‘sys_mprotect’中:
include/kapi_syscall.h:515:38: warning: 将一个指针转换为大小不同的整数 [-Wpointer-to-int-cast]
  515 | { return kapi_syscall3(SYS_mprotect, (long)addr, len, prot); }
      |                                      ^
include/kapi_syscall.h:515:50: warning: ‘long int’转换自‘size_t’ {或称 ‘long unsigned int’}时可能会改变结果的符号 [-Wsign-conversion]
  515 | { return kapi_syscall3(SYS_mprotect, (long)addr, len, prot); }
      |                                                  ^~~
include/kapi_syscall.h: 在函数‘sys_brk’中:
include/kapi_syscall.h:518:33: warning: 将一个指针转换为大小不同的整数 [-Wpointer-to-int-cast]
  518 | { return kapi_syscall1(SYS_brk, (long)addr); }
      |                                 ^
include/kapi_syscall.h: 在函数‘sys_clone’中:
include/kapi_syscall.h:527:42: warning: 将一个指针转换为大小不同的整数 [-Wpointer-to-int-cast]
  527 | { return kapi_syscall5(SYS_clone, flags, (long)stack, (long)ptid, (long)ctid, tls); }
      |                                          ^
include/kapi_syscall.h:527:55: warning: 将一个指针转换为大小不同的整数 [-Wpointer-to-int-cast]
  527 | { return kapi_syscall5(SYS_clone, flags, (long)stack, (long)ptid, (long)ctid, tls); }
      |                                                       ^
include/kapi_syscall.h:527:67: warning: 将一个指针转换为大小不同的整数 [-Wpointer-to-int-cast]
  527 | { return kapi_syscall5(SYS_clone, flags, (long)stack, (long)ptid, (long)ctid, tls); }
      |                                                                   ^
include/kapi_syscall.h:527:35: warning: ‘long int’转换自‘long unsigned int’时可能会改变结果的符号 [-Wsign-conversion]
  527 | { return kapi_syscall5(SYS_clone, flags, (long)stack, (long)ptid, (long)ctid, tls); }
      |                                   ^~~~~
include/kapi_syscall.h:527:79: warning: ‘long int’转换自‘long unsigned int’时可能会改变结果的符号 [-Wsign-conversion]
  527 | { return kapi_syscall5(SYS_clone, flags, (long)stack, (long)ptid, (long)ctid, tls); }
      |                                                                               ^~~
include/kapi_syscall.h: 在函数‘sys_execve’中:
include/kapi_syscall.h:530:36: warning: 将一个指针转换为大小不同的整数 [-Wpointer-to-int-cast]
  530 | { return kapi_syscall3(SYS_execve, (long)filename, (long)argv, (long)envp); }
      |                                    ^
include/kapi_syscall.h:530:52: warning: 将一个指针转换为大小不同的整数 [-Wpointer-to-int-cast]
  530 | { return kapi_syscall3(SYS_execve, (long)filename, (long)argv, (long)envp); }
      |                                                    ^
include/kapi_syscall.h:530:64: warning: 将一个指针转换为大小不同的整数 [-Wpointer-to-int-cast]
  530 | { return kapi_syscall3(SYS_execve, (long)filename, (long)argv, (long)envp); }
      |                                                                ^
include/kapi_syscall.h: 在函数‘sys_wait4’中:
include/kapi_syscall.h:539:40: warning: 将一个指针转换为大小不同的整数 [-Wpointer-to-int-cast]
  539 | { return kapi_syscall4(SYS_wait4, pid, (long)wstatus, options, (long)rusage); }
      |                                        ^
include/kapi_syscall.h:539:64: warning: 将一个指针转换为大小不同的整数 [-Wpointer-to-int-cast]
  539 | { return kapi_syscall4(SYS_wait4, pid, (long)wstatus, options, (long)rusage); }
      |                                                                ^
include/kapi_syscall.h: 在函数‘sys_stat’中:
include/kapi_syscall.h:554:34: warning: 将一个指针转换为大小不同的整数 [-Wpointer-to-int-cast]
  554 | { return kapi_syscall2(SYS_stat, (long)pathname, (long)statbuf); }
      |                                  ^
include/kapi_syscall.h:554:50: warning: 将一个指针转换为大小不同的整数 [-Wpointer-to-int-cast]
  554 | { return kapi_syscall2(SYS_stat, (long)pathname, (long)statbuf); }
      |                                                  ^
include/kapi_syscall.h: 在函数‘sys_fstat’中:
include/kapi_syscall.h:557:39: warning: 将一个指针转换为大小不同的整数 [-Wpointer-to-int-cast]
  557 | { return kapi_syscall2(SYS_fstat, fd, (long)statbuf); }
      |                                       ^
include/kapi_syscall.h: 在函数‘sys_lstat’中:
include/kapi_syscall.h:560:35: warning: 将一个指针转换为大小不同的整数 [-Wpointer-to-int-cast]
  560 | { return kapi_syscall2(SYS_lstat, (long)pathname, (long)statbuf); }
      |                                   ^
include/kapi_syscall.h:560:51: warning: 将一个指针转换为大小不同的整数 [-Wpointer-to-int-cast]
  560 | { return kapi_syscall2(SYS_lstat, (long)pathname, (long)statbuf); }
      |                                                   ^
include/kapi_syscall.h: 在函数‘sys_access’中:
include/kapi_syscall.h:563:36: warning: 将一个指针转换为大小不同的整数 [-Wpointer-to-int-cast]
  563 | { return kapi_syscall2(SYS_access, (long)pathname, mode); }
      |                                    ^
include/kapi_syscall.h: 在函数‘sys_chdir’中:
include/kapi_syscall.h:566:35: warning: 将一个指针转换为大小不同的整数 [-Wpointer-to-int-cast]
  566 | { return kapi_syscall1(SYS_chdir, (long)path); }
      |                                   ^
include/kapi_syscall.h: 在函数‘sys_getcwd’中:
include/kapi_syscall.h:569:36: warning: 将一个指针转换为大小不同的整数 [-Wpointer-to-int-cast]
  569 | { return kapi_syscall2(SYS_getcwd, (long)buf, size); }
      |                                    ^
include/kapi_syscall.h:569:47: warning: ‘long int’转换自‘size_t’ {或称 ‘long unsigned int’}时可能会改变结果的符号 [-Wsign-conversion]
  569 | { return kapi_syscall2(SYS_getcwd, (long)buf, size); }
      |                                               ^~~~
include/kapi_syscall.h: 在函数‘sys_mkdir’中:
include/kapi_syscall.h:572:35: warning: 将一个指针转换为大小不同的整数 [-Wpointer-to-int-cast]
  572 | { return kapi_syscall2(SYS_mkdir, (long)pathname, mode); }
      |                                   ^
include/kapi_syscall.h: 在函数‘sys_rmdir’中:
include/kapi_syscall.h:575:35: warning: 将一个指针转换为大小不同的整数 [-Wpointer-to-int-cast]
  575 | { return kapi_syscall1(SYS_rmdir, (long)pathname); }
      |                                   ^
include/kapi_syscall.h: 在函数‘sys_unlink’中:
include/kapi_syscall.h:578:36: warning: 将一个指针转换为大小不同的整数 [-Wpointer-to-int-cast]
  578 | { return kapi_syscall1(SYS_unlink, (long)pathname); }
      |                                    ^
include/kapi_syscall.h: 在函数‘sys_rename’中:
include/kapi_syscall.h:581:36: warning: 将一个指针转换为大小不同的整数 [-Wpointer-to-int-cast]
  581 | { return kapi_syscall2(SYS_rename, (long)oldpath, (long)newpath); }
      |                                    ^
include/kapi_syscall.h:581:51: warning: 将一个指针转换为大小不同的整数 [-Wpointer-to-int-cast]
  581 | { return kapi_syscall2(SYS_rename, (long)oldpath, (long)newpath); }
      |                                                   ^
include/kapi_syscall.h: 在函数‘sys_creat’中:
include/kapi_syscall.h:584:35: warning: 将一个指针转换为大小不同的整数 [-Wpointer-to-int-cast]
  584 | { return kapi_syscall2(SYS_creat, (long)pathname, mode); }
      |                                   ^
include/kapi_syscall.h: 在函数‘sys_link’中:
include/kapi_syscall.h:587:34: warning: 将一个指针转换为大小不同的整数 [-Wpointer-to-int-cast]
  587 | { return kapi_syscall2(SYS_link, (long)oldpath, (long)newpath); }
      |                                  ^
include/kapi_syscall.h:587:49: warning: 将一个指针转换为大小不同的整数 [-Wpointer-to-int-cast]
  587 | { return kapi_syscall2(SYS_link, (long)oldpath, (long)newpath); }
      |                                                 ^
include/kapi_syscall.h: 在函数‘sys_symlink’中:
include/kapi_syscall.h:590:37: warning: 将一个指针转换为大小不同的整数 [-Wpointer-to-int-cast]
  590 | { return kapi_syscall2(SYS_symlink, (long)target, (long)linkpath); }
      |                                     ^
include/kapi_syscall.h:590:51: warning: 将一个指针转换为大小不同的整数 [-Wpointer-to-int-cast]
  590 | { return kapi_syscall2(SYS_symlink, (long)target, (long)linkpath); }
      |                                                   ^
include/kapi_syscall.h: 在函数‘sys_readlink’中:
include/kapi_syscall.h:593:38: warning: 将一个指针转换为大小不同的整数 [-Wpointer-to-int-cast]
  593 | { return kapi_syscall3(SYS_readlink, (long)pathname, (long)buf, bufsiz); }
      |                                      ^
include/kapi_syscall.h:593:54: warning: 将一个指针转换为大小不同的整数 [-Wpointer-to-int-cast]
  593 | { return kapi_syscall3(SYS_readlink, (long)pathname, (long)buf, bufsiz); }
      |                                                      ^
include/kapi_syscall.h:593:65: warning: ‘long int’转换自‘size_t’ {或称 ‘long unsigned int’}时可能会改变结果的符号 [-Wsign-conversion]
  593 | { return kapi_syscall3(SYS_readlink, (long)pathname, (long)buf, bufsiz); }
      |                                                                 ^~~~~~
include/kapi_syscall.h: 在函数‘sys_chmod’中:
include/kapi_syscall.h:596:35: warning: 将一个指针转换为大小不同的整数 [-Wpointer-to-int-cast]
  596 | { return kapi_syscall2(SYS_chmod, (long)pathname, mode); }
      |                                   ^
include/kapi_syscall.h: 在函数‘sys_chown’中:
include/kapi_syscall.h:599:35: warning: 将一个指针转换为大小不同的整数 [-Wpointer-to-int-cast]
  599 | { return kapi_syscall3(SYS_chown, (long)pathname, owner, group); }
      |                                   ^
include/kapi_syscall.h: 在函数‘sys_truncate’中:
include/kapi_syscall.h:602:38: warning: 将一个指针转换为大小不同的整数 [-Wpointer-to-int-cast]
  602 | { return kapi_syscall2(SYS_truncate, (long)path, length); }
      |                                      ^
include/kapi_syscall.h: 在函数‘sys_pipe’中:
include/kapi_syscall.h:626:34: warning: 将一个指针转换为大小不同的整数 [-Wpointer-to-int-cast]
  626 | { return kapi_syscall1(SYS_pipe, (long)pipefd); }
      |                                  ^
include/kapi_syscall.h: 在函数‘sys_pipe2’中:
include/kapi_syscall.h:629:35: warning: 将一个指针转换为大小不同的整数 [-Wpointer-to-int-cast]
  629 | { return kapi_syscall2(SYS_pipe2, (long)pipefd, flags); }
      |                                   ^
include/kapi_syscall.h: 在函数‘sys_mount’中:
include/kapi_syscall.h:634:35: warning: 将一个指针转换为大小不同的整数 [-Wpointer-to-int-cast]
  634 | { return kapi_syscall5(SYS_mount, (long)source, (long)target, (long)filesystemtype, mountflags, (long)data); }
      |                                   ^
include/kapi_syscall.h:634:49: warning: 将一个指针转换为大小不同的整数 [-Wpointer-to-int-cast]
  634 | { return kapi_syscall5(SYS_mount, (long)source, (long)target, (long)filesystemtype, mountflags, (long)data); }
      |                                                 ^
include/kapi_syscall.h:634:63: warning: 将一个指针转换为大小不同的整数 [-Wpointer-to-int-cast]
  634 | { return kapi_syscall5(SYS_mount, (long)source, (long)target, (long)filesystemtype, mountflags, (long)data); }
      |                                                               ^
include/kapi_syscall.h:634:97: warning: 将一个指针转换为大小不同的整数 [-Wpointer-to-int-cast]
  634 | { return kapi_syscall5(SYS_mount, (long)source, (long)target, (long)filesystemtype, mountflags, (long)data); }
      |                                                                                                 ^
include/kapi_syscall.h:634:85: warning: ‘long int’转换自‘long unsigned int’时可能会改变结果的符号 [-Wsign-conversion]
  634 | { return kapi_syscall5(SYS_mount, (long)source, (long)target, (long)filesystemtype, mountflags, (long)data); }
      |                                                                                     ^~~~~~~~~~
include/kapi_syscall.h: 在函数‘sys_umount2’中:
include/kapi_syscall.h:637:37: warning: 将一个指针转换为大小不同的整数 [-Wpointer-to-int-cast]
  637 | { return kapi_syscall2(SYS_umount2, (long)target, flags); }
      |                                     ^
include/kapi_syscall.h: 在函数‘sys_swapon’中:
include/kapi_syscall.h:640:36: warning: 将一个指针转换为大小不同的整数 [-Wpointer-to-int-cast]
  640 | { return kapi_syscall2(SYS_swapon, (long)path, swapflags); }
      |                                    ^
include/kapi_syscall.h: 在函数‘sys_swapoff’中:
include/kapi_syscall.h:643:37: warning: 将一个指针转换为大小不同的整数 [-Wpointer-to-int-cast]
  643 | { return kapi_syscall1(SYS_swapoff, (long)path); }
      |                                     ^
include/kapi_syscall.h: 在函数‘sys_nanosleep’中:
include/kapi_syscall.h:646:39: warning: 将一个指针转换为大小不同的整数 [-Wpointer-to-int-cast]
  646 | { return kapi_syscall2(SYS_nanosleep, (long)req, (long)rem); }
      |                                       ^
include/kapi_syscall.h:646:50: warning: 将一个指针转换为大小不同的整数 [-Wpointer-to-int-cast]
  646 | { return kapi_syscall2(SYS_nanosleep, (long)req, (long)rem); }
      |                                                  ^
include/kapi_syscall.h: 在函数‘sys_gettimeofday’中:
include/kapi_syscall.h:649:42: warning: 将一个指针转换为大小不同的整数 [-Wpointer-to-int-cast]
  649 | { return kapi_syscall2(SYS_gettimeofday, (long)tv, (long)tz); }
      |                                          ^
include/kapi_syscall.h:649:52: warning: 将一个指针转换为大小不同的整数 [-Wpointer-to-int-cast]
  649 | { return kapi_syscall2(SYS_gettimeofday, (long)tv, (long)tz); }
      |                                                    ^
include/kapi_syscall.h: 在函数‘sys_settimeofday’中:
include/kapi_syscall.h:652:42: warning: 将一个指针转换为大小不同的整数 [-Wpointer-to-int-cast]
  652 | { return kapi_syscall2(SYS_settimeofday, (long)tv, (long)tz); }
      |                                          ^
include/kapi_syscall.h:652:52: warning: 将一个指针转换为大小不同的整数 [-Wpointer-to-int-cast]
  652 | { return kapi_syscall2(SYS_settimeofday, (long)tv, (long)tz); }
      |                                                    ^
include/kapi_syscall.h: 在函数‘sys_time’中:
include/kapi_syscall.h:655:34: warning: 将一个指针转换为大小不同的整数 [-Wpointer-to-int-cast]
  655 | { return kapi_syscall1(SYS_time, (long)tloc); }
      |                                  ^
include/kapi_syscall.h: 在函数‘sys_clock_gettime’中:
include/kapi_syscall.h:658:51: warning: 将一个指针转换为大小不同的整数 [-Wpointer-to-int-cast]
  658 | { return kapi_syscall2(SYS_clock_gettime, clk_id, (long)tp); }
      |                                                   ^
include/kapi_syscall.h: 在函数‘sys_clock_settime’中:
include/kapi_syscall.h:661:51: warning: 将一个指针转换为大小不同的整数 [-Wpointer-to-int-cast]
  661 | { return kapi_syscall2(SYS_clock_settime, clk_id, (long)tp); }
      |                                                   ^
include/kapi_syscall.h: 在函数‘sys_clock_nanosleep’中:
include/kapi_syscall.h:664:60: warning: 将一个指针转换为大小不同的整数 [-Wpointer-to-int-cast]
  664 | { return kapi_syscall4(SYS_clock_nanosleep, clk_id, flags, (long)req, (long)rem); }
      |                                                            ^
include/kapi_syscall.h:664:71: warning: 将一个指针转换为大小不同的整数 [-Wpointer-to-int-cast]
  664 | { return kapi_syscall4(SYS_clock_nanosleep, clk_id, flags, (long)req, (long)rem); }
      |                                                                       ^
include/kapi_syscall.h: 在函数‘sys_rt_sigaction’中:
include/kapi_syscall.h:667:47: warning: 将一个指针转换为大小不同的整数 [-Wpointer-to-int-cast]
  667 | { return kapi_syscall4(SYS_rt_sigaction, sig, (long)act, (long)oact, sigsetsize); }
      |                                               ^
include/kapi_syscall.h:667:58: warning: 将一个指针转换为大小不同的整数 [-Wpointer-to-int-cast]
  667 | { return kapi_syscall4(SYS_rt_sigaction, sig, (long)act, (long)oact, sigsetsize); }
      |                                                          ^
include/kapi_syscall.h:667:70: warning: ‘long int’转换自‘size_t’ {或称 ‘long unsigned int’}时可能会改变结果的符号 [-Wsign-conversion]
  667 | { return kapi_syscall4(SYS_rt_sigaction, sig, (long)act, (long)oact, sigsetsize); }
      |                                                                      ^~~~~~~~~~
include/kapi_syscall.h: 在函数‘sys_rt_sigprocmask’中:
include/kapi_syscall.h:670:49: warning: 将一个指针转换为大小不同的整数 [-Wpointer-to-int-cast]
  670 | { return kapi_syscall4(SYS_rt_sigprocmask, how, (long)set, (long)oldset, sigsetsize); }
      |                                                 ^
include/kapi_syscall.h:670:60: warning: 将一个指针转换为大小不同的整数 [-Wpointer-to-int-cast]
  670 | { return kapi_syscall4(SYS_rt_sigprocmask, how, (long)set, (long)oldset, sigsetsize); }
      |                                                            ^
include/kapi_syscall.h:670:74: warning: ‘long int’转换自‘size_t’ {或称 ‘long unsigned int’}时可能会改变结果的符号 [-Wsign-conversion]
  670 | { return kapi_syscall4(SYS_rt_sigprocmask, how, (long)set, (long)oldset, sigsetsize); }
      |                                                                          ^~~~~~~~~~
include/kapi_syscall.h: 在函数‘sys_ioctl’中:
include/kapi_syscall.h:679:39: warning: ‘long int’转换自‘long unsigned int’时可能会改变结果的符号 [-Wsign-conversion]
  679 | { return kapi_syscall3(SYS_ioctl, fd, request, arg); }
      |                                       ^~~~~~~
include/kapi_syscall.h: 在函数‘sys_pread64’中:
include/kapi_syscall.h:682:41: warning: 将一个指针转换为大小不同的整数 [-Wpointer-to-int-cast]
  682 | { return kapi_syscall4(SYS_pread64, fd, (long)buf, count, offset); }
      |                                         ^
include/kapi_syscall.h:682:52: warning: ‘long int’转换自‘size_t’ {或称 ‘long unsigned int’}时可能会改变结果的符号 [-Wsign-conversion]
  682 | { return kapi_syscall4(SYS_pread64, fd, (long)buf, count, offset); }
      |                                                    ^~~~~
include/kapi_syscall.h: 在函数‘sys_pwrite64’中:
include/kapi_syscall.h:685:42: warning: 将一个指针转换为大小不同的整数 [-Wpointer-to-int-cast]
  685 | { return kapi_syscall4(SYS_pwrite64, fd, (long)buf, count, offset); }
      |                                          ^
include/kapi_syscall.h:685:53: warning: ‘long int’转换自‘size_t’ {或称 ‘long unsigned int’}时可能会改变结果的符号 [-Wsign-conversion]
  685 | { return kapi_syscall4(SYS_pwrite64, fd, (long)buf, count, offset); }
      |                                                     ^~~~~
include/kapi_syscall.h: 在函数‘sys_readv’中:
include/kapi_syscall.h:688:39: warning: 将一个指针转换为大小不同的整数 [-Wpointer-to-int-cast]
  688 | { return kapi_syscall3(SYS_readv, fd, (long)iov, iovcnt); }
      |                                       ^
include/kapi_syscall.h: 在函数‘sys_writev’中:
include/kapi_syscall.h:691:40: warning: 将一个指针转换为大小不同的整数 [-Wpointer-to-int-cast]
  691 | { return kapi_syscall3(SYS_writev, fd, (long)iov, iovcnt); }
      |                                        ^
include/kapi_syscall.h: 在函数‘sys_getdents’中:
include/kapi_syscall.h:694:42: warning: 将一个指针转换为大小不同的整数 [-Wpointer-to-int-cast]
  694 | { return kapi_syscall3(SYS_getdents, fd, (long)dirp, count); }
      |                                          ^
include/kapi_syscall.h:694:54: warning: ‘long int’转换自‘unsigned int’时可能会改变结果的符号 [-Wsign-conversion]
  694 | { return kapi_syscall3(SYS_getdents, fd, (long)dirp, count); }
      |                                                      ^~~~~
include/kapi_syscall.h: 在函数‘sys_getdents64’中:
include/kapi_syscall.h:697:44: warning: 将一个指针转换为大小不同的整数 [-Wpointer-to-int-cast]
  697 | { return kapi_syscall3(SYS_getdents64, fd, (long)dirp, count); }
      |                                            ^
include/kapi_syscall.h:697:56: warning: ‘long int’转换自‘unsigned int’时可能会改变结果的符号 [-Wsign-conversion]
  697 | { return kapi_syscall3(SYS_getdents64, fd, (long)dirp, count); }
      |                                                        ^~~~~
include/kapi_syscall.h: 在函数‘sys_getgroups’中:
include/kapi_syscall.h:718:45: warning: 将一个指针转换为大小不同的整数 [-Wpointer-to-int-cast]
  718 | { return kapi_syscall2(SYS_getgroups, size, (long)list); }
      |                                             ^
include/kapi_syscall.h: 在函数‘sys_setgroups’中:
include/kapi_syscall.h:721:45: warning: 将一个指针转换为大小不同的整数 [-Wpointer-to-int-cast]
  721 | { return kapi_syscall2(SYS_setgroups, size, (long)list); }
      |                                             ^
include/kapi_syscall.h: 在函数‘sys_uname’中:
include/kapi_syscall.h:724:35: warning: 将一个指针转换为大小不同的整数 [-Wpointer-to-int-cast]
  724 | { return kapi_syscall1(SYS_uname, (long)buf); }
      |                                   ^
include/kapi_syscall.h: 在函数‘sys_sysinfo’中:
include/kapi_syscall.h:727:37: warning: 将一个指针转换为大小不同的整数 [-Wpointer-to-int-cast]
  727 | { return kapi_syscall1(SYS_sysinfo, (long)info); }
      |                                     ^
include/kapi_syscall.h: 在函数‘sys_getrlimit’中:
include/kapi_syscall.h:730:49: warning: 将一个指针转换为大小不同的整数 [-Wpointer-to-int-cast]
  730 | { return kapi_syscall2(SYS_getrlimit, resource, (long)rlim); }
      |                                                 ^
include/kapi_syscall.h: 在函数‘sys_setrlimit’中:
include/kapi_syscall.h:733:49: warning: 将一个指针转换为大小不同的整数 [-Wpointer-to-int-cast]
  733 | { return kapi_syscall2(SYS_setrlimit, resource, (long)rlim); }
      |                                                 ^
include/kapi_syscall.h: 在函数‘sys_getrusage’中:
include/kapi_syscall.h:736:44: warning: 将一个指针转换为大小不同的整数 [-Wpointer-to-int-cast]
  736 | { return kapi_syscall2(SYS_getrusage, who, (long)usage); }
      |                                            ^
include/kapi_syscall.h: 在函数‘sys_times’中:
include/kapi_syscall.h:739:35: warning: 将一个指针转换为大小不同的整数 [-Wpointer-to-int-cast]
  739 | { return kapi_syscall1(SYS_times, (long)tbuf); }
      |                                   ^
include/kapi_syscall.h: 在函数‘sys_reboot’中:
include/kapi_syscall.h:754:57: warning: 将一个指针转换为大小不同的整数 [-Wpointer-to-int-cast]
  754 | { return kapi_syscall4(SYS_reboot, magic1, magic2, cmd, (long)arg); }
      |                                                         ^
include/kapi_syscall.h: 在函数‘sys_chroot’中:
include/kapi_syscall.h:757:36: warning: 将一个指针转换为大小不同的整数 [-Wpointer-to-int-cast]
  757 | { return kapi_syscall1(SYS_chroot, (long)path); }
      |                                    ^
include/kapi_syscall.h: 在函数‘sys_sethostname’中:
include/kapi_syscall.h:760:41: warning: 将一个指针转换为大小不同的整数 [-Wpointer-to-int-cast]
  760 | { return kapi_syscall2(SYS_sethostname, (long)name, len); }
      |                                         ^
include/kapi_syscall.h: 在函数‘sys_setdomainname’中:
include/kapi_syscall.h:763:43: warning: 将一个指针转换为大小不同的整数 [-Wpointer-to-int-cast]
  763 | { return kapi_syscall2(SYS_setdomainname, (long)name, len); }
      |                                           ^
include/kapi_syscall.h: 在函数‘sys_init_module’中:
include/kapi_syscall.h:766:41: warning: 将一个指针转换为大小不同的整数 [-Wpointer-to-int-cast]
  766 | { return kapi_syscall3(SYS_init_module, (long)module_image, len, (long)param_values); }
      |                                         ^
include/kapi_syscall.h:766:66: warning: 将一个指针转换为大小不同的整数 [-Wpointer-to-int-cast]
  766 | { return kapi_syscall3(SYS_init_module, (long)module_image, len, (long)param_values); }
      |                                                                  ^
include/kapi_syscall.h:766:61: warning: ‘long int’转换自‘long unsigned int’时可能会改变结果的符号 [-Wsign-conversion]
  766 | { return kapi_syscall3(SYS_init_module, (long)module_image, len, (long)param_values); }
      |                                                             ^~~
include/kapi_syscall.h: 在函数‘sys_delete_module’中:
include/kapi_syscall.h:769:43: warning: 将一个指针转换为大小不同的整数 [-Wpointer-to-int-cast]
  769 | { return kapi_syscall2(SYS_delete_module, (long)name, flags); }
      |                                           ^
include/kapi_syscall.h:769:55: warning: ‘long int’转换自‘unsigned int’时可能会改变结果的符号 [-Wsign-conversion]
  769 | { return kapi_syscall2(SYS_delete_module, (long)name, flags); }
      |                                                       ^~~~~
include/kapi_syscall.h: 在函数‘sys_finit_module’中:
include/kapi_syscall.h:772:46: warning: 将一个指针转换为大小不同的整数 [-Wpointer-to-int-cast]
  772 | { return kapi_syscall3(SYS_finit_module, fd, (long)param_values, flags); }
      |                                              ^
<0> Building kernel/lib/libc/stdio.c
<3> Building kernel/lib/libc/signal.c
<0> Building kernel/lib/libc/setjmp.c
kernel/lib/libc/signal.c: 在函数‘signal’中:
kernel/lib/libc/signal.c:66:51: warning: 将一个指针转换为大小不同的整数 [-Wpointer-to-int-cast]
   66 |     long ret = syscall4(SYS_rt_sigaction, signum, (long)&act, (long)&oldact, SIGSET_SIZE);
      |                                                   ^
kernel/lib/libc/signal.c:66:63: warning: 将一个指针转换为大小不同的整数 [-Wpointer-to-int-cast]
   66 |     long ret = syscall4(SYS_rt_sigaction, signum, (long)&act, (long)&oldact, SIGSET_SIZE);
      |                                                               ^
<2> Building kernel/lib/libc/math.c
kernel/lib/libc/setjmp.c: 在函数‘setjmp’中:
kernel/lib/libc/setjmp.c:3:20: warning: 未使用的参数‘env’ [-Wunused-parameter]
    3 | int setjmp(jmp_buf env)
      |            ~~~~~~~~^~~
kernel/lib/libc/setjmp.c: 在函数‘longjmp’中:
kernel/lib/libc/setjmp.c:8:22: warning: 未使用的参数‘env’ [-Wunused-parameter]
    8 | void longjmp(jmp_buf env, int val)
      |              ~~~~~~~~^~~
kernel/lib/libc/setjmp.c:8:31: warning: 未使用的参数‘val’ [-Wunused-parameter]
    8 | void longjmp(jmp_buf env, int val)
      |                           ~~~~^~~
kernel/lib/libc/math.c: 在函数‘exp’中:
kernel/lib/libc/math.c:174:22: warning: conversion from ‘long long int’ to ‘double’ may change value [-Wconversion]
  174 |     double r = x - k * 0.69314718055994530942;
      |                      ^
kernel/lib/libc/math.c: 在函数‘log’中:
kernel/lib/libc/math.c:210:18: warning: conversion from ‘long long int’ to ‘double’ may change value [-Wconversion]
  210 |     return y + k * 0.69314718055994530942;
      |                  ^
kernel/lib/libc/math.c: 在文件作用域：
kernel/lib/libc/math.c:8:21: warning: ‘E’ 在此处定义 [-Wunused-const-variable=]
-- Enter folder kernel/kernel --
<0> Building kernel/kernel/wait.c
    8 | static const double E       = 2.71828182845904523536;
<3> Building kernel/kernel/workqueue.c
      |                     ^
kernel/kernel/workqueue.c: 在函数‘__tasklet_add’中:
kernel/kernel/workqueue.c:216:22: warning: ‘int’转换自‘uint32_t’ {或称 ‘unsigned int’}时可能会改变结果的符号 [-Wsign-conversion]
  216 |         for (int i = tasklet_count; i > 0; i--) {
      |                      ^~~~~~~~~~~~~
<1> Building kernel/kernel/unixsock.c
kernel/kernel/unixsock.c: 在函数‘ring_write’中:
kernel/kernel/unixsock.c:61:21: warning: 未使用的变量‘to_copy’ [-Wunused-variable]
   61 |     uint32_t space, to_copy, contiguous, first_chunk;
      |                     ^~~~~~~
kernel/kernel/unixsock.c:58:38: warning: 未使用的参数‘rpos’ [-Wunused-parameter]
   58 |                            uint32_t* rpos, uint32_t* wpos, uint32_t* bytes,
      |                            ~~~~~~~~~~^~~~
kernel/kernel/unixsock.c: 在函数‘ring_read’中:
kernel/kernel/unixsock.c:88:14: warning: 未使用的变量‘to_copy’ [-Wunused-variable]
   88 |     uint32_t to_copy, contiguous, first_chunk;
      |              ^~~~~~~
kernel/kernel/unixsock.c:85:53: warning: 未使用的参数‘wpos’ [-Wunused-parameter]
   85 |                           uint32_t* rpos, uint32_t* wpos, uint32_t* bytes,
      |                                           ~~~~~~~~~~^~~~
<0> Building kernel/kernel/timer.c
In file included from kernel/kernel/timer.c:3:
kernel/kernel/timer.c: 在函数‘__calc_index’中:
kernel/kernel/timer.h:29:31: warning: ‘uint64_t’ {或称 ‘long long unsigned int’}转换自‘int’时可能会改变结果的符号 [-Wsign-conversion]
   29 | #define TIMER_WHEEL_BITS      8
      |                               ^
kernel/kernel/timer.c:63:22: note: in expansion of macro ‘TIMER_WHEEL_BITS’
   63 |     uint64_t shift = TIMER_WHEEL_BITS * (*level);
      |                      ^~~~~~~~~~~~~~~~
kernel/kernel/timer.c: 在文件作用域：
kernel/kernel/timer.c:274:13: warning: ‘__msleep_wakeup’ 在此处定义 [-Wunused-function]
  274 | static void __msleep_wakeup(void* arg)
      |             ^~~~~~~~~~~~~~~
<3> Building kernel/kernel/system_init.c
<2> Building kernel/kernel/sysfs.c
kernel/kernel/sysfs.c: 在函数‘sysfs_vfs_read’中:
kernel/kernel/sysfs.c:87:57: warning: ‘long long unsigned int’转换自‘int’时可能会改变结果的符号 [-Wsign-conversion]
   87 |             len = attr->show(temp + total, sizeof(temp) - total);
      |                                                         ^
kernel/kernel/sysfs.c:89:55: warning: ‘long long unsigned int’转换自‘int’时可能会改变结果的符号 [-Wsign-conversion]
   89 |             len = snprintf(temp + total, sizeof(temp) - total, "%s\n", attr->value);
      |                                                       ^
kernel/kernel/sysfs.c:89:55: warning: conversion from ‘long long unsigned int’ to ‘size_t’ {或称 ‘long unsigned int’} may change value [-Wconversion]
   89 |             len = snprintf(temp + total, sizeof(temp) - total, "%s\n", attr->value);
      |                                          ~~~~~~~~~~~~~^~~~~~~
kernel/kernel/sysfs.c:96:32: warning: conversion from ‘uint64_t’ {或称 ‘long long unsigned int’} to ‘size_t’ {或称 ‘long unsigned int’} may change value [-Wconversion]
   96 |     memcpy(buf, temp + offset, size);
      |                                ^~~~
kernel/kernel/sysfs.c: 在函数‘sysfs_vfs_readdir’中:
kernel/kernel/sysfs.c:111:52: warning: conversion from ‘uint64_t’ {或称 ‘long long unsigned int’} to ‘size_t’ {或称 ‘long unsigned int’} may change value [-Wconversion]
  111 |             memcpy(name, snode->children[i]->name, len);
      |                                                    ^~~
kernel/kernel/sysfs.c:123:48: warning: conversion from ‘uint64_t’ {或称 ‘long long unsigned int’} to ‘size_t’ {或称 ‘long unsigned int’} may change value [-Wconversion]
  123 |             memcpy(name, snode->attrs[i].name, len);
      |                                                ^~~
<3> Building kernel/kernel/syscall.c
In file included from kernel/kernel/syscall.c:2:
include/kapi_syscall.h: 在函数‘sys_read’中:
include/kapi_syscall.h:494:38: warning: 将一个指针转换为大小不同的整数 [-Wpointer-to-int-cast]
  494 | { return kapi_syscall3(SYS_read, fd, (long)buf, count); }
      |                                      ^
include/kapi_syscall.h:494:49: warning: ‘long int’转换自‘size_t’ {或称 ‘long unsigned int’}时可能会改变结果的符号 [-Wsign-conversion]
  494 | { return kapi_syscall3(SYS_read, fd, (long)buf, count); }
      |                                                 ^~~~~
include/kapi_syscall.h: 在函数‘sys_write’中:
include/kapi_syscall.h:497:39: warning: 将一个指针转换为大小不同的整数 [-Wpointer-to-int-cast]
  497 | { return kapi_syscall3(SYS_write, fd, (long)buf, count); }
      |                                       ^
include/kapi_syscall.h:497:50: warning: ‘long int’转换自‘size_t’ {或称 ‘long unsigned int’}时可能会改变结果的符号 [-Wsign-conversion]
  497 | { return kapi_syscall3(SYS_write, fd, (long)buf, count); }
      |                                                  ^~~~~
include/kapi_syscall.h: 在函数‘sys_open’中:
include/kapi_syscall.h:500:34: warning: 将一个指针转换为大小不同的整数 [-Wpointer-to-int-cast]
  500 | { return kapi_syscall3(SYS_open, (long)pathname, flags, mode); }
      |                                  ^
include/kapi_syscall.h: 在函数‘sys_mmap’中:
include/kapi_syscall.h:509:34: warning: 将一个指针转换为大小不同的整数 [-Wpointer-to-int-cast]
  509 | { return kapi_syscall6(SYS_mmap, (long)addr, length, prot, flags, fd, offset); }
      |                                  ^
include/kapi_syscall.h:509:46: warning: ‘long int’转换自‘size_t’ {或称 ‘long unsigned int’}时可能会改变结果的符号 [-Wsign-conversion]
  509 | { return kapi_syscall6(SYS_mmap, (long)addr, length, prot, flags, fd, offset); }
      |                                              ^~~~~~
include/kapi_syscall.h: 在函数‘sys_munmap’中:
include/kapi_syscall.h:512:36: warning: 将一个指针转换为大小不同的整数 [-Wpointer-to-int-cast]
  512 | { return kapi_syscall2(SYS_munmap, (long)addr, length); }
      |                                    ^
include/kapi_syscall.h:512:48: warning: ‘long int’转换自‘size_t’ {或称 ‘long unsigned int’}时可能会改变结果的符号 [-Wsign-conversion]
  512 | { return kapi_syscall2(SYS_munmap, (long)addr, length); }
      |                                                ^~~~~~
include/kapi_syscall.h: 在函数‘sys_mprotect’中:
include/kapi_syscall.h:515:38: warning: 将一个指针转换为大小不同的整数 [-Wpointer-to-int-cast]
  515 | { return kapi_syscall3(SYS_mprotect, (long)addr, len, prot); }
      |                                      ^
include/kapi_syscall.h:515:50: warning: ‘long int’转换自‘size_t’ {或称 ‘long unsigned int’}时可能会改变结果的符号 [-Wsign-conversion]
  515 | { return kapi_syscall3(SYS_mprotect, (long)addr, len, prot); }
      |                                                  ^~~
include/kapi_syscall.h: 在函数‘sys_brk’中:
include/kapi_syscall.h:518:33: warning: 将一个指针转换为大小不同的整数 [-Wpointer-to-int-cast]
  518 | { return kapi_syscall1(SYS_brk, (long)addr); }
      |                                 ^
include/kapi_syscall.h: 在函数‘sys_clone’中:
include/kapi_syscall.h:527:42: warning: 将一个指针转换为大小不同的整数 [-Wpointer-to-int-cast]
  527 | { return kapi_syscall5(SYS_clone, flags, (long)stack, (long)ptid, (long)ctid, tls); }
      |                                          ^
include/kapi_syscall.h:527:55: warning: 将一个指针转换为大小不同的整数 [-Wpointer-to-int-cast]
  527 | { return kapi_syscall5(SYS_clone, flags, (long)stack, (long)ptid, (long)ctid, tls); }
      |                                                       ^
include/kapi_syscall.h:527:67: warning: 将一个指针转换为大小不同的整数 [-Wpointer-to-int-cast]
  527 | { return kapi_syscall5(SYS_clone, flags, (long)stack, (long)ptid, (long)ctid, tls); }
      |                                                                   ^
include/kapi_syscall.h:527:35: warning: ‘long int’转换自‘long unsigned int’时可能会改变结果的符号 [-Wsign-conversion]
  527 | { return kapi_syscall5(SYS_clone, flags, (long)stack, (long)ptid, (long)ctid, tls); }
      |                                   ^~~~~
include/kapi_syscall.h:527:79: warning: ‘long int’转换自‘long unsigned int’时可能会改变结果的符号 [-Wsign-conversion]
  527 | { return kapi_syscall5(SYS_clone, flags, (long)stack, (long)ptid, (long)ctid, tls); }
      |                                                                               ^~~
include/kapi_syscall.h: 在函数‘sys_execve’中:
include/kapi_syscall.h:530:36: warning: 将一个指针转换为大小不同的整数 [-Wpointer-to-int-cast]
  530 | { return kapi_syscall3(SYS_execve, (long)filename, (long)argv, (long)envp); }
      |                                    ^
include/kapi_syscall.h:530:52: warning: 将一个指针转换为大小不同的整数 [-Wpointer-to-int-cast]
  530 | { return kapi_syscall3(SYS_execve, (long)filename, (long)argv, (long)envp); }
      |                                                    ^
include/kapi_syscall.h:530:64: warning: 将一个指针转换为大小不同的整数 [-Wpointer-to-int-cast]
  530 | { return kapi_syscall3(SYS_execve, (long)filename, (long)argv, (long)envp); }
      |                                                                ^
include/kapi_syscall.h: 在函数‘sys_wait4’中:
include/kapi_syscall.h:539:40: warning: 将一个指针转换为大小不同的整数 [-Wpointer-to-int-cast]
  539 | { return kapi_syscall4(SYS_wait4, pid, (long)wstatus, options, (long)rusage); }
      |                                        ^
include/kapi_syscall.h:539:64: warning: 将一个指针转换为大小不同的整数 [-Wpointer-to-int-cast]
  539 | { return kapi_syscall4(SYS_wait4, pid, (long)wstatus, options, (long)rusage); }
      |                                                                ^
include/kapi_syscall.h: 在函数‘sys_stat’中:
include/kapi_syscall.h:554:34: warning: 将一个指针转换为大小不同的整数 [-Wpointer-to-int-cast]
  554 | { return kapi_syscall2(SYS_stat, (long)pathname, (long)statbuf); }
      |                                  ^
include/kapi_syscall.h:554:50: warning: 将一个指针转换为大小不同的整数 [-Wpointer-to-int-cast]
  554 | { return kapi_syscall2(SYS_stat, (long)pathname, (long)statbuf); }
      |                                                  ^
include/kapi_syscall.h: 在函数‘sys_fstat’中:
include/kapi_syscall.h:557:39: warning: 将一个指针转换为大小不同的整数 [-Wpointer-to-int-cast]
  557 | { return kapi_syscall2(SYS_fstat, fd, (long)statbuf); }
      |                                       ^
include/kapi_syscall.h: 在函数‘sys_lstat’中:
include/kapi_syscall.h:560:35: warning: 将一个指针转换为大小不同的整数 [-Wpointer-to-int-cast]
  560 | { return kapi_syscall2(SYS_lstat, (long)pathname, (long)statbuf); }
      |                                   ^
include/kapi_syscall.h:560:51: warning: 将一个指针转换为大小不同的整数 [-Wpointer-to-int-cast]
  560 | { return kapi_syscall2(SYS_lstat, (long)pathname, (long)statbuf); }
      |                                                   ^
include/kapi_syscall.h: 在函数‘sys_access’中:
include/kapi_syscall.h:563:36: warning: 将一个指针转换为大小不同的整数 [-Wpointer-to-int-cast]
  563 | { return kapi_syscall2(SYS_access, (long)pathname, mode); }
      |                                    ^
include/kapi_syscall.h: 在函数‘sys_chdir’中:
include/kapi_syscall.h:566:35: warning: 将一个指针转换为大小不同的整数 [-Wpointer-to-int-cast]
  566 | { return kapi_syscall1(SYS_chdir, (long)path); }
      |                                   ^
include/kapi_syscall.h: 在函数‘sys_getcwd’中:
include/kapi_syscall.h:569:36: warning: 将一个指针转换为大小不同的整数 [-Wpointer-to-int-cast]
  569 | { return kapi_syscall2(SYS_getcwd, (long)buf, size); }
      |                                    ^
include/kapi_syscall.h:569:47: warning: ‘long int’转换自‘size_t’ {或称 ‘long unsigned int’}时可能会改变结果的符号 [-Wsign-conversion]
  569 | { return kapi_syscall2(SYS_getcwd, (long)buf, size); }
      |                                               ^~~~
include/kapi_syscall.h: 在函数‘sys_mkdir’中:
include/kapi_syscall.h:572:35: warning: 将一个指针转换为大小不同的整数 [-Wpointer-to-int-cast]
  572 | { return kapi_syscall2(SYS_mkdir, (long)pathname, mode); }
      |                                   ^
include/kapi_syscall.h: 在函数‘sys_rmdir’中:
include/kapi_syscall.h:575:35: warning: 将一个指针转换为大小不同的整数 [-Wpointer-to-int-cast]
  575 | { return kapi_syscall1(SYS_rmdir, (long)pathname); }
      |                                   ^
include/kapi_syscall.h: 在函数‘sys_unlink’中:
include/kapi_syscall.h:578:36: warning: 将一个指针转换为大小不同的整数 [-Wpointer-to-int-cast]
  578 | { return kapi_syscall1(SYS_unlink, (long)pathname); }
      |                                    ^
include/kapi_syscall.h: 在函数‘sys_rename’中:
include/kapi_syscall.h:581:36: warning: 将一个指针转换为大小不同的整数 [-Wpointer-to-int-cast]
  581 | { return kapi_syscall2(SYS_rename, (long)oldpath, (long)newpath); }
      |                                    ^
include/kapi_syscall.h:581:51: warning: 将一个指针转换为大小不同的整数 [-Wpointer-to-int-cast]
  581 | { return kapi_syscall2(SYS_rename, (long)oldpath, (long)newpath); }
      |                                                   ^
include/kapi_syscall.h: 在函数‘sys_creat’中:
include/kapi_syscall.h:584:35: warning: 将一个指针转换为大小不同的整数 [-Wpointer-to-int-cast]
  584 | { return kapi_syscall2(SYS_creat, (long)pathname, mode); }
      |                                   ^
include/kapi_syscall.h: 在函数‘sys_link’中:
include/kapi_syscall.h:587:34: warning: 将一个指针转换为大小不同的整数 [-Wpointer-to-int-cast]
  587 | { return kapi_syscall2(SYS_link, (long)oldpath, (long)newpath); }
      |                                  ^
include/kapi_syscall.h:587:49: warning: 将一个指针转换为大小不同的整数 [-Wpointer-to-int-cast]
  587 | { return kapi_syscall2(SYS_link, (long)oldpath, (long)newpath); }
      |                                                 ^
include/kapi_syscall.h: 在函数‘sys_symlink’中:
include/kapi_syscall.h:590:37: warning: 将一个指针转换为大小不同的整数 [-Wpointer-to-int-cast]
  590 | { return kapi_syscall2(SYS_symlink, (long)target, (long)linkpath); }
      |                                     ^
include/kapi_syscall.h:590:51: warning: 将一个指针转换为大小不同的整数 [-Wpointer-to-int-cast]
  590 | { return kapi_syscall2(SYS_symlink, (long)target, (long)linkpath); }
      |                                                   ^
include/kapi_syscall.h: 在函数‘sys_readlink’中:
include/kapi_syscall.h:593:38: warning: 将一个指针转换为大小不同的整数 [-Wpointer-to-int-cast]
  593 | { return kapi_syscall3(SYS_readlink, (long)pathname, (long)buf, bufsiz); }
      |                                      ^
include/kapi_syscall.h:593:54: warning: 将一个指针转换为大小不同的整数 [-Wpointer-to-int-cast]
  593 | { return kapi_syscall3(SYS_readlink, (long)pathname, (long)buf, bufsiz); }
      |                                                      ^
include/kapi_syscall.h:593:65: warning: ‘long int’转换自‘size_t’ {或称 ‘long unsigned int’}时可能会改变结果的符号 [-Wsign-conversion]
  593 | { return kapi_syscall3(SYS_readlink, (long)pathname, (long)buf, bufsiz); }
      |                                                                 ^~~~~~
include/kapi_syscall.h: 在函数‘sys_chmod’中:
include/kapi_syscall.h:596:35: warning: 将一个指针转换为大小不同的整数 [-Wpointer-to-int-cast]
  596 | { return kapi_syscall2(SYS_chmod, (long)pathname, mode); }
      |                                   ^
include/kapi_syscall.h: 在函数‘sys_chown’中:
include/kapi_syscall.h:599:35: warning: 将一个指针转换为大小不同的整数 [-Wpointer-to-int-cast]
  599 | { return kapi_syscall3(SYS_chown, (long)pathname, owner, group); }
      |                                   ^
include/kapi_syscall.h: 在函数‘sys_truncate’中:
include/kapi_syscall.h:602:38: warning: 将一个指针转换为大小不同的整数 [-Wpointer-to-int-cast]
  602 | { return kapi_syscall2(SYS_truncate, (long)path, length); }
      |                                      ^
include/kapi_syscall.h: 在函数‘sys_pipe’中:
include/kapi_syscall.h:626:34: warning: 将一个指针转换为大小不同的整数 [-Wpointer-to-int-cast]
  626 | { return kapi_syscall1(SYS_pipe, (long)pipefd); }
      |                                  ^
include/kapi_syscall.h: 在函数‘sys_pipe2’中:
include/kapi_syscall.h:629:35: warning: 将一个指针转换为大小不同的整数 [-Wpointer-to-int-cast]
  629 | { return kapi_syscall2(SYS_pipe2, (long)pipefd, flags); }
      |                                   ^
include/kapi_syscall.h: 在函数‘sys_mount’中:
include/kapi_syscall.h:634:35: warning: 将一个指针转换为大小不同的整数 [-Wpointer-to-int-cast]
  634 | { return kapi_syscall5(SYS_mount, (long)source, (long)target, (long)filesystemtype, mountflags, (long)data); }
      |                                   ^
include/kapi_syscall.h:634:49: warning: 将一个指针转换为大小不同的整数 [-Wpointer-to-int-cast]
  634 | { return kapi_syscall5(SYS_mount, (long)source, (long)target, (long)filesystemtype, mountflags, (long)data); }
      |                                                 ^
include/kapi_syscall.h:634:63: warning: 将一个指针转换为大小不同的整数 [-Wpointer-to-int-cast]
  634 | { return kapi_syscall5(SYS_mount, (long)source, (long)target, (long)filesystemtype, mountflags, (long)data); }
      |                                                               ^
include/kapi_syscall.h:634:97: warning: 将一个指针转换为大小不同的整数 [-Wpointer-to-int-cast]
  634 | { return kapi_syscall5(SYS_mount, (long)source, (long)target, (long)filesystemtype, mountflags, (long)data); }
      |                                                                                                 ^
include/kapi_syscall.h:634:85: warning: ‘long int’转换自‘long unsigned int’时可能会改变结果的符号 [-Wsign-conversion]
  634 | { return kapi_syscall5(SYS_mount, (long)source, (long)target, (long)filesystemtype, mountflags, (long)data); }
      |                                                                                     ^~~~~~~~~~
include/kapi_syscall.h: 在函数‘sys_umount2’中:
include/kapi_syscall.h:637:37: warning: 将一个指针转换为大小不同的整数 [-Wpointer-to-int-cast]
  637 | { return kapi_syscall2(SYS_umount2, (long)target, flags); }
      |                                     ^
include/kapi_syscall.h: 在函数‘sys_swapon’中:
include/kapi_syscall.h:640:36: warning: 将一个指针转换为大小不同的整数 [-Wpointer-to-int-cast]
  640 | { return kapi_syscall2(SYS_swapon, (long)path, swapflags); }
      |                                    ^
include/kapi_syscall.h: 在函数‘sys_swapoff’中:
include/kapi_syscall.h:643:37: warning: 将一个指针转换为大小不同的整数 [-Wpointer-to-int-cast]
  643 | { return kapi_syscall1(SYS_swapoff, (long)path); }
      |                                     ^
include/kapi_syscall.h: 在函数‘sys_nanosleep’中:
include/kapi_syscall.h:646:39: warning: 将一个指针转换为大小不同的整数 [-Wpointer-to-int-cast]
  646 | { return kapi_syscall2(SYS_nanosleep, (long)req, (long)rem); }
      |                                       ^
include/kapi_syscall.h:646:50: warning: 将一个指针转换为大小不同的整数 [-Wpointer-to-int-cast]
  646 | { return kapi_syscall2(SYS_nanosleep, (long)req, (long)rem); }
      |                                                  ^
include/kapi_syscall.h: 在函数‘sys_gettimeofday’中:
include/kapi_syscall.h:649:42: warning: 将一个指针转换为大小不同的整数 [-Wpointer-to-int-cast]
  649 | { return kapi_syscall2(SYS_gettimeofday, (long)tv, (long)tz); }
      |                                          ^
include/kapi_syscall.h:649:52: warning: 将一个指针转换为大小不同的整数 [-Wpointer-to-int-cast]
  649 | { return kapi_syscall2(SYS_gettimeofday, (long)tv, (long)tz); }
      |                                                    ^
include/kapi_syscall.h: 在函数‘sys_settimeofday’中:
include/kapi_syscall.h:652:42: warning: 将一个指针转换为大小不同的整数 [-Wpointer-to-int-cast]
  652 | { return kapi_syscall2(SYS_settimeofday, (long)tv, (long)tz); }
      |                                          ^
include/kapi_syscall.h:652:52: warning: 将一个指针转换为大小不同的整数 [-Wpointer-to-int-cast]
  652 | { return kapi_syscall2(SYS_settimeofday, (long)tv, (long)tz); }
      |                                                    ^
include/kapi_syscall.h: 在函数‘sys_time’中:
include/kapi_syscall.h:655:34: warning: 将一个指针转换为大小不同的整数 [-Wpointer-to-int-cast]
  655 | { return kapi_syscall1(SYS_time, (long)tloc); }
      |                                  ^
include/kapi_syscall.h: 在函数‘sys_clock_gettime’中:
include/kapi_syscall.h:658:51: warning: 将一个指针转换为大小不同的整数 [-Wpointer-to-int-cast]
  658 | { return kapi_syscall2(SYS_clock_gettime, clk_id, (long)tp); }
      |                                                   ^
include/kapi_syscall.h: 在函数‘sys_clock_settime’中:
include/kapi_syscall.h:661:51: warning: 将一个指针转换为大小不同的整数 [-Wpointer-to-int-cast]
  661 | { return kapi_syscall2(SYS_clock_settime, clk_id, (long)tp); }
      |                                                   ^
include/kapi_syscall.h: 在函数‘sys_clock_nanosleep’中:
include/kapi_syscall.h:664:60: warning: 将一个指针转换为大小不同的整数 [-Wpointer-to-int-cast]
  664 | { return kapi_syscall4(SYS_clock_nanosleep, clk_id, flags, (long)req, (long)rem); }
      |                                                            ^
include/kapi_syscall.h:664:71: warning: 将一个指针转换为大小不同的整数 [-Wpointer-to-int-cast]
  664 | { return kapi_syscall4(SYS_clock_nanosleep, clk_id, flags, (long)req, (long)rem); }
      |                                                                       ^
include/kapi_syscall.h: 在函数‘sys_rt_sigaction’中:
include/kapi_syscall.h:667:47: warning: 将一个指针转换为大小不同的整数 [-Wpointer-to-int-cast]
  667 | { return kapi_syscall4(SYS_rt_sigaction, sig, (long)act, (long)oact, sigsetsize); }
      |                                               ^
include/kapi_syscall.h:667:58: warning: 将一个指针转换为大小不同的整数 [-Wpointer-to-int-cast]
  667 | { return kapi_syscall4(SYS_rt_sigaction, sig, (long)act, (long)oact, sigsetsize); }
      |                                                          ^
include/kapi_syscall.h:667:70: warning: ‘long int’转换自‘size_t’ {或称 ‘long unsigned int’}时可能会改变结果的符号 [-Wsign-conversion]
  667 | { return kapi_syscall4(SYS_rt_sigaction, sig, (long)act, (long)oact, sigsetsize); }
      |                                                                      ^~~~~~~~~~
include/kapi_syscall.h: 在函数‘sys_rt_sigprocmask’中:
include/kapi_syscall.h:670:49: warning: 将一个指针转换为大小不同的整数 [-Wpointer-to-int-cast]
  670 | { return kapi_syscall4(SYS_rt_sigprocmask, how, (long)set, (long)oldset, sigsetsize); }
      |                                                 ^
include/kapi_syscall.h:670:60: warning: 将一个指针转换为大小不同的整数 [-Wpointer-to-int-cast]
  670 | { return kapi_syscall4(SYS_rt_sigprocmask, how, (long)set, (long)oldset, sigsetsize); }
      |                                                            ^
include/kapi_syscall.h:670:74: warning: ‘long int’转换自‘size_t’ {或称 ‘long unsigned int’}时可能会改变结果的符号 [-Wsign-conversion]
  670 | { return kapi_syscall4(SYS_rt_sigprocmask, how, (long)set, (long)oldset, sigsetsize); }
      |                                                                          ^~~~~~~~~~
include/kapi_syscall.h: 在函数‘sys_ioctl’中:
include/kapi_syscall.h:679:39: warning: ‘long int’转换自‘long unsigned int’时可能会改变结果的符号 [-Wsign-conversion]
  679 | { return kapi_syscall3(SYS_ioctl, fd, request, arg); }
      |                                       ^~~~~~~
include/kapi_syscall.h: 在函数‘sys_pread64’中:
include/kapi_syscall.h:682:41: warning: 将一个指针转换为大小不同的整数 [-Wpointer-to-int-cast]
  682 | { return kapi_syscall4(SYS_pread64, fd, (long)buf, count, offset); }
      |                                         ^
include/kapi_syscall.h:682:52: warning: ‘long int’转换自‘size_t’ {或称 ‘long unsigned int’}时可能会改变结果的符号 [-Wsign-conversion]
  682 | { return kapi_syscall4(SYS_pread64, fd, (long)buf, count, offset); }
      |                                                    ^~~~~
include/kapi_syscall.h: 在函数‘sys_pwrite64’中:
include/kapi_syscall.h:685:42: warning: 将一个指针转换为大小不同的整数 [-Wpointer-to-int-cast]
  685 | { return kapi_syscall4(SYS_pwrite64, fd, (long)buf, count, offset); }
      |                                          ^
include/kapi_syscall.h:685:53: warning: ‘long int’转换自‘size_t’ {或称 ‘long unsigned int’}时可能会改变结果的符号 [-Wsign-conversion]
  685 | { return kapi_syscall4(SYS_pwrite64, fd, (long)buf, count, offset); }
      |                                                     ^~~~~
include/kapi_syscall.h: 在函数‘sys_readv’中:
include/kapi_syscall.h:688:39: warning: 将一个指针转换为大小不同的整数 [-Wpointer-to-int-cast]
  688 | { return kapi_syscall3(SYS_readv, fd, (long)iov, iovcnt); }
      |                                       ^
include/kapi_syscall.h: 在函数‘sys_writev’中:
include/kapi_syscall.h:691:40: warning: 将一个指针转换为大小不同的整数 [-Wpointer-to-int-cast]
  691 | { return kapi_syscall3(SYS_writev, fd, (long)iov, iovcnt); }
      |                                        ^
include/kapi_syscall.h: 在函数‘sys_getdents’中:
include/kapi_syscall.h:694:42: warning: 将一个指针转换为大小不同的整数 [-Wpointer-to-int-cast]
  694 | { return kapi_syscall3(SYS_getdents, fd, (long)dirp, count); }
      |                                          ^
include/kapi_syscall.h:694:54: warning: ‘long int’转换自‘unsigned int’时可能会改变结果的符号 [-Wsign-conversion]
  694 | { return kapi_syscall3(SYS_getdents, fd, (long)dirp, count); }
      |                                                      ^~~~~
include/kapi_syscall.h: 在函数‘sys_getdents64’中:
include/kapi_syscall.h:697:44: warning: 将一个指针转换为大小不同的整数 [-Wpointer-to-int-cast]
  697 | { return kapi_syscall3(SYS_getdents64, fd, (long)dirp, count); }
      |                                            ^
include/kapi_syscall.h:697:56: warning: ‘long int’转换自‘unsigned int’时可能会改变结果的符号 [-Wsign-conversion]
  697 | { return kapi_syscall3(SYS_getdents64, fd, (long)dirp, count); }
      |                                                        ^~~~~
include/kapi_syscall.h: 在函数‘sys_getgroups’中:
include/kapi_syscall.h:718:45: warning: 将一个指针转换为大小不同的整数 [-Wpointer-to-int-cast]
  718 | { return kapi_syscall2(SYS_getgroups, size, (long)list); }
      |                                             ^
include/kapi_syscall.h: 在函数‘sys_setgroups’中:
include/kapi_syscall.h:721:45: warning: 将一个指针转换为大小不同的整数 [-Wpointer-to-int-cast]
  721 | { return kapi_syscall2(SYS_setgroups, size, (long)list); }
      |                                             ^
include/kapi_syscall.h: 在函数‘sys_uname’中:
include/kapi_syscall.h:724:35: warning: 将一个指针转换为大小不同的整数 [-Wpointer-to-int-cast]
  724 | { return kapi_syscall1(SYS_uname, (long)buf); }
      |                                   ^
include/kapi_syscall.h: 在函数‘sys_sysinfo’中:
include/kapi_syscall.h:727:37: warning: 将一个指针转换为大小不同的整数 [-Wpointer-to-int-cast]
  727 | { return kapi_syscall1(SYS_sysinfo, (long)info); }
      |                                     ^
include/kapi_syscall.h: 在函数‘sys_getrlimit’中:
include/kapi_syscall.h:730:49: warning: 将一个指针转换为大小不同的整数 [-Wpointer-to-int-cast]
  730 | { return kapi_syscall2(SYS_getrlimit, resource, (long)rlim); }
      |                                                 ^
include/kapi_syscall.h: 在函数‘sys_setrlimit’中:
include/kapi_syscall.h:733:49: warning: 将一个指针转换为大小不同的整数 [-Wpointer-to-int-cast]
  733 | { return kapi_syscall2(SYS_setrlimit, resource, (long)rlim); }
      |                                                 ^
include/kapi_syscall.h: 在函数‘sys_getrusage’中:
include/kapi_syscall.h:736:44: warning: 将一个指针转换为大小不同的整数 [-Wpointer-to-int-cast]
  736 | { return kapi_syscall2(SYS_getrusage, who, (long)usage); }
      |                                            ^
include/kapi_syscall.h: 在函数‘sys_times’中:
include/kapi_syscall.h:739:35: warning: 将一个指针转换为大小不同的整数 [-Wpointer-to-int-cast]
  739 | { return kapi_syscall1(SYS_times, (long)tbuf); }
      |                                   ^
include/kapi_syscall.h: 在函数‘sys_reboot’中:
include/kapi_syscall.h:754:57: warning: 将一个指针转换为大小不同的整数 [-Wpointer-to-int-cast]
  754 | { return kapi_syscall4(SYS_reboot, magic1, magic2, cmd, (long)arg); }
      |                                                         ^
include/kapi_syscall.h: 在函数‘sys_chroot’中:
include/kapi_syscall.h:757:36: warning: 将一个指针转换为大小不同的整数 [-Wpointer-to-int-cast]
  757 | { return kapi_syscall1(SYS_chroot, (long)path); }
      |                                    ^
include/kapi_syscall.h: 在函数‘sys_sethostname’中:
include/kapi_syscall.h:760:41: warning: 将一个指针转换为大小不同的整数 [-Wpointer-to-int-cast]
  760 | { return kapi_syscall2(SYS_sethostname, (long)name, len); }
      |                                         ^
include/kapi_syscall.h: 在函数‘sys_setdomainname’中:
include/kapi_syscall.h:763:43: warning: 将一个指针转换为大小不同的整数 [-Wpointer-to-int-cast]
  763 | { return kapi_syscall2(SYS_setdomainname, (long)name, len); }
      |                                           ^
include/kapi_syscall.h: 在函数‘sys_init_module’中:
include/kapi_syscall.h:766:41: warning: 将一个指针转换为大小不同的整数 [-Wpointer-to-int-cast]
  766 | { return kapi_syscall3(SYS_init_module, (long)module_image, len, (long)param_values); }
      |                                         ^
include/kapi_syscall.h:766:66: warning: 将一个指针转换为大小不同的整数 [-Wpointer-to-int-cast]
  766 | { return kapi_syscall3(SYS_init_module, (long)module_image, len, (long)param_values); }
      |                                                                  ^
include/kapi_syscall.h:766:61: warning: ‘long int’转换自‘long unsigned int’时可能会改变结果的符号 [-Wsign-conversion]
  766 | { return kapi_syscall3(SYS_init_module, (long)module_image, len, (long)param_values); }
      |                                                             ^~~
include/kapi_syscall.h: 在函数‘sys_delete_module’中:
include/kapi_syscall.h:769:43: warning: 将一个指针转换为大小不同的整数 [-Wpointer-to-int-cast]
  769 | { return kapi_syscall2(SYS_delete_module, (long)name, flags); }
      |                                           ^
include/kapi_syscall.h:769:55: warning: ‘long int’转换自‘unsigned int’时可能会改变结果的符号 [-Wsign-conversion]
  769 | { return kapi_syscall2(SYS_delete_module, (long)name, flags); }
      |                                                       ^~~~~
include/kapi_syscall.h: 在函数‘sys_finit_module’中:
include/kapi_syscall.h:772:46: warning: 将一个指针转换为大小不同的整数 [-Wpointer-to-int-cast]
  772 | { return kapi_syscall3(SYS_finit_module, fd, (long)param_values, flags); }
      |                                              ^
kernel/kernel/syscall.c: 在函数‘kenux_syscall_entry’中:
kernel/kernel/syscall.c:51:32: warning: ISO C 不允许将一个对象指针转换为一个函数指针 [-Wpedantic]
   51 |         kapi_syscall_fn_t fn = (kapi_syscall_fn_t)syscall_table[nr].handler;
      |                                ^
<3> Building kernel/kernel/sync.c
<0> Building kernel/kernel/stacktrace.c
kernel/kernel/sync.c: 在函数‘mutex_is_locked’中:
kernel/kernel/sync.c:249:15: warning: ‘int’转换自‘uint32_t’ {或称 ‘unsigned int’}时可能会改变结果的符号 [-Wsign-conversion]
  249 |     return mtx->locked;
      |            ~~~^~~~~~~~
kernel/kernel/stacktrace.c: 在函数‘console_hex64’中:
kernel/kernel/stacktrace.c:48:23: warning: conversion from ‘int’ to ‘char’ may change value [-Wconversion]
<2> Building kernel/kernel/signal.c
   48 |         buf[15 - i] = (n < 10) ? ('0' + n) : ('a' + n - 10);
      |                       ^
kernel/kernel/stacktrace.c: 在函数‘console_hex32’中:
kernel/kernel/stacktrace.c:59:22: warning: conversion from ‘int’ to ‘char’ may change value [-Wconversion]
   59 |         buf[7 - i] = (n < 10) ? ('0' + n) : ('a' + n - 10);
      |                      ^
kernel/kernel/stacktrace.c: 在函数‘console_dec’中:
kernel/kernel/stacktrace.c:71:20: warning: conversion from ‘int’ to ‘char’ may change value [-Wconversion]
   71 |         buf[i++] = '0' + (int)(v % 10);
      |                    ^~~
kernel/kernel/stacktrace.c: 在函数‘print_frame’中:
kernel/kernel/stacktrace.c:222:17: warning: ‘uint64_t’ {或称 ‘long long unsigned int’}转换自‘int’时可能会改变结果的符号 [-Wsign-conversion]
  222 |     console_dec(frame_no);
      |                 ^~~~~~~~
kernel/kernel/stacktrace.c: 在函数‘__assert_fail’中:
kernel/kernel/stacktrace.c:309:20: warning: conversion from ‘int’ to ‘char’ may change value [-Wconversion]
  309 |         num[n++] = '0' + (l % 10);
      |                    ^~~
kernel/kernel/stacktrace.c: 在文件作用域：
kernel/kernel/stacktrace.c:54:13: warning: ‘console_hex32’ 在此处定义 [-Wunused-function]
   54 | static void console_hex32(uint32_t v)
      |             ^~~~~~~~~~~~~
kernel/kernel/stacktrace.c:25:13: warning: ‘serial_puts’ 在此处定义 [-Wunused-function]
   25 | static void serial_puts(const char* s)
      |             ^~~~~~~~~~~
kernel/kernel/signal.c: 在函数‘signal_send_info’中:
kernel/kernel/signal.c:184:19: warning: conversion from ‘uint64_t’ {或称 ‘long long unsigned int’} to ‘int’ may change value [-Wconversion]
  184 |     info.si_pid = current_process;
      |                   ^~~~~~~~~~~~~~~
kernel/kernel/signal.c: 在函数‘__signal_setup_frame’中:
kernel/kernel/signal.c:222:27: warning: conversion from ‘uint64_t’ {或称 ‘long long unsigned int’} to ‘int’ may change value [-Wconversion]
  222 |     siginfo_ptr->si_pid = current_process;
      |                           ^~~~~~~~~~~~~~~
kernel/kernel/signal.c: 在函数‘signal_do_pending’中:
kernel/kernel/signal.c:251:29: warning: ISO C 不允许在‘void *’和函数指针间比较 [-Wpedantic]
  251 |         if (act->sa_handler == (void*)1) {
      |                             ^~
kernel/kernel/signal.c:280:23: warning: conversion from ‘uint64_t’ {或称 ‘long long unsigned int’} to ‘int’ may change value [-Wconversion]
  280 |         info.si_pid = current_process;
      |                       ^~~~~~~~~~~~~~~
kernel/kernel/signal.c:289:20: warning: 未使用的变量‘old_blocked’ [-Wunused-variable]
  289 |         k_sigset_t old_blocked = sig_data->blocked;
      |                    ^~~~~~~~~~~
<1> Building kernel/kernel/shell_enhanced.c
kernel/kernel/shell_enhanced.c: 在函数‘shell_find_elf’中:
kernel/kernel/shell_enhanced.c:331:32: warning: conversion from ‘uint64_t’ {或称 ‘long long unsigned int’} to ‘size_t’ {或称 ‘long unsigned int’} may change value [-Wconversion]
  331 |         strncpy(out, cmd, size - 1);
      |                           ~~~~~^~~
kernel/kernel/shell_enhanced.c:336:23: warning: conversion from ‘uint64_t’ {或称 ‘long long unsigned int’} to ‘size_t’ {或称 ‘long unsigned int’} may change value [-Wconversion]
  336 |         snprintf(out, size, "%s%s", roots[i], cmd);
      |                       ^~~~
kernel/kernel/shell_enhanced.c: 在文件作用域：
kernel/kernel/shell_enhanced.c:239:12: warning: ‘shell_create_pipe’ 在此处定义 [-Wunused-function]
  239 | static int shell_create_pipe(int pipefd[2])
      |            ^~~~~~~~~~~~~~~~~
kernel/kernel/shell_enhanced.c:140:13: warning: ‘shell_unquote’ 在此处定义 [-Wunused-function]
  140 | static void shell_unquote(char* dst, const char* src, uint64_t max)
      |             ^~~~~~~~~~~~~
kernel/kernel/shell_enhanced.c:85:17: warning: ‘history_index’ 在此处定义 [-Wunused-variable]
   85 | static uint32_t history_index = 0;
      |                 ^~~~~~~~~~~~~
<2> Building kernel/kernel/rcu.c
<0> Building kernel/kernel/process.c
<3> Building kernel/kernel/printk.c
kernel/kernel/process.c: 在函数‘__process_trampoline’中:
kernel/kernel/process.c:23:29: warning: ISO C 不允许将一个对象指针转换为一个函数指针 [-Wpedantic]
   23 |         void (*fn)(void*) = (void (*)(void*))p->entry;
      |                             ^
kernel/kernel/process.c: 在函数‘process_switch’中:
kernel/kernel/process.c:133:63: warning: 未使用的参数‘old’ [-Wunused-parameter]
  133 | __attribute__((naked)) void process_switch(process_context_t* old, process_context_t* new)
      |                                            ~~~~~~~~~~~~~~~~~~~^~~
kernel/kernel/process.c:133:87: warning: 未使用的参数‘new’ [-Wunused-parameter]
  133 | __attribute__((naked)) void process_switch(process_context_t* old, process_context_t* new)
      |                                                                    ~~~~~~~~~~~~~~~~~~~^~~
kernel/kernel/process.c: 在函数‘process_fork’中:
kernel/kernel/process.c:556:15: warning: conversion from ‘uint64_t’ {或称 ‘long long unsigned int’} to ‘uint32_t’ {或称 ‘unsigned int’} may change value [-Wconversion]
  556 |         parent->flags,
      |         ~~~~~~^~~~~~~
kernel/kernel/printk.c: 在函数‘__vsnprintf’中:
kernel/kernel/printk.c:86:32: warning: conversion from ‘int’ to ‘char’ may change value [-Wconversion]
   86 |                     num[n++] = '0' + (val % 10);
      |                                ^~~
kernel/kernel/printk.c:97:32: warning: conversion from ‘unsigned int’ to ‘char’ may change value [-Wconversion]
   97 |                     num[n++] = '0' + (val % 10);
      |                                ^~~
kernel/kernel/printk.c:109:32: warning: conversion from ‘int’ to ‘char’ may change value [-Wconversion]
  109 |                     buf[i++] = (nibble < 10) ? ('0' + nibble) : ('a' + nibble - 10);
      |                                ^
kernel/kernel/printk.c:120:36: warning: conversion from ‘uint64_t’ {或称 ‘long long unsigned int’} to ‘char’ may change value [-Wconversion]
  120 |                         num[n++] = '0' + (val % 10);
      |                                    ^~~
kernel/kernel/printk.c:130:36: warning: conversion from ‘int’ to ‘char’ may change value [-Wconversion]
  130 |                         buf[i++] = (nibble < 10) ? ('0' + nibble) : ('a' + nibble - 10);
      |                                    ^
kernel/kernel/printk.c:141:36: warning: conversion from ‘int64_t’ {或称 ‘long long int’} to ‘char’ may change value [-Wconversion]
  141 |                         num[n++] = '0' + (val % 10);
      |                                    ^~~
kernel/kernel/printk.c:159:32: warning: conversion from ‘int’ to ‘char’ may change value [-Wconversion]
  159 |                     buf[i++] = (nibble < 10) ? ('0' + nibble) : ('a' + nibble - 10);
      |                                ^
kernel/kernel/printk.c: 在函数‘printk’中:
kernel/kernel/printk.c:199:22: warning: ‘uint64_t’ {或称 ‘long long unsigned int’}转换自‘int’时可能会改变结果的符号 [-Wsign-conversion]
  199 |     __log_store(buf, len);
      |                      ^~~
kernel/kernel/printk.c:202:28: warning: ‘uint64_t’ {或称 ‘long long unsigned int’}转换自‘int’时可能会改变结果的符号 [-Wsign-conversion]
  202 |         console_write(buf, len);
      |                            ^~~
kernel/kernel/printk.c: 在函数‘printk_emerg’中:
kernel/kernel/printk.c:213:22: warning: ‘uint64_t’ {或称 ‘long long unsigned int’}转换自‘int’时可能会改变结果的符号 [-Wsign-conversion]
  213 |     __log_store(buf, len);
      |                      ^~~
kernel/kernel/printk.c:214:24: warning: ‘uint64_t’ {或称 ‘long long unsigned int’}转换自‘int’时可能会改变结果的符号 [-Wsign-conversion]
  214 |     console_write(buf, len);
      |                        ^~~
kernel/kernel/printk.c: 在函数‘printk_alert’中:
kernel/kernel/printk.c:224:22: warning: ‘uint64_t’ {或称 ‘long long unsigned int’}转换自‘int’时可能会改变结果的符号 [-Wsign-conversion]
  224 |     __log_store(buf, len);
      |                      ^~~
kernel/kernel/printk.c:225:51: warning: ‘uint64_t’ {或称 ‘long long unsigned int’}转换自‘int’时可能会改变结果的符号 [-Wsign-conversion]
  225 |     if (1 <= console_loglevel) console_write(buf, len);
      |                                                   ^~~
kernel/kernel/printk.c: 在函数‘printk_crit’中:
kernel/kernel/printk.c:235:22: warning: ‘uint64_t’ {或称 ‘long long unsigned int’}转换自‘int’时可能会改变结果的符号 [-Wsign-conversion]
  235 |     __log_store(buf, len);
      |                      ^~~
kernel/kernel/printk.c:236:51: warning: ‘uint64_t’ {或称 ‘long long unsigned int’}转换自‘int’时可能会改变结果的符号 [-Wsign-conversion]
  236 |     if (2 <= console_loglevel) console_write(buf, len);
      |                                                   ^~~
kernel/kernel/printk.c: 在函数‘printk_err’中:
kernel/kernel/printk.c:246:22: warning: ‘uint64_t’ {或称 ‘long long unsigned int’}转换自‘int’时可能会改变结果的符号 [-Wsign-conversion]
  246 |     __log_store(buf, len);
      |                      ^~~
kernel/kernel/printk.c:247:51: warning: ‘uint64_t’ {或称 ‘long long unsigned int’}转换自‘int’时可能会改变结果的符号 [-Wsign-conversion]
  247 |     if (3 <= console_loglevel) console_write(buf, len);
      |                                                   ^~~
kernel/kernel/printk.c: 在函数‘printk_warn’中:
kernel/kernel/printk.c:257:22: warning: ‘uint64_t’ {或称 ‘long long unsigned int’}转换自‘int’时可能会改变结果的符号 [-Wsign-conversion]
  257 |     __log_store(buf, len);
      |                      ^~~
kernel/kernel/printk.c:258:51: warning: ‘uint64_t’ {或称 ‘long long unsigned int’}转换自‘int’时可能会改变结果的符号 [-Wsign-conversion]
  258 |     if (4 <= console_loglevel) console_write(buf, len);
      |                                                   ^~~
kernel/kernel/printk.c: 在函数‘printk_notice’中:
kernel/kernel/printk.c:268:22: warning: ‘uint64_t’ {或称 ‘long long unsigned int’}转换自‘int’时可能会改变结果的符号 [-Wsign-conversion]
  268 |     __log_store(buf, len);
      |                      ^~~
kernel/kernel/printk.c:269:51: warning: ‘uint64_t’ {或称 ‘long long unsigned int’}转换自‘int’时可能会改变结果的符号 [-Wsign-conversion]
  269 |     if (5 <= console_loglevel) console_write(buf, len);
      |                                                   ^~~
kernel/kernel/printk.c: 在函数‘printk_info’中:
kernel/kernel/printk.c:279:22: warning: ‘uint64_t’ {或称 ‘long long unsigned int’}转换自‘int’时可能会改变结果的符号 [-Wsign-conversion]
  279 |     __log_store(buf, len);
      |                      ^~~
kernel/kernel/printk.c:280:51: warning: ‘uint64_t’ {或称 ‘long long unsigned int’}转换自‘int’时可能会改变结果的符号 [-Wsign-conversion]
  280 |     if (6 <= console_loglevel) console_write(buf, len);
      |                                                   ^~~
kernel/kernel/printk.c: 在函数‘printk_debug’中:
kernel/kernel/printk.c:290:22: warning: ‘uint64_t’ {或称 ‘long long unsigned int’}转换自‘int’时可能会改变结果的符号 [-Wsign-conversion]
  290 |     __log_store(buf, len);
      |                      ^~~
kernel/kernel/printk.c:291:51: warning: ‘uint64_t’ {或称 ‘long long unsigned int’}转换自‘int’时可能会改变结果的符号 [-Wsign-conversion]
  291 |     if (7 <= console_loglevel) console_write(buf, len);
      |                                                   ^~~
<2> Building kernel/kernel/module.c
kernel/kernel/module.c: 在函数‘__apply_relocations’中:
kernel/kernel/module.c:147:47: warning: conversion from ‘uint32_t’ {或称 ‘unsigned int’} to ‘uint16_t’ {或称 ‘short unsigned int’} may change value [-Wconversion]
  147 |         void* target_base = section_base(mod, target_idx, shdrs, shstr, data);
      |                                               ^~~~~~~~~~
kernel/kernel/module.c:153:21: warning: 未使用的变量‘strtab’ [-Wunused-variable]
  153 |         const char* strtab = (const char*)mod->strtab;
      |                     ^~~~~~
kernel/kernel/module.c: 在函数‘module_load’中:
kernel/kernel/module.c:275:56: warning: ‘void *’型指针用在了算术表达式中 [-Wpointer-arith]
  275 |     const Elf64_Shdr* shdrs = (const Elf64_Shdr*)(data + ehdr->e_shoff);
      |                                                        ^
kernel/kernel/module.c:277:44: warning: ‘void *’型指针用在了算术表达式中 [-Wpointer-arith]
  277 |     const char* shstr = (const char*)(data + shstrtab->sh_offset);
      |                                            ^
kernel/kernel/module.c:288:57: warning: conversion from ‘uint64_t’ {或称 ‘long long unsigned int’} to ‘size_t’ {或称 ‘long unsigned int’} may change value [-Wconversion]
  288 |                     mod->text_section = kzalloc(shdrs[i].sh_size);
      |                                                 ~~~~~~~~^~~~~~~~
kernel/kernel/module.c:290:52: warning: ‘void *’型指针用在了算术表达式中 [-Wpointer-arith]
  290 |                     memcpy(mod->text_section, data + shdrs[i].sh_offset, shdrs[i].sh_size);
      |                                                    ^
kernel/kernel/module.c:290:82: warning: conversion from ‘uint64_t’ {或称 ‘long long unsigned int’} to ‘size_t’ {或称 ‘long unsigned int’} may change value [-Wconversion]
  290 |                     memcpy(mod->text_section, data + shdrs[i].sh_offset, shdrs[i].sh_size);
      |                                                                          ~~~~~~~~^~~~~~~~
kernel/kernel/module.c:295:57: warning: conversion from ‘uint64_t’ {或称 ‘long long unsigned int’} to ‘size_t’ {或称 ‘long unsigned int’} may change value [-Wconversion]
  295 |                     mod->data_section = kzalloc(shdrs[i].sh_size);
      |                                                 ~~~~~~~~^~~~~~~~
kernel/kernel/module.c:297:52: warning: ‘void *’型指针用在了算术表达式中 [-Wpointer-arith]
  297 |                     memcpy(mod->data_section, data + shdrs[i].sh_offset, shdrs[i].sh_size);
      |                                                    ^
kernel/kernel/module.c:297:82: warning: conversion from ‘uint64_t’ {或称 ‘long long unsigned int’} to ‘size_t’ {或称 ‘long unsigned int’} may change value [-Wconversion]
  297 |                     memcpy(mod->data_section, data + shdrs[i].sh_offset, shdrs[i].sh_size);
      |                                                                          ~~~~~~~~^~~~~~~~
kernel/kernel/module.c:302:59: warning: conversion from ‘uint64_t’ {或称 ‘long long unsigned int’} to ‘size_t’ {或称 ‘long unsigned int’} may change value [-Wconversion]
  302 |                     mod->rodata_section = kzalloc(shdrs[i].sh_size);
      |                                                   ~~~~~~~~^~~~~~~~
kernel/kernel/module.c:304:54: warning: ‘void *’型指针用在了算术表达式中 [-Wpointer-arith]
  304 |                     memcpy(mod->rodata_section, data + shdrs[i].sh_offset, shdrs[i].sh_size);
      |                                                      ^
kernel/kernel/module.c:304:84: warning: conversion from ‘uint64_t’ {或称 ‘long long unsigned int’} to ‘size_t’ {或称 ‘long unsigned int’} may change value [-Wconversion]
  304 |                     memcpy(mod->rodata_section, data + shdrs[i].sh_offset, shdrs[i].sh_size);
      |                                                                            ~~~~~~~~^~~~~~~~
kernel/kernel/module.c:310:52: warning: conversion from ‘uint64_t’ {或称 ‘long long unsigned int’} to ‘size_t’ {或称 ‘long unsigned int’} may change value [-Wconversion]
  310 |                 mod->bss_section = kzalloc(shdrs[i].sh_size);
      |                                            ~~~~~~~~^~~~~~~~
kernel/kernel/module.c:314:43: warning: conversion from ‘uint64_t’ {或称 ‘long long unsigned int’} to ‘size_t’ {或称 ‘long unsigned int’} may change value [-Wconversion]
  314 |             mod->symtab = kzalloc(shdrs[i].sh_size);
      |                                   ~~~~~~~~^~~~~~~~
kernel/kernel/module.c:315:55: warning: ‘void *’型指针用在了算术表达式中 [-Wpointer-arith]
  315 |             if (mod->symtab) memcpy(mod->symtab, data + shdrs[i].sh_offset, shdrs[i].sh_size);
      |                                                       ^
kernel/kernel/module.c:315:85: warning: conversion from ‘uint64_t’ {或称 ‘long long unsigned int’} to ‘size_t’ {或称 ‘long unsigned int’} may change value [-Wconversion]
  315 |             if (mod->symtab) memcpy(mod->symtab, data + shdrs[i].sh_offset, shdrs[i].sh_size);
      |                                                                             ~~~~~~~~^~~~~~~~
kernel/kernel/module.c:320:47: warning: conversion from ‘uint64_t’ {或称 ‘long long unsigned int’} to ‘size_t’ {或称 ‘long unsigned int’} may change value [-Wconversion]
  320 |                 mod->strtab = kzalloc(shdrs[i].sh_size);
      |                                       ~~~~~~~~^~~~~~~~
kernel/kernel/module.c:321:59: warning: ‘void *’型指针用在了算术表达式中 [-Wpointer-arith]
  321 |                 if (mod->strtab) memcpy(mod->strtab, data + shdrs[i].sh_offset, shdrs[i].sh_size);
      |                                                           ^
kernel/kernel/module.c:321:89: warning: conversion from ‘uint64_t’ {或称 ‘long long unsigned int’} to ‘size_t’ {或称 ‘long unsigned int’} may change value [-Wconversion]
  321 |                 if (mod->strtab) memcpy(mod->strtab, data + shdrs[i].sh_offset, shdrs[i].sh_size);
      |                                                                                 ~~~~~~~~^~~~~~~~
kernel/kernel/module.c: 在函数‘module_get_next’中:
kernel/kernel/module.c:472:20: warning: conversion from ‘long long int’ to ‘uint32_t’ {或称 ‘unsigned int’} may change value [-Wconversion]
  472 |     uint32_t idx = mod - module_table;
      |                    ^~~
<1> Building kernel/kernel/kthread.c
<0> Building kernel/kernel/kernel.c
kernel/kernel/kthread.c: 在函数‘kthread_entry’中:
kernel/kernel/kthread.c:29:18: warning: ‘uint64_t’ {或称 ‘long long unsigned int’}转换自‘int’时可能会改变结果的符号 [-Wsign-conversion]
   29 |     kt->result = ret;
      |                  ^~~
kernel/kernel/kthread.c: 在函数‘kthread_create’中:
kernel/kernel/kthread.c:50:44: warning: ISO C 不允许将一个函数指针转换为一个对象指针 [-Wpedantic]
   50 |     uint64_t pid = process_create_ex(name, (void*)kthread_entry, NULL,
      |                                            ^
kernel/kernel/kthread.c: 在文件作用域：
kernel/kernel/kthread.c:14:13: warning: ‘__kthread_wrapper’声明为‘static’却从未定义过 [-Wunused-function]
   14 | static void __kthread_wrapper(void);
      |             ^~~~~~~~~~~~~~~~~
<1> Building kernel/kernel/ipc.c
<3> Building kernel/kernel/interrupt.c
kernel/kernel/interrupt.c: 在函数‘interrupt_register’中:
kernel/kernel/interrupt.c:16:13: warning: 由于数据类型范围限制，比较结果永远为真 [-Wtype-limits]
   16 |     if (irq < 256) {
      |             ^
kernel/kernel/interrupt.c: 在函数‘interrupt_dispatch’中:
kernel/kernel/interrupt.c:75:33: warning: ISO C 不允许将一个对象指针转换为一个函数指针 [-Wpedantic]
   75 |         void (*handler)(void) = (void (*)(void))interrupt_handlers[irq];
      |                                 ^
kernel/kernel/interrupt.c: 在文件作用域：
kernel/kernel/interrupt.c:22:12: warning: ‘exception_has_error_code’ 在此处定义 [-Wunused-function]
   22 | static int exception_has_error_code(uint8_t vector)
      |            ^~~~~~~~~~~~~~~~~~~~~~~~
kernel/kernel/ipc.c: 在函数‘shm_get’中:
kernel/kernel/ipc.c:73:40: warning: unsigned conversion from ‘int’ to ‘uint64_t’ {或称 ‘long long unsigned int’} changes value from ‘-4096’ to ‘18446744073709547520’ [-Wsign-conversion]
   73 |     seg->size = (size + PAGE_SIZE - 1) & ~(PAGE_SIZE - 1);
      |                                        ^
kernel/kernel/ipc.c:74:33: warning: conversion from ‘uint64_t’ {或称 ‘long long unsigned int’} to ‘size_t’ {或称 ‘long unsigned int’} may change value [-Wconversion]
   74 |     seg->phys_addr = kzalloc(seg->size);
      |                              ~~~^~~~~~
kernel/kernel/ipc.c:81:24: warning: conversion from ‘uint64_t’ {或称 ‘long long unsigned int’} to ‘uint32_t’ {或称 ‘unsigned int’} may change value [-Wconversion]
   81 |     seg->creator_pid = current_process;
      |                        ^~~~~~~~~~~~~~~
kernel/kernel/ipc.c: 在函数‘shm_at’中:
kernel/kernel/ipc.c:111:14: warning: unsigned conversion from ‘int’ to ‘uint32_t’ {或称 ‘unsigned int’} changes value from ‘-3’ to ‘4294967293’ [-Wsign-conversion]
  111 |         prot &= ~PROT_WRITE;
      |              ^~
kernel/kernel/ipc.c: 在函数‘msg_get’中:
kernel/kernel/ipc.c:245:34: warning: conversion from ‘uint64_t’ {或称 ‘long long unsigned int’} to ‘uint32_t’ {或称 ‘unsigned int’} may change value [-Wconversion]
  245 |     msg_queues[id].creator_pid = current_process;
      |                                  ^~~~~~~~~~~~~~~
kernel/kernel/ipc.c: 在函数‘msg_send’中:
kernel/kernel/ipc.c:282:63: warning: conversion from ‘uint64_t’ {或称 ‘long long unsigned int’} to ‘size_t’ {或称 ‘long unsigned int’} may change value [-Wconversion]
  282 |     memcpy(entry->mtext, (const uint8_t*)msgp + sizeof(long), size);
      |                                                               ^~~~
kernel/kernel/ipc.c: 在函数‘msg_recv’中:
kernel/kernel/ipc.c:333:57: warning: conversion from ‘uint64_t’ {或称 ‘long long unsigned int’} to ‘size_t’ {或称 ‘long unsigned int’} may change value [-Wconversion]
  333 |     memcpy((uint8_t*)msgp + sizeof(long), entry->mtext, copy_size);
      |                                                         ^~~~~~~~~
kernel/kernel/ipc.c: 在函数‘sem_get’中:
kernel/kernel/ipc.c:410:17: warning: conversion from ‘int’ to ‘uint16_t’ {或称 ‘short unsigned int’} may change value [-Wconversion]
  410 |     ss->nsems = nsems;
      |                 ^~~~~
kernel/kernel/ipc.c:412:23: warning: conversion from ‘uint64_t’ {或称 ‘long long unsigned int’} to ‘uint32_t’ {或称 ‘unsigned int’} may change value [-Wconversion]
  412 |     ss->creator_pid = current_process;
      |                       ^~~~~~~~~~~~~~~
kernel/kernel/ipc.c: 在函数‘sem_op’中:
kernel/kernel/ipc.c:452:27: warning: conversion from ‘int’ to ‘int16_t’ {或称 ‘short int’} may change value [-Wconversion]
  452 |         ss->values[num] = val;
      |                           ^~~
kernel/kernel/ipc.c: 在函数‘sem_ctl’中:
kernel/kernel/ipc.c:472:38: warning: conversion from ‘int’ to ‘int16_t’ {或称 ‘short int’} may change value [-Wconversion]
  472 |                 ss->values[semnum] = *(int*)arg;
      |                                      ^
kernel/kernel/ipc.c: 在函数‘futex_wait’中:
kernel/kernel/ipc.c:503:52: warning: 未使用的参数‘timeout_ms’ [-Wunused-parameter]
  503 | int futex_wait(void* uaddr, uint32_t val, uint64_t timeout_ms)
      |                                           ~~~~~~~~~^~~~~~~~~~
kernel/kernel/ipc.c: 在函数‘futex_wake’中:
kernel/kernel/ipc.c:573:12: warning: ‘int’转换自‘uint32_t’ {或称 ‘unsigned int’}时可能会改变结果的符号 [-Wsign-conversion]
  573 |     return woken;
      |            ^~~~~
kernel/kernel/ipc.c: 在函数‘futex_requeue’中:
kernel/kernel/ipc.c:600:12: warning: ‘int’转换自‘uint32_t’ {或称 ‘unsigned int’}时可能会改变结果的符号 [-Wsign-conversion]
  600 |     return moved;
      |            ^~~~~
kernel/kernel/ipc.c: 在函数‘ipc_syscall’中:
kernel/kernel/ipc.c:626:53: warning: 将一个整数转换为大小不同的指针 [-Wint-to-pointer-cast]
  626 |                 void* ret = shm_at((uint32_t)first, (void*)second, (int)third);
      |                                                     ^
kernel/kernel/ipc.c:627:30: warning: 将一个指针转换为大小不同的整数 [-Wpointer-to-int-cast]
  627 |                 return ret ? (long)ret : -1;
      |                              ^
kernel/kernel/ipc.c:630:27: warning: 将一个整数转换为大小不同的指针 [-Wint-to-pointer-cast]
  630 |             return shm_dt((void*)first);
      |                           ^
kernel/kernel/ipc.c:632:58: warning: 将一个整数转换为大小不同的指针 [-Wint-to-pointer-cast]
  632 |             return shm_ctl((uint32_t)first, (int)second, (void*)third);
      |                                                          ^
kernel/kernel/ipc.c:641:46: warning: 将一个整数转换为大小不同的指针 [-Wint-to-pointer-cast]
  641 |             return msg_send((uint32_t)first, (void*)second, (uint64_t)third, (int)fourth);
      |                                              ^
kernel/kernel/ipc.c:643:46: warning: 将一个整数转换为大小不同的指针 [-Wint-to-pointer-cast]
  643 |             return msg_recv((uint32_t)first, (void*)second, (uint64_t)third, (long)fourth, (int)fifth);
      |                                              ^
kernel/kernel/ipc.c:645:58: warning: 将一个整数转换为大小不同的指针 [-Wint-to-pointer-cast]
  645 |             return msg_ctl((uint32_t)first, (int)second, (void*)third);
      |                                                          ^
kernel/kernel/ipc.c:654:44: warning: 将一个整数转换为大小不同的指针 [-Wint-to-pointer-cast]
  654 |             return sem_op((uint32_t)first, (struct sembuf*)second, (uint32_t)third);
      |                                            ^
kernel/kernel/ipc.c:656:70: warning: 将一个整数转换为大小不同的指针 [-Wint-to-pointer-cast]
  656 |             return sem_ctl((uint32_t)first, (int)second, (int)third, (void*)fifth);
      |                                                                      ^
kernel/kernel/ipc.c: 在函数‘ipc_send’中:
kernel/kernel/ipc.c:697:33: warning: conversion from ‘uint64_t’ {或称 ‘long long unsigned int’} to ‘size_t’ {或称 ‘long unsigned int’} may change value [-Wconversion]
  697 |         memcpy(msg->data, data, size);
      |                                 ^~~~
kernel/kernel/ipc.c: 在函数‘ipc_receive’中:
kernel/kernel/ipc.c:722:45: warning: conversion from ‘uint64_t’ {或称 ‘long long unsigned int’} to ‘size_t’ {或称 ‘long unsigned int’} may change value [-Wconversion]
  722 |                     memcpy(data, msg->data, copy_size);
      |                                             ^~~~~~~~~
kernel/kernel/ipc.c: 在函数‘ipc_channel_send’中:
kernel/kernel/ipc.c:828:33: warning: conversion from ‘uint64_t’ {或称 ‘long long unsigned int’} to ‘size_t’ {或称 ‘long unsigned int’} may change value [-Wconversion]
  828 |         memcpy(msg->data, data, size);
      |                                 ^~~~
kernel/kernel/ipc.c: 在函数‘ipc_channel_recv’中:
kernel/kernel/ipc.c:855:33: warning: conversion from ‘uint64_t’ {或称 ‘long long unsigned int’} to ‘size_t’ {或称 ‘long unsigned int’} may change value [-Wconversion]
  855 |         memcpy(data, msg->data, copy_size);
      |                                 ^~~~~~~~~
kernel/kernel/ipc.c: 在函数‘ipc_shm_create’中:
kernel/kernel/ipc.c:917:52: warning: unsigned conversion from ‘int’ to ‘uint64_t’ {或称 ‘long long unsigned int’} changes value from ‘-4096’ to ‘18446744073709547520’ [-Wsign-conversion]
  917 |     uint64_t aligned_size = (size + PAGE_SIZE - 1) & ~(PAGE_SIZE - 1);
      |                                                    ^
kernel/kernel/ipc.c:918:25: warning: conversion from ‘uint64_t’ {或称 ‘long long unsigned int’} to ‘size_t’ {或称 ‘long unsigned int’} may change value [-Wconversion]
  918 |     shm->addr = kzalloc(aligned_size);
      |                         ^~~~~~~~~~~~
<0> Building kernel/kernel/gdb_stub.c
<3> Building kernel/kernel/fs.c
kernel/kernel/gdb_stub.c: 在函数‘com1_read’中:
kernel/kernel/gdb_stub.c:49:12: warning: ‘char’转换自‘uint8_t’ {或称 ‘unsigned char’}时可能会改变结果的符号 [-Wsign-conversion]
   49 |     return inb(COM1_RBR);
      |            ^~~~~~~~~~~~~
kernel/kernel/gdb_stub.c: 在函数‘com1_write’中:
kernel/kernel/gdb_stub.c:55:20: warning: ‘uint8_t’ {或称 ‘unsigned char’}转换自‘char’时可能会改变结果的符号 [-Wsign-conversion]
   55 |     outb(COM1_THR, c);
      |                    ^
kernel/kernel/gdb_stub.c: 在函数‘gdb_get_packet’中:
kernel/kernel/gdb_stub.c:100:21: warning: conversion from ‘int’ to ‘uint8_t’ {或称 ‘unsigned char’} may change value [-Wconversion]
  100 |     recv_checksum = (c >= 'a') ? (c - 'a' + 10) : (c - '0') << 4;
      |                     ^
kernel/kernel/gdb_stub.c:102:22: warning: conversion from ‘int’ to ‘uint8_t’ {或称 ‘unsigned char’} may change value [-Wconversion]
  102 |     recv_checksum |= (c >= 'a') ? (c - 'a' + 10) : (c - '0');
      |                      ^
kernel/kernel/gdb_stub.c: 在函数‘hex_to_u64’中:
kernel/kernel/gdb_stub.c:130:13: warning: ‘uint64_t’ {或称 ‘long long unsigned int’}转换自‘int’时可能会改变结果的符号 [-Wsign-conversion]
  130 |         val |= hex2int(*s);
      |             ^~
kernel/kernel/gdb_stub.c: 在函数‘gdb_stub_enter’中:
kernel/kernel/gdb_stub.c:261:59: warning: ‘size_t’ {或称 ‘long unsigned int’}转换自‘int’时可能会改变结果的符号 [-Wsign-conversion]
  261 |                 char* comma = (char*)memchr(gdb_buf, ',', len);
      |                                                           ^~~
kernel/kernel/gdb_stub.c:282:59: warning: ‘size_t’ {或称 ‘long unsigned int’}转换自‘int’时可能会改变结果的符号 [-Wsign-conversion]
  282 |                 char* comma = (char*)memchr(gdb_buf, ',', len);
      |                                                           ^~~
kernel/kernel/gdb_stub.c:286:89: warning: conversion from ‘long long int’ to ‘size_t’ {或称 ‘long unsigned int’} may change value [-Wconversion]
  286 |                     char* colon = (char*)memchr(comma + 1, ':', len - (comma - gdb_buf) - 1);
      |                                                                 ~~~~~~~~~~~~~~~~~~~~~~~~^~~
kernel/kernel/gdb_stub.c:305:63: warning: ‘size_t’ {或称 ‘long unsigned int’}转换自‘int’时可能会改变结果的符号 [-Wsign-conversion]
  305 |                 char* comma = (char*)memchr(gdb_buf + 2, ',', len);
      |                                                               ^~~
kernel/kernel/gdb_stub.c:319:63: warning: ‘size_t’ {或称 ‘long unsigned int’}转换自‘int’时可能会改变结果的符号 [-Wsign-conversion]
  319 |                 char* comma = (char*)memchr(gdb_buf + 2, ',', len);
      |                                                               ^~~
kernel/kernel/gdb_stub.c:354:21: warning: 未使用的变量‘len’ [-Wunused-variable]
  354 |                 int len = gdb_get_packet(gdb_buf, sizeof(gdb_buf));
      |                     ^~~
<2> Building kernel/kernel/fifo.c
kernel/kernel/fs.c: 在函数‘vfs_readlink’中:
kernel/kernel/fs.c:573:25: warning: conversion from ‘uint64_t’ {或称 ‘long long unsigned int’} to ‘size_t’ {或称 ‘long unsigned int’} may change value [-Wconversion]
  573 |     memcpy(buf, target, len);
      |                         ^~~
<2> Building kernel/kernel/epoll.c
<0> Building kernel/kernel/drivers.c
kernel/kernel/drivers.c: 在函数‘drivers_register’中:
kernel/kernel/drivers.c:39:34: warning: ISO C 不允许将一个对象指针转换为一个函数指针 [-Wpedantic]
   39 |     drivers[driver_count].init = (int (*)(void))init_func;
      |                                  ^
<0> Building kernel/kernel/devtmpfs.c
<2> Building kernel/kernel/cgroup.c
-- Enter folder kernel/gui/src --
<3> Building kernel/gui/src/textedit.c
<0> Building kernel/gui/src/terminal.c
kernel/gui/src/textedit.c: 在函数‘te_int_to_str’中:
kernel/gui/src/textedit.c:84:34: warning: conversion from ‘uint32_t’ {或称 ‘unsigned int’} to ‘char’ may change value [-Wconversion]
   84 |     while (val > 0) { tmp[i++] = '0' + (val % 10); val /= 10; }
      |                                  ^~~
kernel/gui/src/terminal.c: 在函数‘term_int_to_str’中:
kernel/gui/src/terminal.c:95:34: warning: conversion from ‘uint32_t’ {或称 ‘unsigned int’} to ‘char’ may change value [-Wconversion]
   95 |     while (val > 0) { tmp[i++] = '0' + (val % 10); val /= 10; }
      |                                  ^~~
kernel/gui/src/textedit.c: 在函数‘te_draw_line_numbers’中:
kernel/gui/src/textedit.c:274:69: warning: 未使用的参数‘cw’ [-Wunused-parameter]
  274 | static void te_draw_line_numbers(uint32_t cx, uint32_t cy, uint32_t cw, uint32_t ch) {
      |                                                            ~~~~~~~~~^~
<1> Building kernel/gui/src/taskmgr.c
<2> Building kernel/gui/src/psf.c
<3> Building kernel/gui/src/main.c
kernel/gui/src/main.c: 在函数‘int_to_string’中:
kernel/gui/src/main.c:53:34: warning: conversion from ‘uint32_t’ {或称 ‘unsigned int’} to ‘char’ may change value [-Wconversion]
   53 |     while (val > 0) { tmp[i++] = '0' + (val % 10); val /= 10; }
      |                                  ^~~
kernel/gui/src/main.c: 在函数‘button_ok_click’中:
kernel/gui/src/main.c:92:39: warning: 未使用的参数‘wgt’ [-Wunused-parameter]
   92 | static void button_ok_click(widget_t* wgt, void* user_data) {
      |                             ~~~~~~~~~~^~~
kernel/gui/src/main.c:92:50: warning: 未使用的参数‘user_data’ [-Wunused-parameter]
   92 | static void button_ok_click(widget_t* wgt, void* user_data) {
      |                                            ~~~~~~^~~~~~~~~
kernel/gui/src/main.c: 在函数‘button_clear_click’中:
kernel/gui/src/main.c:109:42: warning: 未使用的参数‘wgt’ [-Wunused-parameter]
  109 | static void button_clear_click(widget_t* wgt, void* user_data) {
      |                                ~~~~~~~~~~^~~
kernel/gui/src/main.c:109:53: warning: 未使用的参数‘user_data’ [-Wunused-parameter]
  109 | static void button_clear_click(widget_t* wgt, void* user_data) {
      |                                               ~~~~~~^~~~~~~~~
kernel/gui/src/main.c: 在函数‘button_about_click’中:
kernel/gui/src/main.c:117:42: warning: 未使用的参数‘wgt’ [-Wunused-parameter]
  117 | static void button_about_click(widget_t* wgt, void* user_data) {
      |                                ~~~~~~~~~~^~~
kernel/gui/src/main.c:117:53: warning: 未使用的参数‘user_data’ [-Wunused-parameter]
  117 | static void button_about_click(widget_t* wgt, void* user_data) {
      |                                               ~~~~~~^~~~~~~~~
kernel/gui/src/main.c: 在函数‘theme_light_click’中:
kernel/gui/src/main.c:276:41: warning: 未使用的参数‘wgt’ [-Wunused-parameter]
  276 | static void theme_light_click(widget_t* wgt, void* user_data) {
      |                               ~~~~~~~~~~^~~
kernel/gui/src/main.c:276:52: warning: 未使用的参数‘user_data’ [-Wunused-parameter]
  276 | static void theme_light_click(widget_t* wgt, void* user_data) {
      |                                              ~~~~~~^~~~~~~~~
<1> Building kernel/gui/src/kui_draw.c
kernel/gui/src/main.c: 在函数‘theme_dark_click’中:
kernel/gui/src/main.c:282:40: warning: 未使用的参数‘wgt’ [-Wunused-parameter]
  282 | static void theme_dark_click(widget_t* wgt, void* user_data) {
      |                              ~~~~~~~~~~^~~
kernel/gui/src/main.c:282:51: warning: 未使用的参数‘user_data’ [-Wunused-parameter]
  282 | static void theme_dark_click(widget_t* wgt, void* user_data) {
      |                                             ~~~~~~^~~~~~~~~
kernel/gui/src/main.c: 在函数‘theme_blue_click’中:
kernel/gui/src/main.c:288:40: warning: 未使用的参数‘wgt’ [-Wunused-parameter]
  288 | static void theme_blue_click(widget_t* wgt, void* user_data) {
      |                              ~~~~~~~~~~^~~
kernel/gui/src/main.c:288:51: warning: 未使用的参数‘user_data’ [-Wunused-parameter]
  288 | static void theme_blue_click(widget_t* wgt, void* user_data) {
      |                                             ~~~~~~^~~~~~~~~
kernel/gui/src/main.c: 在函数‘theme_green_click’中:
kernel/gui/src/main.c:294:41: warning: 未使用的参数‘wgt’ [-Wunused-parameter]
  294 | static void theme_green_click(widget_t* wgt, void* user_data) {
      |                               ~~~~~~~~~~^~~
kernel/gui/src/main.c:294:52: warning: 未使用的参数‘user_data’ [-Wunused-parameter]
  294 | static void theme_green_click(widget_t* wgt, void* user_data) {
      |                                              ~~~~~~^~~~~~~~~
kernel/gui/src/main.c: 在函数‘theme_sunset_click’中:
kernel/gui/src/main.c:300:42: warning: 未使用的参数‘wgt’ [-Wunused-parameter]
  300 | static void theme_sunset_click(widget_t* wgt, void* user_data) {
      |                                ~~~~~~~~~~^~~
kernel/gui/src/main.c:300:53: warning: 未使用的参数‘user_data’ [-Wunused-parameter]
  300 | static void theme_sunset_click(widget_t* wgt, void* user_data) {
      |                                               ~~~~~~^~~~~~~~~
kernel/gui/src/main.c: 在函数‘theme_ocean_click’中:
kernel/gui/src/main.c:306:41: warning: 未使用的参数‘wgt’ [-Wunused-parameter]
  306 | static void theme_ocean_click(widget_t* wgt, void* user_data) {
      |                               ~~~~~~~~~~^~~
kernel/gui/src/main.c:306:52: warning: 未使用的参数‘user_data’ [-Wunused-parameter]
  306 | static void theme_ocean_click(widget_t* wgt, void* user_data) {
      |                                              ~~~~~~^~~~~~~~~
kernel/gui/src/main.c: 在函数‘theme_forest_click’中:
kernel/gui/src/main.c:312:42: warning: 未使用的参数‘wgt’ [-Wunused-parameter]
  312 | static void theme_forest_click(widget_t* wgt, void* user_data) {
      |                                ~~~~~~~~~~^~~
kernel/gui/src/main.c:312:53: warning: 未使用的参数‘user_data’ [-Wunused-parameter]
  312 | static void theme_forest_click(widget_t* wgt, void* user_data) {
      |                                               ~~~~~~^~~~~~~~~
kernel/gui/src/main.c: 在函数‘theme_aurora_click’中:
kernel/gui/src/main.c:318:42: warning: 未使用的参数‘wgt’ [-Wunused-parameter]
  318 | static void theme_aurora_click(widget_t* wgt, void* user_data) {
      |                                ~~~~~~~~~~^~~
kernel/gui/src/main.c:318:53: warning: 未使用的参数‘user_data’ [-Wunused-parameter]
  318 | static void theme_aurora_click(widget_t* wgt, void* user_data) {
      |                                               ~~~~~~^~~~~~~~~
kernel/gui/src/main.c: 在函数‘theme_rose_click’中:
kernel/gui/src/main.c:324:40: warning: 未使用的参数‘wgt’ [-Wunused-parameter]
  324 | static void theme_rose_click(widget_t* wgt, void* user_data) {
      |                              ~~~~~~~~~~^~~
kernel/gui/src/main.c:324:51: warning: 未使用的参数‘user_data’ [-Wunused-parameter]
  324 | static void theme_rose_click(widget_t* wgt, void* user_data) {
      |                                             ~~~~~~^~~~~~~~~
kernel/gui/src/main.c: 在函数‘theme_gold_click’中:
kernel/gui/src/main.c:330:40: warning: 未使用的参数‘wgt’ [-Wunused-parameter]
  330 | static void theme_gold_click(widget_t* wgt, void* user_data) {
      |                              ~~~~~~~~~~^~~
kernel/gui/src/main.c:330:51: warning: 未使用的参数‘user_data’ [-Wunused-parameter]
  330 | static void theme_gold_click(widget_t* wgt, void* user_data) {
      |                                             ~~~~~~^~~~~~~~~
kernel/gui/src/main.c: 在函数‘theme_midnight_click’中:
kernel/gui/src/main.c:336:44: warning: 未使用的参数‘wgt’ [-Wunused-parameter]
  336 | static void theme_midnight_click(widget_t* wgt, void* user_data) {
      |                                  ~~~~~~~~~~^~~
kernel/gui/src/main.c:336:55: warning: 未使用的参数‘user_data’ [-Wunused-parameter]
  336 | static void theme_midnight_click(widget_t* wgt, void* user_data) {
      |                                                 ~~~~~~^~~~~~~~~
kernel/gui/src/main.c: 在函数‘theme_lavender_click’中:
kernel/gui/src/main.c:342:44: warning: 未使用的参数‘wgt’ [-Wunused-parameter]
  342 | static void theme_lavender_click(widget_t* wgt, void* user_data) {
      |                                  ~~~~~~~~~~^~~
kernel/gui/src/main.c:342:55: warning: 未使用的参数‘user_data’ [-Wunused-parameter]
  342 | static void theme_lavender_click(widget_t* wgt, void* user_data) {
      |                                                 ~~~~~~^~~~~~~~~
kernel/gui/src/main.c: 在函数‘accent_blue_click’中:
kernel/gui/src/main.c:348:41: warning: 未使用的参数‘wgt’ [-Wunused-parameter]
  348 | static void accent_blue_click(widget_t* wgt, void* user_data) {
      |                               ~~~~~~~~~~^~~
kernel/gui/src/main.c:348:52: warning: 未使用的参数‘user_data’ [-Wunused-parameter]
  348 | static void accent_blue_click(widget_t* wgt, void* user_data) {
      |                                              ~~~~~~^~~~~~~~~
kernel/gui/src/main.c: 在函数‘accent_red_click’中:
kernel/gui/src/main.c:353:40: warning: 未使用的参数‘wgt’ [-Wunused-parameter]
  353 | static void accent_red_click(widget_t* wgt, void* user_data) {
      |                              ~~~~~~~~~~^~~
kernel/gui/src/main.c:353:51: warning: 未使用的参数‘user_data’ [-Wunused-parameter]
  353 | static void accent_red_click(widget_t* wgt, void* user_data) {
      |                                             ~~~~~~^~~~~~~~~
kernel/gui/src/main.c: 在函数‘accent_green_click’中:
kernel/gui/src/main.c:358:42: warning: 未使用的参数‘wgt’ [-Wunused-parameter]
  358 | static void accent_green_click(widget_t* wgt, void* user_data) {
      |                                ~~~~~~~~~~^~~
kernel/gui/src/main.c:358:53: warning: 未使用的参数‘user_data’ [-Wunused-parameter]
  358 | static void accent_green_click(widget_t* wgt, void* user_data) {
      |                                               ~~~~~~^~~~~~~~~
kernel/gui/src/main.c: 在函数‘accent_purple_click’中:
kernel/gui/src/main.c:363:43: warning: 未使用的参数‘wgt’ [-Wunused-parameter]
  363 | static void accent_purple_click(widget_t* wgt, void* user_data) {
      |                                 ~~~~~~~~~~^~~
kernel/gui/src/main.c:363:54: warning: 未使用的参数‘user_data’ [-Wunused-parameter]
  363 | static void accent_purple_click(widget_t* wgt, void* user_data) {
      |                                                ~~~~~~^~~~~~~~~
kernel/gui/src/main.c: 在函数‘accent_orange_click’中:
kernel/gui/src/main.c:368:43: warning: 未使用的参数‘wgt’ [-Wunused-parameter]
  368 | static void accent_orange_click(widget_t* wgt, void* user_data) {
      |                                 ~~~~~~~~~~^~~
kernel/gui/src/main.c:368:54: warning: 未使用的参数‘user_data’ [-Wunused-parameter]
  368 | static void accent_orange_click(widget_t* wgt, void* user_data) {
      |                                                ~~~~~~^~~~~~~~~
kernel/gui/src/main.c: 在函数‘accent_pink_click’中:
kernel/gui/src/main.c:373:41: warning: 未使用的参数‘wgt’ [-Wunused-parameter]
  373 | static void accent_pink_click(widget_t* wgt, void* user_data) {
      |                               ~~~~~~~~~~^~~
kernel/gui/src/main.c:373:52: warning: 未使用的参数‘user_data’ [-Wunused-parameter]
  373 | static void accent_pink_click(widget_t* wgt, void* user_data) {
      |                                              ~~~~~~^~~~~~~~~
kernel/gui/src/main.c: 在函数‘accent_teal_click’中:
kernel/gui/src/main.c:378:41: warning: 未使用的参数‘wgt’ [-Wunused-parameter]
  378 | static void accent_teal_click(widget_t* wgt, void* user_data) {
      |                               ~~~~~~~~~~^~~
kernel/gui/src/main.c:378:52: warning: 未使用的参数‘user_data’ [-Wunused-parameter]
  378 | static void accent_teal_click(widget_t* wgt, void* user_data) {
      |                                              ~~~~~~^~~~~~~~~
kernel/gui/src/main.c: 在函数‘accent_indigo_click’中:
kernel/gui/src/main.c:383:43: warning: 未使用的参数‘wgt’ [-Wunused-parameter]
  383 | static void accent_indigo_click(widget_t* wgt, void* user_data) {
      |                                 ~~~~~~~~~~^~~
kernel/gui/src/main.c:383:54: warning: 未使用的参数‘user_data’ [-Wunused-parameter]
  383 | static void accent_indigo_click(widget_t* wgt, void* user_data) {
      |                                                ~~~~~~^~~~~~~~~
kernel/gui/src/main.c: 在函数‘accent_rose_click’中:
kernel/gui/src/main.c:388:41: warning: 未使用的参数‘wgt’ [-Wunused-parameter]
  388 | static void accent_rose_click(widget_t* wgt, void* user_data) {
      |                               ~~~~~~~~~~^~~
kernel/gui/src/main.c:388:52: warning: 未使用的参数‘user_data’ [-Wunused-parameter]
  388 | static void accent_rose_click(widget_t* wgt, void* user_data) {
      |                                              ~~~~~~^~~~~~~~~
kernel/gui/src/main.c: 在函数‘accent_amber_click’中:
kernel/gui/src/main.c:393:42: warning: 未使用的参数‘wgt’ [-Wunused-parameter]
  393 | static void accent_amber_click(widget_t* wgt, void* user_data) {
      |                                ~~~~~~~~~~^~~
kernel/gui/src/main.c:393:53: warning: 未使用的参数‘user_data’ [-Wunused-parameter]
  393 | static void accent_amber_click(widget_t* wgt, void* user_data) {
      |                                               ~~~~~~^~~~~~~~~
kernel/gui/src/main.c: 在函数‘accent_emerald_click’中:
kernel/gui/src/main.c:398:44: warning: 未使用的参数‘wgt’ [-Wunused-parameter]
  398 | static void accent_emerald_click(widget_t* wgt, void* user_data) {
      |                                  ~~~~~~~~~~^~~
kernel/gui/src/main.c:398:55: warning: 未使用的参数‘user_data’ [-Wunused-parameter]
  398 | static void accent_emerald_click(widget_t* wgt, void* user_data) {
      |                                                 ~~~~~~^~~~~~~~~
kernel/gui/src/main.c: 在函数‘accent_violet_click’中:
kernel/gui/src/main.c:403:43: warning: 未使用的参数‘wgt’ [-Wunused-parameter]
  403 | static void accent_violet_click(widget_t* wgt, void* user_data) {
      |                                 ~~~~~~~~~~^~~
kernel/gui/src/main.c:403:54: warning: 未使用的参数‘user_data’ [-Wunused-parameter]
  403 | static void accent_violet_click(widget_t* wgt, void* user_data) {
      |                                                ~~~~~~^~~~~~~~~
kernel/gui/src/main.c: 在函数‘accent_fuchsia_click’中:
kernel/gui/src/main.c:408:44: warning: 未使用的参数‘wgt’ [-Wunused-parameter]
  408 | static void accent_fuchsia_click(widget_t* wgt, void* user_data) {
      |                                  ~~~~~~~~~~^~~
kernel/gui/src/main.c:408:55: warning: 未使用的参数‘user_data’ [-Wunused-parameter]
  408 | static void accent_fuchsia_click(widget_t* wgt, void* user_data) {
      |                                                 ~~~~~~^~~~~~~~~
kernel/gui/src/main.c: 在函数‘accent_sky_click’中:
kernel/gui/src/main.c:413:40: warning: 未使用的参数‘wgt’ [-Wunused-parameter]
  413 | static void accent_sky_click(widget_t* wgt, void* user_data) {
      |                              ~~~~~~~~~~^~~
kernel/gui/src/main.c:413:51: warning: 未使用的参数‘user_data’ [-Wunused-parameter]
  413 | static void accent_sky_click(widget_t* wgt, void* user_data) {
      |                                             ~~~~~~^~~~~~~~~
kernel/gui/src/main.c: 在函数‘accent_lime_click’中:
kernel/gui/src/main.c:418:41: warning: 未使用的参数‘wgt’ [-Wunused-parameter]
  418 | static void accent_lime_click(widget_t* wgt, void* user_data) {
      |                               ~~~~~~~~~~^~~
kernel/gui/src/main.c:418:52: warning: 未使用的参数‘user_data’ [-Wunused-parameter]
  418 | static void accent_lime_click(widget_t* wgt, void* user_data) {
      |                                              ~~~~~~^~~~~~~~~
kernel/gui/src/main.c: 在函数‘wall_default_click’中:
kernel/gui/src/main.c:423:42: warning: 未使用的参数‘wgt’ [-Wunused-parameter]
  423 | static void wall_default_click(widget_t* wgt, void* user_data) {
      |                                ~~~~~~~~~~^~~
kernel/gui/src/main.c:423:53: warning: 未使用的参数‘user_data’ [-Wunused-parameter]
  423 | static void wall_default_click(widget_t* wgt, void* user_data) {
      |                                               ~~~~~~^~~~~~~~~
kernel/gui/src/main.c: 在函数‘wall_sunset_click’中:
kernel/gui/src/main.c:427:41: warning: 未使用的参数‘wgt’ [-Wunused-parameter]
  427 | static void wall_sunset_click(widget_t* wgt, void* user_data) {
      |                               ~~~~~~~~~~^~~
kernel/gui/src/main.c:427:52: warning: 未使用的参数‘user_data’ [-Wunused-parameter]
  427 | static void wall_sunset_click(widget_t* wgt, void* user_data) {
      |                                              ~~~~~~^~~~~~~~~
kernel/gui/src/main.c: 在函数‘wall_forest_click’中:
kernel/gui/src/main.c:431:41: warning: 未使用的参数‘wgt’ [-Wunused-parameter]
  431 | static void wall_forest_click(widget_t* wgt, void* user_data) {
      |                               ~~~~~~~~~~^~~
kernel/gui/src/main.c:431:52: warning: 未使用的参数‘user_data’ [-Wunused-parameter]
  431 | static void wall_forest_click(widget_t* wgt, void* user_data) {
      |                                              ~~~~~~^~~~~~~~~
kernel/gui/src/main.c: 在函数‘wall_night_click’中:
kernel/gui/src/main.c:435:40: warning: 未使用的参数‘wgt’ [-Wunused-parameter]
  435 | static void wall_night_click(widget_t* wgt, void* user_data) {
      |                              ~~~~~~~~~~^~~
kernel/gui/src/main.c:435:51: warning: 未使用的参数‘user_data’ [-Wunused-parameter]
  435 | static void wall_night_click(widget_t* wgt, void* user_data) {
      |                                             ~~~~~~^~~~~~~~~
kernel/gui/src/main.c: 在函数‘wall_ocean_click’中:
kernel/gui/src/main.c:439:40: warning: 未使用的参数‘wgt’ [-Wunused-parameter]
  439 | static void wall_ocean_click(widget_t* wgt, void* user_data) {
      |                              ~~~~~~~~~~^~~
kernel/gui/src/main.c:439:51: warning: 未使用的参数‘user_data’ [-Wunused-parameter]
  439 | static void wall_ocean_click(widget_t* wgt, void* user_data) {
      |                                             ~~~~~~^~~~~~~~~
kernel/gui/src/main.c: 在函数‘wall_aurora_click’中:
kernel/gui/src/main.c:443:41: warning: 未使用的参数‘wgt’ [-Wunused-parameter]
  443 | static void wall_aurora_click(widget_t* wgt, void* user_data) {
      |                               ~~~~~~~~~~^~~
kernel/gui/src/main.c:443:52: warning: 未使用的参数‘user_data’ [-Wunused-parameter]
  443 | static void wall_aurora_click(widget_t* wgt, void* user_data) {
      |                                              ~~~~~~^~~~~~~~~
kernel/gui/src/main.c: 在函数‘wall_rose_click’中:
kernel/gui/src/main.c:447:39: warning: 未使用的参数‘wgt’ [-Wunused-parameter]
  447 | static void wall_rose_click(widget_t* wgt, void* user_data) {
      |                             ~~~~~~~~~~^~~
kernel/gui/src/main.c:447:50: warning: 未使用的参数‘user_data’ [-Wunused-parameter]
  447 | static void wall_rose_click(widget_t* wgt, void* user_data) {
      |                                            ~~~~~~^~~~~~~~~
kernel/gui/src/main.c: 在函数‘wall_gold_click’中:
kernel/gui/src/main.c:451:39: warning: 未使用的参数‘wgt’ [-Wunused-parameter]
  451 | static void wall_gold_click(widget_t* wgt, void* user_data) {
      |                             ~~~~~~~~~~^~~
kernel/gui/src/main.c:451:50: warning: 未使用的参数‘user_data’ [-Wunused-parameter]
  451 | static void wall_gold_click(widget_t* wgt, void* user_data) {
      |                                            ~~~~~~^~~~~~~~~
kernel/gui/src/main.c: 在函数‘gui_run’中:
kernel/gui/src/main.c:1036:34: warning: conversion from ‘uint64_t’ {或称 ‘long long unsigned int’} to ‘uint32_t’ {或称 ‘unsigned int’} may change value [-Wconversion]
 1036 |             uint32_t total_min = desktop_clock_base_min + elapsed_sec / 60;
      |                                  ^~~~~~~~~~~~~~~~~~~~~~
kernel/gui/src/main.c: 在文件作用域：
kernel/gui/src/main.c:133:13: warning: ‘menu_open_main’ 在此处定义 [-Wunused-function]
  133 | static void menu_open_main(void) {
      |             ^~~~~~~~~~~~~~
kernel/gui/src/main.c:109:13: warning: ‘button_clear_click’ 在此处定义 [-Wunused-function]
  109 | static void button_clear_click(widget_t* wgt, void* user_data) {
      |             ^~~~~~~~~~~~~~~~~~
kernel/gui/src/main.c:39:18: warning: ‘color_gallery_win’ 在此处定义 [-Wunused-variable]
   39 | static window_t* color_gallery_win = NULL;
      |                  ^~~~~~~~~~~~~~~~~
kernel/gui/src/main.c:34:13: warning: ‘test_pattern_active’ 在此处定义 [-Wunused-variable]
   34 | static bool test_pattern_active = false;  /* 颜色测试界面激活标志 */
      |             ^~~~~~~~~~~~~~~~~~~
kernel/gui/src/main.c:31:18: warning: ‘textbox_input’ 在此处定义 [-Wunused-variable]
   31 | static widget_t* textbox_input;
      |                  ^~~~~~~~~~~~~
<2> Building kernel/gui/src/kenux_render.c
<1> Building kernel/gui/src/kanvas_window.c
kernel/gui/src/kenux_render.c: 在函数‘KENUX_Render_DrawDashboardCard’中:
kernel/gui/src/kenux_render.c:363:36: warning: conversion from ‘uint32_t’ {或称 ‘unsigned int’} to ‘char’ may change value [-Wconversion]
  363 |         while (v > 0) { tmp[i++] = '0' + (v % 10); v /= 10; }
      |                                    ^~~
kernel/gui/src/kenux_render.c: 在函数‘KAPI_Process_GetCount’中:
kernel/gui/src/kenux_render.c:599:23: warning: comparison of integer expressions of different signedness: ‘int’ and ‘uint64_t’ {或称 ‘long long unsigned int’} [-Wsign-compare]
  599 |     for (int i = 0; i < process_count; i++) {
      |                       ^
kernel/gui/src/kenux_render.c: 在函数‘KAPI_Process_GetList’中:
kernel/gui/src/kenux_render.c:612:23: warning: comparison of integer expressions of different signedness: ‘int’ and ‘uint64_t’ {或称 ‘long long unsigned int’} [-Wsign-compare]
  612 |     for (int i = 0; i < process_count; i++) {
      |                       ^
kernel/gui/src/kenux_render.c:620:23: warning: comparison of integer expressions of different signedness: ‘int’ and ‘uint64_t’ {或称 ‘long long unsigned int’} [-Wsign-compare]
  620 |     for (int i = 0; i < process_count && out < max_count; i++) {
      |                       ^
In file included from kernel/gui/include/kanvas_window.h:4,
                 from kernel/gui/src/kanvas_window.c:1:
include/kapi_kanvasui.h:155:29: warning: ‘struct kui_button’ declared inside parameter list will not be visible outside of this definition or declaration
  155 |     void (*on_click)(struct kui_button*);
      |                             ^~~~~~~~~~
include/kapi_kanvasui.h:179:36: warning: ‘struct kui_textbox’ declared inside parameter list will not be visible outside of this definition or declaration
  179 |     void (*on_text_changed)(struct kui_textbox*);
      |                                    ^~~~~~~~~~~
include/kapi_kanvasui.h:180:37: warning: ‘struct kui_textbox’ declared inside parameter list will not be visible outside of this definition or declaration
  180 |     void (*on_enter_pressed)(struct kui_textbox*);
      |                                     ^~~~~~~~~~~
include/kapi_kanvasui.h:205:37: warning: ‘struct kui_slider’ declared inside parameter list will not be visible outside of this definition or declaration
  205 |     void (*on_value_changed)(struct kui_slider*, int);
      |                                     ^~~~~~~~~~
include/kapi_kanvasui.h:214:37: warning: ‘struct kui_checkbox’ declared inside parameter list will not be visible outside of this definition or declaration
  214 |     void (*on_state_changed)(struct kui_checkbox*, bool);
      |                                     ^~~~~~~~~~~~
include/kapi_kanvasui.h:238:41: warning: ‘struct kui_listbox’ declared inside parameter list will not be visible outside of this definition or declaration
  238 |     void (*on_selection_changed)(struct kui_listbox*, int);
      |                                         ^~~~~~~~~~~
include/kapi_kanvasui.h:239:41: warning: ‘struct kui_listbox’ declared inside parameter list will not be visible outside of this definition or declaration
  239 |     void (*on_item_double_click)(struct kui_listbox*, int);
      |                                         ^~~~~~~~~~~
include/kapi_kanvasui.h:308:29: warning: ‘struct kui_toolbar_btn’ declared inside parameter list will not be visible outside of this definition or declaration
  308 |     void (*on_click)(struct kui_toolbar_btn*);
      |                             ^~~~~~~~~~~~~~~
include/kapi_kanvasui.h:342:35: warning: ‘struct kui_tabcontrol’ declared inside parameter list will not be visible outside of this definition or declaration
  342 |     void (*on_tab_changed)(struct kui_tabcontrol*, int);
      |                                   ^~~~~~~~~~~~~~
include/kapi_kanvasui.h:366:37: warning: ‘struct kui_treeview’ declared inside parameter list will not be visible outside of this definition or declaration
  366 |     void (*on_node_selected)(struct kui_treeview*, kui_treeview_node_t*);
      |                                     ^~~~~~~~~~~~
include/kapi_kanvasui.h:379:38: warning: ‘struct kui_splitter’ declared inside parameter list will not be visible outside of this definition or declaration
  379 |     void (*on_splitter_moved)(struct kui_splitter*, int);
      |                                      ^~~~~~~~~~~~
kernel/gui/src/kanvas_window.c: 在函数‘kanvas_window_create’中:
kernel/gui/src/kanvas_window.c:60:31: warning: ‘long unsigned int’转换自‘int’时可能会改变结果的符号 [-Wsign-conversion]
   60 |     size_t buf_sz = (size_t)w * h * 4;
      |                               ^
kernel/gui/src/kanvas_window.c: 在函数‘blend_pixel’中:
kernel/gui/src/kanvas_window.c:126:24: warning: ‘unsigned int’转换自‘int’时可能会改变结果的符号 [-Wsign-conversion]
  126 |     p[x] = 0xFF000000u | (((sr * alpha + dr * ia) / 255) << 16) | (((sg * alpha + dg * ia) / 255) << 8) | ((sb * alpha + db * ia) / 255);
      |                        ^
kernel/gui/src/kanvas_window.c:126:65: warning: ‘unsigned int’转换自‘int’时可能会改变结果的符号 [-Wsign-conversion]
  126 |     p[x] = 0xFF000000u | (((sr * alpha + dr * ia) / 255) << 16) | (((sg * alpha + dg * ia) / 255) << 8) | ((sb * alpha + db * ia) / 255);
      |                                                                 ^
kernel/gui/src/kanvas_window.c:126:105: warning: ‘unsigned int’转换自‘int’时可能会改变结果的符号 [-Wsign-conversion]
  126 |     p[x] = 0xFF000000u | (((sr * alpha + dr * ia) / 255) << 16) | (((sg * alpha + dg * ia) / 255) << 8) | ((sb * alpha + db * ia) / 255);
      |                                                                                                         ^
kernel/gui/src/kanvas_window.c: 在函数‘kanvas_window_paint_shadow’中:
kernel/gui/src/kanvas_window.c:136:63: warning: conversion from ‘int’ to ‘float’ may change value [-Wconversion]
  136 |         uint8_t a = (uint8_t)((float)alpha * (1.0f - (float)i / blur));
      |                                                               ^
<0> Building kernel/gui/src/kanvas_terminal.c
In file included from kernel/gui/include/kanvas_terminal.h:4,
                 from kernel/gui/src/kanvas_terminal.c:1:
include/kapi_kanvasui.h:155:29: warning: ‘struct kui_button’ declared inside parameter list will not be visible outside of this definition or declaration
  155 |     void (*on_click)(struct kui_button*);
      |                             ^~~~~~~~~~
include/kapi_kanvasui.h:179:36: warning: ‘struct kui_textbox’ declared inside parameter list will not be visible outside of this definition or declaration
  179 |     void (*on_text_changed)(struct kui_textbox*);
      |                                    ^~~~~~~~~~~
include/kapi_kanvasui.h:180:37: warning: ‘struct kui_textbox’ declared inside parameter list will not be visible outside of this definition or declaration
  180 |     void (*on_enter_pressed)(struct kui_textbox*);
      |                                     ^~~~~~~~~~~
include/kapi_kanvasui.h:205:37: warning: ‘struct kui_slider’ declared inside parameter list will not be visible outside of this definition or declaration
  205 |     void (*on_value_changed)(struct kui_slider*, int);
      |                                     ^~~~~~~~~~
include/kapi_kanvasui.h:214:37: warning: ‘struct kui_checkbox’ declared inside parameter list will not be visible outside of this definition or declaration
  214 |     void (*on_state_changed)(struct kui_checkbox*, bool);
      |                                     ^~~~~~~~~~~~
include/kapi_kanvasui.h:238:41: warning: ‘struct kui_listbox’ declared inside parameter list will not be visible outside of this definition or declaration
  238 |     void (*on_selection_changed)(struct kui_listbox*, int);
      |                                         ^~~~~~~~~~~
include/kapi_kanvasui.h:239:41: warning: ‘struct kui_listbox’ declared inside parameter list will not be visible outside of this definition or declaration
  239 |     void (*on_item_double_click)(struct kui_listbox*, int);
      |                                         ^~~~~~~~~~~
include/kapi_kanvasui.h:308:29: warning: ‘struct kui_toolbar_btn’ declared inside parameter list will not be visible outside of this definition or declaration
  308 |     void (*on_click)(struct kui_toolbar_btn*);
      |                             ^~~~~~~~~~~~~~~
include/kapi_kanvasui.h:342:35: warning: ‘struct kui_tabcontrol’ declared inside parameter list will not be visible outside of this definition or declaration
  342 |     void (*on_tab_changed)(struct kui_tabcontrol*, int);
      |                                   ^~~~~~~~~~~~~~
include/kapi_kanvasui.h:366:37: warning: ‘struct kui_treeview’ declared inside parameter list will not be visible outside of this definition or declaration
  366 |     void (*on_node_selected)(struct kui_treeview*, kui_treeview_node_t*);
      |                                     ^~~~~~~~~~~~
include/kapi_kanvasui.h:379:38: warning: ‘struct kui_splitter’ declared inside parameter list will not be visible outside of this definition or declaration
  379 |     void (*on_splitter_moved)(struct kui_splitter*, int);
      |                                      ^~~~~~~~~~~~
kernel/gui/src/kanvas_terminal.c: 在函数‘t_fill_rect’中:
kernel/gui/src/kanvas_terminal.c:10:5: warning: this ‘if’ clause does not guard... [-Wmisleading-indentation]
   10 |     if (x + w > fw) w = fw - x; if (y + h > fh) h = fh - y;
      |     ^~
kernel/gui/src/kanvas_terminal.c:10:33: note: ...this statement, but the latter is misleadingly indented as if it were guarded by the ‘if’
   10 |     if (x + w > fw) w = fw - x; if (y + h > fh) h = fh - y;
      |                                 ^~
kernel/gui/src/kanvas_terminal.c: 在函数‘kanvas_terminal_paint’中:
kernel/gui/src/kanvas_terminal.c:100:75: warning: conversion from ‘int’ to ‘float’ may change value [-Wconversion]
  100 |             int thumb_h = (int)((float)max_lines / (float)tab->line_count * (term->h - KTERM_TAB_BAR_H));
      |                                                                           ^
kernel/gui/src/kanvas_terminal.c:101:110: warning: conversion from ‘int’ to ‘float’ may change value [-Wconversion]
  101 |             int thumb_y = content_y + (int)((float)tab->scroll_offset / (float)(tab->line_count - max_lines) * (term->h - KTERM_TAB_BAR_H - thumb_h));
      |                                                                                                              ^
<1> Building kernel/gui/src/kanvas_taskbar.c
In file included from kernel/gui/include/kanvas_taskbar.h:4,
                 from kernel/gui/src/kanvas_taskbar.c:1:
include/kapi_kanvasui.h:155:29: warning: ‘struct kui_button’ declared inside parameter list will not be visible outside of this definition or declaration
  155 |     void (*on_click)(struct kui_button*);
<3> Building kernel/gui/src/kanvas_task_manager.c
      |                             ^~~~~~~~~~
include/kapi_kanvasui.h:179:36: warning: ‘struct kui_textbox’ declared inside parameter list will not be visible outside of this definition or declaration
  179 |     void (*on_text_changed)(struct kui_textbox*);
      |                                    ^~~~~~~~~~~
include/kapi_kanvasui.h:180:37: warning: ‘struct kui_textbox’ declared inside parameter list will not be visible outside of this definition or declaration
  180 |     void (*on_enter_pressed)(struct kui_textbox*);
      |                                     ^~~~~~~~~~~
include/kapi_kanvasui.h:205:37: warning: ‘struct kui_slider’ declared inside parameter list will not be visible outside of this definition or declaration
  205 |     void (*on_value_changed)(struct kui_slider*, int);
      |                                     ^~~~~~~~~~
include/kapi_kanvasui.h:214:37: warning: ‘struct kui_checkbox’ declared inside parameter list will not be visible outside of this definition or declaration
  214 |     void (*on_state_changed)(struct kui_checkbox*, bool);
      |                                     ^~~~~~~~~~~~
include/kapi_kanvasui.h:238:41: warning: ‘struct kui_listbox’ declared inside parameter list will not be visible outside of this definition or declaration
  238 |     void (*on_selection_changed)(struct kui_listbox*, int);
      |                                         ^~~~~~~~~~~
include/kapi_kanvasui.h:239:41: warning: ‘struct kui_listbox’ declared inside parameter list will not be visible outside of this definition or declaration
  239 |     void (*on_item_double_click)(struct kui_listbox*, int);
      |                                         ^~~~~~~~~~~
include/kapi_kanvasui.h:308:29: warning: ‘struct kui_toolbar_btn’ declared inside parameter list will not be visible outside of this definition or declaration
  308 |     void (*on_click)(struct kui_toolbar_btn*);
      |                             ^~~~~~~~~~~~~~~
include/kapi_kanvasui.h:342:35: warning: ‘struct kui_tabcontrol’ declared inside parameter list will not be visible outside of this definition or declaration
  342 |     void (*on_tab_changed)(struct kui_tabcontrol*, int);
      |                                   ^~~~~~~~~~~~~~
include/kapi_kanvasui.h:366:37: warning: ‘struct kui_treeview’ declared inside parameter list will not be visible outside of this definition or declaration
  366 |     void (*on_node_selected)(struct kui_treeview*, kui_treeview_node_t*);
      |                                     ^~~~~~~~~~~~
include/kapi_kanvasui.h:379:38: warning: ‘struct kui_splitter’ declared inside parameter list will not be visible outside of this definition or declaration
  379 |     void (*on_splitter_moved)(struct kui_splitter*, int);
      |                                      ^~~~~~~~~~~~
In file included from kernel/gui/include/kanvas_task_manager.h:4,
                 from kernel/gui/src/kanvas_task_manager.c:1:
include/kapi_kanvasui.h:155:29: warning: ‘struct kui_button’ declared inside parameter list will not be visible outside of this definition or declaration
  155 |     void (*on_click)(struct kui_button*);
      |                             ^~~~~~~~~~
include/kapi_kanvasui.h:179:36: warning: ‘struct kui_textbox’ declared inside parameter list will not be visible outside of this definition or declaration
  179 |     void (*on_text_changed)(struct kui_textbox*);
      |                                    ^~~~~~~~~~~
include/kapi_kanvasui.h:180:37: warning: ‘struct kui_textbox’ declared inside parameter list will not be visible outside of this definition or declaration
  180 |     void (*on_enter_pressed)(struct kui_textbox*);
      |                                     ^~~~~~~~~~~
include/kapi_kanvasui.h:205:37: warning: ‘struct kui_slider’ declared inside parameter list will not be visible outside of this definition or declaration
  205 |     void (*on_value_changed)(struct kui_slider*, int);
      |                                     ^~~~~~~~~~
include/kapi_kanvasui.h:214:37: warning: ‘struct kui_checkbox’ declared inside parameter list will not be visible outside of this definition or declaration
  214 |     void (*on_state_changed)(struct kui_checkbox*, bool);
      |                                     ^~~~~~~~~~~~
include/kapi_kanvasui.h:238:41: warning: ‘struct kui_listbox’ declared inside parameter list will not be visible outside of this definition or declaration
  238 |     void (*on_selection_changed)(struct kui_listbox*, int);
      |                                         ^~~~~~~~~~~
include/kapi_kanvasui.h:239:41: warning: ‘struct kui_listbox’ declared inside parameter list will not be visible outside of this definition or declaration
  239 |     void (*on_item_double_click)(struct kui_listbox*, int);
      |                                         ^~~~~~~~~~~
include/kapi_kanvasui.h:308:29: warning: ‘struct kui_toolbar_btn’ declared inside parameter list will not be visible outside of this definition or declaration
  308 |     void (*on_click)(struct kui_toolbar_btn*);
      |                             ^~~~~~~~~~~~~~~
include/kapi_kanvasui.h:342:35: warning: ‘struct kui_tabcontrol’ declared inside parameter list will not be visible outside of this definition or declaration
  342 |     void (*on_tab_changed)(struct kui_tabcontrol*, int);
      |                                   ^~~~~~~~~~~~~~
include/kapi_kanvasui.h:366:37: warning: ‘struct kui_treeview’ declared inside parameter list will not be visible outside of this definition or declaration
  366 |     void (*on_node_selected)(struct kui_treeview*, kui_treeview_node_t*);
      |                                     ^~~~~~~~~~~~
include/kapi_kanvasui.h:379:38: warning: ‘struct kui_splitter’ declared inside parameter list will not be visible outside of this definition or declaration
  379 |     void (*on_splitter_moved)(struct kui_splitter*, int);
      |                                      ^~~~~~~~~~~~
<2> Building kernel/gui/src/kanvas_system_tray.c
kernel/gui/src/kanvas_task_manager.c: 在函数‘tm_fill_rect’中:
kernel/gui/src/kanvas_task_manager.c:10:5: warning: this ‘if’ clause does not guard... [-Wmisleading-indentation]
   10 |     if (x + w > fw) w = fw - x; if (y + h > fh) h = fh - y;
      |     ^~
kernel/gui/src/kanvas_task_manager.c:10:33: note: ...this statement, but the latter is misleadingly indented as if it were guarded by the ‘if’
   10 |     if (x + w > fw) w = fw - x; if (y + h > fh) h = fh - y;
      |                                 ^~
kernel/gui/src/kanvas_task_manager.c: 在函数‘kanvas_task_manager_paint’中:
kernel/gui/src/kanvas_task_manager.c:72:77: warning: conversion from ‘int’ to ‘char’ may change value [-Wconversion]
   72 |                 else { char tmp[8]; int ti = 0; while (v > 0) { tmp[ti++] = '0' + (v % 10); v /= 10; } while (ti > 0) pid_s[pos++] = tmp[--ti]; }
      |                                                                             ^~~
kernel/gui/src/kanvas_task_manager.c:77:126: warning: conversion from ‘int’ to ‘char’ may change value [-Wconversion]
   77 |                 { int ci = 0; if (cpu == 0) cpu_s[ci++] = '0'; else { char tmp[8]; int ti = 0; while (cpu > 0) { tmp[ti++] = '0' + (cpu % 10); cpu /= 10; } while (ti > 0) cpu_s[ci++] = tmp[--ti]; } cpu_s[ci++] = '%'; cpu_s[ci] = '\0'; }
      |                                                                                                                              ^~~
kernel/gui/src/kanvas_task_manager.c:90:131: warning: conversion from ‘int’ to ‘float’ may change value [-Wconversion]
   90 |                 int y1 = graph_y + graph_h - (int)((float)tm->perf_history[idx].cpu_user / (float)tm->perf_history[idx].cpu_total * graph_h);
      |                                                                                                                                   ^
kernel/gui/src/kanvas_task_manager.c:91:133: warning: conversion from ‘int’ to ‘float’ may change value [-Wconversion]
   91 |                 int y2 = graph_y + graph_h - (int)((float)tm->perf_history[next].cpu_user / (float)tm->perf_history[next].cpu_total * graph_h);
      |                                                                                                                                     ^
kernel/gui/src/kanvas_task_manager.c:58:5: warning: switch 没有处理枚举值‘KTM_TAB_COUNT’ [-Wswitch]
   58 |     switch (tm->active_tab) {
      |     ^~~~~~
<0> Building kernel/gui/src/kanvas_start_menu.c
In file included from kernel/gui/include/kanvas_system_tray.h:4,
                 from kernel/gui/src/kanvas_system_tray.c:1:
include/kapi_kanvasui.h:155:29: warning: ‘struct kui_button’ declared inside parameter list will not be visible outside of this definition or declaration
  155 |     void (*on_click)(struct kui_button*);
      |                             ^~~~~~~~~~
include/kapi_kanvasui.h:179:36: warning: ‘struct kui_textbox’ declared inside parameter list will not be visible outside of this definition or declaration
  179 |     void (*on_text_changed)(struct kui_textbox*);
      |                                    ^~~~~~~~~~~
include/kapi_kanvasui.h:180:37: warning: ‘struct kui_textbox’ declared inside parameter list will not be visible outside of this definition or declaration
  180 |     void (*on_enter_pressed)(struct kui_textbox*);
      |                                     ^~~~~~~~~~~
include/kapi_kanvasui.h:205:37: warning: ‘struct kui_slider’ declared inside parameter list will not be visible outside of this definition or declaration
  205 |     void (*on_value_changed)(struct kui_slider*, int);
      |                                     ^~~~~~~~~~
include/kapi_kanvasui.h:214:37: warning: ‘struct kui_checkbox’ declared inside parameter list will not be visible outside of this definition or declaration
  214 |     void (*on_state_changed)(struct kui_checkbox*, bool);
      |                                     ^~~~~~~~~~~~
include/kapi_kanvasui.h:238:41: warning: ‘struct kui_listbox’ declared inside parameter list will not be visible outside of this definition or declaration
  238 |     void (*on_selection_changed)(struct kui_listbox*, int);
      |                                         ^~~~~~~~~~~
include/kapi_kanvasui.h:239:41: warning: ‘struct kui_listbox’ declared inside parameter list will not be visible outside of this definition or declaration
  239 |     void (*on_item_double_click)(struct kui_listbox*, int);
      |                                         ^~~~~~~~~~~
include/kapi_kanvasui.h:308:29: warning: ‘struct kui_toolbar_btn’ declared inside parameter list will not be visible outside of this definition or declaration
  308 |     void (*on_click)(struct kui_toolbar_btn*);
      |                             ^~~~~~~~~~~~~~~
include/kapi_kanvasui.h:342:35: warning: ‘struct kui_tabcontrol’ declared inside parameter list will not be visible outside of this definition or declaration
  342 |     void (*on_tab_changed)(struct kui_tabcontrol*, int);
      |                                   ^~~~~~~~~~~~~~
include/kapi_kanvasui.h:366:37: warning: ‘struct kui_treeview’ declared inside parameter list will not be visible outside of this definition or declaration
  366 |     void (*on_node_selected)(struct kui_treeview*, kui_treeview_node_t*);
      |                                     ^~~~~~~~~~~~
include/kapi_kanvasui.h:379:38: warning: ‘struct kui_splitter’ declared inside parameter list will not be visible outside of this definition or declaration
  379 |     void (*on_splitter_moved)(struct kui_splitter*, int);
      |                                      ^~~~~~~~~~~~
In file included from kernel/gui/include/kanvas_start_menu.h:4,
                 from kernel/gui/src/kanvas_start_menu.c:1:
include/kapi_kanvasui.h:155:29: warning: ‘struct kui_button’ declared inside parameter list will not be visible outside of this definition or declaration
  155 |     void (*on_click)(struct kui_button*);
      |                             ^~~~~~~~~~
include/kapi_kanvasui.h:179:36: warning: ‘struct kui_textbox’ declared inside parameter list will not be visible outside of this definition or declaration
  179 |     void (*on_text_changed)(struct kui_textbox*);
      |                                    ^~~~~~~~~~~
include/kapi_kanvasui.h:180:37: warning: ‘struct kui_textbox’ declared inside parameter list will not be visible outside of this definition or declaration
  180 |     void (*on_enter_pressed)(struct kui_textbox*);
      |                                     ^~~~~~~~~~~
include/kapi_kanvasui.h:205:37: warning: ‘struct kui_slider’ declared inside parameter list will not be visible outside of this definition or declaration
  205 |     void (*on_value_changed)(struct kui_slider*, int);
      |                                     ^~~~~~~~~~
include/kapi_kanvasui.h:214:37: warning: ‘struct kui_checkbox’ declared inside parameter list will not be visible outside of this definition or declaration
  214 |     void (*on_state_changed)(struct kui_checkbox*, bool);
      |                                     ^~~~~~~~~~~~
include/kapi_kanvasui.h:238:41: warning: ‘struct kui_listbox’ declared inside parameter list will not be visible outside of this definition or declaration
  238 |     void (*on_selection_changed)(struct kui_listbox*, int);
      |                                         ^~~~~~~~~~~
include/kapi_kanvasui.h:239:41: warning: ‘struct kui_listbox’ declared inside parameter list will not be visible outside of this definition or declaration
  239 |     void (*on_item_double_click)(struct kui_listbox*, int);
      |                                         ^~~~~~~~~~~
include/kapi_kanvasui.h:308:29: warning: ‘struct kui_toolbar_btn’ declared inside parameter list will not be visible outside of this definition or declaration
  308 |     void (*on_click)(struct kui_toolbar_btn*);
      |                             ^~~~~~~~~~~~~~~
include/kapi_kanvasui.h:342:35: warning: ‘struct kui_tabcontrol’ declared inside parameter list will not be visible outside of this definition or declaration
  342 |     void (*on_tab_changed)(struct kui_tabcontrol*, int);
      |                                   ^~~~~~~~~~~~~~
include/kapi_kanvasui.h:366:37: warning: ‘struct kui_treeview’ declared inside parameter list will not be visible outside of this definition or declaration
  366 |     void (*on_node_selected)(struct kui_treeview*, kui_treeview_node_t*);
      |                                     ^~~~~~~~~~~~
include/kapi_kanvasui.h:379:38: warning: ‘struct kui_splitter’ declared inside parameter list will not be visible outside of this definition or declaration
  379 |     void (*on_splitter_moved)(struct kui_splitter*, int);
      |                                      ^~~~~~~~~~~~
kernel/gui/src/kanvas_system_tray.c: 在函数‘draw_icon_glyph’中:
kernel/gui/src/kanvas_system_tray.c:52:43: warning: conversion from ‘int’ to ‘float’ may change value [-Wconversion]
   52 |                     int px = cx + (int)(r * __builtin_sinf(rad));
      |                                           ^
kernel/gui/src/kanvas_system_tray.c:53:46: warning: conversion from ‘int’ to ‘float’ may change value [-Wconversion]
   53 |                     int py = arc_y + (int)(r * __builtin_cosf(rad));
      |                                              ^
kernel/gui/src/kanvas_system_tray.c:86:49: warning: conversion from ‘int’ to ‘float’ may change value [-Wconversion]
   86 |                 float angle = (float)i * 360.0f / rays * 3.14159265f / 180.0f;
      |                                                 ^
kernel/gui/src/kanvas_system_tray.c: 在函数‘kanvas_system_tray_paint_popup’中:
kernel/gui/src/kanvas_system_tray.c:216:79: warning: conversion from ‘int’ to ‘char’ may change value [-Wconversion]
  216 |                 else { char tmp[8]; int ti = 0; while (sig > 0) { tmp[ti++] = '0' + (sig % 10); sig /= 10; } while (ti > 0) sig_text[pos++] = tmp[--ti]; }
      |                                                                               ^~~
kernel/gui/src/kanvas_system_tray.c:254:73: warning: conversion from ‘int’ to ‘char’ may change value [-Wconversion]
  254 |             else { char tmp[8]; int ti = 0; while (v > 0) { tmp[ti++] = '0' + (v % 10); v /= 10; } while (ti > 0) vol_text[pos++] = tmp[--ti]; }
      |                                                                         ^~~
kernel/gui/src/kanvas_system_tray.c:290:73: warning: conversion from ‘int’ to ‘char’ may change value [-Wconversion]
  290 |             else { char tmp[8]; int ti = 0; while (v > 0) { tmp[ti++] = '0' + (v % 10); v /= 10; } while (ti > 0) pct_text[pos++] = tmp[--ti]; }
      |                                                                         ^~~
<1> Building kernel/gui/src/kanvas_kex_runner.c
In file included from kernel/gui/include/kanvas_kex_runner.h:4,
                 from kernel/gui/src/kanvas_kex_runner.c:1:
include/kapi_kanvasui.h:155:29: warning: ‘struct kui_button’ declared inside parameter list will not be visible outside of this definition or declaration
  155 |     void (*on_click)(struct kui_button*);
      |                             ^~~~~~~~~~
include/kapi_kanvasui.h:179:36: warning: ‘struct kui_textbox’ declared inside parameter list will not be visible outside of this definition or declaration
  179 |     void (*on_text_changed)(struct kui_textbox*);
      |                                    ^~~~~~~~~~~
include/kapi_kanvasui.h:180:37: warning: ‘struct kui_textbox’ declared inside parameter list will not be visible outside of this definition or declaration
  180 |     void (*on_enter_pressed)(struct kui_textbox*);
      |                                     ^~~~~~~~~~~
include/kapi_kanvasui.h:205:37: warning: ‘struct kui_slider’ declared inside parameter list will not be visible outside of this definition or declaration
  205 |     void (*on_value_changed)(struct kui_slider*, int);
      |                                     ^~~~~~~~~~
include/kapi_kanvasui.h:214:37: warning: ‘struct kui_checkbox’ declared inside parameter list will not be visible outside of this definition or declaration
  214 |     void (*on_state_changed)(struct kui_checkbox*, bool);
      |                                     ^~~~~~~~~~~~
include/kapi_kanvasui.h:238:41: warning: ‘struct kui_listbox’ declared inside parameter list will not be visible outside of this definition or declaration
  238 |     void (*on_selection_changed)(struct kui_listbox*, int);
      |                                         ^~~~~~~~~~~
include/kapi_kanvasui.h:239:41: warning: ‘struct kui_listbox’ declared inside parameter list will not be visible outside of this definition or declaration
  239 |     void (*on_item_double_click)(struct kui_listbox*, int);
      |                                         ^~~~~~~~~~~
include/kapi_kanvasui.h:308:29: warning: ‘struct kui_toolbar_btn’ declared inside parameter list will not be visible outside of this definition or declaration
  308 |     void (*on_click)(struct kui_toolbar_btn*);
      |                             ^~~~~~~~~~~~~~~
include/kapi_kanvasui.h:342:35: warning: ‘struct kui_tabcontrol’ declared inside parameter list will not be visible outside of this definition or declaration
  342 |     void (*on_tab_changed)(struct kui_tabcontrol*, int);
      |                                   ^~~~~~~~~~~~~~
include/kapi_kanvasui.h:366:37: warning: ‘struct kui_treeview’ declared inside parameter list will not be visible outside of this definition or declaration
  366 |     void (*on_node_selected)(struct kui_treeview*, kui_treeview_node_t*);
      |                                     ^~~~~~~~~~~~
include/kapi_kanvasui.h:379:38: warning: ‘struct kui_splitter’ declared inside parameter list will not be visible outside of this definition or declaration
  379 |     void (*on_splitter_moved)(struct kui_splitter*, int);
      |                                      ^~~~~~~~~~~~
<3> Building kernel/gui/src/kanvas_gui.c
kernel/gui/src/kanvas_kex_runner.c: 在函数‘kanvas_kex_runner_paint’中:
kernel/gui/src/kanvas_kex_runner.c:118:47: warning: conversion from ‘int’ to ‘char’ may change value [-Wconversion]
  118 |                 while (pid > 0) { tmp[ti++] = '0' + (pid % 10); pid /= 10; }
      |                                               ^~~
kernel/gui/src/kanvas_kex_runner.c:133:73: warning: ‘size_t’ {或称 ‘long unsigned int’}转换自‘int’时可能会改变结果的符号 [-Wsign-conversion]
  133 |                             memcpy(buf, &runner->current.output[start], len);
      |                                                                         ^~~
kernel/gui/src/kanvas_kex_runner.c: 在函数‘kanvas_kex_detect_format’中:
kernel/gui/src/kanvas_kex_runner.c:193:74: warning: 多字节字符常量 [-Wmultichar]
  193 |         if (ext[0] == '.' && ext[1] == 'e' && ext[2] == 'l' && ext[3] == 'fB') return KEX_FORMAT_ELF;
      |                                                                          ^~~~
kernel/gui/src/kanvas_kex_runner.c:193:71: warning: 由于数据类型范围限制，比较结果永远为假 [-Wtype-limits]
  193 |         if (ext[0] == '.' && ext[1] == 'e' && ext[2] == 'l' && ext[3] == 'fB') return KEX_FORMAT_ELF;
      |                                                                       ^~
kernel/gui/src/kanvas_kex_runner.c: 在函数‘kanvas_kex_run’中:
kernel/gui/src/kanvas_kex_runner.c:232:27: warning: 将一个指针转换为大小不同的整数 [-Wpointer-to-int-cast]
  232 |     runner->current.pid = (uint32_t)(runner + 1);
      |                           ^
In file included from kernel/gui/include/kanvas_desktop.h:4,
                 from kernel/gui/src/kanvas_gui.c:1:
include/kapi_kanvasui.h:155:29: warning: ‘struct kui_button’ declared inside parameter list will not be visible outside of this definition or declaration
  155 |     void (*on_click)(struct kui_button*);
      |                             ^~~~~~~~~~
include/kapi_kanvasui.h:179:36: warning: ‘struct kui_textbox’ declared inside parameter list will not be visible outside of this definition or declaration
  179 |     void (*on_text_changed)(struct kui_textbox*);
      |                                    ^~~~~~~~~~~
include/kapi_kanvasui.h:180:37: warning: ‘struct kui_textbox’ declared inside parameter list will not be visible outside of this definition or declaration
  180 |     void (*on_enter_pressed)(struct kui_textbox*);
      |                                     ^~~~~~~~~~~
include/kapi_kanvasui.h:205:37: warning: ‘struct kui_slider’ declared inside parameter list will not be visible outside of this definition or declaration
  205 |     void (*on_value_changed)(struct kui_slider*, int);
      |                                     ^~~~~~~~~~
include/kapi_kanvasui.h:214:37: warning: ‘struct kui_checkbox’ declared inside parameter list will not be visible outside of this definition or declaration
  214 |     void (*on_state_changed)(struct kui_checkbox*, bool);
      |                                     ^~~~~~~~~~~~
include/kapi_kanvasui.h:238:41: warning: ‘struct kui_listbox’ declared inside parameter list will not be visible outside of this definition or declaration
  238 |     void (*on_selection_changed)(struct kui_listbox*, int);
      |                                         ^~~~~~~~~~~
include/kapi_kanvasui.h:239:41: warning: ‘struct kui_listbox’ declared inside parameter list will not be visible outside of this definition or declaration
  239 |     void (*on_item_double_click)(struct kui_listbox*, int);
      |                                         ^~~~~~~~~~~
include/kapi_kanvasui.h:308:29: warning: ‘struct kui_toolbar_btn’ declared inside parameter list will not be visible outside of this definition or declaration
  308 |     void (*on_click)(struct kui_toolbar_btn*);
      |                             ^~~~~~~~~~~~~~~
include/kapi_kanvasui.h:342:35: warning: ‘struct kui_tabcontrol’ declared inside parameter list will not be visible outside of this definition or declaration
  342 |     void (*on_tab_changed)(struct kui_tabcontrol*, int);
      |                                   ^~~~~~~~~~~~~~
include/kapi_kanvasui.h:366:37: warning: ‘struct kui_treeview’ declared inside parameter list will not be visible outside of this definition or declaration
  366 |     void (*on_node_selected)(struct kui_treeview*, kui_treeview_node_t*);
      |                                     ^~~~~~~~~~~~
include/kapi_kanvasui.h:379:38: warning: ‘struct kui_splitter’ declared inside parameter list will not be visible outside of this definition or declaration
  379 |     void (*on_splitter_moved)(struct kui_splitter*, int);
      |                                      ^~~~~~~~~~~~
In file included from kernel/gui/src/kanvas_gui.c:3:
kernel/gui/include/kanvas_taskbar.h:15:9: warning: ‘KANVAS_TASKBAR_RADIUS’ 重定义
   15 | #define KANVAS_TASKBAR_RADIUS       0
      |         ^~~~~~~~~~~~~~~~~~~~~
kernel/gui/include/kanvas_desktop.h:16:9: note: 这是先前定义的位置
   16 | #define KANVAS_TASKBAR_RADIUS       12
      |         ^~~~~~~~~~~~~~~~~~~~~
<0> Building kernel/gui/src/kanvas_file_manager.c
In file included from kernel/gui/include/kanvas_file_manager.h:4,
                 from kernel/gui/src/kanvas_file_manager.c:1:
include/kapi_kanvasui.h:155:29: warning: ‘struct kui_button’ declared inside parameter list will not be visible outside of this definition or declaration
  155 |     void (*on_click)(struct kui_button*);
      |                             ^~~~~~~~~~
include/kapi_kanvasui.h:179:36: warning: ‘struct kui_textbox’ declared inside parameter list will not be visible outside of this definition or declaration
  179 |     void (*on_text_changed)(struct kui_textbox*);
      |                                    ^~~~~~~~~~~
include/kapi_kanvasui.h:180:37: warning: ‘struct kui_textbox’ declared inside parameter list will not be visible outside of this definition or declaration
  180 |     void (*on_enter_pressed)(struct kui_textbox*);
      |                                     ^~~~~~~~~~~
include/kapi_kanvasui.h:205:37: warning: ‘struct kui_slider’ declared inside parameter list will not be visible outside of this definition or declaration
  205 |     void (*on_value_changed)(struct kui_slider*, int);
      |                                     ^~~~~~~~~~
include/kapi_kanvasui.h:214:37: warning: ‘struct kui_checkbox’ declared inside parameter list will not be visible outside of this definition or declaration
  214 |     void (*on_state_changed)(struct kui_checkbox*, bool);
      |                                     ^~~~~~~~~~~~
include/kapi_kanvasui.h:238:41: warning: ‘struct kui_listbox’ declared inside parameter list will not be visible outside of this definition or declaration
  238 |     void (*on_selection_changed)(struct kui_listbox*, int);
      |                                         ^~~~~~~~~~~
include/kapi_kanvasui.h:239:41: warning: ‘struct kui_listbox’ declared inside parameter list will not be visible outside of this definition or declaration
  239 |     void (*on_item_double_click)(struct kui_listbox*, int);
      |                                         ^~~~~~~~~~~
include/kapi_kanvasui.h:308:29: warning: ‘struct kui_toolbar_btn’ declared inside parameter list will not be visible outside of this definition or declaration
  308 |     void (*on_click)(struct kui_toolbar_btn*);
      |                             ^~~~~~~~~~~~~~~
include/kapi_kanvasui.h:342:35: warning: ‘struct kui_tabcontrol’ declared inside parameter list will not be visible outside of this definition or declaration
  342 |     void (*on_tab_changed)(struct kui_tabcontrol*, int);
      |                                   ^~~~~~~~~~~~~~
include/kapi_kanvasui.h:366:37: warning: ‘struct kui_treeview’ declared inside parameter list will not be visible outside of this definition or declaration
  366 |     void (*on_node_selected)(struct kui_treeview*, kui_treeview_node_t*);
      |                                     ^~~~~~~~~~~~
include/kapi_kanvasui.h:379:38: warning: ‘struct kui_splitter’ declared inside parameter list will not be visible outside of this definition or declaration
  379 |     void (*on_splitter_moved)(struct kui_splitter*, int);
      |                                      ^~~~~~~~~~~~
kernel/gui/src/kanvas_file_manager.c: 在函数‘fm_fill_rect’中:
kernel/gui/src/kanvas_file_manager.c:10:5: warning: this ‘if’ clause does not guard... [-Wmisleading-indentation]
   10 |     if (x + w > fw) w = fw - x; if (y + h > fh) h = fh - y;
      |     ^~
kernel/gui/src/kanvas_file_manager.c:10:33: note: ...this statement, but the latter is misleadingly indented as if it were guarded by the ‘if’
   10 |     if (x + w > fw) w = fw - x; if (y + h > fh) h = fh - y;
      |                                 ^~
<2> Building kernel/gui/src/kanvas_desktop.c
<3> Building kernel/gui/src/kanvas_boot_splash.c
In file included from kernel/gui/include/kanvas_boot_splash.h:4,
                 from kernel/gui/src/kanvas_boot_splash.c:1:
include/kapi_kanvasui.h:155:29: warning: ‘struct kui_button’ declared inside parameter list will not be visible outside of this definition or declaration
  155 |     void (*on_click)(struct kui_button*);
      |                             ^~~~~~~~~~
include/kapi_kanvasui.h:179:36: warning: ‘struct kui_textbox’ declared inside parameter list will not be visible outside of this definition or declaration
  179 |     void (*on_text_changed)(struct kui_textbox*);
      |                                    ^~~~~~~~~~~
include/kapi_kanvasui.h:180:37: warning: ‘struct kui_textbox’ declared inside parameter list will not be visible outside of this definition or declaration
  180 |     void (*on_enter_pressed)(struct kui_textbox*);
      |                                     ^~~~~~~~~~~
include/kapi_kanvasui.h:205:37: warning: ‘struct kui_slider’ declared inside parameter list will not be visible outside of this definition or declaration
  205 |     void (*on_value_changed)(struct kui_slider*, int);
      |                                     ^~~~~~~~~~
include/kapi_kanvasui.h:214:37: warning: ‘struct kui_checkbox’ declared inside parameter list will not be visible outside of this definition or declaration
  214 |     void (*on_state_changed)(struct kui_checkbox*, bool);
      |                                     ^~~~~~~~~~~~
include/kapi_kanvasui.h:238:41: warning: ‘struct kui_listbox’ declared inside parameter list will not be visible outside of this definition or declaration
  238 |     void (*on_selection_changed)(struct kui_listbox*, int);
      |                                         ^~~~~~~~~~~
include/kapi_kanvasui.h:239:41: warning: ‘struct kui_listbox’ declared inside parameter list will not be visible outside of this definition or declaration
  239 |     void (*on_item_double_click)(struct kui_listbox*, int);
      |                                         ^~~~~~~~~~~
include/kapi_kanvasui.h:308:29: warning: ‘struct kui_toolbar_btn’ declared inside parameter list will not be visible outside of this definition or declaration
  308 |     void (*on_click)(struct kui_toolbar_btn*);
      |                             ^~~~~~~~~~~~~~~
In file included from kernel/gui/include/kanvas_desktop.h:4,
                 from kernel/gui/src/kanvas_desktop.c:1:
include/kapi_kanvasui.h:155:29: warning: ‘struct kui_button’ declared inside parameter list will not be visible outside of this definition or declaration
  155 |     void (*on_click)(struct kui_button*);
      |                             ^~~~~~~~~~
include/kapi_kanvasui.h:179:36: warning: ‘struct kui_textbox’ declared inside parameter list will not be visible outside of this definition or declaration
include/kapi_kanvasui.h:342:35: warning: ‘struct kui_tabcontrol’ declared inside parameter list will not be visible outside of this definition or declaration
  342 |     void (*on_tab_changed)(struct kui_tabcontrol*, int);
      |                                   ^~~~~~~~~~~~~~
include/kapi_kanvasui.h:366:37: warning: ‘struct kui_treeview’ declared inside parameter list will not be visible outside of this definition or declaration
  366 |     void (*on_node_selected)(struct kui_treeview*, kui_treeview_node_t*);
      |                                     ^~~~~~~~~~~~
  179 |     void (*on_text_changed)(struct kui_textbox*);
include/kapi_kanvasui.h:379:38: warning: ‘struct kui_splitter’ declared inside parameter list will not be visible outside of this definition or declaration
  379 |     void (*on_splitter_moved)(struct kui_splitter*, int);
      |                                      ^~~~~~~~~~~~
      |                                    ^~~~~~~~~~~
include/kapi_kanvasui.h:180:37: warning: ‘struct kui_textbox’ declared inside parameter list will not be visible outside of this definition or declaration
  180 |     void (*on_enter_pressed)(struct kui_textbox*);
      |                                     ^~~~~~~~~~~
include/kapi_kanvasui.h:205:37: warning: ‘struct kui_slider’ declared inside parameter list will not be visible outside of this definition or declaration
  205 |     void (*on_value_changed)(struct kui_slider*, int);
      |                                     ^~~~~~~~~~
include/kapi_kanvasui.h:214:37: warning: ‘struct kui_checkbox’ declared inside parameter list will not be visible outside of this definition or declaration
  214 |     void (*on_state_changed)(struct kui_checkbox*, bool);
      |                                     ^~~~~~~~~~~~
include/kapi_kanvasui.h:238:41: warning: ‘struct kui_listbox’ declared inside parameter list will not be visible outside of this definition or declaration
  238 |     void (*on_selection_changed)(struct kui_listbox*, int);
      |                                         ^~~~~~~~~~~
include/kapi_kanvasui.h:239:41: warning: ‘struct kui_listbox’ declared inside parameter list will not be visible outside of this definition or declaration
  239 |     void (*on_item_double_click)(struct kui_listbox*, int);
      |                                         ^~~~~~~~~~~
include/kapi_kanvasui.h:308:29: warning: ‘struct kui_toolbar_btn’ declared inside parameter list will not be visible outside of this definition or declaration
  308 |     void (*on_click)(struct kui_toolbar_btn*);
      |                             ^~~~~~~~~~~~~~~
include/kapi_kanvasui.h:342:35: warning: ‘struct kui_tabcontrol’ declared inside parameter list will not be visible outside of this definition or declaration
  342 |     void (*on_tab_changed)(struct kui_tabcontrol*, int);
      |                                   ^~~~~~~~~~~~~~
include/kapi_kanvasui.h:366:37: warning: ‘struct kui_treeview’ declared inside parameter list will not be visible outside of this definition or declaration
  366 |     void (*on_node_selected)(struct kui_treeview*, kui_treeview_node_t*);
      |                                     ^~~~~~~~~~~~
include/kapi_kanvasui.h:379:38: warning: ‘struct kui_splitter’ declared inside parameter list will not be visible outside of this definition or declaration
  379 |     void (*on_splitter_moved)(struct kui_splitter*, int);
      |                                      ^~~~~~~~~~~~
In file included from kernel/gui/src/kanvas_desktop.c:3:
kernel/gui/include/kanvas_taskbar.h:15:9: warning: ‘KANVAS_TASKBAR_RADIUS’ 重定义
   15 | #define KANVAS_TASKBAR_RADIUS       0
      |         ^~~~~~~~~~~~~~~~~~~~~
kernel/gui/include/kanvas_desktop.h:16:9: note: 这是先前定义的位置
   16 | #define KANVAS_TASKBAR_RADIUS       12
      |         ^~~~~~~~~~~~~~~~~~~~~
<1> Building kernel/gui/src/framebuffer.c
kernel/gui/src/kanvas_boot_splash.c: 在函数‘blend_pixel’中:
kernel/gui/src/kanvas_boot_splash.c:47:24: warning: ‘unsigned int’转换自‘int’时可能会改变结果的符号 [-Wsign-conversion]
   47 |     p[x] = 0xFF000000u | (((sr * alpha + dr * ia) / 255) << 16) | (((sg * alpha + dg * ia) / 255) << 8) | ((sb * alpha + db * ia) / 255);
      |                        ^
kernel/gui/src/kanvas_boot_splash.c:47:65: warning: ‘unsigned int’转换自‘int’时可能会改变结果的符号 [-Wsign-conversion]
   47 |     p[x] = 0xFF000000u | (((sr * alpha + dr * ia) / 255) << 16) | (((sg * alpha + dg * ia) / 255) << 8) | ((sb * alpha + db * ia) / 255);
      |                                                                 ^
kernel/gui/src/kanvas_boot_splash.c:47:105: warning: ‘unsigned int’转换自‘int’时可能会改变结果的符号 [-Wsign-conversion]
   47 |     p[x] = 0xFF000000u | (((sr * alpha + dr * ia) / 255) << 16) | (((sg * alpha + dg * ia) / 255) << 8) | ((sb * alpha + db * ia) / 255);
      |                                                                                                         ^
kernel/gui/src/kanvas_boot_splash.c: 在函数‘kanvas_boot_splash_paint’中:
kernel/gui/src/kanvas_boot_splash.c:100:40: warning: conversion from ‘int’ to ‘float’ may change value [-Wconversion]
  100 |             int px = cx + (int)(ring_r * __builtin_cosf(rad));
      |                                        ^
kernel/gui/src/kanvas_boot_splash.c:101:40: warning: conversion from ‘int’ to ‘float’ may change value [-Wconversion]
  101 |             int py = cy + (int)(ring_r * __builtin_sinf(rad));
      |                                        ^
kernel/gui/src/kanvas_boot_splash.c:94:13: warning: 未使用的变量‘ly’ [-Wunused-variable]
   94 |         int ly = cy - logo_sz / 2;
      |             ^~
kernel/gui/src/kanvas_boot_splash.c:93:13: warning: 未使用的变量‘lx’ [-Wunused-variable]
   93 |         int lx = cx - logo_sz / 2;
      |             ^~
kernel/gui/src/kanvas_boot_splash.c:150:29: warning: conversion from ‘uint32_t’ {或称 ‘unsigned int’} to ‘uint8_t’ {或称 ‘unsigned char’} may change value [-Wconversion]
  150 |                 uint8_t a = (c >> 24) & 0xFF;
      |                             ^
kernel/gui/src/kanvas_desktop.c: 在函数‘kanvas_desktop_create’中:
kernel/gui/src/kanvas_desktop.c:157:79: warning: 未使用的参数‘fb’ [-Wunused-parameter]
  157 | kanvas_desktop_t* kanvas_desktop_create(int screen_w, int screen_h, uint32_t* fb, int stride)
      |                                                                     ~~~~~~~~~~^~
kernel/gui/src/kanvas_desktop.c:157:87: warning: 未使用的参数‘stride’ [-Wunused-parameter]
  157 | kanvas_desktop_t* kanvas_desktop_create(int screen_w, int screen_h, uint32_t* fb, int stride)
      |                                                                                   ~~~~^~~~~~
kernel/gui/src/framebuffer.c: 在函数‘gui_fb_init’中:
kernel/gui/src/framebuffer.c:52:14: warning: conversion from ‘uint32_t’ {或称 ‘unsigned int’} to ‘uint8_t’ {或称 ‘unsigned char’} may change value [-Wconversion]
   52 |     fb.bpp = info->bpp;
      |              ^~~~
kernel/gui/src/kanvas_desktop.c: 在函数‘kanvas_desktop_handle_mouse’中:
kernel/gui/src/kanvas_desktop.c:215:100: warning: 未使用的参数‘mid’ [-Wunused-parameter]
  215 | void kanvas_desktop_handle_mouse(kanvas_desktop_t* desk, int x, int y, bool left, bool right, bool mid)
kernel/gui/src/framebuffer.c: 在函数‘fb_convert_color’中:
kernel/gui/src/framebuffer.c:91:17: warning: conversion from ‘uint32_t’ {或称 ‘unsigned int’} to ‘uint8_t’ {或称 ‘unsigned char’} may change value [-Wconversion]
   91 |     uint8_t a = (rgb_color >> 24) & 0xFF;
      |                 ^
kernel/gui/src/kanvas_desktop.c: 在函数‘kanvas_desktop_set_wallpaper_image’中:
kernel/gui/src/kanvas_desktop.c:450:27: warning: ‘long unsigned int’转换自‘int’时可能会改变结果的符号 [-Wsign-conversion]
  450 |     size_t sz = (size_t)w * h * 4;
      |                           ^
kernel/gui/src/framebuffer.c: 在函数‘fb_blit_alpha’中:
kernel/gui/src/framebuffer.c:475:25: warning: conversion from ‘uint32_t’ {或称 ‘unsigned int’} to ‘uint8_t’ {或称 ‘unsigned char’} may change value [-Wconversion]
  475 |             uint8_t a = (pixel >> 24) & 0xFF;
      |                         ^
kernel/gui/src/framebuffer.c: 在函数‘fb_fill_rounded_rect’中:
kernel/gui/src/framebuffer.c:520:36: warning: ‘uint32_t’ {或称 ‘unsigned int’}转换自‘int32_t’ {或称 ‘int’}时可能会改变结果的符号 [-Wsign-conversion]
  520 |                 set_pixel_direct(x + dx, y + dy, color);               /* TL */
      |                                    ^
kernel/gui/src/framebuffer.c:520:44: warning: ‘uint32_t’ {或称 ‘unsigned int’}转换自‘int32_t’ {或称 ‘int’}时可能会改变结果的符号 [-Wsign-conversion]
  520 |                 set_pixel_direct(x + dx, y + dy, color);               /* TL */
      |                                            ^
kernel/gui/src/framebuffer.c:521:44: warning: ‘uint32_t’ {或称 ‘unsigned int’}转换自‘int32_t’ {或称 ‘int’}时可能会改变结果的符号 [-Wsign-conversion]
  521 |                 set_pixel_direct(x + w - 1 - dx, y + dy, color);       /* TR */
      |                                            ^
kernel/gui/src/framebuffer.c:521:52: warning: ‘uint32_t’ {或称 ‘unsigned int’}转换自‘int32_t’ {或称 ‘int’}时可能会改变结果的符号 [-Wsign-conversion]
  521 |                 set_pixel_direct(x + w - 1 - dx, y + dy, color);       /* TR */
      |                                                    ^
kernel/gui/src/framebuffer.c:522:36: warning: ‘uint32_t’ {或称 ‘unsigned int’}转换自‘int32_t’ {或称 ‘int’}时可能会改变结果的符号 [-Wsign-conversion]
  522 |                 set_pixel_direct(x + dx, y + h - 1 - dy, color);       /* BL */
      |                                    ^
kernel/gui/src/framebuffer.c:522:52: warning: ‘uint32_t’ {或称 ‘unsigned int’}转换自‘int32_t’ {或称 ‘int’}时可能会改变结果的符号 [-Wsign-conversion]
  522 |                 set_pixel_direct(x + dx, y + h - 1 - dy, color);       /* BL */
      |                                                    ^
kernel/gui/src/framebuffer.c:523:44: warning: ‘uint32_t’ {或称 ‘unsigned int’}转换自‘int32_t’ {或称 ‘int’}时可能会改变结果的符号 [-Wsign-conversion]
  523 |                 set_pixel_direct(x + w - 1 - dx, y + h - 1 - dy, color); /* BR */
      |                                            ^
kernel/gui/src/framebuffer.c:523:60: warning: ‘uint32_t’ {或称 ‘unsigned int’}转换自‘int32_t’ {或称 ‘int’}时可能会改变结果的符号 [-Wsign-conversion]
  523 |                 set_pixel_direct(x + w - 1 - dx, y + h - 1 - dy, color); /* BR */
      |                                                            ^
kernel/gui/src/framebuffer.c: 在函数‘fb_fill_rounded_top_rect’中:
kernel/gui/src/framebuffer.c:548:36: warning: ‘uint32_t’ {或称 ‘unsigned int’}转换自‘int32_t’ {或称 ‘int’}时可能会改变结果的符号 [-Wsign-conversion]
  548 |                 set_pixel_direct(x + dx, y + dy, color);
      |                                    ^
kernel/gui/src/framebuffer.c:548:44: warning: ‘uint32_t’ {或称 ‘unsigned int’}转换自‘int32_t’ {或称 ‘int’}时可能会改变结果的符号 [-Wsign-conversion]
  548 |                 set_pixel_direct(x + dx, y + dy, color);
      |                                            ^
kernel/gui/src/framebuffer.c:549:44: warning: ‘uint32_t’ {或称 ‘unsigned int’}转换自‘int32_t’ {或称 ‘int’}时可能会改变结果的符号 [-Wsign-conversion]
  549 |                 set_pixel_direct(x + w - 1 - dx, y + dy, color);
      |                                            ^
kernel/gui/src/framebuffer.c:549:52: warning: ‘uint32_t’ {或称 ‘unsigned int’}转换自‘int32_t’ {或称 ‘int’}时可能会改变结果的符号 [-Wsign-conversion]
  549 |                 set_pixel_direct(x + w - 1 - dx, y + dy, color);
      |                                                    ^
kernel/gui/src/framebuffer.c: 在函数‘fb_draw_rounded_rect_outline’中:
kernel/gui/src/framebuffer.c:578:36: warning: ‘uint32_t’ {或称 ‘unsigned int’}转换自‘int32_t’ {或称 ‘int’}时可能会改变结果的符号 [-Wsign-conversion]
  578 |                 set_pixel_direct(x + dx, y + dy, color);
      |                                    ^
kernel/gui/src/framebuffer.c:578:44: warning: ‘uint32_t’ {或称 ‘unsigned int’}转换自‘int32_t’ {或称 ‘int’}时可能会改变结果的符号 [-Wsign-conversion]
  578 |                 set_pixel_direct(x + dx, y + dy, color);
      |                                            ^
kernel/gui/src/framebuffer.c:579:44: warning: ‘uint32_t’ {或称 ‘unsigned int’}转换自‘int32_t’ {或称 ‘int’}时可能会改变结果的符号 [-Wsign-conversion]
  579 |                 set_pixel_direct(x + w - 1 - dx, y + dy, color);
      |                                            ^
kernel/gui/src/framebuffer.c:579:52: warning: ‘uint32_t’ {或称 ‘unsigned int’}转换自‘int32_t’ {或称 ‘int’}时可能会改变结果的符号 [-Wsign-conversion]
  579 |                 set_pixel_direct(x + w - 1 - dx, y + dy, color);
      |                                                    ^
kernel/gui/src/framebuffer.c:580:36: warning: ‘uint32_t’ {或称 ‘unsigned int’}转换自‘int32_t’ {或称 ‘int’}时可能会改变结果的符号 [-Wsign-conversion]
  580 |                 set_pixel_direct(x + dx, y + h - 1 - dy, color);
      |                                    ^
kernel/gui/src/framebuffer.c:580:52: warning: ‘uint32_t’ {或称 ‘unsigned int’}转换自‘int32_t’ {或称 ‘int’}时可能会改变结果的符号 [-Wsign-conversion]
  580 |                 set_pixel_direct(x + dx, y + h - 1 - dy, color);
      |                                                    ^
kernel/gui/src/framebuffer.c:581:44: warning: ‘uint32_t’ {或称 ‘unsigned int’}转换自‘int32_t’ {或称 ‘int’}时可能会改变结果的符号 [-Wsign-conversion]
  581 |                 set_pixel_direct(x + w - 1 - dx, y + h - 1 - dy, color);
      |                                            ^
kernel/gui/src/framebuffer.c:581:60: warning: ‘uint32_t’ {或称 ‘unsigned int’}转换自‘int32_t’ {或称 ‘int’}时可能会改变结果的符号 [-Wsign-conversion]
  581 |                 set_pixel_direct(x + w - 1 - dx, y + h - 1 - dy, color);
      |                                                            ^
<0> Building kernel/gui/src/font_ttf.c
In file included from kernel/gui/src/font_ttf.c:40:
kernel/gui/include/stb_truetype.h: 在函数‘stbtt__cff_get_index’中:
kernel/gui/include/stb_truetype.h:1178:30: warning: ‘int’转换自‘stbtt_uint32’ {或称 ‘unsigned int’}时可能会改变结果的符号 [-Wsign-conversion]
 1178 | #define stbtt__buf_get16(b)  stbtt__buf_get((b), 2)
      |                              ^~~~~~~~~~~~~~
kernel/gui/include/stb_truetype.h:1194:12: note: in expansion of macro ‘stbtt__buf_get16’
 1194 |    count = stbtt__buf_get16(b);
      |            ^~~~~~~~~~~~~~~~
kernel/gui/include/stb_truetype.h:1199:53: warning: ‘int’转换自‘stbtt_uint32’ {或称 ‘unsigned int’}时可能会改变结果的符号 [-Wsign-conversion]
 1199 |       stbtt__buf_skip(b, stbtt__buf_get(b, offsize) - 1);
      |                          ~~~~~~~~~~~~~~~~~~~~~~~~~~~^~~
kernel/gui/include/stb_truetype.h: 在函数‘stbtt__cff_int’中:
kernel/gui/include/stb_truetype.h:1207:47: warning: ‘stbtt_uint32’ {或称 ‘unsigned int’}转换自‘int’时可能会改变结果的符号 [-Wsign-conversion]
 1207 |    if (b0 >= 32 && b0 <= 246)       return b0 - 139;
      |                                            ~~~^~~~~
kernel/gui/include/stb_truetype.h:1208:80: warning: ‘stbtt_uint32’ {或称 ‘unsigned int’}转换自‘int’时可能会改变结果的符号 [-Wsign-conversion]
 1208 |    else if (b0 >= 247 && b0 <= 250) return (b0 - 247)*256 + stbtt__buf_get8(b) + 108;
      |                                            ~~~~~~~~~~~~~~~~~~~~~~~~~~~~~~~~~~~~^~~~~
kernel/gui/include/stb_truetype.h:1209:81: warning: ‘stbtt_uint32’ {或称 ‘unsigned int’}转换自‘int’时可能会改变结果的符号 [-Wsign-conversion]
 1209 |    else if (b0 >= 251 && b0 <= 254) return -(b0 - 251)*256 - stbtt__buf_get8(b) - 108;
      |                                            ~~~~~~~~~~~~~~~~~~~~~~~~~~~~~~~~~~~~~^~~~~
kernel/gui/include/stb_truetype.h: 在函数‘stbtt__cff_index_count’中:
kernel/gui/include/stb_truetype.h:1178:30: warning: ‘int’转换自‘stbtt_uint32’ {或称 ‘unsigned int’}时可能会改变结果的符号 [-Wsign-conversion]
 1178 | #define stbtt__buf_get16(b)  stbtt__buf_get((b), 2)
      |                              ^~~~~~~~~~~~~~~~~~~~~~
kernel/gui/include/stb_truetype.h:1257:11: note: in expansion of macro ‘stbtt__buf_get16’
 1257 |    return stbtt__buf_get16(b);
      |           ^~~~~~~~~~~~~~~~
kernel/gui/include/stb_truetype.h: 在函数‘stbtt__cff_index_get’中:
kernel/gui/include/stb_truetype.h:1178:30: warning: ‘int’转换自‘stbtt_uint32’ {或称 ‘unsigned int’}时可能会改变结果的符号 [-Wsign-conversion]
 1178 | #define stbtt__buf_get16(b)  stbtt__buf_get((b), 2)
      |                              ^~~~~~~~~~~~~~
kernel/gui/include/stb_truetype.h:1264:12: note: in expansion of macro ‘stbtt__buf_get16’
 1264 |    count = stbtt__buf_get16(&b);
      |            ^~~~~~~~~~~~~~~~
kernel/gui/include/stb_truetype.h:1269:12: warning: ‘int’转换自‘stbtt_uint32’ {或称 ‘unsigned int’}时可能会改变结果的符号 [-Wsign-conversion]
 1269 |    start = stbtt__buf_get(&b, offsize);
      |            ^~~~~~~~~~~~~~
kernel/gui/include/stb_truetype.h:1270:10: warning: ‘int’转换自‘stbtt_uint32’ {或称 ‘unsigned int’}时可能会改变结果的符号 [-Wsign-conversion]
 1270 |    end = stbtt__buf_get(&b, offsize);
      |          ^~~~~~~~~~~~~~
kernel/gui/include/stb_truetype.h: 在函数‘ttUSHORT’中:
kernel/gui/include/stb_truetype.h:1286:64: warning: conversion from ‘int’ to ‘stbtt_uint16’ {或称 ‘short unsigned int’} may change value [-Wconversion]
 1286 | static stbtt_uint16 ttUSHORT(stbtt_uint8 *p) { return p[0]*256 + p[1]; }
      |                                                       ~~~~~~~~~^~~~~~
kernel/gui/include/stb_truetype.h: 在函数‘ttSHORT’中:
kernel/gui/include/stb_truetype.h:1287:64: warning: conversion from ‘int’ to ‘stbtt_int16’ {或称 ‘short int’} may change value [-Wconversion]
 1287 | static stbtt_int16 ttSHORT(stbtt_uint8 *p)   { return p[0]*256 + p[1]; }
      |                                                       ~~~~~~~~~^~~~~~
kernel/gui/include/stb_truetype.h: 在函数‘ttULONG’中:
kernel/gui/include/stb_truetype.h:1288:91: warning: ‘stbtt_uint32’ {或称 ‘unsigned int’}转换自‘int’时可能会改变结果的符号 [-Wsign-conversion]
 1288 | static stbtt_uint32 ttULONG(stbtt_uint8 *p)  { return (p[0]<<24) + (p[1]<<16) + (p[2]<<8) + p[3]; }
      |                                                       ~~~~~~~~~~~~~~~~~~~~~~~~~~~~~~~~~~~~^~~~~~
kernel/gui/include/stb_truetype.h: 在函数‘stbtt__find_table’中:
kernel/gui/include/stb_truetype.h:1312:35: warning: ‘stbtt_uint32’ {或称 ‘unsigned int’}转换自‘stbtt_int32’ {或称 ‘int’}时可能会改变结果的符号 [-Wsign-conversion]
 1312 |       stbtt_uint32 loc = tabledir + 16*i;
      |                                   ^
kernel/gui/include/stb_truetype.h: 在函数‘stbtt_GetFontOffsetForIndex_internal’中:
kernel/gui/include/stb_truetype.h:1332:17: warning: ‘int’转换自‘stbtt_uint32’ {或称 ‘unsigned int’}时可能会改变结果的符号 [-Wsign-conversion]
 1332 |          return ttULONG(font_collection+12+index*4);
      |                 ^~~~~~~~~~~~~~~~~~~~~~~~~~~~~~~~~~~
kernel/gui/include/stb_truetype.h: 在函数‘stbtt__get_subrs’中:
kernel/gui/include/stb_truetype.h:1360:46: warning: ‘int’转换自‘stbtt_uint32’ {或称 ‘unsigned int’}时可能会改变结果的符号 [-Wsign-conversion]
 1360 |    pdict = stbtt__buf_range(&cff, private_loc[1], private_loc[0]);
      |                                   ~~~~~~~~~~~^~~
kernel/gui/include/stb_truetype.h:1360:62: warning: ‘int’转换自‘stbtt_uint32’ {或称 ‘unsigned int’}时可能会改变结果的符号 [-Wsign-conversion]
 1360 |    pdict = stbtt__buf_range(&cff, private_loc[1], private_loc[0]);
      |                                                   ~~~~~~~~~~~^~~
kernel/gui/include/stb_truetype.h:1363:40: warning: ‘int’转换自‘stbtt_uint32’ {或称 ‘unsigned int’}时可能会改变结果的符号 [-Wsign-conversion]
 1363 |    stbtt__buf_seek(&cff, private_loc[1]+subrsoff);
      |                          ~~~~~~~~~~~~~~^~~~~~~~~
kernel/gui/include/stb_truetype.h: 在函数‘stbtt__get_svg’中:
kernel/gui/include/stb_truetype.h:1372:45: warning: ‘stbtt_uint32’ {或称 ‘unsigned int’}转换自‘int’时可能会改变结果的符号 [-Wsign-conversion]
 1372 |       t = stbtt__find_table(info->data, info->fontstart, "SVG ");
      |                                         ~~~~^~~~~~~~~~~
kernel/gui/include/stb_truetype.h:1375:22: warning: ‘int’转换自‘stbtt_uint32’ {或称 ‘unsigned int’}时可能会改变结果的符号 [-Wsign-conversion]
 1375 |          info->svg = t + offset;
      |                      ^
kernel/gui/include/stb_truetype.h: 在函数‘stbtt_InitFont_internal’中:
kernel/gui/include/stb_truetype.h:1392:35: warning: ‘stbtt_uint32’ {或称 ‘unsigned int’}转换自‘int’时可能会改变结果的符号 [-Wsign-conversion]
 1392 |    cmap = stbtt__find_table(data, fontstart, "cmap");       // required
      |                                   ^~~~~~~~~
kernel/gui/include/stb_truetype.h:1393:41: warning: ‘stbtt_uint32’ {或称 ‘unsigned int’}转换自‘int’时可能会改变结果的符号 [-Wsign-conversion]
 1393 |    info->loca = stbtt__find_table(data, fontstart, "loca"); // required
      |                                         ^~~~~~~~~
kernel/gui/include/stb_truetype.h:1393:17: warning: ‘int’转换自‘stbtt_uint32’ {或称 ‘unsigned int’}时可能会改变结果的符号 [-Wsign-conversion]
 1393 |    info->loca = stbtt__find_table(data, fontstart, "loca"); // required
      |                 ^~~~~~~~~~~~~~~~~
kernel/gui/include/stb_truetype.h:1394:41: warning: ‘stbtt_uint32’ {或称 ‘unsigned int’}转换自‘int’时可能会改变结果的符号 [-Wsign-conversion]
 1394 |    info->head = stbtt__find_table(data, fontstart, "head"); // required
      |                                         ^~~~~~~~~
kernel/gui/include/stb_truetype.h:1394:17: warning: ‘int’转换自‘stbtt_uint32’ {或称 ‘unsigned int’}时可能会改变结果的符号 [-Wsign-conversion]
 1394 |    info->head = stbtt__find_table(data, fontstart, "head"); // required
      |                 ^~~~~~~~~~~~~~~~~
kernel/gui/include/stb_truetype.h:1395:41: warning: ‘stbtt_uint32’ {或称 ‘unsigned int’}转换自‘int’时可能会改变结果的符号 [-Wsign-conversion]
 1395 |    info->glyf = stbtt__find_table(data, fontstart, "glyf"); // required
      |                                         ^~~~~~~~~
kernel/gui/include/stb_truetype.h:1395:17: warning: ‘int’转换自‘stbtt_uint32’ {或称 ‘unsigned int’}时可能会改变结果的符号 [-Wsign-conversion]
 1395 |    info->glyf = stbtt__find_table(data, fontstart, "glyf"); // required
      |                 ^~~~~~~~~~~~~~~~~
kernel/gui/include/stb_truetype.h:1396:41: warning: ‘stbtt_uint32’ {或称 ‘unsigned int’}转换自‘int’时可能会改变结果的符号 [-Wsign-conversion]
 1396 |    info->hhea = stbtt__find_table(data, fontstart, "hhea"); // required
      |                                         ^~~~~~~~~
kernel/gui/include/stb_truetype.h:1396:17: warning: ‘int’转换自‘stbtt_uint32’ {或称 ‘unsigned int’}时可能会改变结果的符号 [-Wsign-conversion]
 1396 |    info->hhea = stbtt__find_table(data, fontstart, "hhea"); // required
      |                 ^~~~~~~~~~~~~~~~~
kernel/gui/include/stb_truetype.h:1397:41: warning: ‘stbtt_uint32’ {或称 ‘unsigned int’}转换自‘int’时可能会改变结果的符号 [-Wsign-conversion]
 1397 |    info->hmtx = stbtt__find_table(data, fontstart, "hmtx"); // required
      |                                         ^~~~~~~~~
kernel/gui/include/stb_truetype.h:1397:17: warning: ‘int’转换自‘stbtt_uint32’ {或称 ‘unsigned int’}时可能会改变结果的符号 [-Wsign-conversion]
 1397 |    info->hmtx = stbtt__find_table(data, fontstart, "hmtx"); // required
      |                 ^~~~~~~~~~~~~~~~~
kernel/gui/include/stb_truetype.h:1398:41: warning: ‘stbtt_uint32’ {或称 ‘unsigned int’}转换自‘int’时可能会改变结果的符号 [-Wsign-conversion]
 1398 |    info->kern = stbtt__find_table(data, fontstart, "kern"); // not required
      |                                         ^~~~~~~~~
kernel/gui/include/stb_truetype.h:1398:17: warning: ‘int’转换自‘stbtt_uint32’ {或称 ‘unsigned int’}时可能会改变结果的符号 [-Wsign-conversion]
 1398 |    info->kern = stbtt__find_table(data, fontstart, "kern"); // not required
      |                 ^~~~~~~~~~~~~~~~~
kernel/gui/include/stb_truetype.h:1399:41: warning: ‘stbtt_uint32’ {或称 ‘unsigned int’}转换自‘int’时可能会改变结果的符号 [-Wsign-conversion]
 1399 |    info->gpos = stbtt__find_table(data, fontstart, "GPOS"); // not required
      |                                         ^~~~~~~~~
kernel/gui/include/stb_truetype.h:1399:17: warning: ‘int’转换自‘stbtt_uint32’ {或称 ‘unsigned int’}时可能会改变结果的符号 [-Wsign-conversion]
 1399 |    info->gpos = stbtt__find_table(data, fontstart, "GPOS"); // not required
      |                 ^~~~~~~~~~~~~~~~~
kernel/gui/include/stb_truetype.h:1412:37: warning: ‘stbtt_uint32’ {或称 ‘unsigned int’}转换自‘int’时可能会改变结果的符号 [-Wsign-conversion]
 1412 |       cff = stbtt__find_table(data, fontstart, "CFF ");
      |                                     ^~~~~~~~~
kernel/gui/include/stb_truetype.h:1447:30: warning: ‘int’转换自‘stbtt_uint32’ {或称 ‘unsigned int’}时可能会改变结果的符号 [-Wsign-conversion]
 1447 |          stbtt__buf_seek(&b, fdarrayoff);
      |                              ^~~~~~~~~~
kernel/gui/include/stb_truetype.h:1449:67: warning: ‘stbtt_uint32’ {或称 ‘unsigned int’}转换自‘int’时可能会改变结果的符号 [-Wsign-conversion]
 1449 |          info->fdselect = stbtt__buf_range(&b, fdselectoff, b.size-fdselectoff);
      |                                                                   ^
kernel/gui/include/stb_truetype.h:1449:48: warning: ‘int’转换自‘stbtt_uint32’ {或称 ‘unsigned int’}时可能会改变结果的符号 [-Wsign-conversion]
 1449 |          info->fdselect = stbtt__buf_range(&b, fdselectoff, b.size-fdselectoff);
      |                                                ^~~~~~~~~~~
kernel/gui/include/stb_truetype.h:1449:67: warning: ‘int’转换自‘stbtt_uint32’ {或称 ‘unsigned int’}时可能会改变结果的符号 [-Wsign-conversion]
 1449 |          info->fdselect = stbtt__buf_range(&b, fdselectoff, b.size-fdselectoff);
      |                                                             ~~~~~~^~~~~~~~~~~~
kernel/gui/include/stb_truetype.h:1452:27: warning: ‘int’转换自‘stbtt_uint32’ {或称 ‘unsigned int’}时可能会改变结果的符号 [-Wsign-conversion]
 1452 |       stbtt__buf_seek(&b, charstrings);
      |                           ^~~~~~~~~~~
kernel/gui/include/stb_truetype.h:1456:32: warning: ‘stbtt_uint32’ {或称 ‘unsigned int’}转换自‘int’时可能会改变结果的符号 [-Wsign-conversion]
 1456 |    t = stbtt__find_table(data, fontstart, "maxp");
      |                                ^~~~~~~~~
kernel/gui/include/stb_truetype.h:1470:47: warning: ‘stbtt_uint32’ {或称 ‘unsigned int’}转换自‘stbtt_int32’ {或称 ‘int’}时可能会改变结果的符号 [-Wsign-conversion]
 1470 |       stbtt_uint32 encoding_record = cmap + 4 + 8 * i;
      |                                               ^
kernel/gui/include/stb_truetype.h:1478:37: warning: ‘int’转换自‘stbtt_uint32’ {或称 ‘unsigned int’}时可能会改变结果的符号 [-Wsign-conversion]
 1478 |                   info->index_map = cmap + ttULONG(data+encoding_record+4);
      |                                     ^~~~
kernel/gui/include/stb_truetype.h:1485:31: warning: ‘int’转换自‘stbtt_uint32’ {或称 ‘unsigned int’}时可能会改变结果的符号 [-Wsign-conversion]
 1485 |             info->index_map = cmap + ttULONG(data+encoding_record+4);
      |                               ^~~~
kernel/gui/include/stb_truetype.h: 在函数‘stbtt_FindGlyphIndex’中:
kernel/gui/include/stb_truetype.h:1499:29: warning: ‘stbtt_uint32’ {或称 ‘unsigned int’}转换自‘int’时可能会改变结果的符号 [-Wsign-conversion]
 1499 |    stbtt_uint32 index_map = info->index_map;
      |                             ^~~~
kernel/gui/include/stb_truetype.h:1511:69: warning: ‘stbtt_uint32’ {或称 ‘unsigned int’}转换自‘int’时可能会改变结果的符号 [-Wsign-conversion]
 1511 |          return ttUSHORT(data + index_map + 10 + (unicode_codepoint - first)*2);
      |                                                                     ^
kernel/gui/include/stb_truetype.h:1577:35: warning: ‘stbtt_uint32’ {或称 ‘unsigned int’}转换自‘int’时可能会改变结果的符号 [-Wsign-conversion]
 1577 |                return start_glyph + unicode_codepoint-start_char;
      |                                   ^
kernel/gui/include/stb_truetype.h:1577:54: warning: ‘int’转换自‘stbtt_uint32’ {或称 ‘unsigned int’}时可能会改变结果的符号 [-Wsign-conversion]
 1577 |                return start_glyph + unicode_codepoint-start_char;
      |                       ~~~~~~~~~~~~~~~~~~~~~~~~~~~~~~~^~~~~~~~~~~
kernel/gui/include/stb_truetype.h:1579:23: warning: ‘int’转换自‘stbtt_uint32’ {或称 ‘unsigned int’}时可能会改变结果的符号 [-Wsign-conversion]
 1579 |                return start_glyph;
      |                       ^~~~~~~~~~~
kernel/gui/include/stb_truetype.h: 在函数‘stbtt__GetGlyfOffset’中:
kernel/gui/include/stb_truetype.h:1616:23: warning: ‘stbtt_uint32’ {或称 ‘unsigned int’}转换自‘int’时可能会改变结果的符号 [-Wsign-conversion]
 1616 |       g1 = info->glyf + ttULONG (info->data + info->loca + glyph_index * 4);
      |                       ^
kernel/gui/include/stb_truetype.h:1616:12: warning: ‘int’转换自‘stbtt_uint32’ {或称 ‘unsigned int’}时可能会改变结果的符号 [-Wsign-conversion]
 1616 |       g1 = info->glyf + ttULONG (info->data + info->loca + glyph_index * 4);
      |            ^~~~
kernel/gui/include/stb_truetype.h:1617:23: warning: ‘stbtt_uint32’ {或称 ‘unsigned int’}转换自‘int’时可能会改变结果的符号 [-Wsign-conversion]
 1617 |       g2 = info->glyf + ttULONG (info->data + info->loca + glyph_index * 4 + 4);
      |                       ^
kernel/gui/include/stb_truetype.h:1617:12: warning: ‘int’转换自‘stbtt_uint32’ {或称 ‘unsigned int’}时可能会改变结果的符号 [-Wsign-conversion]
 1617 |       g2 = info->glyf + ttULONG (info->data + info->loca + glyph_index * 4 + 4);
      |            ^~~~
kernel/gui/include/stb_truetype.h: 在函数‘stbtt__GetGlyphShapeTT’中:
kernel/gui/include/stb_truetype.h:1701:50: warning: ‘long long unsigned int’转换自‘stbtt_int32’ {或称 ‘int’}时可能会改变结果的符号 [-Wsign-conversion]
 1701 |       vertices = (stbtt_vertex *) STBTT_malloc(m * sizeof(vertices[0]), info->userdata);
      |                                                  ^
kernel/gui/src/font_ttf.c:26:64: note: in definition of macro ‘STBTT_malloc’
   26 | #define STBTT_malloc(x, u) ((void)(u), memory_alloc((uint64_t)(x)))
      |                                                                ^
kernel/gui/include/stb_truetype.h:1824:18: warning: ‘stbtt_uint16’ {或称 ‘short unsigned int’}转换自‘stbtt_int16’ {或称 ‘short int’}时可能会改变结果的符号 [-Wsign-conversion]
 1824 |          flags = ttSHORT(comp); comp+=2;
      |                  ^~~~~~~
kernel/gui/include/stb_truetype.h:1825:17: warning: ‘stbtt_uint16’ {或称 ‘short unsigned int’}转换自‘stbtt_int16’ {或称 ‘short int’}时可能会改变结果的符号 [-Wsign-conversion]
 1825 |          gidx = ttSHORT(comp); comp+=2;
      |                 ^~~~~~~
kernel/gui/include/stb_truetype.h:1873:76: warning: ‘long long unsigned int’转换自‘int’时可能会改变结果的符号 [-Wsign-conversion]
 1873 |             tmp = (stbtt_vertex*)STBTT_malloc((num_vertices+comp_num_verts)*sizeof(stbtt_vertex), info->userdata);
      |                                                                            ^
kernel/gui/src/font_ttf.c:26:64: note: in definition of macro ‘STBTT_malloc’
   26 | #define STBTT_malloc(x, u) ((void)(u), memory_alloc((uint64_t)(x)))
      |                                                                ^
kernel/gui/include/stb_truetype.h:1879:87: warning: ‘long long unsigned int’转换自‘int’时可能会改变结果的符号 [-Wsign-conversion]
 1879 |             if (num_vertices > 0 && vertices) STBTT_memcpy(tmp, vertices, num_vertices*sizeof(stbtt_vertex));
      |                                                                                       ^
kernel/gui/include/stb_truetype.h:1879:87: warning: conversion from ‘long long unsigned int’ to ‘size_t’ {或称 ‘long unsigned int’} may change value [-Wconversion]
 1879 |             if (num_vertices > 0 && vertices) STBTT_memcpy(tmp, vertices, num_vertices*sizeof(stbtt_vertex));
      |                                                                           ~~~~~~~~~~~~^~~~~~~~~~~~~~~~~~~~~
kernel/gui/include/stb_truetype.h:1880:70: warning: ‘long long unsigned int’转换自‘int’时可能会改变结果的符号 [-Wsign-conversion]
 1880 |             STBTT_memcpy(tmp+num_vertices, comp_verts, comp_num_verts*sizeof(stbtt_vertex));
      |                                                                      ^
kernel/gui/include/stb_truetype.h:1880:70: warning: conversion from ‘long long unsigned int’ to ‘size_t’ {或称 ‘long unsigned int’} may change value [-Wconversion]
 1880 |             STBTT_memcpy(tmp+num_vertices, comp_verts, comp_num_verts*sizeof(stbtt_vertex));
      |                                                        ~~~~~~~~~~~~~~^~~~~~~~~~~~~~~~~~~~~
kernel/gui/include/stb_truetype.h: 在函数‘stbtt__cid_get_glyph_subrs’中:
kernel/gui/include/stb_truetype.h:1178:30: warning: ‘int’转换自‘stbtt_uint32’ {或称 ‘unsigned int’}时可能会改变结果的符号 [-Wsign-conversion]
 1178 | #define stbtt__buf_get16(b)  stbtt__buf_get((b), 2)
      |                              ^~~~~~~~~~~~~~
kernel/gui/include/stb_truetype.h:1994:17: note: in expansion of macro ‘stbtt__buf_get16’
 1994 |       nranges = stbtt__buf_get16(&fdselect);
      |                 ^~~~~~~~~~~~~~~~
kernel/gui/include/stb_truetype.h:1178:30: warning: ‘int’转换自‘stbtt_uint32’ {或称 ‘unsigned int’}时可能会改变结果的符号 [-Wsign-conversion]
 1178 | #define stbtt__buf_get16(b)  stbtt__buf_get((b), 2)
      |                              ^~~~~~~~~~~~~~
kernel/gui/include/stb_truetype.h:1995:15: note: in expansion of macro ‘stbtt__buf_get16’
 1995 |       start = stbtt__buf_get16(&fdselect);
      |               ^~~~~~~~~~~~~~~~
kernel/gui/include/stb_truetype.h:1178:30: warning: ‘int’转换自‘stbtt_uint32’ {或称 ‘unsigned int’}时可能会改变结果的符号 [-Wsign-conversion]
 1178 | #define stbtt__buf_get16(b)  stbtt__buf_get((b), 2)
      |                              ^~~~~~~~~~~~~~
kernel/gui/include/stb_truetype.h:1998:16: note: in expansion of macro ‘stbtt__buf_get16’
 1998 |          end = stbtt__buf_get16(&fdselect);
      |                ^~~~~~~~~~~~~~~~
kernel/gui/include/stb_truetype.h: 在函数‘stbtt__GetGlyphShapeT2’中:
kernel/gui/include/stb_truetype.h:2275:70: warning: ‘long long unsigned int’转换自‘int’时可能会改变结果的符号 [-Wsign-conversion]
 2275 |       *pvertices = (stbtt_vertex*)STBTT_malloc(count_ctx.num_vertices*sizeof(stbtt_vertex), info->userdata);
      |                                                                      ^
kernel/gui/src/font_ttf.c:26:64: note: in definition of macro ‘STBTT_malloc’
   26 | #define STBTT_malloc(x, u) ((void)(u), memory_alloc((uint64_t)(x)))
      |                                                                ^
kernel/gui/include/stb_truetype.h: 在函数‘stbtt__GetGlyphKernInfoAdvance’中:
kernel/gui/include/stb_truetype.h:2375:13: warning: ‘stbtt_uint32’ {或称 ‘unsigned int’}转换自‘int’时可能会改变结果的符号 [-Wsign-conversion]
 2375 |    needle = glyph1 << 16 | glyph2;
      |             ^~~~~~
kernel/gui/include/stb_truetype.h: 在函数‘stbtt_GetFontVMetricsOS2’中:
kernel/gui/include/stb_truetype.h:2643:48: warning: ‘stbtt_uint32’ {或称 ‘unsigned int’}转换自‘int’时可能会改变结果的符号 [-Wsign-conversion]
 2643 |    int tab = stbtt__find_table(info->data, info->fontstart, "OS/2");
      |                                            ~~~~^~~~~~~~~~~
kernel/gui/include/stb_truetype.h:2643:14: warning: ‘int’转换自‘stbtt_uint32’ {或称 ‘unsigned int’}时可能会改变结果的符号 [-Wsign-conversion]
 2643 |    int tab = stbtt__find_table(info->data, info->fontstart, "OS/2");
      |              ^~~~~~~~~~~~~~~~~
kernel/gui/include/stb_truetype.h: 在函数‘stbtt_ScaleForPixelHeight’中:
kernel/gui/include/stb_truetype.h:2663:26: warning: conversion from ‘int’ to ‘float’ may change value [-Wconversion]
 2663 |    return (float) height / fheight;
      |                          ^
kernel/gui/include/stb_truetype.h: 在函数‘stbtt_ScaleForMappingEmToPixels’中:
kernel/gui/include/stb_truetype.h:2669:18: warning: conversion from ‘int’ to ‘float’ may change value [-Wconversion]
 2669 |    return pixels / unitsPerEm;
      |                  ^
kernel/gui/include/stb_truetype.h: 在函数‘stbtt_GetGlyphSVG’中:
kernel/gui/include/stb_truetype.h:2705:14: warning: ‘int’转换自‘stbtt_uint32’ {或称 ‘unsigned int’}时可能会改变结果的符号 [-Wsign-conversion]
 2705 |       return ttULONG(svg_doc + 8);
      |              ^~~~~~~~~~~~~~~~~~~~
kernel/gui/include/stb_truetype.h: 在函数‘stbtt_GetGlyphBitmapBoxSubpixel’中:
kernel/gui/include/stb_truetype.h:2732:40: warning: conversion from ‘int’ to ‘float’ may change value [-Wconversion]
 2732 |       if (ix0) *ix0 = STBTT_ifloor( x0 * scale_x + shift_x);
      |                                        ^
kernel/gui/src/font_ttf.c:29:47: note: in definition of macro ‘STBTT_ifloor’
   29 | #define STBTT_ifloor(x)    ttf_ifloor((float)(x))
      |                                               ^
kernel/gui/include/stb_truetype.h:2733:40: warning: conversion from ‘int’ to ‘float’ may change value [-Wconversion]
 2733 |       if (iy0) *iy0 = STBTT_ifloor(-y1 * scale_y + shift_y);
      |                                        ^
kernel/gui/src/font_ttf.c:29:47: note: in definition of macro ‘STBTT_ifloor’
   29 | #define STBTT_ifloor(x)    ttf_ifloor((float)(x))
      |                                               ^
kernel/gui/include/stb_truetype.h:2734:40: warning: conversion from ‘int’ to ‘float’ may change value [-Wconversion]
 2734 |       if (ix1) *ix1 = STBTT_iceil ( x1 * scale_x + shift_x);
      |                                        ^
kernel/gui/src/font_ttf.c:30:46: note: in definition of macro ‘STBTT_iceil’
   30 | #define STBTT_iceil(x)     ttf_iceil((float)(x))
      |                                              ^
kernel/gui/include/stb_truetype.h:2735:40: warning: conversion from ‘int’ to ‘float’ may change value [-Wconversion]
 2735 |       if (iy1) *iy1 = STBTT_iceil (-y0 * scale_y + shift_y);
      |                                        ^
kernel/gui/src/font_ttf.c:30:46: note: in definition of macro ‘STBTT_iceil’
   30 | #define STBTT_iceil(x)     ttf_iceil((float)(x))
      |                                              ^
kernel/gui/include/stb_truetype.h: 在函数‘stbtt__hheap_alloc’中:
kernel/gui/include/stb_truetype.h:2779:104: warning: ‘long unsigned int’转换自‘int’时可能会改变结果的符号 [-Wsign-conversion]
 2779 |          stbtt__hheap_chunk *c = (stbtt__hheap_chunk *) STBTT_malloc(sizeof(stbtt__hheap_chunk) + size * count, userdata);
      |                                                                                                        ^
kernel/gui/src/font_ttf.c:26:64: note: in definition of macro ‘STBTT_malloc’
   26 | #define STBTT_malloc(x, u) ((void)(u), memory_alloc((uint64_t)(x)))
      |                                                                ^
kernel/gui/include/stb_truetype.h:2787:70: warning: ‘long unsigned int’转换自‘int’时可能会改变结果的符号 [-Wsign-conversion]
 2787 |       return (char *) (hh->head) + sizeof(stbtt__hheap_chunk) + size * hh->num_remaining_in_head_chunk;
      |                                                                      ^
kernel/gui/include/stb_truetype.h: 在函数‘stbtt__new_active’中:
kernel/gui/include/stb_truetype.h:2867:10: warning: conversion from ‘int’ to ‘float’ may change value [-Wconversion]
 2867 |    z->fx -= off_x;
      |          ^~
kernel/gui/include/stb_truetype.h: 在函数‘stbtt__handle_clipped_edge’中:
kernel/gui/include/stb_truetype.h:3061:54: warning: conversion from ‘int’ to ‘float’ may change value [-Wconversion]
 3061 |       scanline[x] += e->direction * (y1-y0) * (1-((x0-x)+(x1-x))/2); // coverage = 1 - average x position
      |                                                      ^
kernel/gui/include/stb_truetype.h:3061:61: warning: conversion from ‘int’ to ‘float’ may change value [-Wconversion]
 3061 |       scanline[x] += e->direction * (y1-y0) * (1-((x0-x)+(x1-x))/2); // coverage = 1 - average x position
      |                                                             ^
kernel/gui/include/stb_truetype.h: 在函数‘stbtt__fill_active_edges_new’中:
kernel/gui/include/stb_truetype.h:3138:83: warning: conversion from ‘int’ to ‘float’ may change value [-Wconversion]
 3138 |                scanline[x]      += stbtt__position_trapezoid_area(height, x_top, x+1.0f, x_bottom, x+1.0f);
      |                                                                                   ^
kernel/gui/include/stb_truetype.h:3138:101: warning: conversion from ‘int’ to ‘float’ may change value [-Wconversion]
 3138 |                scanline[x]      += stbtt__position_trapezoid_area(height, x_top, x+1.0f, x_bottom, x+1.0f);
      |                                                                                                     ^
kernel/gui/include/stb_truetype.h:3161:48: warning: conversion from ‘int’ to ‘float’ may change value [-Wconversion]
 3161 |                y_crossing = y_top + dy * (x1+1 - x0);
      |                                                ^
kernel/gui/include/stb_truetype.h:3164:43: warning: conversion from ‘int’ to ‘float’ may change value [-Wconversion]
 3164 |                y_final = y_top + dy * (x2 - x0);
      |                                           ^
kernel/gui/include/stb_truetype.h:3194:70: warning: conversion from ‘int’ to ‘float’ may change value [-Wconversion]
 3194 |                scanline[x1] += stbtt__sized_triangle_area(area, x1+1 - x_top);
      |                                                                      ^
kernel/gui/include/stb_truetype.h:3199:48: warning: conversion from ‘int’ to ‘float’ may change value [-Wconversion]
 3199 |                   dy = (y_final - y_crossing ) / (x2 - (x1+1)); // if denom=0, y_final = y_crossing, so y_final <= y_bottom
      |                                                ^
kernel/gui/include/stb_truetype.h:3225:104: warning: conversion from ‘int’ to ‘float’ may change value [-Wconversion]
 3225 |                scanline[x2] += area + sign * stbtt__position_trapezoid_area(sy1-y_final, (float) x2, x2+1.0f, x_bottom, x2+1.0f);
      |                                                                                                        ^
kernel/gui/include/stb_truetype.h:3225:123: warning: conversion from ‘int’ to ‘float’ may change value [-Wconversion]
 3225 |                scanline[x2] += area + sign * stbtt__position_trapezoid_area(sy1-y_final, (float) x2, x2+1.0f, x_bottom, x2+1.0f);
      |                                                                                                                           ^
kernel/gui/include/stb_truetype.h:3263:30: warning: conversion from ‘int’ to ‘float’ may change value [-Wconversion]
 3263 |                float y1 = (x - x0) / dx + y_top;
      |                              ^
kernel/gui/include/stb_truetype.h:3264:32: warning: conversion from ‘int’ to ‘float’ may change value [-Wconversion]
 3264 |                float y2 = (x+1 - x0) / dx + y_top;
      |                                ^
kernel/gui/include/stb_truetype.h: 在函数‘stbtt__rasterize_sorted_edges’中:
kernel/gui/include/stb_truetype.h:3307:57: warning: ‘long long unsigned int’转换自‘int’时可能会改变结果的符号 [-Wsign-conversion]
 3307 |       scanline = (float *) STBTT_malloc((result->w*2+1) * sizeof(float), userdata);
      |                                                         ^
kernel/gui/src/font_ttf.c:26:64: note: in definition of macro ‘STBTT_malloc’
   26 | #define STBTT_malloc(x, u) ((void)(u), memory_alloc((uint64_t)(x)))
      |                                                                ^
kernel/gui/include/stb_truetype.h:3318:31: warning: conversion from ‘int’ to ‘float’ may change value [-Wconversion]
 3318 |       float scan_y_top    = y + 0.0f;
      |                               ^
kernel/gui/include/stb_truetype.h:3319:31: warning: conversion from ‘int’ to ‘float’ may change value [-Wconversion]
 3319 |       float scan_y_bottom = y + 1.0f;
      |                               ^
kernel/gui/include/stb_truetype.h:3322:43: warning: ‘long long unsigned int’转换自‘int’时可能会改变结果的符号 [-Wsign-conversion]
 3322 |       STBTT_memset(scanline , 0, result->w*sizeof(scanline[0]));
      |                                           ^
kernel/gui/include/stb_truetype.h:3322:43: warning: conversion from ‘long long unsigned int’ to ‘size_t’ {或称 ‘long unsigned int’} may change value [-Wconversion]
 3322 |       STBTT_memset(scanline , 0, result->w*sizeof(scanline[0]));
      |                                  ~~~~~~~~~^~~~~~~~~~~~~~~~~~~~
kernel/gui/include/stb_truetype.h:3323:47: warning: ‘long long unsigned int’转换自‘int’时可能会改变结果的符号 [-Wsign-conversion]
 3323 |       STBTT_memset(scanline2, 0, (result->w+1)*sizeof(scanline[0]));
      |                                               ^
kernel/gui/include/stb_truetype.h:3323:47: warning: conversion from ‘long long unsigned int’ to ‘size_t’ {或称 ‘long unsigned int’} may change value [-Wconversion]
 3323 |       STBTT_memset(scanline2, 0, (result->w+1)*sizeof(scanline[0]));
      |                                  ~~~~~~~~~~~~~^~~~~~~~~~~~~~~~~~~~
kernel/gui/include/stb_truetype.h: 在函数‘stbtt__rasterize’中:
kernel/gui/include/stb_truetype.h:3509:48: warning: ‘long long unsigned int’转换自‘int’时可能会改变结果的符号 [-Wsign-conversion]
 3509 |    e = (stbtt__edge *) STBTT_malloc(sizeof(*e) * (n+1), userdata); // add an extra one as a sentinel
      |                                                ^
kernel/gui/src/font_ttf.c:26:64: note: in definition of macro ‘STBTT_malloc’
   26 | #define STBTT_malloc(x, u) ((void)(u), memory_alloc((uint64_t)(x)))
      |                                                                ^
kernel/gui/include/stb_truetype.h:3530:53: warning: conversion from ‘int’ to ‘float’ may change value [-Wconversion]
 3530 |          e[n].y0 = (p[a].y * y_scale_inv + shift_y) * vsubsample;
      |                                                     ^
kernel/gui/include/stb_truetype.h:3532:53: warning: conversion from ‘int’ to ‘float’ may change value [-Wconversion]
 3532 |          e[n].y1 = (p[b].y * y_scale_inv + shift_y) * vsubsample;
      |                                                     ^
kernel/gui/include/stb_truetype.h: 在函数‘stbtt_FlattenCurves’中:
kernel/gui/include/stb_truetype.h:3634:70: warning: ‘long long unsigned int’转换自‘int’时可能会改变结果的符号 [-Wsign-conversion]
 3634 |    *contour_lengths = (int *) STBTT_malloc(sizeof(**contour_lengths) * n, userdata);
      |                                                                      ^
kernel/gui/src/font_ttf.c:26:64: note: in definition of macro ‘STBTT_malloc’
   26 | #define STBTT_malloc(x, u) ((void)(u), memory_alloc((uint64_t)(x)))
      |                                                                ^
kernel/gui/include/stb_truetype.h:3645:60: warning: ‘long long unsigned int’转换自‘int’时可能会改变结果的符号 [-Wsign-conversion]
 3645 |          points = (stbtt__point *) STBTT_malloc(num_points * sizeof(points[0]), userdata);
      |                                                            ^
kernel/gui/src/font_ttf.c:26:64: note: in definition of macro ‘STBTT_malloc’
   26 | #define STBTT_malloc(x, u) ((void)(u), memory_alloc((uint64_t)(x)))
      |                                                                ^
kernel/gui/include/stb_truetype.h: 在函数‘stbtt_BakeFontBitmap_internal’中:
kernel/gui/include/stb_truetype.h:3825:30: warning: ‘size_t’ {或称 ‘long unsigned int’}转换自‘int’时可能会改变结果的符号 [-Wsign-conversion]
 3825 |    STBTT_memset(pixels, 0, pw*ph); // background of 0 around pixels
      |                            ~~^~~
kernel/gui/include/stb_truetype.h:3845:24: warning: ‘short unsigned int’转换自‘short int’时可能会改变结果的符号 [-Wsign-conversion]
 3845 |       chardata[i].x0 = (stbtt_int16) x;
      |                        ^
kernel/gui/include/stb_truetype.h:3846:24: warning: ‘short unsigned int’转换自‘short int’时可能会改变结果的符号 [-Wsign-conversion]
 3846 |       chardata[i].y0 = (stbtt_int16) y;
      |                        ^
kernel/gui/include/stb_truetype.h:3847:24: warning: ‘short unsigned int’转换自‘short int’时可能会改变结果的符号 [-Wsign-conversion]
 3847 |       chardata[i].x1 = (stbtt_int16) (x + gw);
      |                        ^
kernel/gui/include/stb_truetype.h:3848:24: warning: ‘short unsigned int’转换自‘short int’时可能会改变结果的符号 [-Wsign-conversion]
 3848 |       chardata[i].y1 = (stbtt_int16) (y + gh);
      |                        ^
kernel/gui/include/stb_truetype.h:3849:36: warning: conversion from ‘int’ to ‘float’ may change value [-Wconversion]
 3849 |       chardata[i].xadvance = scale * advance;
      |                                    ^
kernel/gui/include/stb_truetype.h: 在函数‘stbtt_GetBakedQuad’中:
kernel/gui/include/stb_truetype.h:3862:21: warning: conversion from ‘int’ to ‘float’ may change value [-Wconversion]
 3862 |    float ipw = 1.0f / pw, iph = 1.0f / ph;
      |                     ^
kernel/gui/include/stb_truetype.h:3862:38: warning: conversion from ‘int’ to ‘float’ may change value [-Wconversion]
 3862 |    float ipw = 1.0f / pw, iph = 1.0f / ph;
      |                                      ^
kernel/gui/include/stb_truetype.h:3867:20: warning: conversion from ‘int’ to ‘float’ may change value [-Wconversion]
 3867 |    q->x0 = round_x + d3d_bias;
      |                    ^
kernel/gui/include/stb_truetype.h:3868:20: warning: conversion from ‘int’ to ‘float’ may change value [-Wconversion]
 3868 |    q->y0 = round_y + d3d_bias;
      |                    ^
kernel/gui/include/stb_truetype.h:3869:36: warning: conversion from ‘int’ to ‘float’ may change value [-Wconversion]
 3869 |    q->x1 = round_x + b->x1 - b->x0 + d3d_bias;
      |                                    ^
kernel/gui/include/stb_truetype.h:3870:36: warning: conversion from ‘int’ to ‘float’ may change value [-Wconversion]
 3870 |    q->y1 = round_y + b->y1 - b->y0 + d3d_bias;
      |                                    ^
kernel/gui/include/stb_truetype.h: 在函数‘stbtt_PackBegin’中:
kernel/gui/include/stb_truetype.h:3961:77: warning: ‘long long unsigned int’转换自‘int’时可能会改变结果的符号 [-Wsign-conversion]
 3961 |    stbrp_node    *nodes   = (stbrp_node    *) STBTT_malloc(sizeof(*nodes  ) * num_nodes,alloc_context);
      |                                                                             ^
kernel/gui/src/font_ttf.c:26:64: note: in definition of macro ‘STBTT_malloc’
   26 | #define STBTT_malloc(x, u) ((void)(u), memory_alloc((uint64_t)(x)))
      |                                                                ^
kernel/gui/include/stb_truetype.h:3984:33: warning: ‘size_t’ {或称 ‘long unsigned int’}转换自‘int’时可能会改变结果的符号 [-Wsign-conversion]
 3984 |       STBTT_memset(pixels, 0, pw*ph); // background of 0 around pixels
      |                               ~~^~~
kernel/gui/include/stb_truetype.h: 在函数‘stbtt__h_prefilter’中:
kernel/gui/include/stb_truetype.h:4015:19: warning: ‘unsigned int’转换自‘int’时可能会改变结果的符号 [-Wsign-conversion]
 4015 |    int safe_w = w - kernel_width;
      |                   ^
kernel/gui/include/stb_truetype.h:4015:17: warning: ‘int’转换自‘unsigned int’时可能会改变结果的符号 [-Wsign-conversion]
 4015 |    int safe_w = w - kernel_width;
      |                 ^
kernel/gui/include/stb_truetype.h:4030:25: warning: ‘unsigned int’转换自‘int’时可能会改变结果的符号 [-Wsign-conversion]
 4030 |                buffer[(i+kernel_width) & STBTT__OVER_MASK] = pixels[i];
      |                         ^
kernel/gui/include/stb_truetype.h:4037:25: warning: ‘unsigned int’转换自‘int’时可能会改变结果的符号 [-Wsign-conversion]
 4037 |                buffer[(i+kernel_width) & STBTT__OVER_MASK] = pixels[i];
      |                         ^
kernel/gui/include/stb_truetype.h:4044:25: warning: ‘unsigned int’转换自‘int’时可能会改变结果的符号 [-Wsign-conversion]
 4044 |                buffer[(i+kernel_width) & STBTT__OVER_MASK] = pixels[i];
      |                         ^
kernel/gui/include/stb_truetype.h:4051:25: warning: ‘unsigned int’转换自‘int’时可能会改变结果的符号 [-Wsign-conversion]
 4051 |                buffer[(i+kernel_width) & STBTT__OVER_MASK] = pixels[i];
      |                         ^
kernel/gui/include/stb_truetype.h:4058:25: warning: ‘unsigned int’转换自‘int’时可能会改变结果的符号 [-Wsign-conversion]
 4058 |                buffer[(i+kernel_width) & STBTT__OVER_MASK] = pixels[i];
      |                         ^
kernel/gui/include/stb_truetype.h: 在函数‘stbtt__v_prefilter’中:
kernel/gui/include/stb_truetype.h:4077:19: warning: ‘unsigned int’转换自‘int’时可能会改变结果的符号 [-Wsign-conversion]
 4077 |    int safe_h = h - kernel_width;
      |                   ^
kernel/gui/include/stb_truetype.h:4077:17: warning: ‘int’转换自‘unsigned int’时可能会改变结果的符号 [-Wsign-conversion]
 4077 |    int safe_h = h - kernel_width;
      |                 ^
kernel/gui/include/stb_truetype.h:4092:25: warning: ‘unsigned int’转换自‘int’时可能会改变结果的符号 [-Wsign-conversion]
 4092 |                buffer[(i+kernel_width) & STBTT__OVER_MASK] = pixels[i*stride_in_bytes];
      |                         ^
kernel/gui/include/stb_truetype.h:4099:25: warning: ‘unsigned int’转换自‘int’时可能会改变结果的符号 [-Wsign-conversion]
 4099 |                buffer[(i+kernel_width) & STBTT__OVER_MASK] = pixels[i*stride_in_bytes];
      |                         ^
kernel/gui/include/stb_truetype.h:4106:25: warning: ‘unsigned int’转换自‘int’时可能会改变结果的符号 [-Wsign-conversion]
 4106 |                buffer[(i+kernel_width) & STBTT__OVER_MASK] = pixels[i*stride_in_bytes];
      |                         ^
kernel/gui/include/stb_truetype.h:4113:25: warning: ‘unsigned int’转换自‘int’时可能会改变结果的符号 [-Wsign-conversion]
 4113 |                buffer[(i+kernel_width) & STBTT__OVER_MASK] = pixels[i*stride_in_bytes];
      |                         ^
kernel/gui/include/stb_truetype.h:4120:25: warning: ‘unsigned int’转换自‘int’时可能会改变结果的符号 [-Wsign-conversion]
 4120 |                buffer[(i+kernel_width) & STBTT__OVER_MASK] = pixels[i*stride_in_bytes];
      |                         ^
kernel/gui/include/stb_truetype.h: 在函数‘stbtt_PackFontRangesGatherRects’中:
kernel/gui/include/stb_truetype.h:4168:51: warning: conversion from ‘unsigned int’ to ‘float’ may change value [-Wconversion]
 4168 |                                             scale * spc->h_oversample,
      |                                                   ^
kernel/gui/include/stb_truetype.h:4169:51: warning: conversion from ‘unsigned int’ to ‘float’ may change value [-Wconversion]
 4169 |                                             scale * spc->v_oversample,
      |                                                   ^
kernel/gui/include/stb_truetype.h:4172:62: warning: ‘unsigned int’转换自‘int’时可能会改变结果的符号 [-Wsign-conversion]
 4172 |             rects[k].w = (stbrp_coord) (x1-x0 + spc->padding + spc->h_oversample-1);
      |                                                              ^
kernel/gui/include/stb_truetype.h:4173:62: warning: ‘unsigned int’转换自‘int’时可能会改变结果的符号 [-Wsign-conversion]
 4173 |             rects[k].h = (stbrp_coord) (y1-y0 + spc->padding + spc->v_oversample-1);
      |                                                              ^
kernel/gui/include/stb_truetype.h: 在函数‘stbtt_MakeGlyphBitmapSubpixelPrefilter’中:
kernel/gui/include/stb_truetype.h:4198:60: warning: ‘unsigned int’转换自‘int’时可能会改变结果的符号 [-Wsign-conversion]
 4198 |       stbtt__h_prefilter(output, out_w, out_h, out_stride, prefilter_x);
      |                                                            ^~~~~~~~~~~
kernel/gui/include/stb_truetype.h:4201:60: warning: ‘unsigned int’转换自‘int’时可能会改变结果的符号 [-Wsign-conversion]
 4201 |       stbtt__v_prefilter(output, out_w, out_h, out_stride, prefilter_y);
      |                                                            ^~~~~~~~~~~
kernel/gui/include/stb_truetype.h: 在函数‘stbtt_PackFontRangesRenderIntoRects’中:
kernel/gui/include/stb_truetype.h:4213:21: warning: ‘int’转换自‘unsigned int’时可能会改变结果的符号 [-Wsign-conversion]
 4213 |    int old_h_over = spc->h_oversample;
      |                     ^~~
kernel/gui/include/stb_truetype.h:4214:21: warning: ‘int’转换自‘unsigned int’时可能会改变结果的符号 [-Wsign-conversion]
 4214 |    int old_v_over = spc->v_oversample;
      |                     ^~~
kernel/gui/include/stb_truetype.h:4223:22: warning: conversion from ‘unsigned int’ to ‘float’ may change value [-Wconversion]
 4223 |       recip_h = 1.0f / spc->h_oversample;
      |                      ^
kernel/gui/include/stb_truetype.h:4224:22: warning: conversion from ‘unsigned int’ to ‘float’ may change value [-Wconversion]
 4224 |       recip_v = 1.0f / spc->v_oversample;
      |                      ^
kernel/gui/include/stb_truetype.h:4225:42: warning: ‘int’转换自‘unsigned int’时可能会改变结果的符号 [-Wsign-conversion]
 4225 |       sub_x = stbtt__oversample_shift(spc->h_oversample);
      |                                       ~~~^~~~~~~~~~~~~~
kernel/gui/include/stb_truetype.h:4226:42: warning: ‘int’转换自‘unsigned int’时可能会改变结果的符号 [-Wsign-conversion]
 4226 |       sub_y = stbtt__oversample_shift(spc->v_oversample);
      |                                       ~~~^~~~~~~~~~~~~~
kernel/gui/include/stb_truetype.h:4243:43: warning: conversion from ‘unsigned int’ to ‘float’ may change value [-Wconversion]
 4243 |                                     scale * spc->h_oversample,
      |                                           ^
kernel/gui/include/stb_truetype.h:4244:43: warning: conversion from ‘unsigned int’ to ‘float’ may change value [-Wconversion]
 4244 |                                     scale * spc->v_oversample,
      |                                           ^
kernel/gui/include/stb_truetype.h:4248:48: warning: ‘unsigned int’转换自‘int’时可能会改变结果的符号 [-Wsign-conversion]
 4248 |                                           r->w - spc->h_oversample+1,
      |                                                ^
kernel/gui/include/stb_truetype.h:4249:48: warning: ‘unsigned int’转换自‘int’时可能会改变结果的符号 [-Wsign-conversion]
 4249 |                                           r->h - spc->v_oversample+1,
      |                                                ^
kernel/gui/include/stb_truetype.h:4251:49: warning: conversion from ‘unsigned int’ to ‘float’ may change value [-Wconversion]
 4251 |                                           scale * spc->h_oversample,
      |                                                 ^
kernel/gui/include/stb_truetype.h:4252:49: warning: conversion from ‘unsigned int’ to ‘float’ may change value [-Wconversion]
 4252 |                                           scale * spc->v_oversample,
      |                                                 ^
kernel/gui/include/stb_truetype.h:4248:67: warning: ‘int’转换自‘unsigned int’时可能会改变结果的符号 [-Wsign-conversion]
 4248 |                                           r->w - spc->h_oversample+1,
      |                                           ~~~~~~~~~~~~~~~~~~~~~~~~^~
kernel/gui/include/stb_truetype.h:4249:67: warning: ‘int’转换自‘unsigned int’时可能会改变结果的符号 [-Wsign-conversion]
 4249 |                                           r->h - spc->v_oversample+1,
      |                                           ~~~~~~~~~~~~~~~~~~~~~~~~^~
kernel/gui/include/stb_truetype.h:4266:28: warning: ‘short unsigned int’转换自‘short int’时可能会改变结果的符号 [-Wsign-conversion]
 4266 |             bc->x0       = (stbtt_int16)  r->x;
      |                            ^
kernel/gui/include/stb_truetype.h:4267:28: warning: ‘short unsigned int’转换自‘short int’时可能会改变结果的符号 [-Wsign-conversion]
 4267 |             bc->y0       = (stbtt_int16)  r->y;
      |                            ^
kernel/gui/include/stb_truetype.h:4268:28: warning: ‘short unsigned int’转换自‘short int’时可能会改变结果的符号 [-Wsign-conversion]
 4268 |             bc->x1       = (stbtt_int16) (r->x + r->w);
      |                            ^
kernel/gui/include/stb_truetype.h:4269:28: warning: ‘short unsigned int’转换自‘short int’时可能会改变结果的符号 [-Wsign-conversion]
 4269 |             bc->y1       = (stbtt_int16) (r->y + r->h);
      |                            ^
kernel/gui/include/stb_truetype.h:4270:49: warning: conversion from ‘int’ to ‘float’ may change value [-Wconversion]
 4270 |             bc->xadvance =                scale * advance;
      |                                                 ^
kernel/gui/include/stb_truetype.h:4273:55: warning: conversion from ‘int’ to ‘float’ may change value [-Wconversion]
 4273 |             bc->xoff2    =                (x0 + r->w) * recip_h + sub_x;
      |                                                       ^
kernel/gui/include/stb_truetype.h:4274:55: warning: conversion from ‘int’ to ‘float’ may change value [-Wconversion]
 4274 |             bc->yoff2    =                (y0 + r->h) * recip_v + sub_y;
      |                                                       ^
kernel/gui/include/stb_truetype.h:4291:24: warning: ‘unsigned int’转换自‘int’时可能会改变结果的符号 [-Wsign-conversion]
 4291 |    spc->h_oversample = old_h_over;
      |                        ^~~~~~~~~~
kernel/gui/include/stb_truetype.h:4292:24: warning: ‘unsigned int’转换自‘int’时可能会改变结果的符号 [-Wsign-conversion]
 4292 |    spc->v_oversample = old_v_over;
      |                        ^~~~~~~~~~
kernel/gui/include/stb_truetype.h: 在函数‘stbtt_PackFontRanges’中:
kernel/gui/include/stb_truetype.h:4321:55: warning: ‘long long unsigned int’转换自‘int’时可能会改变结果的符号 [-Wsign-conversion]
 4321 |    rects = (stbrp_rect *) STBTT_malloc(sizeof(*rects) * n, spc->user_allocator_context);
      |                                                       ^
kernel/gui/src/font_ttf.c:26:64: note: in definition of macro ‘STBTT_malloc’
   26 | #define STBTT_malloc(x, u) ((void)(u), memory_alloc((uint64_t)(x)))
      |                                                                ^
kernel/gui/include/stb_truetype.h: 在函数‘stbtt_GetPackedQuad’中:
kernel/gui/include/stb_truetype.h:4365:21: warning: conversion from ‘int’ to ‘float’ may change value [-Wconversion]
 4365 |    float ipw = 1.0f / pw, iph = 1.0f / ph;
      |                     ^
kernel/gui/include/stb_truetype.h:4365:38: warning: conversion from ‘int’ to ‘float’ may change value [-Wconversion]
 4365 |    float ipw = 1.0f / pw, iph = 1.0f / ph;
      |                                      ^
kernel/gui/include/stb_truetype.h: 在函数‘stbtt__ray_intersect_bezier’中:
kernel/gui/include/stb_truetype.h:4412:10: warning: implicit conversion from ‘float’ to ‘double’ to match other operand of binary expression [-Wdouble-promotion]
 4412 |    if (a != 0.0) {
      |          ^~
kernel/gui/include/stb_truetype.h:4414:17: warning: implicit conversion from ‘float’ to ‘double’ to match other operand of binary expression [-Wdouble-promotion]
 4414 |       if (discr > 0.0) {
      |                 ^
kernel/gui/include/stb_truetype.h:4419:17: warning: implicit conversion from ‘float’ to ‘double’ to match other operand of binary expression [-Wdouble-promotion]
 4419 |          if (s0 >= 0.0 && s0 <= 1.0)
      |                 ^~
kernel/gui/include/stb_truetype.h:4419:30: warning: implicit conversion from ‘float’ to ‘double’ to match other operand of binary expression [-Wdouble-promotion]
 4419 |          if (s0 >= 0.0 && s0 <= 1.0)
      |                              ^~
kernel/gui/include/stb_truetype.h:4421:16: warning: implicit conversion from ‘float’ to ‘double’ to match other operand of binary expression [-Wdouble-promotion]
 4421 |          if (d > 0.0 && s1 >= 0.0 && s1 <= 1.0) {
      |                ^
kernel/gui/include/stb_truetype.h:4421:28: warning: implicit conversion from ‘float’ to ‘double’ to match other operand of binary expression [-Wdouble-promotion]
 4421 |          if (d > 0.0 && s1 >= 0.0 && s1 <= 1.0) {
      |                            ^~
kernel/gui/include/stb_truetype.h:4421:41: warning: implicit conversion from ‘float’ to ‘double’ to match other operand of binary expression [-Wdouble-promotion]
 4421 |          if (d > 0.0 && s1 >= 0.0 && s1 <= 1.0) {
      |                                         ^~
kernel/gui/include/stb_truetype.h:4430:14: warning: implicit conversion from ‘float’ to ‘double’ to match other operand of binary expression [-Wdouble-promotion]
 4430 |       if (s0 >= 0.0 && s0 <= 1.0)
      |              ^~
kernel/gui/include/stb_truetype.h:4430:27: warning: implicit conversion from ‘float’ to ‘double’ to match other operand of binary expression [-Wdouble-promotion]
 4430 |       if (s0 >= 0.0 && s0 <= 1.0)
      |                           ^~
kernel/gui/include/stb_truetype.h: 在函数‘stbtt__compute_crossings_x’中:
kernel/gui/include/stb_truetype.h:4490:32: warning: conversion from ‘int’ to ‘float’ may change value [-Wconversion]
 4490 |             float x_inter = (y - y0) / (y1 - y0) * (x1-x0) + x0;
      |                                ^
kernel/gui/include/stb_truetype.h:4490:38: warning: conversion from ‘int’ to ‘float’ may change value [-Wconversion]
 4490 |             float x_inter = (y - y0) / (y1 - y0) * (x1-x0) + x0;
      |                                      ^
kernel/gui/include/stb_truetype.h:4490:50: warning: conversion from ‘int’ to ‘float’ may change value [-Wconversion]
 4490 |             float x_inter = (y - y0) / (y1 - y0) * (x1-x0) + x0;
      |                                                  ^
kernel/gui/include/stb_truetype.h:4490:60: warning: conversion from ‘int’ to ‘float’ may change value [-Wconversion]
 4490 |             float x_inter = (y - y0) / (y1 - y0) * (x1-x0) + x0;
      |                                                            ^
kernel/gui/include/stb_truetype.h:4516:38: warning: conversion from ‘int’ to ‘float’ may change value [-Wconversion]
 4516 |                   float x_inter = (y - y0) / (y1 - y0) * (x1-x0) + x0;
      |                                      ^
kernel/gui/include/stb_truetype.h:4516:44: warning: conversion from ‘int’ to ‘float’ may change value [-Wconversion]
 4516 |                   float x_inter = (y - y0) / (y1 - y0) * (x1-x0) + x0;
      |                                            ^
kernel/gui/include/stb_truetype.h:4516:56: warning: conversion from ‘int’ to ‘float’ may change value [-Wconversion]
 4516 |                   float x_inter = (y - y0) / (y1 - y0) * (x1-x0) + x0;
      |                                                        ^
kernel/gui/include/stb_truetype.h:4516:66: warning: conversion from ‘int’ to ‘float’ may change value [-Wconversion]
 4516 |                   float x_inter = (y - y0) / (y1 - y0) * (x1-x0) + x0;
      |                                                                  ^
kernel/gui/include/stb_truetype.h: 在函数‘stbtt__solve_cubic’中:
kernel/gui/include/stb_truetype.h:4561:56: warning: implicit conversion from ‘float’ to ‘double’ to match other operand of binary expression [-Wdouble-promotion]
 4561 |       float v = (float) STBTT_acos(-STBTT_sqrt(-27/p3) * q / 2) / 3; // p3 must be negative, since d is negative
      |                                                        ^
kernel/gui/src/font_ttf.c:35:42: note: in definition of macro ‘STBTT_acos’
   35 | #define STBTT_acos(x)      acos((double)(x))
      |                                          ^
kernel/gui/include/stb_truetype.h:4563:36: warning: implicit conversion from ‘float’ to ‘double’ to match other operand of binary expression [-Wdouble-promotion]
 4563 |       float n = (float) STBTT_cos(v-3.141592/2)*1.732050808f;
      |                                    ^
kernel/gui/src/font_ttf.c:34:41: note: in definition of macro ‘STBTT_cos’
   34 | #define STBTT_cos(x)       cos((double)(x))
      |                                         ^
kernel/gui/include/stb_truetype.h: 在函数‘stbtt_GetGlyphSDF’中:
kernel/gui/include/stb_truetype.h:4614:53: warning: ‘long long unsigned int’转换自‘int’时可能会改变结果的符号 [-Wsign-conversion]
 4614 |       precompute = (float *) STBTT_malloc(num_verts * sizeof(float), info->userdata);
      |                                                     ^
kernel/gui/src/font_ttf.c:26:64: note: in definition of macro ‘STBTT_malloc’
   26 | #define STBTT_malloc(x, u) ((void)(u), memory_alloc((uint64_t)(x)))
      |                                                                ^
kernel/gui/include/stb_truetype.h:4690:32: warning: implicit conversion from ‘float’ to ‘double’ to match other operand of binary expression [-Wdouble-promotion]
 4690 |                      if (a_inv == 0.0) { // if a_inv is 0, it's 2nd degree so use quadratic formula
      |                                ^~
kernel/gui/include/stb_truetype.h:4694:43: warning: implicit conversion from ‘float’ to ‘double’ to match other operand of binary expression [-Wdouble-promotion]
 4694 |                         if (STBTT_fabs(a) < eps2) { // if a is 0, it's linear
      |                                           ^
kernel/gui/include/stb_truetype.h:4695:46: warning: implicit conversion from ‘float’ to ‘double’ to match other operand of binary expression [-Wdouble-promotion]
 4695 |                            if (STBTT_fabs(b) >= eps2) {
      |                                              ^~
kernel/gui/include/stb_truetype.h: 在函数‘stbtt__CompareUTF8toUTF16_bigendian_prefix’中:
kernel/gui/include/stb_truetype.h:4784:25: warning: conversion from ‘int’ to ‘stbtt_uint16’ {或称 ‘short unsigned int’} may change value [-Wconversion]
 4784 |       stbtt_uint16 ch = s2[0]*256 + s2[1];
      |                         ^~
kernel/gui/include/stb_truetype.h:4794:29: warning: conversion from ‘int’ to ‘stbtt_uint16’ {或称 ‘short unsigned int’} may change value [-Wconversion]
 4794 |          stbtt_uint16 ch2 = s2[2]*256 + s2[3];
      |                             ^~
kernel/gui/include/stb_truetype.h:4796:14: warning: ‘stbtt_uint32’ {或称 ‘unsigned int’}转换自‘int’时可能会改变结果的符号 [-Wsign-conversion]
 4796 |          c = ((ch - 0xd800) << 10) + (ch2 - 0xdc00) + 0x10000;
      |              ^
kernel/gui/include/stb_truetype.h: 在函数‘stbtt_GetFontNameString’中:
kernel/gui/include/stb_truetype.h:4828:26: warning: ‘stbtt_uint32’ {或称 ‘unsigned int’}转换自‘int’时可能会改变结果的符号 [-Wsign-conversion]
 4828 |    stbtt_uint32 offset = font->fontstart;
      |                          ^~~~
kernel/gui/include/stb_truetype.h:4833:19: warning: ‘stbtt_int32’ {或称 ‘int’}转换自‘stbtt_uint32’ {或称 ‘unsigned int’}时可能会改变结果的符号 [-Wsign-conversion]
 4833 |    stringOffset = nm + ttUSHORT(fc+nm+4);
      |                   ^~
kernel/gui/include/stb_truetype.h:4835:33: warning: ‘stbtt_uint32’ {或称 ‘unsigned int’}转换自‘stbtt_int32’ {或称 ‘int’}时可能会改变结果的符号 [-Wsign-conversion]
 4835 |       stbtt_uint32 loc = nm + 6 + 12 * i;
      |                                 ^
kernel/gui/include/stb_truetype.h: 在函数‘stbtt__matchpair’中:
kernel/gui/include/stb_truetype.h:4849:31: warning: ‘stbtt_int32’ {或称 ‘int’}转换自‘stbtt_uint32’ {或称 ‘unsigned int’}时可能会改变结果的符号 [-Wsign-conversion]
 4849 |    stbtt_int32 stringOffset = nm + ttUSHORT(fc+nm+4);
      |                               ^~
kernel/gui/include/stb_truetype.h:4852:33: warning: ‘stbtt_uint32’ {或称 ‘unsigned int’}转换自‘stbtt_int32’ {或称 ‘int’}时可能会改变结果的符号 [-Wsign-conversion]
 4852 |       stbtt_uint32 loc = nm + 6 + 12 * i;
      |                                 ^
kernel/gui/include/stb_truetype.h: 在函数‘stbtt_FindMatchingFont_internal’中:
kernel/gui/include/stb_truetype.h:4927:59: warning: ‘stbtt_uint32’ {或称 ‘unsigned int’}转换自‘stbtt_int32’ {或称 ‘int’}时可能会改变结果的符号 [-Wsign-conversion]
 4927 |       if (stbtt__matches((stbtt_uint8 *) font_collection, off, (stbtt_uint8*) name_utf8, flags))
      |                                                           ^~~
kernel/gui/include/stb_truetype.h: 在文件作用域：
kernel/gui/include/stb_truetype.h:4964:15: warning: ‘stbtt_CompareUTF8toUTF16_bigendian’ 在此处定义 [-Wunused-function]
 4964 | STBTT_DEF int stbtt_CompareUTF8toUTF16_bigendian(const char *s1, int len1, const char *s2, int len2)
      |               ^~~~~~~~~~~~~~~~~~~~~~~~~~~~~~~~~~
kernel/gui/include/stb_truetype.h:4959:15: warning: ‘stbtt_FindMatchingFont’ 在此处定义 [-Wunused-function]
 4959 | STBTT_DEF int stbtt_FindMatchingFont(const unsigned char *fontdata, const char *name, int flags)
      |               ^~~~~~~~~~~~~~~~~~~~~~
kernel/gui/include/stb_truetype.h:4949:15: warning: ‘stbtt_GetNumberOfFonts’ 在此处定义 [-Wunused-function]
 4949 | STBTT_DEF int stbtt_GetNumberOfFonts(const unsigned char *data)
      |               ^~~~~~~~~~~~~~~~~~~~~~
kernel/gui/include/stb_truetype.h:4937:15: warning: ‘stbtt_BakeFontBitmap’ 在此处定义 [-Wunused-function]
 4937 | STBTT_DEF int stbtt_BakeFontBitmap(const unsigned char *data, int offset,
      |               ^~~~~~~~~~~~~~~~~~~~
kernel/gui/include/stb_truetype.h:4824:23: warning: ‘stbtt_GetFontNameString’ 在此处定义 [-Wunused-function]
 4824 | STBTT_DEF const char *stbtt_GetFontNameString(const stbtt_fontinfo *font, int *length, int platformID, int encodingID, int languageID, int nameID)
      |                       ^~~~~~~~~~~~~~~~~~~~~~~
kernel/gui/include/stb_truetype.h:4767:16: warning: ‘stbtt_FreeSDF’ 在此处定义 [-Wunused-function]
 4767 | STBTT_DEF void stbtt_FreeSDF(unsigned char *bitmap, void *userdata)
      |                ^~~~~~~~~~~~~
kernel/gui/include/stb_truetype.h:4762:27: warning: ‘stbtt_GetCodepointSDF’ 在此处定义 [-Wunused-function]
 4762 | STBTT_DEF unsigned char * stbtt_GetCodepointSDF(const stbtt_fontinfo *info, float scale, int codepoint, int padding, unsigned char onedge_value, float pixel_dist_scale, int *width, int *height, int *xoff, int *yoff)
      |                           ^~~~~~~~~~~~~~~~~~~~~
kernel/gui/include/stb_truetype.h:4363:16: warning: ‘stbtt_GetPackedQuad’ 在此处定义 [-Wunused-function]
 4363 | STBTT_DEF void stbtt_GetPackedQuad(const stbtt_packedchar *chardata, int pw, int ph, int char_index, float *xpos, float *ypos, stbtt_aligned_quad *q, int align_to_integer)
      |                ^~~~~~~~~~~~~~~~~~~
kernel/gui/include/stb_truetype.h:4350:16: warning: ‘stbtt_GetScaledFontVMetrics’ 在此处定义 [-Wunused-function]
 4350 | STBTT_DEF void stbtt_GetScaledFontVMetrics(const unsigned char *fontdata, int index, float size, float *ascent, float *descent, float *lineGap)
      |                ^~~~~~~~~~~~~~~~~~~~~~~~~~~
kernel/gui/include/stb_truetype.h:4338:15: warning: ‘stbtt_PackFontRange’ 在此处定义 [-Wunused-function]
 4338 | STBTT_DEF int stbtt_PackFontRange(stbtt_pack_context *spc, const unsigned char *fontdata, int font_index, float font_size,
      |               ^~~~~~~~~~~~~~~~~~~
kernel/gui/include/stb_truetype.h:4005:16: warning: ‘stbtt_PackSetSkipMissingCodepoints’ 在此处定义 [-Wunused-function]
 4005 | STBTT_DEF void stbtt_PackSetSkipMissingCodepoints(stbtt_pack_context *spc, int skip)
      |                ^~~~~~~~~~~~~~~~~~~~~~~~~~~~~~~~~~
kernel/gui/include/stb_truetype.h:3995:16: warning: ‘stbtt_PackSetOversampling’ 在此处定义 [-Wunused-function]
 3995 | STBTT_DEF void stbtt_PackSetOversampling(stbtt_pack_context *spc, unsigned int h_oversample, unsigned int v_oversample)
      |                ^~~~~~~~~~~~~~~~~~~~~~~~~
kernel/gui/include/stb_truetype.h:3989:16: warning: ‘stbtt_PackEnd’ 在此处定义 [-Wunused-function]
 3989 | STBTT_DEF void stbtt_PackEnd  (stbtt_pack_context *spc)
      |                ^~~~~~~~~~~~~
kernel/gui/include/stb_truetype.h:3957:15: warning: ‘stbtt_PackBegin’ 在此处定义 [-Wunused-function]
 3957 | STBTT_DEF int stbtt_PackBegin(stbtt_pack_context *spc, unsigned char *pixels, int pw, int ph, int stride_in_bytes, int padding, void *alloc_context)
      |               ^~~~~~~~~~~~~~~
kernel/gui/include/stb_truetype.h:3859:16: warning: ‘stbtt_GetBakedQuad’ 在此处定义 [-Wunused-function]
 3859 | STBTT_DEF void stbtt_GetBakedQuad(const stbtt_bakedchar *chardata, int pw, int ph, int char_index, float *xpos, float *ypos, stbtt_aligned_quad *q, int opengl_fillrule)
      |                ^~~~~~~~~~~~~~~~~~
kernel/gui/include/stb_truetype.h:3802:16: warning: ‘stbtt_MakeCodepointBitmap’ 在此处定义 [-Wunused-function]
 3802 | STBTT_DEF void stbtt_MakeCodepointBitmap(const stbtt_fontinfo *info, unsigned char *output, int out_w, int out_h, int out_stride, float scale_x, float scale_y, int codepoint)
      |                ^~~~~~~~~~~~~~~~~~~~~~~~~
kernel/gui/include/stb_truetype.h:3797:26: warning: ‘stbtt_GetCodepointBitmap’ 在此处定义 [-Wunused-function]
 3797 | STBTT_DEF unsigned char *stbtt_GetCodepointBitmap(const stbtt_fontinfo *info, float scale_x, float scale_y, int codepoint, int *width, int *height, int *xoff, int *yoff)
      |                          ^~~~~~~~~~~~~~~~~~~~~~~~
kernel/gui/include/stb_truetype.h:3787:16: warning: ‘stbtt_MakeCodepointBitmapSubpixelPrefilter’ 在此处定义 [-Wunused-function]
 3787 | STBTT_DEF void stbtt_MakeCodepointBitmapSubpixelPrefilter(const stbtt_fontinfo *info, unsigned char *output, int out_w, int out_h, int out_stride, float scale_x, float scale_y, float shift_x, float shift_y, int oversample_x, int oversample_y, float *sub_x, float *sub_y, int codepoint)
      |                ^~~~~~~~~~~~~~~~~~~~~~~~~~~~~~~~~~~~~~~~~~
kernel/gui/include/stb_truetype.h:3753:26: warning: ‘stbtt_GetGlyphBitmap’ 在此处定义 [-Wunused-function]
 3753 | STBTT_DEF unsigned char *stbtt_GetGlyphBitmap(const stbtt_fontinfo *info, float scale_x, float scale_y, int glyph, int *width, int *height, int *xoff, int *yoff)
      |                          ^~~~~~~~~~~~~~~~~~~~
kernel/gui/include/stb_truetype.h:3708:16: warning: ‘stbtt_FreeBitmap’ 在此处定义 [-Wunused-function]
 3708 | STBTT_DEF void stbtt_FreeBitmap(unsigned char *bitmap, void *userdata)
      |                ^~~~~~~~~~~~~~~~
kernel/gui/include/stb_truetype.h:2749:16: warning: ‘stbtt_GetCodepointBitmapBox’ 在此处定义 [-Wunused-function]
 2749 | STBTT_DEF void stbtt_GetCodepointBitmapBox(const stbtt_fontinfo *font, int codepoint, float scale_x, float scale_y, int *ix0, int *iy0, int *ix1, int *iy1)
      |                ^~~~~~~~~~~~~~~~~~~~~~~~~~~
kernel/gui/include/stb_truetype.h:2711:15: warning: ‘stbtt_GetCodepointSVG’ 在此处定义 [-Wunused-function]
 2711 | STBTT_DEF int stbtt_GetCodepointSVG(const stbtt_fontinfo *info, int unicode_codepoint, const char **svg)
      |               ^~~~~~~~~~~~~~~~~~~~~
kernel/gui/include/stb_truetype.h:2672:16: warning: ‘stbtt_FreeShape’ 在此处定义 [-Wunused-function]
 2672 | STBTT_DEF void stbtt_FreeShape(const stbtt_fontinfo *info, stbtt_vertex *v)
      |                ^~~~~~~~~~~~~~~
kernel/gui/include/stb_truetype.h:2652:16: warning: ‘stbtt_GetFontBoundingBox’ 在此处定义 [-Wunused-function]
 2652 | STBTT_DEF void stbtt_GetFontBoundingBox(const stbtt_fontinfo *info, int *x0, int *y0, int *x1, int *y1)
      |                ^~~~~~~~~~~~~~~~~~~~~~~~
kernel/gui/include/stb_truetype.h:2641:16: warning: ‘stbtt_GetFontVMetricsOS2’ 在此处定义 [-Wunused-function]
 2641 | STBTT_DEF int  stbtt_GetFontVMetricsOS2(const stbtt_fontinfo *info, int *typoAscent, int *typoDescent, int *typoLineGap)
      |                ^~~~~~~~~~~~~~~~~~~~~~~~
kernel/gui/include/stb_truetype.h:2622:16: warning: ‘stbtt_GetCodepointKernAdvance’ 在此处定义 [-Wunused-function]
 2622 | STBTT_DEF int  stbtt_GetCodepointKernAdvance(const stbtt_fontinfo *info, int ch1, int ch2)
      |                ^~~~~~~~~~~~~~~~~~~~~~~~~~~~~
kernel/gui/include/stb_truetype.h:2332:15: warning: ‘stbtt_GetKerningTable’ 在此处定义 [-Wunused-function]
 2332 | STBTT_DEF int stbtt_GetKerningTable(const stbtt_fontinfo *info, stbtt_kerningentry* table, int table_length)
      |               ^~~~~~~~~~~~~~~~~~~~~
kernel/gui/include/stb_truetype.h:2317:16: warning: ‘stbtt_GetKerningTableLength’ 在此处定义 [-Wunused-function]
 2317 | STBTT_DEF int  stbtt_GetKerningTableLength(const stbtt_fontinfo *info)
      |                ^~~~~~~~~~~~~~~~~~~~~~~~~~~
kernel/gui/include/stb_truetype.h:1646:15: warning: ‘stbtt_IsGlyphEmpty’ 在此处定义 [-Wunused-function]
 1646 | STBTT_DEF int stbtt_IsGlyphEmpty(const stbtt_fontinfo *info, int glyph_index)
      |               ^~~~~~~~~~~~~~~~~~
kernel/gui/include/stb_truetype.h:1641:15: warning: ‘stbtt_GetCodepointBox’ 在此处定义 [-Wunused-function]
 1641 | STBTT_DEF int stbtt_GetCodepointBox(const stbtt_fontinfo *info, int codepoint, int *x0, int *y0, int *x1, int *y1)
      |               ^~~~~~~~~~~~~~~~~~~~~
kernel/gui/include/stb_truetype.h:1589:15: warning: ‘stbtt_GetCodepointShape’ 在此处定义 [-Wunused-function]
 1589 | STBTT_DEF int stbtt_GetCodepointShape(const stbtt_fontinfo *info, int unicode_codepoint, stbtt_vertex **vertices)
      |               ^~~~~~~~~~~~~~~~~~~~~~~
<3> Building kernel/gui/src/filemgr.c
kernel/gui/src/filemgr.c: 在函数‘fm_int_to_str’中:
kernel/gui/src/filemgr.c:108:34: warning: conversion from ‘uint32_t’ {或称 ‘unsigned int’} to ‘char’ may change value [-Wconversion]
  108 |     while (val > 0) { tmp[i++] = '0' + (val % 10); val /= 10; }
      |                                  ^~~
kernel/gui/src/filemgr.c: 在函数‘fm_format_size’中:
kernel/gui/src/filemgr.c:127:19: warning: conversion from ‘uint32_t’ {或称 ‘unsigned int’} to ‘char’ may change value [-Wconversion]
  127 |         frac[1] = '0' + mb_frac;
      |                   ^~~
kernel/gui/src/filemgr.c: 在函数‘fm_content_click’中:
kernel/gui/src/filemgr.c:523:40: warning: 未使用的参数‘win’ [-Wunused-parameter]
  523 | static void fm_content_click(window_t* win, uint32_t x, uint32_t y, void* user_data) {
      |                              ~~~~~~~~~~^~~
-- Enter folder kernel/compat --
<2> Building kernel/compat/leonos_compat.c
In file included from kernel/compat/leonos_compat.c:4:
include/kapi_syscall.h: 在函数‘sys_read’中:
include/kapi_syscall.h:494:38: warning: 将一个指针转换为大小不同的整数 [-Wpointer-to-int-cast]
  494 | { return kapi_syscall3(SYS_read, fd, (long)buf, count); }
      |                                      ^
include/kapi_syscall.h:494:49: warning: ‘long int’转换自‘size_t’ {或称 ‘long unsigned int’}时可能会改变结果的符号 [-Wsign-conversion]
  494 | { return kapi_syscall3(SYS_read, fd, (long)buf, count); }
      |                                                 ^~~~~
include/kapi_syscall.h: 在函数‘sys_write’中:
include/kapi_syscall.h:497:39: warning: 将一个指针转换为大小不同的整数 [-Wpointer-to-int-cast]
  497 | { return kapi_syscall3(SYS_write, fd, (long)buf, count); }
      |                                       ^
include/kapi_syscall.h:497:50: warning: ‘long int’转换自‘size_t’ {或称 ‘long unsigned int’}时可能会改变结果的符号 [-Wsign-conversion]
  497 | { return kapi_syscall3(SYS_write, fd, (long)buf, count); }
      |                                                  ^~~~~
include/kapi_syscall.h: 在函数‘sys_open’中:
include/kapi_syscall.h:500:34: warning: 将一个指针转换为大小不同的整数 [-Wpointer-to-int-cast]
  500 | { return kapi_syscall3(SYS_open, (long)pathname, flags, mode); }
      |                                  ^
include/kapi_syscall.h: 在函数‘sys_mmap’中:
include/kapi_syscall.h:509:34: warning: 将一个指针转换为大小不同的整数 [-Wpointer-to-int-cast]
  509 | { return kapi_syscall6(SYS_mmap, (long)addr, length, prot, flags, fd, offset); }
      |                                  ^
include/kapi_syscall.h:509:46: warning: ‘long int’转换自‘size_t’ {或称 ‘long unsigned int’}时可能会改变结果的符号 [-Wsign-conversion]
  509 | { return kapi_syscall6(SYS_mmap, (long)addr, length, prot, flags, fd, offset); }
      |                                              ^~~~~~
include/kapi_syscall.h: 在函数‘sys_munmap’中:
include/kapi_syscall.h:512:36: warning: 将一个指针转换为大小不同的整数 [-Wpointer-to-int-cast]
  512 | { return kapi_syscall2(SYS_munmap, (long)addr, length); }
      |                                    ^
include/kapi_syscall.h:512:48: warning: ‘long int’转换自‘size_t’ {或称 ‘long unsigned int’}时可能会改变结果的符号 [-Wsign-conversion]
  512 | { return kapi_syscall2(SYS_munmap, (long)addr, length); }
      |                                                ^~~~~~
include/kapi_syscall.h: 在函数‘sys_mprotect’中:
include/kapi_syscall.h:515:38: warning: 将一个指针转换为大小不同的整数 [-Wpointer-to-int-cast]
  515 | { return kapi_syscall3(SYS_mprotect, (long)addr, len, prot); }
      |                                      ^
include/kapi_syscall.h:515:50: warning: ‘long int’转换自‘size_t’ {或称 ‘long unsigned int’}时可能会改变结果的符号 [-Wsign-conversion]
  515 | { return kapi_syscall3(SYS_mprotect, (long)addr, len, prot); }
      |                                                  ^~~
include/kapi_syscall.h: 在函数‘sys_brk’中:
include/kapi_syscall.h:518:33: warning: 将一个指针转换为大小不同的整数 [-Wpointer-to-int-cast]
  518 | { return kapi_syscall1(SYS_brk, (long)addr); }
      |                                 ^
include/kapi_syscall.h: 在函数‘sys_clone’中:
include/kapi_syscall.h:527:42: warning: 将一个指针转换为大小不同的整数 [-Wpointer-to-int-cast]
  527 | { return kapi_syscall5(SYS_clone, flags, (long)stack, (long)ptid, (long)ctid, tls); }
      |                                          ^
include/kapi_syscall.h:527:55: warning: 将一个指针转换为大小不同的整数 [-Wpointer-to-int-cast]
  527 | { return kapi_syscall5(SYS_clone, flags, (long)stack, (long)ptid, (long)ctid, tls); }
      |                                                       ^
include/kapi_syscall.h:527:67: warning: 将一个指针转换为大小不同的整数 [-Wpointer-to-int-cast]
  527 | { return kapi_syscall5(SYS_clone, flags, (long)stack, (long)ptid, (long)ctid, tls); }
      |                                                                   ^
include/kapi_syscall.h:527:35: warning: ‘long int’转换自‘long unsigned int’时可能会改变结果的符号 [-Wsign-conversion]
  527 | { return kapi_syscall5(SYS_clone, flags, (long)stack, (long)ptid, (long)ctid, tls); }
      |                                   ^~~~~
include/kapi_syscall.h:527:79: warning: ‘long int’转换自‘long unsigned int’时可能会改变结果的符号 [-Wsign-conversion]
  527 | { return kapi_syscall5(SYS_clone, flags, (long)stack, (long)ptid, (long)ctid, tls); }
      |                                                                               ^~~
include/kapi_syscall.h: 在函数‘sys_execve’中:
include/kapi_syscall.h:530:36: warning: 将一个指针转换为大小不同的整数 [-Wpointer-to-int-cast]
  530 | { return kapi_syscall3(SYS_execve, (long)filename, (long)argv, (long)envp); }
      |                                    ^
include/kapi_syscall.h:530:52: warning: 将一个指针转换为大小不同的整数 [-Wpointer-to-int-cast]
  530 | { return kapi_syscall3(SYS_execve, (long)filename, (long)argv, (long)envp); }
      |                                                    ^
include/kapi_syscall.h:530:64: warning: 将一个指针转换为大小不同的整数 [-Wpointer-to-int-cast]
  530 | { return kapi_syscall3(SYS_execve, (long)filename, (long)argv, (long)envp); }
      |                                                                ^
include/kapi_syscall.h: 在函数‘sys_wait4’中:
include/kapi_syscall.h:539:40: warning: 将一个指针转换为大小不同的整数 [-Wpointer-to-int-cast]
  539 | { return kapi_syscall4(SYS_wait4, pid, (long)wstatus, options, (long)rusage); }
      |                                        ^
include/kapi_syscall.h:539:64: warning: 将一个指针转换为大小不同的整数 [-Wpointer-to-int-cast]
  539 | { return kapi_syscall4(SYS_wait4, pid, (long)wstatus, options, (long)rusage); }
      |                                                                ^
include/kapi_syscall.h: 在函数‘sys_stat’中:
include/kapi_syscall.h:554:34: warning: 将一个指针转换为大小不同的整数 [-Wpointer-to-int-cast]
  554 | { return kapi_syscall2(SYS_stat, (long)pathname, (long)statbuf); }
      |                                  ^
include/kapi_syscall.h:554:50: warning: 将一个指针转换为大小不同的整数 [-Wpointer-to-int-cast]
  554 | { return kapi_syscall2(SYS_stat, (long)pathname, (long)statbuf); }
      |                                                  ^
include/kapi_syscall.h: 在函数‘sys_fstat’中:
include/kapi_syscall.h:557:39: warning: 将一个指针转换为大小不同的整数 [-Wpointer-to-int-cast]
  557 | { return kapi_syscall2(SYS_fstat, fd, (long)statbuf); }
      |                                       ^
include/kapi_syscall.h: 在函数‘sys_lstat’中:
include/kapi_syscall.h:560:35: warning: 将一个指针转换为大小不同的整数 [-Wpointer-to-int-cast]
  560 | { return kapi_syscall2(SYS_lstat, (long)pathname, (long)statbuf); }
      |                                   ^
include/kapi_syscall.h:560:51: warning: 将一个指针转换为大小不同的整数 [-Wpointer-to-int-cast]
  560 | { return kapi_syscall2(SYS_lstat, (long)pathname, (long)statbuf); }
      |                                                   ^
include/kapi_syscall.h: 在函数‘sys_access’中:
include/kapi_syscall.h:563:36: warning: 将一个指针转换为大小不同的整数 [-Wpointer-to-int-cast]
  563 | { return kapi_syscall2(SYS_access, (long)pathname, mode); }
      |                                    ^
include/kapi_syscall.h: 在函数‘sys_chdir’中:
include/kapi_syscall.h:566:35: warning: 将一个指针转换为大小不同的整数 [-Wpointer-to-int-cast]
  566 | { return kapi_syscall1(SYS_chdir, (long)path); }
      |                                   ^
include/kapi_syscall.h: 在函数‘sys_getcwd’中:
include/kapi_syscall.h:569:36: warning: 将一个指针转换为大小不同的整数 [-Wpointer-to-int-cast]
  569 | { return kapi_syscall2(SYS_getcwd, (long)buf, size); }
      |                                    ^
include/kapi_syscall.h:569:47: warning: ‘long int’转换自‘size_t’ {或称 ‘long unsigned int’}时可能会改变结果的符号 [-Wsign-conversion]
  569 | { return kapi_syscall2(SYS_getcwd, (long)buf, size); }
      |                                               ^~~~
include/kapi_syscall.h: 在函数‘sys_mkdir’中:
include/kapi_syscall.h:572:35: warning: 将一个指针转换为大小不同的整数 [-Wpointer-to-int-cast]
  572 | { return kapi_syscall2(SYS_mkdir, (long)pathname, mode); }
      |                                   ^
include/kapi_syscall.h: 在函数‘sys_rmdir’中:
include/kapi_syscall.h:575:35: warning: 将一个指针转换为大小不同的整数 [-Wpointer-to-int-cast]
  575 | { return kapi_syscall1(SYS_rmdir, (long)pathname); }
      |                                   ^
include/kapi_syscall.h: 在函数‘sys_unlink’中:
include/kapi_syscall.h:578:36: warning: 将一个指针转换为大小不同的整数 [-Wpointer-to-int-cast]
  578 | { return kapi_syscall1(SYS_unlink, (long)pathname); }
      |                                    ^
include/kapi_syscall.h: 在函数‘sys_rename’中:
include/kapi_syscall.h:581:36: warning: 将一个指针转换为大小不同的整数 [-Wpointer-to-int-cast]
  581 | { return kapi_syscall2(SYS_rename, (long)oldpath, (long)newpath); }
      |                                    ^
include/kapi_syscall.h:581:51: warning: 将一个指针转换为大小不同的整数 [-Wpointer-to-int-cast]
  581 | { return kapi_syscall2(SYS_rename, (long)oldpath, (long)newpath); }
      |                                                   ^
include/kapi_syscall.h: 在函数‘sys_creat’中:
include/kapi_syscall.h:584:35: warning: 将一个指针转换为大小不同的整数 [-Wpointer-to-int-cast]
  584 | { return kapi_syscall2(SYS_creat, (long)pathname, mode); }
      |                                   ^
include/kapi_syscall.h: 在函数‘sys_link’中:
include/kapi_syscall.h:587:34: warning: 将一个指针转换为大小不同的整数 [-Wpointer-to-int-cast]
  587 | { return kapi_syscall2(SYS_link, (long)oldpath, (long)newpath); }
      |                                  ^
include/kapi_syscall.h:587:49: warning: 将一个指针转换为大小不同的整数 [-Wpointer-to-int-cast]
  587 | { return kapi_syscall2(SYS_link, (long)oldpath, (long)newpath); }
      |                                                 ^
include/kapi_syscall.h: 在函数‘sys_symlink’中:
include/kapi_syscall.h:590:37: warning: 将一个指针转换为大小不同的整数 [-Wpointer-to-int-cast]
  590 | { return kapi_syscall2(SYS_symlink, (long)target, (long)linkpath); }
      |                                     ^
include/kapi_syscall.h:590:51: warning: 将一个指针转换为大小不同的整数 [-Wpointer-to-int-cast]
  590 | { return kapi_syscall2(SYS_symlink, (long)target, (long)linkpath); }
      |                                                   ^
include/kapi_syscall.h: 在函数‘sys_readlink’中:
include/kapi_syscall.h:593:38: warning: 将一个指针转换为大小不同的整数 [-Wpointer-to-int-cast]
  593 | { return kapi_syscall3(SYS_readlink, (long)pathname, (long)buf, bufsiz); }
      |                                      ^
include/kapi_syscall.h:593:54: warning: 将一个指针转换为大小不同的整数 [-Wpointer-to-int-cast]
  593 | { return kapi_syscall3(SYS_readlink, (long)pathname, (long)buf, bufsiz); }
      |                                                      ^
include/kapi_syscall.h:593:65: warning: ‘long int’转换自‘size_t’ {或称 ‘long unsigned int’}时可能会改变结果的符号 [-Wsign-conversion]
  593 | { return kapi_syscall3(SYS_readlink, (long)pathname, (long)buf, bufsiz); }
      |                                                                 ^~~~~~
include/kapi_syscall.h: 在函数‘sys_chmod’中:
include/kapi_syscall.h:596:35: warning: 将一个指针转换为大小不同的整数 [-Wpointer-to-int-cast]
  596 | { return kapi_syscall2(SYS_chmod, (long)pathname, mode); }
      |                                   ^
include/kapi_syscall.h: 在函数‘sys_chown’中:
include/kapi_syscall.h:599:35: warning: 将一个指针转换为大小不同的整数 [-Wpointer-to-int-cast]
  599 | { return kapi_syscall3(SYS_chown, (long)pathname, owner, group); }
      |                                   ^
include/kapi_syscall.h: 在函数‘sys_truncate’中:
include/kapi_syscall.h:602:38: warning: 将一个指针转换为大小不同的整数 [-Wpointer-to-int-cast]
  602 | { return kapi_syscall2(SYS_truncate, (long)path, length); }
      |                                      ^
include/kapi_syscall.h: 在函数‘sys_pipe’中:
include/kapi_syscall.h:626:34: warning: 将一个指针转换为大小不同的整数 [-Wpointer-to-int-cast]
  626 | { return kapi_syscall1(SYS_pipe, (long)pipefd); }
      |                                  ^
include/kapi_syscall.h: 在函数‘sys_pipe2’中:
include/kapi_syscall.h:629:35: warning: 将一个指针转换为大小不同的整数 [-Wpointer-to-int-cast]
  629 | { return kapi_syscall2(SYS_pipe2, (long)pipefd, flags); }
      |                                   ^
include/kapi_syscall.h: 在函数‘sys_mount’中:
include/kapi_syscall.h:634:35: warning: 将一个指针转换为大小不同的整数 [-Wpointer-to-int-cast]
  634 | { return kapi_syscall5(SYS_mount, (long)source, (long)target, (long)filesystemtype, mountflags, (long)data); }
      |                                   ^
include/kapi_syscall.h:634:49: warning: 将一个指针转换为大小不同的整数 [-Wpointer-to-int-cast]
  634 | { return kapi_syscall5(SYS_mount, (long)source, (long)target, (long)filesystemtype, mountflags, (long)data); }
      |                                                 ^
include/kapi_syscall.h:634:63: warning: 将一个指针转换为大小不同的整数 [-Wpointer-to-int-cast]
  634 | { return kapi_syscall5(SYS_mount, (long)source, (long)target, (long)filesystemtype, mountflags, (long)data); }
      |                                                               ^
include/kapi_syscall.h:634:97: warning: 将一个指针转换为大小不同的整数 [-Wpointer-to-int-cast]
  634 | { return kapi_syscall5(SYS_mount, (long)source, (long)target, (long)filesystemtype, mountflags, (long)data); }
      |                                                                                                 ^
include/kapi_syscall.h:634:85: warning: ‘long int’转换自‘long unsigned int’时可能会改变结果的符号 [-Wsign-conversion]
  634 | { return kapi_syscall5(SYS_mount, (long)source, (long)target, (long)filesystemtype, mountflags, (long)data); }
      |                                                                                     ^~~~~~~~~~
include/kapi_syscall.h: 在函数‘sys_umount2’中:
include/kapi_syscall.h:637:37: warning: 将一个指针转换为大小不同的整数 [-Wpointer-to-int-cast]
  637 | { return kapi_syscall2(SYS_umount2, (long)target, flags); }
      |                                     ^
include/kapi_syscall.h: 在函数‘sys_swapon’中:
include/kapi_syscall.h:640:36: warning: 将一个指针转换为大小不同的整数 [-Wpointer-to-int-cast]
  640 | { return kapi_syscall2(SYS_swapon, (long)path, swapflags); }
      |                                    ^
include/kapi_syscall.h: 在函数‘sys_swapoff’中:
include/kapi_syscall.h:643:37: warning: 将一个指针转换为大小不同的整数 [-Wpointer-to-int-cast]
  643 | { return kapi_syscall1(SYS_swapoff, (long)path); }
      |                                     ^
include/kapi_syscall.h: 在函数‘sys_nanosleep’中:
include/kapi_syscall.h:646:39: warning: 将一个指针转换为大小不同的整数 [-Wpointer-to-int-cast]
  646 | { return kapi_syscall2(SYS_nanosleep, (long)req, (long)rem); }
      |                                       ^
include/kapi_syscall.h:646:50: warning: 将一个指针转换为大小不同的整数 [-Wpointer-to-int-cast]
  646 | { return kapi_syscall2(SYS_nanosleep, (long)req, (long)rem); }
      |                                                  ^
include/kapi_syscall.h: 在函数‘sys_gettimeofday’中:
include/kapi_syscall.h:649:42: warning: 将一个指针转换为大小不同的整数 [-Wpointer-to-int-cast]
  649 | { return kapi_syscall2(SYS_gettimeofday, (long)tv, (long)tz); }
      |                                          ^
include/kapi_syscall.h:649:52: warning: 将一个指针转换为大小不同的整数 [-Wpointer-to-int-cast]
  649 | { return kapi_syscall2(SYS_gettimeofday, (long)tv, (long)tz); }
      |                                                    ^
include/kapi_syscall.h: 在函数‘sys_settimeofday’中:
include/kapi_syscall.h:652:42: warning: 将一个指针转换为大小不同的整数 [-Wpointer-to-int-cast]
  652 | { return kapi_syscall2(SYS_settimeofday, (long)tv, (long)tz); }
      |                                          ^
include/kapi_syscall.h:652:52: warning: 将一个指针转换为大小不同的整数 [-Wpointer-to-int-cast]
  652 | { return kapi_syscall2(SYS_settimeofday, (long)tv, (long)tz); }
      |                                                    ^
include/kapi_syscall.h: 在函数‘sys_time’中:
include/kapi_syscall.h:655:34: warning: 将一个指针转换为大小不同的整数 [-Wpointer-to-int-cast]
  655 | { return kapi_syscall1(SYS_time, (long)tloc); }
      |                                  ^
include/kapi_syscall.h: 在函数‘sys_clock_gettime’中:
include/kapi_syscall.h:658:51: warning: 将一个指针转换为大小不同的整数 [-Wpointer-to-int-cast]
  658 | { return kapi_syscall2(SYS_clock_gettime, clk_id, (long)tp); }
      |                                                   ^
include/kapi_syscall.h: 在函数‘sys_clock_settime’中:
include/kapi_syscall.h:661:51: warning: 将一个指针转换为大小不同的整数 [-Wpointer-to-int-cast]
  661 | { return kapi_syscall2(SYS_clock_settime, clk_id, (long)tp); }
      |                                                   ^
include/kapi_syscall.h: 在函数‘sys_clock_nanosleep’中:
include/kapi_syscall.h:664:60: warning: 将一个指针转换为大小不同的整数 [-Wpointer-to-int-cast]
  664 | { return kapi_syscall4(SYS_clock_nanosleep, clk_id, flags, (long)req, (long)rem); }
      |                                                            ^
include/kapi_syscall.h:664:71: warning: 将一个指针转换为大小不同的整数 [-Wpointer-to-int-cast]
  664 | { return kapi_syscall4(SYS_clock_nanosleep, clk_id, flags, (long)req, (long)rem); }
      |                                                                       ^
include/kapi_syscall.h: 在函数‘sys_rt_sigaction’中:
include/kapi_syscall.h:667:47: warning: 将一个指针转换为大小不同的整数 [-Wpointer-to-int-cast]
  667 | { return kapi_syscall4(SYS_rt_sigaction, sig, (long)act, (long)oact, sigsetsize); }
      |                                               ^
include/kapi_syscall.h:667:58: warning: 将一个指针转换为大小不同的整数 [-Wpointer-to-int-cast]
  667 | { return kapi_syscall4(SYS_rt_sigaction, sig, (long)act, (long)oact, sigsetsize); }
      |                                                          ^
include/kapi_syscall.h:667:70: warning: ‘long int’转换自‘size_t’ {或称 ‘long unsigned int’}时可能会改变结果的符号 [-Wsign-conversion]
  667 | { return kapi_syscall4(SYS_rt_sigaction, sig, (long)act, (long)oact, sigsetsize); }
      |                                                                      ^~~~~~~~~~
include/kapi_syscall.h: 在函数‘sys_rt_sigprocmask’中:
include/kapi_syscall.h:670:49: warning: 将一个指针转换为大小不同的整数 [-Wpointer-to-int-cast]
  670 | { return kapi_syscall4(SYS_rt_sigprocmask, how, (long)set, (long)oldset, sigsetsize); }
      |                                                 ^
include/kapi_syscall.h:670:60: warning: 将一个指针转换为大小不同的整数 [-Wpointer-to-int-cast]
  670 | { return kapi_syscall4(SYS_rt_sigprocmask, how, (long)set, (long)oldset, sigsetsize); }
      |                                                            ^
include/kapi_syscall.h:670:74: warning: ‘long int’转换自‘size_t’ {或称 ‘long unsigned int’}时可能会改变结果的符号 [-Wsign-conversion]
  670 | { return kapi_syscall4(SYS_rt_sigprocmask, how, (long)set, (long)oldset, sigsetsize); }
      |                                                                          ^~~~~~~~~~
include/kapi_syscall.h: 在函数‘sys_ioctl’中:
include/kapi_syscall.h:679:39: warning: ‘long int’转换自‘long unsigned int’时可能会改变结果的符号 [-Wsign-conversion]
  679 | { return kapi_syscall3(SYS_ioctl, fd, request, arg); }
      |                                       ^~~~~~~
include/kapi_syscall.h: 在函数‘sys_pread64’中:
include/kapi_syscall.h:682:41: warning: 将一个指针转换为大小不同的整数 [-Wpointer-to-int-cast]
  682 | { return kapi_syscall4(SYS_pread64, fd, (long)buf, count, offset); }
      |                                         ^
include/kapi_syscall.h:682:52: warning: ‘long int’转换自‘size_t’ {或称 ‘long unsigned int’}时可能会改变结果的符号 [-Wsign-conversion]
  682 | { return kapi_syscall4(SYS_pread64, fd, (long)buf, count, offset); }
      |                                                    ^~~~~
include/kapi_syscall.h: 在函数‘sys_pwrite64’中:
include/kapi_syscall.h:685:42: warning: 将一个指针转换为大小不同的整数 [-Wpointer-to-int-cast]
  685 | { return kapi_syscall4(SYS_pwrite64, fd, (long)buf, count, offset); }
      |                                          ^
include/kapi_syscall.h:685:53: warning: ‘long int’转换自‘size_t’ {或称 ‘long unsigned int’}时可能会改变结果的符号 [-Wsign-conversion]
  685 | { return kapi_syscall4(SYS_pwrite64, fd, (long)buf, count, offset); }
      |                                                     ^~~~~
include/kapi_syscall.h: 在函数‘sys_readv’中:
include/kapi_syscall.h:688:39: warning: 将一个指针转换为大小不同的整数 [-Wpointer-to-int-cast]
  688 | { return kapi_syscall3(SYS_readv, fd, (long)iov, iovcnt); }
      |                                       ^
include/kapi_syscall.h: 在函数‘sys_writev’中:
include/kapi_syscall.h:691:40: warning: 将一个指针转换为大小不同的整数 [-Wpointer-to-int-cast]
  691 | { return kapi_syscall3(SYS_writev, fd, (long)iov, iovcnt); }
      |                                        ^
include/kapi_syscall.h: 在函数‘sys_getdents’中:
include/kapi_syscall.h:694:42: warning: 将一个指针转换为大小不同的整数 [-Wpointer-to-int-cast]
  694 | { return kapi_syscall3(SYS_getdents, fd, (long)dirp, count); }
      |                                          ^
include/kapi_syscall.h:694:54: warning: ‘long int’转换自‘unsigned int’时可能会改变结果的符号 [-Wsign-conversion]
  694 | { return kapi_syscall3(SYS_getdents, fd, (long)dirp, count); }
      |                                                      ^~~~~
include/kapi_syscall.h: 在函数‘sys_getdents64’中:
include/kapi_syscall.h:697:44: warning: 将一个指针转换为大小不同的整数 [-Wpointer-to-int-cast]
  697 | { return kapi_syscall3(SYS_getdents64, fd, (long)dirp, count); }
      |                                            ^
include/kapi_syscall.h:697:56: warning: ‘long int’转换自‘unsigned int’时可能会改变结果的符号 [-Wsign-conversion]
  697 | { return kapi_syscall3(SYS_getdents64, fd, (long)dirp, count); }
      |                                                        ^~~~~
include/kapi_syscall.h: 在函数‘sys_getgroups’中:
include/kapi_syscall.h:718:45: warning: 将一个指针转换为大小不同的整数 [-Wpointer-to-int-cast]
  718 | { return kapi_syscall2(SYS_getgroups, size, (long)list); }
      |                                             ^
include/kapi_syscall.h: 在函数‘sys_setgroups’中:
include/kapi_syscall.h:721:45: warning: 将一个指针转换为大小不同的整数 [-Wpointer-to-int-cast]
  721 | { return kapi_syscall2(SYS_setgroups, size, (long)list); }
      |                                             ^
include/kapi_syscall.h: 在函数‘sys_uname’中:
include/kapi_syscall.h:724:35: warning: 将一个指针转换为大小不同的整数 [-Wpointer-to-int-cast]
  724 | { return kapi_syscall1(SYS_uname, (long)buf); }
      |                                   ^
include/kapi_syscall.h: 在函数‘sys_sysinfo’中:
include/kapi_syscall.h:727:37: warning: 将一个指针转换为大小不同的整数 [-Wpointer-to-int-cast]
  727 | { return kapi_syscall1(SYS_sysinfo, (long)info); }
      |                                     ^
include/kapi_syscall.h: 在函数‘sys_getrlimit’中:
include/kapi_syscall.h:730:49: warning: 将一个指针转换为大小不同的整数 [-Wpointer-to-int-cast]
  730 | { return kapi_syscall2(SYS_getrlimit, resource, (long)rlim); }
      |                                                 ^
include/kapi_syscall.h: 在函数‘sys_setrlimit’中:
include/kapi_syscall.h:733:49: warning: 将一个指针转换为大小不同的整数 [-Wpointer-to-int-cast]
  733 | { return kapi_syscall2(SYS_setrlimit, resource, (long)rlim); }
      |                                                 ^
include/kapi_syscall.h: 在函数‘sys_getrusage’中:
include/kapi_syscall.h:736:44: warning: 将一个指针转换为大小不同的整数 [-Wpointer-to-int-cast]
  736 | { return kapi_syscall2(SYS_getrusage, who, (long)usage); }
      |                                            ^
include/kapi_syscall.h: 在函数‘sys_times’中:
include/kapi_syscall.h:739:35: warning: 将一个指针转换为大小不同的整数 [-Wpointer-to-int-cast]
  739 | { return kapi_syscall1(SYS_times, (long)tbuf); }
      |                                   ^
include/kapi_syscall.h: 在函数‘sys_reboot’中:
include/kapi_syscall.h:754:57: warning: 将一个指针转换为大小不同的整数 [-Wpointer-to-int-cast]
  754 | { return kapi_syscall4(SYS_reboot, magic1, magic2, cmd, (long)arg); }
      |                                                         ^
include/kapi_syscall.h: 在函数‘sys_chroot’中:
include/kapi_syscall.h:757:36: warning: 将一个指针转换为大小不同的整数 [-Wpointer-to-int-cast]
  757 | { return kapi_syscall1(SYS_chroot, (long)path); }
      |                                    ^
include/kapi_syscall.h: 在函数‘sys_sethostname’中:
include/kapi_syscall.h:760:41: warning: 将一个指针转换为大小不同的整数 [-Wpointer-to-int-cast]
  760 | { return kapi_syscall2(SYS_sethostname, (long)name, len); }
      |                                         ^
include/kapi_syscall.h: 在函数‘sys_setdomainname’中:
include/kapi_syscall.h:763:43: warning: 将一个指针转换为大小不同的整数 [-Wpointer-to-int-cast]
  763 | { return kapi_syscall2(SYS_setdomainname, (long)name, len); }
      |                                           ^
include/kapi_syscall.h: 在函数‘sys_init_module’中:
include/kapi_syscall.h:766:41: warning: 将一个指针转换为大小不同的整数 [-Wpointer-to-int-cast]
  766 | { return kapi_syscall3(SYS_init_module, (long)module_image, len, (long)param_values); }
      |                                         ^
include/kapi_syscall.h:766:66: warning: 将一个指针转换为大小不同的整数 [-Wpointer-to-int-cast]
  766 | { return kapi_syscall3(SYS_init_module, (long)module_image, len, (long)param_values); }
      |                                                                  ^
include/kapi_syscall.h:766:61: warning: ‘long int’转换自‘long unsigned int’时可能会改变结果的符号 [-Wsign-conversion]
  766 | { return kapi_syscall3(SYS_init_module, (long)module_image, len, (long)param_values); }
      |                                                             ^~~
include/kapi_syscall.h: 在函数‘sys_delete_module’中:
include/kapi_syscall.h:769:43: warning: 将一个指针转换为大小不同的整数 [-Wpointer-to-int-cast]
  769 | { return kapi_syscall2(SYS_delete_module, (long)name, flags); }
      |                                           ^
include/kapi_syscall.h:769:55: warning: ‘long int’转换自‘unsigned int’时可能会改变结果的符号 [-Wsign-conversion]
  769 | { return kapi_syscall2(SYS_delete_module, (long)name, flags); }
      |                                                       ^~~~~
include/kapi_syscall.h: 在函数‘sys_finit_module’中:
include/kapi_syscall.h:772:46: warning: 将一个指针转换为大小不同的整数 [-Wpointer-to-int-cast]
  772 | { return kapi_syscall3(SYS_finit_module, fd, (long)param_values, flags); }
      |                                              ^
-- Enter folder kernel/arch/x86_64 --
<2> Building kernel/arch/x86_64/xhci.c
kernel/arch/x86_64/xhci.c: 在函数‘xhci_init’中:
kernel/arch/x86_64/xhci.c:17:59: warning: conversion from ‘int’ to ‘uint8_t’ {或称 ‘unsigned char’} may change value [-Wconversion]
   17 |                 uint32_t class_code_reg = pci_read_config(b, d, f, 0x08);
      |                                                           ^
kernel/arch/x86_64/xhci.c:17:62: warning: conversion from ‘int’ to ‘uint8_t’ {或称 ‘unsigned char’} may change value [-Wconversion]
   17 |                 uint32_t class_code_reg = pci_read_config(b, d, f, 0x08);
      |                                                              ^
kernel/arch/x86_64/xhci.c:17:65: warning: conversion from ‘int’ to ‘uint8_t’ {或称 ‘unsigned char’} may change value [-Wconversion]
   17 |                 uint32_t class_code_reg = pci_read_config(b, d, f, 0x08);
      |                                                                 ^
kernel/arch/x86_64/xhci.c:21:38: warning: conversion from ‘uint32_t’ {或称 ‘unsigned int’} to ‘uint8_t’ {或称 ‘unsigned char’} may change value [-Wconversion]
   21 |                 uint8_t class_code = (class_code_reg >> 24) & 0xFF;
      |                                      ^
kernel/arch/x86_64/xhci.c:27:37: warning: conversion from ‘int’ to ‘uint8_t’ {或称 ‘unsigned char’} may change value [-Wconversion]
   27 |                         ctrl->bus = b;
      |                                     ^
kernel/arch/x86_64/xhci.c:28:40: warning: conversion from ‘int’ to ‘uint8_t’ {或称 ‘unsigned char’} may change value [-Wconversion]
   28 |                         ctrl->device = d;
      |                                        ^
kernel/arch/x86_64/xhci.c:29:42: warning: conversion from ‘int’ to ‘uint8_t’ {或称 ‘unsigned char’} may change value [-Wconversion]
   29 |                         ctrl->function = f;
      |                                          ^
kernel/arch/x86_64/xhci.c:30:54: warning: conversion from ‘int’ to ‘uint8_t’ {或称 ‘unsigned char’} may change value [-Wconversion]
   30 |                         ctrl->base = pci_read_config(b, d, f, 0x10) & 0xFFFFFFF0;
      |                                                      ^
kernel/arch/x86_64/xhci.c:30:57: warning: conversion from ‘int’ to ‘uint8_t’ {或称 ‘unsigned char’} may change value [-Wconversion]
   30 |                         ctrl->base = pci_read_config(b, d, f, 0x10) & 0xFFFFFFF0;
      |                                                         ^
kernel/arch/x86_64/xhci.c:30:60: warning: conversion from ‘int’ to ‘uint8_t’ {或称 ‘unsigned char’} may change value [-Wconversion]
   30 |                         ctrl->base = pci_read_config(b, d, f, 0x10) & 0xFFFFFFF0;
      |                                                            ^
<1> Building kernel/arch/x86_64/wmi.c
<2> Building kernel/arch/x86_64/win32_stubs.c
kernel/arch/x86_64/wmi.c: 在函数‘wmi_exec_query’中:
kernel/arch/x86_64/wmi.c:498:21: warning: 多字节字符常量 [-Wmultichar]
  498 |     en->signature = 'ENUM';
      |                     ^~~~~~
kernel/arch/x86_64/wmi.c: 在函数‘wmi_enum_get’中:
kernel/arch/x86_64/wmi.c:531:36: warning: 多字节字符常量 [-Wmultichar]
  531 |     if (en->signature != (uint32_t)'ENUM') return WBEM_E_INVALID_PARAMETER;
      |                                    ^~~~~~
<2> Building kernel/arch/x86_64/win32_shell.c
<3> Building kernel/arch/x86_64/win32_security.c
kernel/arch/x86_64/win32_shell.c: 在函数‘ShellExecuteA’中:
kernel/arch/x86_64/win32_shell.c:207:30: warning: 未使用的变量‘tmp’ [-Wunused-variable]
  207 |                         char tmp[512];
      |                              ^~~
kernel/arch/x86_64/win32_shell.c: 在函数‘PathCanonicalizeA’中:
kernel/arch/x86_64/win32_shell.c:697:38: warning: 将一个整数转换为大小不同的指针 [-Wint-to-pointer-cast]
  697 |                 comps[ncomp + 128] = (char*)len;
      |                                      ^
kernel/arch/x86_64/win32_shell.c:728:34: warning: ‘size_t’ {或称 ‘long unsigned int’}转换自‘int’时可能会改变结果的符号 [-Wsign-conversion]
  728 |             memcpy(tmp + ti, sp, ci);
      |                                  ^~
kernel/arch/x86_64/win32_shell.c: 在函数‘cmd_builtin_dir’中:
kernel/arch/x86_64/win32_shell.c:1598:9: warning: 变量‘found’被设定但未被使用 [-Wunused-but-set-variable=]
 1598 |     int found;
      |         ^~~~~
kernel/arch/x86_64/win32_shell.c: 在函数‘cmd_builtin_set’中:
kernel/arch/x86_64/win32_shell.c:1795:9: warning: 变量‘expr_mode’被设定但未被使用 [-Wunused-but-set-variable=]
 1795 |     int expr_mode = 0;
      |         ^~~~~~~~~
kernel/arch/x86_64/win32_shell.c: 在函数‘cmd_builtin_sort’中:
kernel/arch/x86_64/win32_shell.c:2065:22: warning: ‘size_t’ {或称 ‘long unsigned int’}转换自‘int’时可能会改变结果的符号 [-Wsign-conversion]
 2065 |         qsort(lines, count, sizeof(char*), strcmp_void);
      |                      ^~~~~
kernel/arch/x86_64/win32_shell.c: 在函数‘cmd_builtin_help’中:
kernel/arch/x86_64/win32_shell.c:2116:42: warning: 未使用的参数‘cmd’ [-Wunused-parameter]
 2116 | static int cmd_builtin_help(cmd_state_t* cmd, int argc, char** argv) {
      |                             ~~~~~~~~~~~~~^~~
kernel/arch/x86_64/win32_shell.c: 在函数‘cmd_resolve_and_run’中:
kernel/arch/x86_64/win32_shell.c:2224:23: warning: 比较指针和整数
 2224 |         if (fn && *fn != cmdname) {
      |                       ^~
kernel/arch/x86_64/win32_shell.c: 在函数‘cmd_execute_line’中:
kernel/arch/x86_64/win32_shell.c:2373:13: warning: 变量‘match_idx’被设定但未被使用 [-Wunused-but-set-variable=]
 2373 |         int match_idx;
      |             ^~~~~~~~~
kernel/arch/x86_64/win32_security.c: 在函数‘CreateWellKnownSid’中:
kernel/arch/x86_64/win32_security.c:8:43: warning: 初始值设定周围缺少花括号 [-Wmissing-braces]
    8 | #define SECURITY_WORLD_SID_AUTHORITY      {0,0,0,0,0,1}
      |                                           ^
kernel/arch/x86_64/win32_security.c:397:43: note: in expansion of macro ‘SECURITY_WORLD_SID_AUTHORITY’
  397 |     SID_IDENTIFIER_AUTHORITY world_auth = SECURITY_WORLD_SID_AUTHORITY;
      |                                           ^~~~~~~~~~~~~~~~~~~~~~~~~~~~
kernel/arch/x86_64/win32_security.c:9:43: warning: 初始值设定周围缺少花括号 [-Wmissing-braces]
    9 | #define SECURITY_LOCAL_SID_AUTHORITY      {0,0,0,0,0,2}
      |                                           ^
kernel/arch/x86_64/win32_security.c:398:43: note: in expansion of macro ‘SECURITY_LOCAL_SID_AUTHORITY’
  398 |     SID_IDENTIFIER_AUTHORITY local_auth = SECURITY_LOCAL_SID_AUTHORITY;
      |                                           ^~~~~~~~~~~~~~~~~~~~~~~~~~~~
kernel/arch/x86_64/win32_security.c:10:43: warning: 初始值设定周围缺少花括号 [-Wmissing-braces]
   10 | #define SECURITY_CREATOR_SID_AUTHORITY    {0,0,0,0,0,3}
      |                                           ^
kernel/arch/x86_64/win32_security.c:399:45: note: in expansion of macro ‘SECURITY_CREATOR_SID_AUTHORITY’
  399 |     SID_IDENTIFIER_AUTHORITY creator_auth = SECURITY_CREATOR_SID_AUTHORITY;
      |                                             ^~~~~~~~~~~~~~~~~~~~~~~~~~~~~~
kernel/arch/x86_64/win32_security.c:12:43: warning: 初始值设定周围缺少花括号 [-Wmissing-braces]
   12 | #define SECURITY_NT_AUTHORITY             {0,0,0,0,0,5}
      |                                           ^
kernel/arch/x86_64/win32_security.c:400:40: note: in expansion of macro ‘SECURITY_NT_AUTHORITY’
  400 |     SID_IDENTIFIER_AUTHORITY nt_auth = SECURITY_NT_AUTHORITY;
      |                                        ^~~~~~~~~~~~~~~~~~~~~
kernel/arch/x86_64/win32_security.c: 在函数‘sid_is_world_or_auth’中:
kernel/arch/x86_64/win32_security.c:8:43: warning: 初始值设定周围缺少花括号 [-Wmissing-braces]
    8 | #define SECURITY_WORLD_SID_AUTHORITY      {0,0,0,0,0,1}
      |                                           ^
kernel/arch/x86_64/win32_security.c:591:43: note: in expansion of macro ‘SECURITY_WORLD_SID_AUTHORITY’
  591 |     SID_IDENTIFIER_AUTHORITY world_auth = SECURITY_WORLD_SID_AUTHORITY;
      |                                           ^~~~~~~~~~~~~~~~~~~~~~~~~~~~
kernel/arch/x86_64/win32_security.c:12:43: warning: 初始值设定周围缺少花括号 [-Wmissing-braces]
   12 | #define SECURITY_NT_AUTHORITY             {0,0,0,0,0,5}
      |                                           ^
kernel/arch/x86_64/win32_security.c:592:40: note: in expansion of macro ‘SECURITY_NT_AUTHORITY’
  592 |     SID_IDENTIFIER_AUTHORITY nt_auth = SECURITY_NT_AUTHORITY;
      |                                        ^~~~~~~~~~~~~~~~~~~~~
kernel/arch/x86_64/win32_security.c: 在函数‘create_system_token’中:
kernel/arch/x86_64/win32_security.c:12:43: warning: 初始值设定周围缺少花括号 [-Wmissing-braces]
   12 | #define SECURITY_NT_AUTHORITY             {0,0,0,0,0,5}
      |                                           ^
kernel/arch/x86_64/win32_security.c:662:40: note: in expansion of macro ‘SECURITY_NT_AUTHORITY’
  662 |     SID_IDENTIFIER_AUTHORITY nt_auth = SECURITY_NT_AUTHORITY;
      |                                        ^~~~~~~~~~~~~~~~~~~~~
kernel/arch/x86_64/win32_security.c:8:43: warning: 初始值设定周围缺少花括号 [-Wmissing-braces]
    8 | #define SECURITY_WORLD_SID_AUTHORITY      {0,0,0,0,0,1}
      |                                           ^
kernel/arch/x86_64/win32_security.c:663:43: note: in expansion of macro ‘SECURITY_WORLD_SID_AUTHORITY’
  663 |     SID_IDENTIFIER_AUTHORITY world_auth = SECURITY_WORLD_SID_AUTHORITY;
      |                                           ^~~~~~~~~~~~~~~~~~~~~~~~~~~~
kernel/arch/x86_64/win32_security.c: 在函数‘LookupAccountNameA’中:
kernel/arch/x86_64/win32_security.c:12:43: warning: 初始值设定周围缺少花括号 [-Wmissing-braces]
   12 | #define SECURITY_NT_AUTHORITY             {0,0,0,0,0,5}
      |                                           ^
kernel/arch/x86_64/win32_security.c:886:44: note: in expansion of macro ‘SECURITY_NT_AUTHORITY’
  886 |         SID_IDENTIFIER_AUTHORITY nt_auth = SECURITY_NT_AUTHORITY;
      |                                            ^~~~~~~~~~~~~~~~~~~~~
kernel/arch/x86_64/win32_security.c: 在文件作用域：
kernel/arch/x86_64/win32_security.c:175:13: warning: ‘set_last_error’ 在此处定义 [-Wunused-function]
  175 | static void set_last_error(uint32_t err) {
      |             ^~~~~~~~~~~~~~
<1> Building kernel/arch/x86_64/win32_process.c
kernel/arch/x86_64/win32_process.c: 在函数‘ZwClose’中:
kernel/arch/x86_64/win32_process.c:1137:12: warning: ‘uint32_t’ {或称 ‘unsigned int’}转换自‘NTSTATUS’ {或称 ‘long int’}时可能会改变结果的符号 [-Wsign-conversion]
 1137 |     return NtClose(Handle);
      |            ^~~~~~~~~~~~~~~
kernel/arch/x86_64/win32_process.c: 在函数‘ZwAllocateVirtualMemory’中:
kernel/arch/x86_64/win32_process.c:1148:12: warning: ‘uint32_t’ {或称 ‘unsigned int’}转换自‘NTSTATUS’ {或称 ‘long int’}时可能会改变结果的符号 [-Wsign-conversion]
 1148 |     return NtAllocateVirtualMemory(ProcessHandle, BaseAddress, ZeroBits, RegionSize, AllocationType, Protect);
      |            ^~~~~~~~~~~~~~~~~~~~~~~~~~~~~~~~~~~~~~~~~~~~~~~~~~~~~~~~~~~~~~~~~~~~~~~~~~~~~~~~~~~~~~~~~~~~~~~~~~
kernel/arch/x86_64/win32_process.c: 在函数‘ZwFreeVirtualMemory’中:
kernel/arch/x86_64/win32_process.c:1157:12: warning: ‘uint32_t’ {或称 ‘unsigned int’}转换自‘NTSTATUS’ {或称 ‘long int’}时可能会改变结果的符号 [-Wsign-conversion]
 1157 |     return NtFreeVirtualMemory(ProcessHandle, BaseAddress, RegionSize, FreeType);
      |            ^~~~~~~~~~~~~~~~~~~~~~~~~~~~~~~~~~~~~~~~~~~~~~~~~~~~~~~~~~~~~~~~~~~~~
kernel/arch/x86_64/win32_process.c: 在函数‘ZwQueryInformationProcess’中:
kernel/arch/x86_64/win32_process.c:1167:12: warning: ‘uint32_t’ {或称 ‘unsigned int’}转换自‘NTSTATUS’ {或称 ‘long int’}时可能会改变结果的符号 [-Wsign-conversion]
 1167 |     return NtQueryInformationProcess(ProcessHandle, ProcessInformationClass, ProcessInformation, ProcessInformationLength, ReturnLength);
      |            ^~~~~~~~~~~~~~~~~~~~~~~~~~~~~~~~~~~~~~~~~~~~~~~~~~~~~~~~~~~~~~~~~~~~~~~~~~~~~~~~~~~~~~~~~~~~~~~~~~~~~~~~~~~~~~~~~~~~~~~~~~~~~
kernel/arch/x86_64/win32_process.c: 在函数‘ZwQueryInformationThread’中:
kernel/arch/x86_64/win32_process.c:1177:12: warning: ‘uint32_t’ {或称 ‘unsigned int’}转换自‘NTSTATUS’ {或称 ‘long int’}时可能会改变结果的符号 [-Wsign-conversion]
 1177 |     return NtQueryInformationThread(ThreadHandle, ThreadInformationClass, ThreadInformation, ThreadInformationLength, ReturnLength);
      |            ^~~~~~~~~~~~~~~~~~~~~~~~~~~~~~~~~~~~~~~~~~~~~~~~~~~~~~~~~~~~~~~~~~~~~~~~~~~~~~~~~~~~~~~~~~~~~~~~~~~~~~~~~~~~~~~~~~~~~~~~
kernel/arch/x86_64/win32_process.c: 在函数‘ZwCreateFile’中:
kernel/arch/x86_64/win32_process.c:1193:12: warning: ‘uint32_t’ {或称 ‘unsigned int’}转换自‘NTSTATUS’ {或称 ‘long int’}时可能会改变结果的符号 [-Wsign-conversion]
 1193 |     return NtCreateFile(FileHandle, DesiredAccess, ObjectAttributes, IoStatusBlock, AllocationSize, FileAttributes, ShareAccess, CreateDisposition, CreateOptions, EaBuffer, EaLength);
      |            ^~~~~~~~~~~~~~~~~~~~~~~~~~~~~~~~~~~~~~~~~~~~~~~~~~~~~~~~~~~~~~~~~~~~~~~~~~~~~~~~~~~~~~~~~~~~~~~~~~~~~~~~~~~~~~~~~~~~~~~~~~~~~~~~~~~~~~~~~~~~~~~~~~~~~~~~~~~~~~~~~~~~~~~~~~~
kernel/arch/x86_64/win32_process.c: 在函数‘ZwReadFile’中:
kernel/arch/x86_64/win32_process.c:1207:12: warning: ‘uint32_t’ {或称 ‘unsigned int’}转换自‘NTSTATUS’ {或称 ‘long int’}时可能会改变结果的符号 [-Wsign-conversion]
 1207 |     return NtReadFile(FileHandle, Event, ApcRoutine, ApcContext, IoStatusBlock, Buffer, Length, ByteOffset, Key);
      |            ^~~~~~~~~~~~~~~~~~~~~~~~~~~~~~~~~~~~~~~~~~~~~~~~~~~~~~~~~~~~~~~~~~~~~~~~~~~~~~~~~~~~~~~~~~~~~~~~~~~~~
kernel/arch/x86_64/win32_process.c: 在函数‘ZwWriteFile’中:
kernel/arch/x86_64/win32_process.c:1221:12: warning: ‘uint32_t’ {或称 ‘unsigned int’}转换自‘NTSTATUS’ {或称 ‘long int’}时可能会改变结果的符号 [-Wsign-conversion]
 1221 |     return NtWriteFile(FileHandle, Event, ApcRoutine, ApcContext, IoStatusBlock, Buffer, Length, ByteOffset, Key);
      |            ^~~~~~~~~~~~~~~~~~~~~~~~~~~~~~~~~~~~~~~~~~~~~~~~~~~~~~~~~~~~~~~~~~~~~~~~~~~~~~~~~~~~~~~~~~~~~~~~~~~~~~
kernel/arch/x86_64/win32_process.c: 在函数‘ZwQueryAttributesFile’中:
kernel/arch/x86_64/win32_process.c:1228:12: warning: ‘uint32_t’ {或称 ‘unsigned int’}转换自‘NTSTATUS’ {或称 ‘long int’}时可能会改变结果的符号 [-Wsign-conversion]
 1228 |     return NtQueryAttributesFile(ObjectAttributes, FileInformation);
      |            ^~~~~~~~~~~~~~~~~~~~~~~~~~~~~~~~~~~~~~~~~~~~~~~~~~~~~~~~
kernel/arch/x86_64/win32_process.c: 在文件作用域：
kernel/arch/x86_64/win32_process.c:291:13: warning: ‘process_slot_cleanup’ 在此处定义 [-Wunused-function]
  291 | static void process_slot_cleanup(win32_process_t* proc) {
      |             ^~~~~~~~~~~~~~~~~~~~
kernel/arch/x86_64/win32_shell.c: 在函数‘PathCanonicalizeA.part.0’中:
kernel/arch/x86_64/win32_shell.c:724:40: warning: array subscript 128 is above array bounds of ‘char *[64]’ [-Warray-bounds=]
  724 |             ci = (int)((uintptr_t)comps[i + 128]);
      |                                   ~~~~~^~~~~~~~~
kernel/arch/x86_64/win32_shell.c:650:11: note: while referencing ‘comps’
  650 |     char* comps[64];
      |           ^~~~~
<3> Building kernel/arch/x86_64/win32_ntdll.c
kernel/arch/x86_64/win32_ntdll.c: 在函数‘RtlUnicodeStringToInteger’中:
kernel/arch/x86_64/win32_ntdll.c:241:21: warning: ‘ULONG’ {或称 ‘long unsigned int’}转换自‘long int’时可能会改变结果的符号 [-Wsign-conversion]
  241 |             digit = c - L'0';
      |                     ^
kernel/arch/x86_64/win32_ntdll.c:243:21: warning: ‘ULONG’ {或称 ‘long unsigned int’}转换自‘long int’时可能会改变结果的符号 [-Wsign-conversion]
  243 |             digit = 10 + (c - L'A');
      |                     ^~
kernel/arch/x86_64/win32_ntdll.c:245:21: warning: ‘ULONG’ {或称 ‘long unsigned int’}转换自‘long int’时可能会改变结果的符号 [-Wsign-conversion]
  245 |             digit = 10 + (c - L'a');
      |                     ^~
kernel/arch/x86_64/win32_ntdll.c: 在函数‘RtlHashUnicodeString’中:
kernel/arch/x86_64/win32_ntdll.c:287:31: warning: ‘long unsigned int’转换自‘WCHAR’ {或称 ‘long int’}时可能会改变结果的符号 [-Wsign-conversion]
  287 |         hash = (hash * 65599) + c;
      |                               ^
kernel/arch/x86_64/win32_ntdll.c: 在函数‘NtCreateFile’中:
kernel/arch/x86_64/win32_ntdll.c:391:55: warning: 未使用的参数‘DesiredAccess’ [-Wunused-parameter]
  391 | NTSTATUS NtCreateFile(PHANDLE FileHandle, ACCESS_MASK DesiredAccess,
      |                                           ~~~~~~~~~~~~^~~~~~~~~~~~~
kernel/arch/x86_64/win32_ntdll.c: 在函数‘NtQueryDirectoryObject’中:
kernel/arch/x86_64/win32_ntdll.c:1325:54: warning: 未使用的参数‘BufferLength’ [-Wunused-parameter]
 1325 |                                  PVOID Buffer, ULONG BufferLength,
      |                                                ~~~~~~^~~~~~~~~~~~
<1> Building kernel/arch/x86_64/win32_msvcrt.c
kernel/arch/x86_64/win32_msvcrt.c: 在函数‘output_char’中:
kernel/arch/x86_64/win32_msvcrt.c:47:9: warning: ‘vga_putc’的地址总是等价为‘true’ [-Waddress]
   47 |     if (vga_putc) vga_putc(c);
      |         ^~~~~~~~
kernel/arch/x86_64/win32_msvcrt.c: 在函数‘output_string’中:
kernel/arch/x86_64/win32_msvcrt.c:55:9: warning: ‘vga_print’的地址总是等价为‘true’ [-Waddress]
   55 |     if (vga_print) vga_print(s);
      |         ^~~~~~~~~
kernel/arch/x86_64/win32_msvcrt.c: 在函数‘fputs’中:
kernel/arch/x86_64/win32_msvcrt.c:739:12: warning: ‘int’转换自‘size_t’ {或称 ‘long unsigned int’}时可能会改变结果的符号 [-Wsign-conversion]
  739 |     return strlen(s);
      |            ^~~~~~~~~
<0> Building kernel/arch/x86_64/win32_kernel32.c
kernel/arch/x86_64/win32_kernel32.c: 在函数‘SetFilePointer’中:
kernel/arch/x86_64/win32_kernel32.c:614:48: warning: ‘long long unsigned int’转换自‘long long int’时可能会改变结果的符号 [-Wsign-conversion]
  614 |         offset = (int64_t)((uint64_t)hi << 32) | (uint64_t)(uint32_t)lDistanceToMove;
      |                                                ^
kernel/arch/x86_64/win32_kernel32.c:614:18: warning: ‘int64_t’ {或称 ‘long long int’}转换自‘long long unsigned int’时可能会改变结果的符号 [-Wsign-conversion]
  614 |         offset = (int64_t)((uint64_t)hi << 32) | (uint64_t)(uint32_t)lDistanceToMove;
      |                  ^
kernel/arch/x86_64/win32_kernel32.c: 在函数‘SetEndOfFile’中:
kernel/arch/x86_64/win32_kernel32.c:650:9: warning: 变量‘fd’被设定但未被使用 [-Wunused-but-set-variable=]
  650 |     int fd;
      |         ^~
kernel/arch/x86_64/win32_kernel32.c: 在函数‘GetFileSize’中:
<3> Building kernel/arch/x86_64/win32_gdi_and_msg.c
kernel/arch/x86_64/win32_kernel32.c:682:9: warning: 变量‘fd’被设定但未被使用 [-Wunused-but-set-variable=]
  682 |     int fd;
      |         ^~
kernel/arch/x86_64/win32_kernel32.c: 在函数‘FileTimeToDosDateTime’中:
kernel/arch/x86_64/win32_kernel32.c:1035:44: warning: 未使用的参数‘lpFileTime’ [-Wunused-parameter]
 1035 | BOOL FileTimeToDosDateTime(const uint64_t* lpFileTime, WORD* lpFatDate, WORD* lpFatTime) {
      |                            ~~~~~~~~~~~~~~~~^~~~~~~~~~
kernel/arch/x86_64/win32_kernel32.c: 在函数‘DosDateTimeToFileTime’中:
kernel/arch/x86_64/win32_kernel32.c:1041:33: warning: 未使用的参数‘wFatDate’ [-Wunused-parameter]
 1041 | BOOL DosDateTimeToFileTime(WORD wFatDate, WORD wFatTime, uint64_t* lpFileTime) {
      |                            ~~~~~^~~~~~~~
kernel/arch/x86_64/win32_kernel32.c:1041:48: warning: 未使用的参数‘wFatTime’ [-Wunused-parameter]
 1041 | BOOL DosDateTimeToFileTime(WORD wFatDate, WORD wFatTime, uint64_t* lpFileTime) {
      |                                           ~~~~~^~~~~~~~
kernel/arch/x86_64/win32_kernel32.c: 在文件作用域：
kernel/arch/x86_64/win32_kernel32.c:1549:23: warning: cast between incompatible function types from ‘uint32_t (*)(void)’ {或称 ‘unsigned int (*)(void)’} to ‘intptr_t (*)()’ {或称 ‘long long int (*)()’} [-Wcast-function-type]
 1549 |     { "GetTickCount", (FARPROC)GetTickCount },
      |                       ^
kernel/arch/x86_64/win32_kernel32.c:1551:16: warning: cast between incompatible function types from ‘void (*)(uint32_t)’ {或称 ‘void (*)(unsigned int)’} to ‘intptr_t (*)()’ {或称 ‘long long int (*)()’} [-Wcast-function-type]
 1551 |     { "Sleep", (FARPROC)Sleep },
      |                ^
kernel/arch/x86_64/win32_kernel32.c:1552:23: warning: cast between incompatible function types from ‘void * (*)(void *, uint64_t,  uint32_t (*)(void *), void *, uint32_t,  uint32_t *)’ {或称 ‘void * (*)(void *, long long unsigned int,  unsigned int (*)(void *), void *, unsigned int,  unsigned int *)’} to ‘intptr_t (*)()’ {或称 ‘long long int (*)()’} [-Wcast-function-type]
 1552 |     { "CreateThread", (FARPROC)CreateThread },
      |                       ^
kernel/arch/x86_64/win32_kernel32.c:1553:26: warning: cast between incompatible function types from ‘BOOL (*)(void *, uint32_t)’ {或称 ‘int (*)(void *, unsigned int)’} to ‘intptr_t (*)()’ {或称 ‘long long int (*)()’} [-Wcast-function-type]
 1553 |     { "TerminateThread", (FARPROC)TerminateThread },
      |                          ^
kernel/arch/x86_64/win32_kernel32.c:1554:22: warning: cast between incompatible function types from ‘BOOL (*)(void *)’ {或称 ‘int (*)(void *)’} to ‘intptr_t (*)()’ {或称 ‘long long int (*)()’} [-Wcast-function-type]
 1554 |     { "CloseHandle", (FARPROC)CloseHandle },
      |                      ^
kernel/arch/x86_64/win32_kernel32.c:1555:30: warning: cast between incompatible function types from ‘uint32_t (*)(void *, unsigned int)’ {或称 ‘unsigned int (*)(void *, unsigned int)’} to ‘intptr_t (*)()’ {或称 ‘long long int (*)()’} [-Wcast-function-type]
 1555 |     { "WaitForSingleObject", (FARPROC)WaitForSingleObject },
      |                              ^
kernel/arch/x86_64/win32_kernel32.c:1556:23: warning: cast between incompatible function types from ‘uint32_t (*)(void)’ {或称 ‘unsigned int (*)(void)’} to ‘intptr_t (*)()’ {或称 ‘long long int (*)()’} [-Wcast-function-type]
 1556 |     { "GetLastError", (FARPROC)GetLastError },
      |                       ^
kernel/arch/x86_64/win32_kernel32.c:1557:23: warning: cast between incompatible function types from ‘void (*)(uint32_t)’ {或称 ‘void (*)(unsigned int)’} to ‘intptr_t (*)()’ {或称 ‘long long int (*)()’} [-Wcast-function-type]
 1557 |     { "SetLastError", (FARPROC)SetLastError },
      |                       ^
kernel/arch/x86_64/win32_kernel32.c:1558:30: warning: cast between incompatible function types from ‘uint32_t (*)(void)’ {或称 ‘unsigned int (*)(void)’} to ‘intptr_t (*)()’ {或称 ‘long long int (*)()’} [-Wcast-function-type]
 1558 |     { "GetCurrentProcessId", (FARPROC)GetCurrentProcessId },
      |                              ^
kernel/arch/x86_64/win32_kernel32.c:1559:29: warning: cast between incompatible function types from ‘uint32_t (*)(void)’ {或称 ‘unsigned int (*)(void)’} to ‘intptr_t (*)()’ {或称 ‘long long int (*)()’} [-Wcast-function-type]
 1559 |     { "GetCurrentThreadId", (FARPROC)GetCurrentThreadId },
      |                             ^
kernel/arch/x86_64/win32_kernel32.c:1560:28: warning: cast between incompatible function types from ‘void * (*)(void)’ to ‘intptr_t (*)()’ {或称 ‘long long int (*)()’} [-Wcast-function-type]
 1560 |     { "GetCurrentProcess", (FARPROC)GetCurrentProcess },
      |                            ^
kernel/arch/x86_64/win32_kernel32.c:1561:27: warning: cast between incompatible function types from ‘void * (*)(void)’ to ‘intptr_t (*)()’ {或称 ‘long long int (*)()’} [-Wcast-function-type]
 1561 |     { "GetCurrentThread", (FARPROC)GetCurrentThread },
      |                           ^
kernel/arch/x86_64/win32_kernel32.c:1562:34: warning: cast between incompatible function types from ‘BOOL (*)(void *, BOOL)’ {或称 ‘int (*)(void *, int)’} to ‘intptr_t (*)()’ {或称 ‘long long int (*)()’} [-Wcast-function-type]
 1562 |     { "SetProcessPriorityBoost", (FARPROC)SetProcessPriorityBoost },
      |                                  ^
kernel/arch/x86_64/win32_kernel32.c:1563:29: warning: cast between incompatible function types from ‘BOOL (*)(void *, uint32_t *)’ {或称 ‘int (*)(void *, unsigned int *)’} to ‘intptr_t (*)()’ {或称 ‘long long int (*)()’} [-Wcast-function-type]
 1563 |     { "GetExitCodeProcess", (FARPROC)GetExitCodeProcess },
      |                             ^
kernel/arch/x86_64/win32_kernel32.c:1564:19: warning: cast between incompatible function types from ‘BOOL (*)(void *, void *, uint32_t,  uint32_t *, void *)’ {或称 ‘int (*)(void *, void *, unsigned int,  unsigned int *, void *)’} to ‘intptr_t (*)()’ {或称 ‘long long int (*)()’} [-Wcast-function-type]
 1564 |     { "ReadFile", (FARPROC)ReadFile },
      |                   ^
kernel/arch/x86_64/win32_kernel32.c:1565:20: warning: cast between incompatible function types from ‘BOOL (*)(void *, const void *, uint32_t,  uint32_t *, void *)’ {或称 ‘int (*)(void *, const void *, unsigned int,  unsigned int *, void *)’} to ‘intptr_t (*)()’ {或称 ‘long long int (*)()’} [-Wcast-function-type]
 1565 |     { "WriteFile", (FARPROC)WriteFile },
      |                    ^
kernel/arch/x86_64/win32_kernel32.c:1566:22: warning: cast between incompatible function types from ‘void * (*)(const char *, uint32_t,  uint32_t,  void *, uint32_t,  uint32_t,  void *)’ {或称 ‘void * (*)(const char *, unsigned int,  unsigned int,  void *, unsigned int,  unsigned int,  void *)’} to ‘intptr_t (*)()’ {或称 ‘long long int (*)()’} [-Wcast-function-type]
 1566 |     { "CreateFileA", (FARPROC)CreateFileA },
      |                      ^
kernel/arch/x86_64/win32_kernel32.c:1567:25: warning: cast between incompatible function types from ‘BOOL (*)(void *, int32_t,  int32_t *, uint32_t)’ {或称 ‘int (*)(void *, int,  int *, unsigned int)’} to ‘intptr_t (*)()’ {或称 ‘long long int (*)()’} [-Wcast-function-type]
 1567 |     { "SetFilePointer", (FARPROC)SetFilePointer },
      |                         ^
kernel/arch/x86_64/win32_kernel32.c:1568:23: warning: cast between incompatible function types from ‘BOOL (*)(void *)’ {或称 ‘int (*)(void *)’} to ‘intptr_t (*)()’ {或称 ‘long long int (*)()’} [-Wcast-function-type]
 1568 |     { "SetEndOfFile", (FARPROC)SetEndOfFile },
      |                       ^
kernel/arch/x86_64/win32_kernel32.c:1569:27: warning: cast between incompatible function types from ‘BOOL (*)(void *)’ {或称 ‘int (*)(void *)’} to ‘intptr_t (*)()’ {或称 ‘long long int (*)()’} [-Wcast-function-type]
 1569 |     { "FlushFileBuffers", (FARPROC)FlushFileBuffers },
      |                           ^
kernel/arch/x86_64/win32_kernel32.c:1570:25: warning: cast between incompatible function types from ‘void * (*)(const char *, void *)’ to ‘intptr_t (*)()’ {或称 ‘long long int (*)()’} [-Wcast-function-type]
 1570 |     { "FindFirstFileA", (FARPROC)FindFirstFileA },
      |                         ^
kernel/arch/x86_64/win32_kernel32.c:1571:24: warning: cast between incompatible function types from ‘BOOL (*)(void *, void *)’ {或称 ‘int (*)(void *, void *)’} to ‘intptr_t (*)()’ {或称 ‘long long int (*)()’} [-Wcast-function-type]
 1571 |     { "FindNextFileA", (FARPROC)FindNextFileA },
      |                        ^
kernel/arch/x86_64/win32_kernel32.c:1572:20: warning: cast between incompatible function types from ‘BOOL (*)(void *)’ {或称 ‘int (*)(void *)’} to ‘intptr_t (*)()’ {或称 ‘long long int (*)()’} [-Wcast-function-type]
 1572 |     { "FindClose", (FARPROC)FindClose },
      |                    ^
kernel/arch/x86_64/win32_kernel32.c:1573:27: warning: cast between incompatible function types from ‘BOOL (*)(const char *, void *)’ {或称 ‘int (*)(const char *, void *)’} to ‘intptr_t (*)()’ {或称 ‘long long int (*)()’} [-Wcast-function-type]
 1573 |     { "CreateDirectoryA", (FARPROC)CreateDirectoryA },
      |                           ^
kernel/arch/x86_64/win32_kernel32.c:1574:27: warning: cast between incompatible function types from ‘BOOL (*)(const char *)’ {或称 ‘int (*)(const char *)’} to ‘intptr_t (*)()’ {或称 ‘long long int (*)()’} [-Wcast-function-type]
 1574 |     { "RemoveDirectoryA", (FARPROC)RemoveDirectoryA },
      |                           ^
kernel/arch/x86_64/win32_kernel32.c:1575:22: warning: cast between incompatible function types from ‘BOOL (*)(const char *)’ {或称 ‘int (*)(const char *)’} to ‘intptr_t (*)()’ {或称 ‘long long int (*)()’} [-Wcast-function-type]
 1575 |     { "DeleteFileA", (FARPROC)DeleteFileA },
      |                      ^
kernel/arch/x86_64/win32_kernel32.c:1576:20: warning: cast between incompatible function types from ‘BOOL (*)(const char *, const char *)’ {或称 ‘int (*)(const char *, const char *)’} to ‘intptr_t (*)()’ {或称 ‘long long int (*)()’} [-Wcast-function-type]
 1576 |     { "MoveFileA", (FARPROC)MoveFileA },
      |                    ^
kernel/arch/x86_64/win32_kernel32.c:1577:20: warning: cast between incompatible function types from ‘BOOL (*)(const char *, const char *, BOOL)’ {或称 ‘int (*)(const char *, const char *, int)’} to ‘intptr_t (*)()’ {或称 ‘long long int (*)()’} [-Wcast-function-type]
 1577 |     { "CopyFileA", (FARPROC)CopyFileA },
      |                    ^
kernel/arch/x86_64/win32_kernel32.c:1578:29: warning: cast between incompatible function types from ‘uint32_t (*)(const char *)’ {或称 ‘unsigned int (*)(const char *)’} to ‘intptr_t (*)()’ {或称 ‘long long int (*)()’} [-Wcast-function-type]
 1578 |     { "GetFileAttributesA", (FARPROC)GetFileAttributesA },
      |                             ^
kernel/arch/x86_64/win32_kernel32.c:1579:24: warning: cast between incompatible function types from ‘BOOL (*)(void *, int64_t *)’ {或称 ‘int (*)(void *, long long int *)’} to ‘intptr_t (*)()’ {或称 ‘long long int (*)()’} [-Wcast-function-type]
 1579 |     { "GetFileSizeEx", (FARPROC)GetFileSizeEx },
      |                        ^
kernel/arch/x86_64/win32_kernel32.c:1580:29: warning: cast between incompatible function types from ‘uint32_t (*)(void *, char *, uint32_t)’ {或称 ‘unsigned int (*)(void *, char *, unsigned int)’} to ‘intptr_t (*)()’ {或称 ‘long long int (*)()’} [-Wcast-function-type]
 1580 |     { "GetModuleFileNameA", (FARPROC)GetModuleFileNameA },
      |                             ^
kernel/arch/x86_64/win32_kernel32.c:1581:27: warning: cast between incompatible function types from ‘void * (*)(const char *)’ to ‘intptr_t (*)()’ {或称 ‘long long int (*)()’} [-Wcast-function-type]
 1581 |     { "GetModuleHandleA", (FARPROC)GetModuleHandleA },
      |                           ^
kernel/arch/x86_64/win32_kernel32.c:1582:25: warning: cast between incompatible function types from ‘intptr_t (* (*)(void *, const char *))()’ {或称 ‘long long int (* (*)(void *, const char *))()’} to ‘intptr_t (*)()’ {或称 ‘long long int (*)()’} [-Wcast-function-type]
 1582 |     { "GetProcAddress", (FARPROC)GetProcAddress },
      |                         ^
kernel/arch/x86_64/win32_kernel32.c:1583:23: warning: cast between incompatible function types from ‘void * (*)(const char *)’ to ‘intptr_t (*)()’ {或称 ‘long long int (*)()’} [-Wcast-function-type]
 1583 |     { "LoadLibraryA", (FARPROC)LoadLibraryA },
      |                       ^
kernel/arch/x86_64/win32_kernel32.c:1584:22: warning: cast between incompatible function types from ‘BOOL (*)(void *)’ {或称 ‘int (*)(void *)’} to ‘intptr_t (*)()’ {或称 ‘long long int (*)()’} [-Wcast-function-type]
 1584 |     { "FreeLibrary", (FARPROC)FreeLibrary },
      |                      ^
kernel/arch/x86_64/win32_kernel32.c:1585:22: warning: cast between incompatible function types from ‘void * (*)(UINT,  uint64_t)’ {或称 ‘void * (*)(unsigned int,  long long unsigned int)’} to ‘intptr_t (*)()’ {或称 ‘long long int (*)()’} [-Wcast-function-type]
 1585 |     { "GlobalAlloc", (FARPROC)GlobalAlloc },
      |                      ^
kernel/arch/x86_64/win32_kernel32.c:1586:21: warning: cast between incompatible function types from ‘void * (*)(void *)’ to ‘intptr_t (*)()’ {或称 ‘long long int (*)()’} [-Wcast-function-type]
 1586 |     { "GlobalFree", (FARPROC)GlobalFree },
      |                     ^
kernel/arch/x86_64/win32_kernel32.c:1587:21: warning: cast between incompatible function types from ‘void * (*)(void *)’ to ‘intptr_t (*)()’ {或称 ‘long long int (*)()’} [-Wcast-function-type]
 1587 |     { "GlobalLock", (FARPROC)GlobalLock },
      |                     ^
kernel/arch/x86_64/win32_kernel32.c:1588:23: warning: cast between incompatible function types from ‘BOOL (*)(void *)’ {或称 ‘int (*)(void *)’} to ‘intptr_t (*)()’ {或称 ‘long long int (*)()’} [-Wcast-function-type]
 1588 |     { "GlobalUnlock", (FARPROC)GlobalUnlock },
      |                       ^
kernel/arch/x86_64/win32_kernel32.c:1590:21: warning: cast between incompatible function types from ‘void * (*)(UINT,  uint64_t)’ {或称 ‘void * (*)(unsigned int,  long long unsigned int)’} to ‘intptr_t (*)()’ {或称 ‘long long int (*)()’} [-Wcast-function-type]
 1590 |     { "LocalAlloc", (FARPROC)LocalAlloc },
      |                     ^
kernel/arch/x86_64/win32_kernel32.c:1591:20: warning: cast between incompatible function types from ‘void * (*)(void *)’ to ‘intptr_t (*)()’ {或称 ‘long long int (*)()’} [-Wcast-function-type]
 1591 |     { "LocalFree", (FARPROC)LocalFree },
      |                    ^
kernel/arch/x86_64/win32_kernel32.c:1592:20: warning: cast between incompatible function types from ‘void * (*)(void *)’ to ‘intptr_t (*)()’ {或称 ‘long long int (*)()’} [-Wcast-function-type]
 1592 |     { "LocalLock", (FARPROC)LocalLock },
      |                    ^
kernel/arch/x86_64/win32_kernel32.c:1593:22: warning: cast between incompatible function types from ‘BOOL (*)(void *)’ {或称 ‘int (*)(void *)’} to ‘intptr_t (*)()’ {或称 ‘long long int (*)()’} [-Wcast-function-type]
 1593 |     { "LocalUnlock", (FARPROC)LocalUnlock },
      |                      ^
kernel/arch/x86_64/win32_kernel32.c:1595:23: warning: cast between incompatible function types from ‘void * (*)(void *, uint64_t,  DWORD,  DWORD)’ {或称 ‘void * (*)(void *, long long unsigned int,  unsigned int,  unsigned int)’} to ‘intptr_t (*)()’ {或称 ‘long long int (*)()’} [-Wcast-function-type]
 1595 |     { "VirtualAlloc", (FARPROC)VirtualAlloc },
      |                       ^
kernel/arch/x86_64/win32_kernel32.c:1596:22: warning: cast between incompatible function types from ‘BOOL (*)(void *, uint64_t,  DWORD)’ {或称 ‘int (*)(void *, long long unsigned int,  unsigned int)’} to ‘intptr_t (*)()’ {或称 ‘long long int (*)()’} [-Wcast-function-type]
 1596 |     { "VirtualFree", (FARPROC)VirtualFree },
      |                      ^
kernel/arch/x86_64/win32_kernel32.c:1597:25: warning: cast between incompatible function types from ‘BOOL (*)(void *, uint64_t,  DWORD,  DWORD *)’ {或称 ‘int (*)(void *, long long unsigned int,  unsigned int,  unsigned int *)’} to ‘intptr_t (*)()’ {或称 ‘long long int (*)()’} [-Wcast-function-type]
 1597 |     { "VirtualProtect", (FARPROC)VirtualProtect },
      |                         ^
kernel/arch/x86_64/win32_kernel32.c:1598:23: warning: cast between incompatible function types from ‘BOOL (*)(const void *, void *, uint64_t)’ {或称 ‘int (*)(const void *, void *, long long unsigned int)’} to ‘intptr_t (*)()’ {或称 ‘long long int (*)()’} [-Wcast-function-type]
 1598 |     { "VirtualQuery", (FARPROC)VirtualQuery },
      |                       ^
kernel/arch/x86_64/win32_kernel32.c:1599:21: warning: cast between incompatible function types from ‘void * (*)(DWORD,  uint64_t,  uint64_t)’ {或称 ‘void * (*)(unsigned int,  long long unsigned int,  long long unsigned int)’} to ‘intptr_t (*)()’ {或称 ‘long long int (*)()’} [-Wcast-function-type]
 1599 |     { "HeapCreate", (FARPROC)HeapCreate },
      |                     ^
kernel/arch/x86_64/win32_kernel32.c:1600:22: warning: cast between incompatible function types from ‘BOOL (*)(void *)’ {或称 ‘int (*)(void *)’} to ‘intptr_t (*)()’ {或称 ‘long long int (*)()’} [-Wcast-function-type]
 1600 |     { "HeapDestroy", (FARPROC)HeapDestroy },
      |                      ^
kernel/arch/x86_64/win32_kernel32.c:1601:20: warning: cast between incompatible function types from ‘void * (*)(void *, DWORD,  uint64_t)’ {或称 ‘void * (*)(void *, unsigned int,  long long unsigned int)’} to ‘intptr_t (*)()’ {或称 ‘long long int (*)()’} [-Wcast-function-type]
 1601 |     { "HeapAlloc", (FARPROC)HeapAlloc },
      |                    ^
kernel/arch/x86_64/win32_kernel32.c:1602:19: warning: cast between incompatible function types from ‘BOOL (*)(void *, DWORD,  void *)’ {或称 ‘int (*)(void *, unsigned int,  void *)’} to ‘intptr_t (*)()’ {或称 ‘long long int (*)()’} [-Wcast-function-type]
 1602 |     { "HeapFree", (FARPROC)HeapFree },
      |                   ^
kernel/arch/x86_64/win32_kernel32.c:1603:25: warning: cast between incompatible function types from ‘void * (*)(void)’ to ‘intptr_t (*)()’ {或称 ‘long long int (*)()’} [-Wcast-function-type]
 1603 |     { "GetProcessHeap", (FARPROC)GetProcessHeap },
      |                         ^
kernel/arch/x86_64/win32_kernel32.c:1604:24: warning: cast between incompatible function types from ‘void (*)(void *)’ to ‘intptr_t (*)()’ {或称 ‘long long int (*)()’} [-Wcast-function-type]
 1604 |     { "GetSystemInfo", (FARPROC)GetSystemInfo },
      |                        ^
kernel/arch/x86_64/win32_kernel32.c:1605:21: warning: cast between incompatible function types from ‘DWORD (*)(void)’ {或称 ‘unsigned int (*)(void)’} to ‘intptr_t (*)()’ {或称 ‘long long int (*)()’} [-Wcast-function-type]
 1605 |     { "GetVersion", (FARPROC)GetVersion },
      |                     ^
kernel/arch/x86_64/win32_kernel32.c:1606:24: warning: cast between incompatible function types from ‘BOOL (*)(void *)’ {或称 ‘int (*)(void *)’} to ‘intptr_t (*)()’ {或称 ‘long long int (*)()’} [-Wcast-function-type]
 1606 |     { "GetVersionExA", (FARPROC)GetVersionExA },
      |                        ^
kernel/arch/x86_64/win32_kernel32.c:1607:30: warning: cast between incompatible function types from ‘UINT (*)(char *, UINT)’ {或称 ‘unsigned int (*)(char *, unsigned int)’} to ‘intptr_t (*)()’ {或称 ‘long long int (*)()’} [-Wcast-function-type]
 1607 |     { "GetSystemDirectoryA", (FARPROC)GetSystemDirectoryA },
      |                              ^
kernel/arch/x86_64/win32_kernel32.c:1608:31: warning: cast between incompatible function types from ‘UINT (*)(char *, UINT)’ {或称 ‘unsigned int (*)(char *, unsigned int)’} to ‘intptr_t (*)()’ {或称 ‘long long int (*)()’} [-Wcast-function-type]
 1608 |     { "GetWindowsDirectoryA", (FARPROC)GetWindowsDirectoryA },
      |                               ^
kernel/arch/x86_64/win32_kernel32.c:1609:23: warning: cast between incompatible function types from ‘UINT (*)(uint32_t,  char *)’ {或称 ‘unsigned int (*)(unsigned int,  char *)’} to ‘intptr_t (*)()’ {或称 ‘long long int (*)()’} [-Wcast-function-type]
 1609 |     { "GetTempPathA", (FARPROC)GetTempPathA },
      |                       ^
kernel/arch/x86_64/win32_kernel32.c:1610:34: warning: cast between incompatible function types from ‘DWORD (*)(const char *, char *, DWORD)’ {或称 ‘unsigned int (*)(const char *, char *, unsigned int)’} to ‘intptr_t (*)()’ {或称 ‘long long int (*)()’} [-Wcast-function-type]
 1610 |     { "GetEnvironmentVariableA", (FARPROC)GetEnvironmentVariableA },
      |                                  ^
kernel/arch/x86_64/win32_kernel32.c:1611:34: warning: cast between incompatible function types from ‘BOOL (*)(const char *, const char *)’ {或称 ‘int (*)(const char *, const char *)’} to ‘intptr_t (*)()’ {或称 ‘long long int (*)()’} [-Wcast-function-type]
 1611 |     { "SetEnvironmentVariableA", (FARPROC)SetEnvironmentVariableA },
      |                                  ^
kernel/arch/x86_64/win32_kernel32.c:1612:36: warning: cast between incompatible function types from ‘DWORD (*)(const char *, char *, DWORD)’ {或称 ‘unsigned int (*)(const char *, char *, unsigned int)’} to ‘intptr_t (*)()’ {或称 ‘long long int (*)()’} [-Wcast-function-type]
 1612 |     { "ExpandEnvironmentStringsA", (FARPROC)ExpandEnvironmentStringsA },
      |                                    ^
kernel/arch/x86_64/win32_kernel32.c:1613:27: warning: cast between incompatible function types from ‘BOOL (*)(char *, uint32_t *)’ {或称 ‘int (*)(char *, unsigned int *)’} to ‘intptr_t (*)()’ {或称 ‘long long int (*)()’} [-Wcast-function-type]
 1613 |     { "GetComputerNameA", (FARPROC)GetComputerNameA },
      |                           ^
kernel/arch/x86_64/win32_kernel32.c:1614:23: warning: cast between incompatible function types from ‘BOOL (*)(char *, uint32_t *)’ {或称 ‘int (*)(char *, unsigned int *)’} to ‘intptr_t (*)()’ {或称 ‘long long int (*)()’} [-Wcast-function-type]
 1614 |     { "GetUserNameA", (FARPROC)GetUserNameA },
      |                       ^
kernel/arch/x86_64/win32_kernel32.c:1615:19: warning: cast between incompatible function types from ‘int (*)(const char *)’ to ‘intptr_t (*)()’ {或称 ‘long long int (*)()’} [-Wcast-function-type]
 1615 |     { "lstrlenA", (FARPROC)lstrlenA },
      |                   ^
kernel/arch/x86_64/win32_kernel32.c:1616:19: warning: cast between incompatible function types from ‘char * (*)(char *, const char *)’ to ‘intptr_t (*)()’ {或称 ‘long long int (*)()’} [-Wcast-function-type]
 1616 |     { "lstrcpyA", (FARPROC)lstrcpyA },
      |                   ^
kernel/arch/x86_64/win32_kernel32.c:1617:20: warning: cast between incompatible function types from ‘char * (*)(char *, const char *, int)’ to ‘intptr_t (*)()’ {或称 ‘long long int (*)()’} [-Wcast-function-type]
 1617 |     { "lstrcpynA", (FARPROC)lstrcpynA },
      |                    ^
kernel/arch/x86_64/win32_kernel32.c:1618:19: warning: cast between incompatible function types from ‘int (*)(const char *, const char *)’ to ‘intptr_t (*)()’ {或称 ‘long long int (*)()’} [-Wcast-function-type]
 1618 |     { "lstrcmpA", (FARPROC)lstrcmpA },
      |                   ^
kernel/arch/x86_64/win32_kernel32.c:1619:20: warning: cast between incompatible function types from ‘int (*)(const char *, const char *)’ to ‘intptr_t (*)()’ {或称 ‘long long int (*)()’} [-Wcast-function-type]
 1619 |     { "lstrcmpiA", (FARPROC)lstrcmpiA },
      |                    ^
kernel/arch/x86_64/win32_kernel32.c:1620:19: warning: cast between incompatible function types from ‘char * (*)(char *, const char *)’ to ‘intptr_t (*)()’ {或称 ‘long long int (*)()’} [-Wcast-function-type]
 1620 |     { "lstrcatA", (FARPROC)lstrcatA },
      |                   ^
kernel/arch/x86_64/win32_kernel32.c:1621:20: warning: cast between incompatible function types from ‘CHAR * (*)(const CHAR *)’ {或称 ‘char * (*)(const char *)’} to ‘intptr_t (*)()’ {或称 ‘long long int (*)()’} [-Wcast-function-type]
 1621 |     { "CharNextA", (FARPROC)CharNextA },
      |                    ^
kernel/arch/x86_64/win32_kernel32.c:1622:20: warning: cast between incompatible function types from ‘CHAR * (*)(const CHAR *, const CHAR *)’ {或称 ‘char * (*)(const char *, const char *)’} to ‘intptr_t (*)()’ {或称 ‘long long int (*)()’} [-Wcast-function-type]
 1622 |     { "CharPrevA", (FARPROC)CharPrevA },
      |                    ^
kernel/arch/x86_64/win32_kernel32.c:1623:23: warning: cast between incompatible function types from ‘BOOL (*)(CHAR)’ {或称 ‘int (*)(char)’} to ‘intptr_t (*)()’ {或称 ‘long long int (*)()’} [-Wcast-function-type]
 1623 |     { "IsCharAlphaA", (FARPROC)IsCharAlphaA },
      |                       ^
kernel/arch/x86_64/win32_kernel32.c:1624:30: warning: cast between incompatible function types from ‘BOOL (*)(CHAR)’ {或称 ‘int (*)(char)’} to ‘intptr_t (*)()’ {或称 ‘long long int (*)()’} [-Wcast-function-type]
 1624 |     { "IsCharAlphaNumericA", (FARPROC)IsCharAlphaNumericA },
      |                              ^
kernel/arch/x86_64/win32_kernel32.c:1625:23: warning: cast between incompatible function types from ‘BOOL (*)(CHAR)’ {或称 ‘int (*)(char)’} to ‘intptr_t (*)()’ {或称 ‘long long int (*)()’} [-Wcast-function-type]
 1625 |     { "IsCharUpperA", (FARPROC)IsCharUpperA },
      |                       ^
kernel/arch/x86_64/win32_kernel32.c:1626:23: warning: cast between incompatible function types from ‘BOOL (*)(CHAR)’ {或称 ‘int (*)(char)’} to ‘intptr_t (*)()’ {或称 ‘long long int (*)()’} [-Wcast-function-type]
 1626 |     { "IsCharLowerA", (FARPROC)IsCharLowerA },
      |                       ^
kernel/arch/x86_64/win32_kernel32.c:1627:21: warning: cast between incompatible function types from ‘CHAR (*)(CHAR)’ {或称 ‘char (*)(char)’} to ‘intptr_t (*)()’ {或称 ‘long long int (*)()’} [-Wcast-function-type]
 1627 |     { "CharUpperA", (FARPROC)CharUpperA },
      |                     ^
kernel/arch/x86_64/win32_kernel32.c:1628:21: warning: cast between incompatible function types from ‘CHAR (*)(CHAR)’ {或称 ‘char (*)(char)’} to ‘intptr_t (*)()’ {或称 ‘long long int (*)()’} [-Wcast-function-type]
 1628 |     { "CharLowerA", (FARPROC)CharLowerA },
      |                     ^
kernel/arch/x86_64/win32_kernel32.c:1629:21: warning: cast between incompatible function types from ‘int (*)(char *, const char *, void *)’ to ‘intptr_t (*)()’ {或称 ‘long long int (*)()’} [-Wcast-function-type]
 1629 |     { "wvsprintfA", (FARPROC)wvsprintfA },
      |                     ^
kernel/arch/x86_64/win32_kernel32.c:1630:24: warning: cast between incompatible function types from ‘int (*)(void *, const char *, unsigned int,  unsigned int,  void **)’ to ‘intptr_t (*)()’ {或称 ‘long long int (*)()’} [-Wcast-function-type]
 1630 |     { "RegOpenKeyExA", (FARPROC)RegOpenKeyExA },
      |                        ^
kernel/arch/x86_64/win32_kernel32.c:1631:26: warning: cast between incompatible function types from ‘int (*)(void *, const char *, unsigned int,  char *, unsigned int,  unsigned int,  void *, void **, DWORD *)’ {或称 ‘int (*)(void *, const char *, unsigned int,  char *, unsigned int,  unsigned int,  void *, void **, unsigned int *)’} to ‘intptr_t (*)()’ {或称 ‘long long int (*)()’} [-Wcast-function-type]
 1631 |     { "RegCreateKeyExA", (FARPROC)RegCreateKeyExA },
      |                          ^
kernel/arch/x86_64/win32_kernel32.c:1632:22: warning: cast between incompatible function types from ‘int (*)(void *)’ to ‘intptr_t (*)()’ {或称 ‘long long int (*)()’} [-Wcast-function-type]
 1632 |     { "RegCloseKey", (FARPROC)RegCloseKey },
      |                      ^
kernel/arch/x86_64/win32_kernel32.c:1633:27: warning: cast between incompatible function types from ‘int (*)(void *, const char *, DWORD *, DWORD *, BYTE *, DWORD *)’ {或称 ‘int (*)(void *, const char *, unsigned int *, unsigned int *, unsigned char *, unsigned int *)’} to ‘intptr_t (*)()’ {或称 ‘long long int (*)()’} [-Wcast-function-type]
 1633 |     { "RegQueryValueExA", (FARPROC)RegQueryValueExA },
      |                           ^
kernel/arch/x86_64/win32_kernel32.c:1634:25: warning: cast between incompatible function types from ‘int (*)(void *, const char *, unsigned int,  unsigned int,  const BYTE *, unsigned int)’ {或称 ‘int (*)(void *, const char *, unsigned int,  unsigned int,  const unsigned char *, unsigned int)’} to ‘intptr_t (*)()’ {或称 ‘long long int (*)()’} [-Wcast-function-type]
 1634 |     { "RegSetValueExA", (FARPROC)RegSetValueExA },
      |                         ^
kernel/arch/x86_64/win32_kernel32.c:1635:24: warning: cast between incompatible function types from ‘int (*)(void *, unsigned int,  char *, DWORD *, DWORD *, char *, DWORD *, uint64_t *)’ {或称 ‘int (*)(void *, unsigned int,  char *, unsigned int *, unsigned int *, char *, unsigned int *, long long unsigned int *)’} to ‘intptr_t (*)()’ {或称 ‘long long int (*)()’} [-Wcast-function-type]
 1635 |     { "RegEnumKeyExA", (FARPROC)RegEnumKeyExA },
      |                        ^
kernel/arch/x86_64/win32_kernel32.c:1636:24: warning: cast between incompatible function types from ‘int (*)(void *, unsigned int,  char *, DWORD *, DWORD *, DWORD *, BYTE *, DWORD *)’ {或称 ‘int (*)(void *, unsigned int,  char *, unsigned int *, unsigned int *, unsigned int *, unsigned char *, unsigned int *)’} to ‘intptr_t (*)()’ {或称 ‘long long int (*)()’} [-Wcast-function-type]
 1636 |     { "RegEnumValueA", (FARPROC)RegEnumValueA },
      |                        ^
kernel/arch/x86_64/win32_kernel32.c:1637:24: warning: cast between incompatible function types from ‘int (*)(void *, const char *)’ to ‘intptr_t (*)()’ {或称 ‘long long int (*)()’} [-Wcast-function-type]
 1637 |     { "RegDeleteKeyA", (FARPROC)RegDeleteKeyA },
      |                        ^
kernel/arch/x86_64/win32_kernel32.c:1638:26: warning: cast between incompatible function types from ‘int (*)(void *, const char *)’ to ‘intptr_t (*)()’ {或称 ‘long long int (*)()’} [-Wcast-function-type]
 1638 |     { "RegDeleteValueA", (FARPROC)RegDeleteValueA },
      |                          ^
kernel/arch/x86_64/win32_kernel32.c:1639:22: warning: cast between incompatible function types from ‘int (*)(void *)’ to ‘intptr_t (*)()’ {或称 ‘long long int (*)()’} [-Wcast-function-type]
 1639 |     { "RegFlushKey", (FARPROC)RegFlushKey },
      |                      ^
kernel/arch/x86_64/win32_kernel32.c:1640:19: warning: cast between incompatible function types from ‘BOOL (*)(void *, uint32_t,  uint32_t,  uint32_t,  uint32_t)’ {或称 ‘int (*)(void *, unsigned int,  unsigned int,  unsigned int,  unsigned int)’} to ‘intptr_t (*)()’ {或称 ‘long long int (*)()’} [-Wcast-function-type]
 1640 |     { "LockFile", (FARPROC)LockFile },
      |                   ^
kernel/arch/x86_64/win32_kernel32.c:1641:21: warning: cast between incompatible function types from ‘BOOL (*)(void *, uint32_t,  uint32_t,  uint32_t,  uint32_t)’ {或称 ‘int (*)(void *, unsigned int,  unsigned int,  unsigned int,  unsigned int)’} to ‘intptr_t (*)()’ {或称 ‘long long int (*)()’} [-Wcast-function-type]
 1641 |     { "UnlockFile", (FARPROC)UnlockFile },
      |                     ^
kernel/arch/x86_64/win32_kernel32.c:1642:21: warning: cast between incompatible function types from ‘BOOL (*)(void *, DWORD,  uint32_t,  uint32_t,  uint32_t,  void *)’ {或称 ‘int (*)(void *, unsigned int,  unsigned int,  unsigned int,  unsigned int,  void *)’} to ‘intptr_t (*)()’ {或称 ‘long long int (*)()’} [-Wcast-function-type]
 1642 |     { "LockFileEx", (FARPROC)LockFileEx },
      |                     ^
kernel/arch/x86_64/win32_kernel32.c:1643:23: warning: cast between incompatible function types from ‘BOOL (*)(void *, DWORD,  uint32_t,  uint32_t,  void *)’ {或称 ‘int (*)(void *, unsigned int,  unsigned int,  unsigned int,  void *)’} to ‘intptr_t (*)()’ {或称 ‘long long int (*)()’} [-Wcast-function-type]
 1643 |     { "UnlockFileEx", (FARPROC)UnlockFileEx },
      |                       ^
kernel/arch/x86_64/win32_kernel32.c:1644:26: warning: cast between incompatible function types from ‘BOOL (*)(const char *, const char *)’ {或称 ‘int (*)(const char *, const char *)’} to ‘intptr_t (*)()’ {或称 ‘long long int (*)()’} [-Wcast-function-type]
 1644 |     { "SetVolumeLabelA", (FARPROC)SetVolumeLabelA },
      |                          ^
kernel/arch/x86_64/win32_kernel32.c:1645:34: warning: cast between incompatible function types from ‘DWORD (*)(uint32_t,  char *)’ {或称 ‘unsigned int (*)(unsigned int,  char *)’} to ‘intptr_t (*)()’ {或称 ‘long long int (*)()’} [-Wcast-function-type]
 1645 |     { "GetLogicalDriveStringsA", (FARPROC)GetLogicalDriveStringsA },
      |                                  ^
kernel/arch/x86_64/win32_kernel32.c:1646:24: warning: cast between incompatible function types from ‘UINT (*)(const char *)’ {或称 ‘unsigned int (*)(const char *)’} to ‘intptr_t (*)()’ {或称 ‘long long int (*)()’} [-Wcast-function-type]
 1646 |     { "GetDriveTypeA", (FARPROC)GetDriveTypeA },
      |                        ^
kernel/arch/x86_64/win32_kernel32.c:1647:28: warning: cast between incompatible function types from ‘BOOL (*)(const char *, uint32_t *, uint32_t *, uint32_t *, uint32_t *)’ {或称 ‘int (*)(const char *, unsigned int *, unsigned int *, unsigned int *, unsigned int *)’} to ‘intptr_t (*)()’ {或称 ‘long long int (*)()’} [-Wcast-function-type]
 1647 |     { "GetDiskFreeSpaceA", (FARPROC)GetDiskFreeSpaceA },
      |                            ^
kernel/arch/x86_64/win32_kernel32.c:1648:30: warning: cast between incompatible function types from ‘BOOL (*)(const char *, uint64_t *, uint64_t *, uint64_t *)’ {或称 ‘int (*)(const char *, long long unsigned int *, long long unsigned int *, long long unsigned int *)’} to ‘intptr_t (*)()’ {或称 ‘long long int (*)()’} [-Wcast-function-type]
 1648 |     { "GetDiskFreeSpaceExA", (FARPROC)GetDiskFreeSpaceExA },
      |                              ^
kernel/arch/x86_64/win32_kernel32.c:1649:22: warning: cast between incompatible function types from ‘BOOL (*)(void *, int64_t *, int64_t *, int64_t *)’ {或称 ‘int (*)(void *, long long int *, long long int *, long long int *)’} to ‘intptr_t (*)()’ {或称 ‘long long int (*)()’} [-Wcast-function-type]
 1649 |     { "GetFileTime", (FARPROC)GetFileTime },
      |                      ^
kernel/arch/x86_64/win32_kernel32.c:1650:22: warning: cast between incompatible function types from ‘BOOL (*)(void *, const int64_t *, const int64_t *, const int64_t *)’ {或称 ‘int (*)(void *, const long long int *, const long long int *, const long long int *)’} to ‘intptr_t (*)()’ {或称 ‘long long int (*)()’} [-Wcast-function-type]
 1650 |     { "SetFileTime", (FARPROC)SetFileTime },
      |                      ^
kernel/arch/x86_64/win32_kernel32.c:1651:31: warning: cast between incompatible function types from ‘BOOL (*)(const char *, uint32_t,  void *)’ {或称 ‘int (*)(const char *, unsigned int,  void *)’} to ‘intptr_t (*)()’ {或称 ‘long long int (*)()’} [-Wcast-function-type]
 1651 |     { "GetFileAttributesExA", (FARPROC)GetFileAttributesExA },
      |                               ^
kernel/arch/x86_64/win32_kernel32.c:1652:29: warning: cast between incompatible function types from ‘BOOL (*)(const char *, uint32_t)’ {或称 ‘int (*)(const char *, unsigned int)’} to ‘intptr_t (*)()’ {或称 ‘long long int (*)()’} [-Wcast-function-type]
 1652 |     { "SetFileAttributesA", (FARPROC)SetFileAttributesA },
      |                             ^
kernel/arch/x86_64/win32_kernel32.c:1653:27: warning: cast between incompatible function types from ‘BOOL (*)(const char *, uint32_t,  char *, char **)’ {或称 ‘int (*)(const char *, unsigned int,  char *, char **)’} to ‘intptr_t (*)()’ {或称 ‘long long int (*)()’} [-Wcast-function-type]
 1653 |     { "GetFullPathNameA", (FARPROC)GetFullPathNameA },
      |                           ^
kernel/arch/x86_64/win32_kernel32.c:1654:28: warning: cast between incompatible function types from ‘BOOL (*)(const char *, char *, uint32_t)’ {或称 ‘int (*)(const char *, char *, unsigned int)’} to ‘intptr_t (*)()’ {或称 ‘long long int (*)()’} [-Wcast-function-type]
 1654 |     { "GetShortPathNameA", (FARPROC)GetShortPathNameA },
      |                            ^
kernel/arch/x86_64/win32_kernel32.c:1655:27: warning: cast between incompatible function types from ‘BOOL (*)(const char *, char *, uint32_t)’ {或称 ‘int (*)(const char *, char *, unsigned int)’} to ‘intptr_t (*)()’ {或称 ‘long long int (*)()’} [-Wcast-function-type]
 1655 |     { "GetLongPathNameA", (FARPROC)GetLongPathNameA },
      |                           ^
kernel/arch/x86_64/win32_kernel32.c:1656:22: warning: cast between incompatible function types from ‘DWORD (*)(const char *, const char *, const char *, uint32_t,  char *, char **)’ {或称 ‘unsigned int (*)(const char *, const char *, const char *, unsigned int,  char *, char **)’} to ‘intptr_t (*)()’ {或称 ‘long long int (*)()’} [-Wcast-function-type]
 1656 |     { "SearchPathA", (FARPROC)SearchPathA },
      |                      ^
kernel/arch/x86_64/win32_kernel32.c:1657:29: warning: cast between incompatible function types from ‘void * (*)(void *, void *, uint32_t,  uint32_t,  uint32_t,  const char *)’ {或称 ‘void * (*)(void *, void *, unsigned int,  unsigned int,  unsigned int,  const char *)’} to ‘intptr_t (*)()’ {或称 ‘long long int (*)()’} [-Wcast-function-type]
 1657 |     { "CreateFileMappingA", (FARPROC)CreateFileMappingA },
      |                             ^
kernel/arch/x86_64/win32_kernel32.c:1658:24: warning: cast between incompatible function types from ‘void * (*)(void *, uint32_t,  uint32_t,  uint32_t,  uint64_t)’ {或称 ‘void * (*)(void *, unsigned int,  unsigned int,  unsigned int,  long long unsigned int)’} to ‘intptr_t (*)()’ {或称 ‘long long int (*)()’} [-Wcast-function-type]
 1658 |     { "MapViewOfFile", (FARPROC)MapViewOfFile },
      |                        ^
kernel/arch/x86_64/win32_kernel32.c:1659:26: warning: cast between incompatible function types from ‘BOOL (*)(const void *)’ {或称 ‘int (*)(const void *)’} to ‘intptr_t (*)()’ {或称 ‘long long int (*)()’} [-Wcast-function-type]
 1659 |     { "UnmapViewOfFile", (FARPROC)UnmapViewOfFile },
      |                          ^
kernel/arch/x86_64/win32_kernel32.c:1660:34: warning: cast between incompatible function types from ‘BOOL (*)(int64_t *)’ {或称 ‘int (*)(long long int *)’} to ‘intptr_t (*)()’ {或称 ‘long long int (*)()’} [-Wcast-function-type]
 1660 |     { "QueryPerformanceCounter", (FARPROC)QueryPerformanceCounter },
      |                                  ^
kernel/arch/x86_64/win32_kernel32.c:1661:36: warning: cast between incompatible function types from ‘BOOL (*)(int64_t *)’ {或称 ‘int (*)(long long int *)’} to ‘intptr_t (*)()’ {或称 ‘long long int (*)()’} [-Wcast-function-type]
 1661 |     { "QueryPerformanceFrequency", (FARPROC)QueryPerformanceFrequency },
      |                                    ^
kernel/arch/x86_64/win32_kernel32.c:1662:18: warning: cast between incompatible function types from ‘void (*)(uint32_t,  BOOL)’ {或称 ‘void (*)(unsigned int,  int)’} to ‘intptr_t (*)()’ {或称 ‘long long int (*)()’} [-Wcast-function-type]
 1662 |     { "SleepEx", (FARPROC)SleepEx },
      |                  ^
kernel/arch/x86_64/win32_kernel32.c:1663:36: warning: cast between incompatible function types from ‘BOOL (*)(uint32_t)’ {或称 ‘int (*)(unsigned int)’} to ‘intptr_t (*)()’ {或称 ‘long long int (*)()’} [-Wcast-function-type]
 1663 |     { "IsProcessorFeaturePresent", (FARPROC)IsProcessorFeaturePresent },
      |                                    ^
kernel/arch/x86_64/win32_kernel32.c:1664:31: warning: cast between incompatible function types from ‘BOOL (*)(void *)’ {或称 ‘int (*)(void *)’} to ‘intptr_t (*)()’ {或称 ‘long long int (*)()’} [-Wcast-function-type]
 1664 |     { "GetSystemPowerStatus", (FARPROC)GetSystemPowerStatus },
      |                               ^
kernel/arch/x86_64/win32_kernel32.c:1665:27: warning: cast between incompatible function types from ‘int (*)(int)’ to ‘intptr_t (*)()’ {或称 ‘long long int (*)()’} [-Wcast-function-type]
 1665 |     { "GetSystemMetrics", (FARPROC)GetSystemMetrics },
      |                           ^
kernel/arch/x86_64/win32_kernel32.c:1666:33: warning: cast between incompatible function types from ‘int (*)(void)’ to ‘intptr_t (*)()’ {或称 ‘long long int (*)()’} [-Wcast-function-type]
 1666 |     { "GetSystemDefaultLangID", (FARPROC)GetSystemDefaultLangID },
      |                                 ^
kernel/arch/x86_64/win32_kernel32.c:1667:31: warning: cast between incompatible function types from ‘int (*)(void)’ to ‘intptr_t (*)()’ {或称 ‘long long int (*)()’} [-Wcast-function-type]
 1667 |     { "GetUserDefaultLangID", (FARPROC)GetUserDefaultLangID },
      |                               ^
kernel/arch/x86_64/win32_kernel32.c:1668:31: warning: cast between incompatible function types from ‘LCID (*)(void)’ {或称 ‘unsigned int (*)(void)’} to ‘intptr_t (*)()’ {或称 ‘long long int (*)()’} [-Wcast-function-type]
 1668 |     { "GetSystemDefaultLCID", (FARPROC)GetSystemDefaultLCID },
      |                               ^
kernel/arch/x86_64/win32_kernel32.c:1669:29: warning: cast between incompatible function types from ‘LCID (*)(void)’ {或称 ‘unsigned int (*)(void)’} to ‘intptr_t (*)()’ {或称 ‘long long int (*)()’} [-Wcast-function-type]
 1669 |     { "GetUserDefaultLCID", (FARPROC)GetUserDefaultLCID },
      |                             ^
kernel/arch/x86_64/win32_kernel32.c:1670:24: warning: cast between incompatible function types from ‘BOOL (*)(uint32_t,  uint32_t)’ {或称 ‘int (*)(unsigned int,  unsigned int)’} to ‘intptr_t (*)()’ {或称 ‘long long int (*)()’} [-Wcast-function-type]
 1670 |     { "IsValidLocale", (FARPROC)IsValidLocale },
      |                        ^
kernel/arch/x86_64/win32_kernel32.c:1671:29: warning: cast between incompatible function types from ‘BOOL (*)(BOOL (*)(CHAR *), uint32_t)’ {或称 ‘int (*)(int (*)(char *), unsigned int)’} to ‘intptr_t (*)()’ {或称 ‘long long int (*)()’} [-Wcast-function-type]
 1671 |     { "EnumSystemLocalesA", (FARPROC)EnumSystemLocalesA },
      |                             ^
kernel/arch/x86_64/win32_kernel32.c:1672:25: warning: cast between incompatible function types from ‘int (*)(uint32_t,  uint32_t,  const char *, int,  const char *, int)’ {或称 ‘int (*)(unsigned int,  unsigned int,  const char *, int,  const char *, int)’} to ‘intptr_t (*)()’ {或称 ‘long long int (*)()’} [-Wcast-function-type]
 1672 |     { "CompareStringA", (FARPROC)CompareStringA },
      |                         ^
kernel/arch/x86_64/win32_kernel32.c:1673:23: warning: cast between incompatible function types from ‘int (*)(uint32_t,  uint32_t,  const char *, int,  char *, int)’ {或称 ‘int (*)(unsigned int,  unsigned int,  const char *, int,  char *, int)’} to ‘intptr_t (*)()’ {或称 ‘long long int (*)()’} [-Wcast-function-type]
 1673 |     { "LCMapStringA", (FARPROC)LCMapStringA },
      |                       ^
kernel/arch/x86_64/win32_kernel32.c:1674:25: warning: cast between incompatible function types from ‘int (*)(uint32_t,  uint32_t,  const char *, int,  uint16_t *)’ {或称 ‘int (*)(unsigned int,  unsigned int,  const char *, int,  short unsigned int *)’} to ‘intptr_t (*)()’ {或称 ‘long long int (*)()’} [-Wcast-function-type]
 1674 |     { "GetStringTypeA", (FARPROC)GetStringTypeA },
      |                         ^
kernel/arch/x86_64/win32_kernel32.c:1675:28: warning: cast between incompatible function types from ‘BOOL (*)(void *, const void *, void *, SIZE_T,  SIZE_T *)’ {或称 ‘int (*)(void *, const void *, void *, long unsigned int,  long unsigned int *)’} to ‘intptr_t (*)()’ {或称 ‘long long int (*)()’} [-Wcast-function-type]
 1675 |     { "ReadProcessMemory", (FARPROC)ReadProcessMemory },
      |                            ^
kernel/arch/x86_64/win32_kernel32.c:1676:29: warning: cast between incompatible function types from ‘BOOL (*)(void *, void *, const void *, SIZE_T,  SIZE_T *)’ {或称 ‘int (*)(void *, void *, const void *, long unsigned int,  long unsigned int *)’} to ‘intptr_t (*)()’ {或称 ‘long long int (*)()’} [-Wcast-function-type]
 1676 |     { "WriteProcessMemory", (FARPROC)WriteProcessMemory },
      |                             ^
kernel/arch/x86_64/win32_kernel32.c:1677:27: warning: cast between incompatible function types from ‘void * (*)(const wchar_t *)’ {或称 ‘void * (*)(const long int *)’} to ‘intptr_t (*)()’ {或称 ‘long long int (*)()’} [-Wcast-function-type]
 1677 |     { "GetModuleHandleW", (FARPROC)GetModuleHandleW },
      |                           ^
kernel/arch/x86_64/win32_kernel32.c:1678:29: warning: cast between incompatible function types from ‘DWORD (*)(void *, wchar_t *, DWORD)’ {或称 ‘unsigned int (*)(void *, long int *, unsigned int)’} to ‘intptr_t (*)()’ {或称 ‘long long int (*)()’} [-Wcast-function-type]
 1678 |     { "GetModuleFileNameW", (FARPROC)GetModuleFileNameW },
      |                             ^
kernel/arch/x86_64/win32_kernel32.c:1679:23: warning: cast between incompatible function types from ‘void * (*)(const wchar_t *)’ {或称 ‘void * (*)(const long int *)’} to ‘intptr_t (*)()’ {或称 ‘long long int (*)()’} [-Wcast-function-type]
 1679 |     { "LoadLibraryW", (FARPROC)LoadLibraryW },
      |                       ^
kernel/arch/x86_64/win32_kernel32.c:1680:25: warning: cast between incompatible function types from ‘void * (*)(const char *, void *, uint32_t)’ {或称 ‘void * (*)(const char *, void *, unsigned int)’} to ‘intptr_t (*)()’ {或称 ‘long long int (*)()’} [-Wcast-function-type]
 1680 |     { "LoadLibraryExA", (FARPROC)LoadLibraryExA },
      |                         ^
kernel/arch/x86_64/win32_kernel32.c:1681:25: warning: cast between incompatible function types from ‘void * (*)(const wchar_t *, void *, uint32_t)’ {或称 ‘void * (*)(const long int *, void *, unsigned int)’} to ‘intptr_t (*)()’ {或称 ‘long long int (*)()’} [-Wcast-function-type]
 1681 |     { "LoadLibraryExW", (FARPROC)LoadLibraryExW },
      |                         ^
kernel/arch/x86_64/win32_kernel32.c:1682:35: warning: cast between incompatible function types from ‘BOOL (*)(void *, uint32_t)’ {或称 ‘int (*)(void *, unsigned int)’} to ‘intptr_t (*)()’ {或称 ‘long long int (*)()’} [-Wcast-function-type]
 1682 |     { "FreeLibraryAndExitThread", (FARPROC)FreeLibraryAndExitThread },
      |                                   ^
kernel/arch/x86_64/win32_kernel32.c:1683:27: warning: cast between incompatible function types from ‘DWORD (*)(uint32_t,  char *)’ {或称 ‘unsigned int (*)(unsigned int,  char *)’} to ‘intptr_t (*)()’ {或称 ‘long long int (*)()’} [-Wcast-function-type]
 1683 |     { "GetDllDirectoryA", (FARPROC)GetDllDirectoryA },
      |                           ^
kernel/arch/x86_64/win32_kernel32.c:1684:27: warning: cast between incompatible function types from ‘BOOL (*)(const char *)’ {或称 ‘int (*)(const char *)’} to ‘intptr_t (*)()’ {或称 ‘long long int (*)()’} [-Wcast-function-type]
 1684 |     { "SetDllDirectoryA", (FARPROC)SetDllDirectoryA },
      |                           ^
kernel/arch/x86_64/win32_kernel32.c:1685:25: warning: cast between incompatible function types from ‘SIZE_T (*)(void *, const void *, void *, SIZE_T)’ {或称 ‘long unsigned int (*)(void *, const void *, void *, long unsigned int)’} to ‘intptr_t (*)()’ {或称 ‘long long int (*)()’} [-Wcast-function-type]
 1685 |     { "VirtualQueryEx", (FARPROC)VirtualQueryEx },
      |                         ^
kernel/arch/x86_64/win32_kernel32.c:1686:22: warning: cast between incompatible function types from ‘void * (*)(void *, DWORD,  void *, uint64_t)’ {或称 ‘void * (*)(void *, unsigned int,  void *, long long unsigned int)’} to ‘intptr_t (*)()’ {或称 ‘long long int (*)()’} [-Wcast-function-type]
 1686 |     { "HeapReAlloc", (FARPROC)HeapReAlloc },
      |                      ^
kernel/arch/x86_64/win32_kernel32.c:1687:19: warning: cast between incompatible function types from ‘SIZE_T (*)(void *, DWORD,  const void *)’ {或称 ‘long unsigned int (*)(void *, unsigned int,  const void *)’} to ‘intptr_t (*)()’ {或称 ‘long long int (*)()’} [-Wcast-function-type]
 1687 |     { "HeapSize", (FARPROC)HeapSize },
      |                   ^
kernel/arch/x86_64/win32_kernel32.c:1688:23: warning: cast between incompatible function types from ‘BOOL (*)(void *, DWORD,  const void *)’ {或称 ‘int (*)(void *, unsigned int,  const void *)’} to ‘intptr_t (*)()’ {或称 ‘long long int (*)()’} [-Wcast-function-type]
 1688 |     { "HeapValidate", (FARPROC)HeapValidate },
      |                       ^
kernel/arch/x86_64/win32_kernel32.c:1689:22: warning: cast between incompatible function types from ‘uint32_t (*)(void *, uint32_t)’ {或称 ‘unsigned int (*)(void *, unsigned int)’} to ‘intptr_t (*)()’ {或称 ‘long long int (*)()’} [-Wcast-function-type]
 1689 |     { "HeapCompact", (FARPROC)HeapCompact },
      |                      ^
kernel/arch/x86_64/win32_kernel32.c:1690:29: warning: cast between incompatible function types from ‘BOOL (*)(void *, uint32_t,  void *, SIZE_T)’ {或称 ‘int (*)(void *, unsigned int,  void *, long unsigned int)’} to ‘intptr_t (*)()’ {或称 ‘long long int (*)()’} [-Wcast-function-type]
 1690 |     { "HeapSetInformation", (FARPROC)HeapSetInformation },
      |                             ^
kernel/arch/x86_64/win32_kernel32.c:1691:31: warning: cast between incompatible function types from ‘BOOL (*)(void *, uint32_t,  void *, SIZE_T,  SIZE_T *)’ {或称 ‘int (*)(void *, unsigned int,  void *, long unsigned int,  long unsigned int *)’} to ‘intptr_t (*)()’ {或称 ‘long long int (*)()’} [-Wcast-function-type]
 1691 |     { "HeapQueryInformation", (FARPROC)HeapQueryInformation },
      |                               ^
kernel/arch/x86_64/win32_kernel32.c:1692:36: warning: cast between incompatible function types from ‘BOOL (*)(void *)’ {或称 ‘int (*)(void *)’} to ‘intptr_t (*)()’ {或称 ‘long long int (*)()’} [-Wcast-function-type]
 1692 |     { "InitializeCriticalSection", (FARPROC)InitializeCriticalSection },
      |                                    ^
kernel/arch/x86_64/win32_kernel32.c:1693:31: warning: cast between incompatible function types from ‘void (*)(void *)’ to ‘intptr_t (*)()’ {或称 ‘long long int (*)()’} [-Wcast-function-type]
 1693 |     { "EnterCriticalSection", (FARPROC)EnterCriticalSection },
      |                               ^
kernel/arch/x86_64/win32_kernel32.c:1694:34: warning: cast between incompatible function types from ‘BOOL (*)(void *)’ {或称 ‘int (*)(void *)’} to ‘intptr_t (*)()’ {或称 ‘long long int (*)()’} [-Wcast-function-type]
 1694 |     { "TryEnterCriticalSection", (FARPROC)TryEnterCriticalSection },
      |                                  ^
kernel/arch/x86_64/win32_kernel32.c:1695:31: warning: cast between incompatible function types from ‘void (*)(void *)’ to ‘intptr_t (*)()’ {或称 ‘long long int (*)()’} [-Wcast-function-type]
 1695 |     { "LeaveCriticalSection", (FARPROC)LeaveCriticalSection },
      |                               ^
kernel/arch/x86_64/win32_kernel32.c:1696:32: warning: cast between incompatible function types from ‘void (*)(void *)’ to ‘intptr_t (*)()’ {或称 ‘long long int (*)()’} [-Wcast-function-type]
 1696 |     { "DeleteCriticalSection", (FARPROC)DeleteCriticalSection },
      |                                ^
kernel/arch/x86_64/win32_kernel32.c:1697:48: warning: cast between incompatible function types from ‘BOOL (*)(void *, uint32_t)’ {或称 ‘int (*)(void *, unsigned int)’} to ‘intptr_t (*)()’ {或称 ‘long long int (*)()’} [-Wcast-function-type]
 1697 |     { "InitializeCriticalSectionAndSpinCount", (FARPROC)InitializeCriticalSectionAndSpinCount },
      |                                                ^
kernel/arch/x86_64/win32_kernel32.c:1698:37: warning: cast between incompatible function types from ‘BOOL (*)(volatile LONG *, LONG,  LONG)’ {或称 ‘int (*)(volatile long int *, long int,  long int)’} to ‘intptr_t (*)()’ {或称 ‘long long int (*)()’} [-Wcast-function-type]
 1698 |     { "InterlockedCompareExchange", (FARPROC)InterlockedCompareExchange },
      |                                     ^
kernel/arch/x86_64/win32_kernel32.c:1699:31: warning: cast between incompatible function types from ‘LONG (*)(volatile LONG *)’ {或称 ‘long int (*)(volatile long int *)’} to ‘intptr_t (*)()’ {或称 ‘long long int (*)()’} [-Wcast-function-type]
 1699 |     { "InterlockedIncrement", (FARPROC)InterlockedIncrement },
      |                               ^
kernel/arch/x86_64/win32_kernel32.c:1700:31: warning: cast between incompatible function types from ‘LONG (*)(volatile LONG *)’ {或称 ‘long int (*)(volatile long int *)’} to ‘intptr_t (*)()’ {或称 ‘long long int (*)()’} [-Wcast-function-type]
 1700 |     { "InterlockedDecrement", (FARPROC)InterlockedDecrement },
      |                               ^
kernel/arch/x86_64/win32_kernel32.c:1701:30: warning: cast between incompatible function types from ‘LONG (*)(volatile LONG *, LONG)’ {或称 ‘long int (*)(volatile long int *, long int)’} to ‘intptr_t (*)()’ {或称 ‘long long int (*)()’} [-Wcast-function-type]
 1701 |     { "InterlockedExchange", (FARPROC)InterlockedExchange },
      |                              ^
kernel/arch/x86_64/win32_kernel32.c:1702:33: warning: cast between incompatible function types from ‘LONG (*)(volatile LONG *, LONG)’ {或称 ‘long int (*)(volatile long int *, long int)’} to ‘intptr_t (*)()’ {或称 ‘long long int (*)()’} [-Wcast-function-type]
 1702 |     { "InterlockedExchangeAdd", (FARPROC)InterlockedExchangeAdd },
      |                                 ^
kernel/arch/x86_64/win32_kernel32.c:1703:44: warning: cast between incompatible function types from ‘void * (*)(void * volatile*, void *, void *)’ to ‘intptr_t (*)()’ {或称 ‘long long int (*)()’} [-Wcast-function-type]
 1703 |     { "InterlockedCompareExchangePointer", (FARPROC)InterlockedCompareExchangePointer },
      |                                            ^
kernel/arch/x86_64/win32_kernel32.c:1704:37: warning: cast between incompatible function types from ‘void * (*)(void * volatile*, void *)’ to ‘intptr_t (*)()’ {或称 ‘long long int (*)()’} [-Wcast-function-type]
 1704 |     { "InterlockedExchangePointer", (FARPROC)InterlockedExchangePointer },
      |                                     ^
kernel/arch/x86_64/win32_kernel32.c:1705:29: warning: cast between incompatible function types from ‘void (*)(const char *)’ to ‘intptr_t (*)()’ {或称 ‘long long int (*)()’} [-Wcast-function-type]
 1705 |     { "OutputDebugStringA", (FARPROC)OutputDebugStringA },
      |                             ^
kernel/arch/x86_64/win32_kernel32.c:1707:28: warning: cast between incompatible function types from ‘BOOL (*)(void)’ {或称 ‘int (*)(void)’} to ‘intptr_t (*)()’ {或称 ‘long long int (*)()’} [-Wcast-function-type]
 1707 |     { "IsDebuggerPresent", (FARPROC)IsDebuggerPresent },
      |                            ^
kernel/arch/x86_64/win32_kernel32.c:1708:20: warning: cast between incompatible function types from ‘void (*)(int)’ to ‘intptr_t (*)()’ {或称 ‘long long int (*)()’} [-Wcast-function-type]
 1708 |     { "FatalExit", (FARPROC)FatalExit },
      |                    ^
kernel/arch/x86_64/win32_kernel32.c:1709:25: warning: cast between incompatible function types from ‘void (*)(uint32_t,  uint32_t,  uint32_t,  const uint32_t *)’ {或称 ‘void (*)(unsigned int,  unsigned int,  unsigned int,  const unsigned int *)’} to ‘intptr_t (*)()’ {或称 ‘long long int (*)()’} [-Wcast-function-type]
 1709 |     { "RaiseException", (FARPROC)RaiseException },
      |                         ^
kernel/arch/x86_64/win32_kernel32.c:1710:23: warning: cast between incompatible function types from ‘uint32_t (*)(uint32_t)’ {或称 ‘unsigned int (*)(unsigned int)’} to ‘intptr_t (*)()’ {或称 ‘long long int (*)()’} [-Wcast-function-type]
 1710 |     { "SetErrorMode", (FARPROC)SetErrorMode },
      |                       ^
kernel/arch/x86_64/win32_kernel32.c:1711:15: warning: cast between incompatible function types from ‘BOOL (*)(uint32_t,  uint32_t)’ {或称 ‘int (*)(unsigned int,  unsigned int)’} to ‘intptr_t (*)()’ {或称 ‘long long int (*)()’} [-Wcast-function-type]
 1711 |     { "Beep", (FARPROC)Beep },
      |               ^
kernel/arch/x86_64/win32_kernel32.c:1712:35: warning: cast between incompatible function types from ‘BOOL (*)(uint32_t,  uint32_t)’ {或称 ‘int (*)(unsigned int,  unsigned int)’} to ‘intptr_t (*)()’ {或称 ‘long long int (*)()’} [-Wcast-function-type]
 1712 |     { "GenerateConsoleCtrlEvent", (FARPROC)GenerateConsoleCtrlEvent },
      |                                   ^
kernel/arch/x86_64/win32_kernel32.c:1713:23: warning: cast between incompatible function types from ‘BOOL (*)(void)’ {或称 ‘int (*)(void)’} to ‘intptr_t (*)()’ {或称 ‘long long int (*)()’} [-Wcast-function-type]
 1713 |     { "AllocConsole", (FARPROC)AllocConsole },
      |                       ^
kernel/arch/x86_64/win32_kernel32.c:1714:22: warning: cast between incompatible function types from ‘BOOL (*)(void)’ {或称 ‘int (*)(void)’} to ‘intptr_t (*)()’ {或称 ‘long long int (*)()’} [-Wcast-function-type]
 1714 |     { "FreeConsole", (FARPROC)FreeConsole },
      |                      ^
kernel/arch/x86_64/win32_kernel32.c:1715:27: warning: cast between incompatible function types from ‘void * (*)(void)’ to ‘intptr_t (*)()’ {或称 ‘long long int (*)()’} [-Wcast-function-type]
 1715 |     { "GetConsoleWindow", (FARPROC)GetConsoleWindow },
      |                           ^
kernel/arch/x86_64/win32_kernel32.c:1716:27: warning: cast between incompatible function types from ‘BOOL (*)(const char *)’ {或称 ‘int (*)(const char *)’} to ‘intptr_t (*)()’ {或称 ‘long long int (*)()’} [-Wcast-function-type]
 1716 |     { "SetConsoleTitleA", (FARPROC)SetConsoleTitleA },
      |                           ^
kernel/arch/x86_64/win32_kernel32.c:1717:27: warning: cast between incompatible function types from ‘DWORD (*)(char *, uint32_t)’ {或称 ‘unsigned int (*)(char *, unsigned int)’} to ‘intptr_t (*)()’ {或称 ‘long long int (*)()’} [-Wcast-function-type]
 1717 |     { "GetConsoleTitleA", (FARPROC)GetConsoleTitleA },
      |                           ^
kernel/arch/x86_64/win32_kernel32.c:1718:34: warning: cast between incompatible function types from ‘BOOL (*)(void *, uint16_t)’ {或称 ‘int (*)(void *, short unsigned int)’} to ‘intptr_t (*)()’ {或称 ‘long long int (*)()’} [-Wcast-function-type]
 1718 |     { "SetConsoleTextAttribute", (FARPROC)SetConsoleTextAttribute },
      |                                  ^
kernel/arch/x86_64/win32_kernel32.c:1719:37: warning: cast between incompatible function types from ‘BOOL (*)(void *, void *)’ {或称 ‘int (*)(void *, void *)’} to ‘intptr_t (*)()’ {或称 ‘long long int (*)()’} [-Wcast-function-type]
 1719 |     { "GetConsoleScreenBufferInfo", (FARPROC)GetConsoleScreenBufferInfo },
      |                                     ^
kernel/arch/x86_64/win32_kernel32.c:1720:35: warning: cast between incompatible function types from ‘BOOL (*)(void *, COORD)’ {或称 ‘int (*)(void *, COORD)’} to ‘intptr_t (*)()’ {或称 ‘long long int (*)()’} [-Wcast-function-type]
 1720 |     { "SetConsoleCursorPosition", (FARPROC)SetConsoleCursorPosition },
      |                                   ^
kernel/arch/x86_64/win32_kernel32.c:1721:31: warning: cast between incompatible function types from ‘BOOL (*)(void *, const void *)’ {或称 ‘int (*)(void *, const void *)’} to ‘intptr_t (*)()’ {或称 ‘long long int (*)()’} [-Wcast-function-type]
 1721 |     { "SetConsoleCursorInfo", (FARPROC)SetConsoleCursorInfo },
      |                               ^
kernel/arch/x86_64/win32_kernel32.c:1722:38: warning: cast between incompatible function types from ‘BOOL (*)(void *, CHAR,  DWORD,  COORD,  DWORD *)’ {或称 ‘int (*)(void *, char,  unsigned int,  COORD,  unsigned int *)’} to ‘intptr_t (*)()’ {或称 ‘long long int (*)()’} [-Wcast-function-type]
 1722 |     { "FillConsoleOutputCharacterA", (FARPROC)FillConsoleOutputCharacterA },
      |                                      ^
kernel/arch/x86_64/win32_kernel32.c:1723:37: warning: cast between incompatible function types from ‘BOOL (*)(void *, WORD,  DWORD,  COORD,  DWORD *)’ {或称 ‘int (*)(void *, short unsigned int,  unsigned int,  COORD,  unsigned int *)’} to ‘intptr_t (*)()’ {或称 ‘long long int (*)()’} [-Wcast-function-type]
 1723 |     { "FillConsoleOutputAttribute", (FARPROC)FillConsoleOutputAttribute },
      |                                     ^
kernel/arch/x86_64/win32_kernel32.c:1724:37: warning: cast between incompatible function types from ‘BOOL (*)(void *, const SMALL_RECT *, const SMALL_RECT *, COORD,  const CHAR_INFO *)’ {或称 ‘int (*)(void *, const SMALL_RECT *, const SMALL_RECT *, COORD,  const union _CHAR_INFO *)’} to ‘intptr_t (*)()’ {或称 ‘long long int (*)()’} [-Wcast-function-type]
 1724 |     { "ScrollConsoleScreenBufferA", (FARPROC)ScrollConsoleScreenBufferA },
      |                                     ^
kernel/arch/x86_64/win32_kernel32.c:1725:24: warning: cast between incompatible function types from ‘BOOL (*)(void *, const void *, DWORD,  DWORD *, void *)’ {或称 ‘int (*)(void *, const void *, unsigned int,  unsigned int *, void *)’} to ‘intptr_t (*)()’ {或称 ‘long long int (*)()’} [-Wcast-function-type]
 1725 |     { "WriteConsoleA", (FARPROC)WriteConsoleA },
      |                        ^
kernel/arch/x86_64/win32_kernel32.c:1726:23: warning: cast between incompatible function types from ‘BOOL (*)(void *, void *, DWORD,  DWORD *, void *)’ {或称 ‘int (*)(void *, void *, unsigned int,  unsigned int *, void *)’} to ‘intptr_t (*)()’ {或称 ‘long long int (*)()’} [-Wcast-function-type]
 1726 |     { "ReadConsoleA", (FARPROC)ReadConsoleA },
      |                       ^
kernel/arch/x86_64/win32_kernel32.c: 在函数‘LoadLibraryA’中:
kernel/arch/x86_64/win32_kernel32.c:1804:40: warning: ‘long long unsigned int’转换自‘off_t’ {或称 ‘long long int’}时可能会改变结果的符号 [-Wsign-conversion]
 1804 |     file_buf = memory_alloc(st.st_size + 16ULL);
      |                                        ^
kernel/arch/x86_64/win32_kernel32.c:1810:36: warning: ‘long long unsigned int’转换自‘off_t’ {或称 ‘long long int’}时可能会改变结果的符号 [-Wsign-conversion]
 1810 |     memset(file_buf, 0, st.st_size + 16ULL);
      |                                    ^
kernel/arch/x86_64/win32_kernel32.c:1810:36: warning: conversion from ‘long long unsigned int’ to ‘size_t’ {或称 ‘long unsigned int’} may change value [-Wconversion]
 1810 |     memset(file_buf, 0, st.st_size + 16ULL);
      |                         ~~~~~~~~~~~^~~~~~~
kernel/arch/x86_64/win32_kernel32.c:1812:36: warning: ‘uint64_t’ {或称 ‘long long unsigned int’}转换自‘off_t’ {或称 ‘long long int’}时可能会改变结果的符号 [-Wsign-conversion]
 1812 |     res = vfs_read(fd, file_buf, st.st_size);
      |                                  ~~^~~~~~~~
kernel/arch/x86_64/win32_kernel32.c: 在函数‘GlobalAlloc’中:
kernel/arch/x86_64/win32_kernel32.c:2294:22: warning: conversion from ‘uint64_t’ {或称 ‘long long unsigned int’} to ‘size_t’ {或称 ‘long unsigned int’} may change value [-Wconversion]
 2294 |         memset(p, 0, dwBytes);
      |                      ^~~~~~~
kernel/arch/x86_64/win32_kernel32.c: 在函数‘VirtualAlloc’中:
kernel/arch/x86_64/win32_kernel32.c:2410:18: warning: conversion from ‘uint64_t’ {或称 ‘long long unsigned int’} to ‘size_t’ {或称 ‘long unsigned int’} may change value [-Wconversion]
 2410 |     memset(p, 0, dwSize);
      |                  ^~~~~~
kernel/arch/x86_64/win32_kernel32.c: 在函数‘HeapAlloc’中:
kernel/arch/x86_64/win32_kernel32.c:2520:22: warning: conversion from ‘uint64_t’ {或称 ‘long long unsigned int’} to ‘size_t’ {或称 ‘long unsigned int’} may change value [-Wconversion]
 2520 |         memset(p, 0, dwBytes);
      |                      ^~~~~~~
kernel/arch/x86_64/win32_kernel32.c: 在函数‘GetFileAttributesExA’中:
kernel/arch/x86_64/win32_kernel32.c:2978:60: warning: 未使用的参数‘fInfoLevelId’ [-Wunused-parameter]
 2978 | BOOL GetFileAttributesExA(const char* lpFileName, uint32_t fInfoLevelId,
      |                                                   ~~~~~~~~~^~~~~~~~~~~~
kernel/arch/x86_64/win32_kernel32.c: 在函数‘GetFullPathNameA’中:
kernel/arch/x86_64/win32_kernel32.c:3042:28: warning: ‘BOOL’ {或称 ‘int’}转换自‘long unsigned int’时可能会改变结果的符号 [-Wsign-conversion]
 3042 |             return dir_len + 1;
      |                    ~~~~~~~~^~~
kernel/arch/x86_64/win32_kernel32.c:3049:16: warning: ‘BOOL’ {或称 ‘int’}转换自‘unsigned int’时可能会改变结果的符号 [-Wsign-conversion]
 3049 |         return (uint32_t)(dir_len + strlen(last_sep + 1));
      |                ^~~~~~~~~~~~~~~~~~~~~~~~~~~~~~~~~~~~~~~~~~
kernel/arch/x86_64/win32_kernel32.c:3054:24: warning: ‘BOOL’ {或称 ‘int’}转换自‘uint32_t’ {或称 ‘unsigned int’}时可能会改变结果的符号 [-Wsign-conversion]
 3054 |             return len + 1;
      |                    ~~~~^~~
kernel/arch/x86_64/win32_kernel32.c:3060:16: warning: ‘BOOL’ {或称 ‘int’}转换自‘uint32_t’ {或称 ‘unsigned int’}时可能会改变结果的符号 [-Wsign-conversion]
 3060 |         return len;
      |                ^~~
kernel/arch/x86_64/win32_kernel32.c: 在函数‘GetShortPathNameA’中:
kernel/arch/x86_64/win32_kernel32.c:3087:12: warning: ‘BOOL’ {或称 ‘int’}转换自‘uint32_t’ {或称 ‘unsigned int’}时可能会改变结果的符号 [-Wsign-conversion]
 3087 |     return j;
      |            ^
kernel/arch/x86_64/win32_kernel32.c: 在函数‘GetLongPathNameA’中:
kernel/arch/x86_64/win32_kernel32.c:3102:20: warning: ‘BOOL’ {或称 ‘int’}转换自‘uint32_t’ {或称 ‘unsigned int’}时可能会改变结果的符号 [-Wsign-conversion]
 3102 |         return len + 1;
      |                ~~~~^~~
kernel/arch/x86_64/win32_kernel32.c:3106:12: warning: ‘BOOL’ {或称 ‘int’}转换自‘uint32_t’ {或称 ‘unsigned int’}时可能会改变结果的符号 [-Wsign-conversion]
 3106 |     return len;
      |            ^~~
kernel/arch/x86_64/win32_kernel32.c: 在函数‘CreateFileMappingA’中:
kernel/arch/x86_64/win32_kernel32.c:3191:18: warning: conversion from ‘uint64_t’ {或称 ‘long long unsigned int’} to ‘size_t’ {或称 ‘long unsigned int’} may change value [-Wconversion]
 3191 |     memset(p, 0, size);
      |                  ^~~~
kernel/arch/x86_64/win32_kernel32.c: 在函数‘GetStringTypeA’中:
kernel/arch/x86_64/win32_kernel32.c:3422:46: warning: 未使用的参数‘dwInfoType’ [-Wunused-parameter]
 3422 | int GetStringTypeA(uint32_t Locale, uint32_t dwInfoType,
      |                                     ~~~~~~~~~^~~~~~~~~~
kernel/arch/x86_64/win32_kernel32.c: 在函数‘HeapReAlloc’中:
kernel/arch/x86_64/win32_kernel32.c:3615:28: warning: conversion from ‘uint64_t’ {或称 ‘long long unsigned int’} to ‘size_t’ {或称 ‘long unsigned int’} may change value [-Wconversion]
 3615 |     memcpy(new_mem, lpMem, dwBytes);
      |                            ^~~~~~~
kernel/arch/x86_64/win32_gdi_and_msg.c:525:42: warning: 在从‘int’转换为‘short int’时发生溢出，值从‘33999’变为‘-31537’ [-Woverflow]
  525 |     0, 8363, 16069, 22765, 28138, 31939, 33999, 34263, 32702,
      |                                          ^~~~~
kernel/arch/x86_64/win32_gdi_and_msg.c:525:49: warning: 在从‘int’转换为‘short int’时发生溢出，值从‘34263’变为‘-31273’ [-Woverflow]
  525 |     0, 8363, 16069, 22765, 28138, 31939, 33999, 34263, 32702,
      |                                                 ^~~~~
kernel/arch/x86_64/win32_gdi_and_msg.c:527:21: warning: 在从‘int’转换为‘short int’时发生溢出，值从‘-32787’变为‘32749’ [-Woverflow]
  527 |     -25102, -29755, -32787, -34104, -33649, -31480, -27710, -22506
      |                     ^
kernel/arch/x86_64/win32_gdi_and_msg.c:527:29: warning: 在从‘int’转换为‘short int’时发生溢出，值从‘-34104’变为‘31432’ [-Woverflow]
  527 |     -25102, -29755, -32787, -34104, -33649, -31480, -27710, -22506
      |                             ^
kernel/arch/x86_64/win32_gdi_and_msg.c:527:37: warning: 在从‘int’转换为‘short int’时发生溢出，值从‘-33649’变为‘31887’ [-Woverflow]
  527 |     -25102, -29755, -32787, -34104, -33649, -31480, -27710, -22506
      |                                     ^
kernel/arch/x86_64/win32_gdi_and_msg.c:531:29: warning: 在从‘int’转换为‘short int’时发生溢出，值从‘-34183’变为‘31353’ [-Woverflow]
  531 |     -21473, -27452, -31783, -34183, -34516, -32730, -28899, -23224,
      |                             ^
kernel/arch/x86_64/win32_gdi_and_msg.c:531:37: warning: 在从‘int’转换为‘short int’时发生溢出，值从‘-34516’变为‘31020’ [-Woverflow]
  531 |     -21473, -27452, -31783, -34183, -34516, -32730, -28899, -23224,
      |                                     ^
kernel/arch/x86_64/win32_gdi_and_msg.c:532:54: warning: 在从‘int’转换为‘short int’时发生溢出，值从‘33497’变为‘-32039’ [-Woverflow]
  532 |     -16016, -7649, 1299, 10197, 18435, 25369, 30478, 33497
      |                                                      ^~~~~
kernel/arch/x86_64/win32_gdi_and_msg.c: 在函数‘Ellipse’中:
kernel/arch/x86_64/win32_gdi_and_msg.c:537:14: warning: 变量‘brush_color’被设定但未被使用 [-Wunused-but-set-variable=]
  537 |     COLORREF brush_color = RGB(255, 255, 255);
      |              ^~~~~~~~~~~
kernel/arch/x86_64/win32_gdi_and_msg.c: 在函数‘default_window_proc’中:
kernel/arch/x86_64/win32_gdi_and_msg.c:1041:64: warning: 未使用的参数‘wparam’ [-Wunused-parameter]
 1041 | static LRESULT default_window_proc(HWND hwnd, UINT msg, WPARAM wparam, LPARAM lparam) {
      |                                                         ~~~~~~~^~~~~~
kernel/arch/x86_64/win32_gdi_and_msg.c:1041:79: warning: 未使用的参数‘lparam’ [-Wunused-parameter]
 1041 | static LRESULT default_window_proc(HWND hwnd, UINT msg, WPARAM wparam, LPARAM lparam) {
      |                                                                        ~~~~~~~^~~~~~
kernel/arch/x86_64/win32_gdi_and_msg.c: 在函数‘CreateWindowExA’中:
kernel/arch/x86_64/win32_gdi_and_msg.c:1232:20: warning: ‘LONG’ {或称 ‘long int’}转换自‘uint32_t’ {或称 ‘unsigned int’}时可能会改变结果的符号 [-Wsign-conversion]
 1232 |         cs.style = dwStyle;
      |                    ^~~~~~~
<1> Building kernel/arch/x86_64/win32_advapi32.c
kernel/arch/x86_64/win32_advapi32.c: 在函数‘CredReadA’中:
kernel/arch/x86_64/win32_advapi32.c:1418:44: warning: conversion from ‘long long unsigned int’ to ‘size_t’ {或称 ‘long unsigned int’} may change value [-Wconversion]
 1416 |     memset(c, 0, sizeof(CREDENTIALA) + strlen(e->target_name) + 1 +
      |                  ~~~~~~~~~~~~~~~~~~~~~~~~~~~~~~~~~~~~~~~~~~~~~~~~~~
 1417 |                strlen(e->comment) + 1 + strlen(e->user_name) + 1 +
      |                ~~~~~~~~~~~~~~~~~~~~~~~~~~~~~~~~~~~~~~~~~~~~~~~~~~~
 1418 |                strlen(e->target_alias) + 1 + e->blob_size);
      |                ~~~~~~~~~~~~~~~~~~~~~~~~~~~~^~~~~~~~~~~~~~
kernel/arch/x86_64/win32_advapi32.c: 在函数‘AdjustTokenPrivileges’中:
kernel/arch/x86_64/win32_advapi32.c:1948:36: warning: unsigned conversion from ‘long int’ to ‘long unsigned int’ changes value from ‘-3’ to ‘4294967293’ [-Wsign-conversion]
 1948 |             t->privileges[j].attrs &= ~SE_PRIVILEGE_ENABLED;
      |                                    ^~
kernel/arch/x86_64/win32_advapi32.c: 在文件作用域：
kernel/arch/x86_64/win32_advapi32.c:2081:54: warning: 结构初始值设定项中有多余元素
 2081 |      {1,1,0,0,0,0,0,5,0x20,0,0,0,0x20,0x20,0,0}, 16, SidTypeUser},
      |                                                      ^~~~~~~~~~~
kernel/arch/x86_64/win32_advapi32.c:2081:54: note: (在‘g_account_map[0]’的初始化附近)
kernel/arch/x86_64/win32_advapi32.c:2083:54: warning: 结构初始值设定项中有多余元素
 2083 |      {1,1,0,0,0,0,0,5,0x20,0,0,0,0x22,0x20,0,0}, 16, SidTypeUser},
      |                                                      ^~~~~~~~~~~
kernel/arch/x86_64/win32_advapi32.c:2083:54: note: (在‘g_account_map[1]’的初始化附近)
kernel/arch/x86_64/win32_advapi32.c:2085:40: warning: 结构初始值设定项中有多余元素
 2085 |      {1,1,0,0,0,0,0,5,0x12,0,0,0}, 12, SidTypeWellKnownGroup},
      |                                        ^~~~~~~~~~~~~~~~~~~~~
kernel/arch/x86_64/win32_advapi32.c:2085:40: note: (在‘g_account_map[2]’的初始化附近)
kernel/arch/x86_64/win32_advapi32.c:2087:40: warning: 结构初始值设定项中有多余元素
 2087 |      {1,1,0,0,0,0,0,5,0x13,0,0,0}, 12, SidTypeUser},
      |                                        ^~~~~~~~~~~
kernel/arch/x86_64/win32_advapi32.c:2087:40: note: (在‘g_account_map[3]’的初始化附近)
kernel/arch/x86_64/win32_advapi32.c:2089:40: warning: 结构初始值设定项中有多余元素
 2089 |      {1,1,0,0,0,0,0,5,0x14,0,0,0}, 12, SidTypeUser},
      |                                        ^~~~~~~~~~~
kernel/arch/x86_64/win32_advapi32.c:2089:40: note: (在‘g_account_map[4]’的初始化附近)
kernel/arch/x86_64/win32_advapi32.c:2091:37: warning: 结构初始值设定项中有多余元素
 2091 |      {1,1,0,0,0,0,0,1,0,0,0,0}, 12, SidTypeWellKnownGroup},
      |                                     ^~~~~~~~~~~~~~~~~~~~~
kernel/arch/x86_64/win32_advapi32.c:2091:37: note: (在‘g_account_map[5]’的初始化附近)
kernel/arch/x86_64/win32_advapi32.c:2093:54: warning: 结构初始值设定项中有多余元素
 2093 |      {1,2,0,0,0,0,0,5,0x20,0,0,0,0x20,0x20,0,0}, 16, SidTypeAlias},
      |                                                      ^~~~~~~~~~~~
kernel/arch/x86_64/win32_advapi32.c:2093:54: note: (在‘g_account_map[6]’的初始化附近)
kernel/arch/x86_64/win32_advapi32.c:2095:54: warning: 结构初始值设定项中有多余元素
 2095 |      {1,2,0,0,0,0,0,5,0x20,0,0,0,0x21,0x20,0,0}, 16, SidTypeAlias},
      |                                                      ^~~~~~~~~~~~
kernel/arch/x86_64/win32_advapi32.c:2095:54: note: (在‘g_account_map[7]’的初始化附近)
kernel/arch/x86_64/win32_advapi32.c:2097:54: warning: 结构初始值设定项中有多余元素
 2097 |      {1,2,0,0,0,0,0,5,0x20,0,0,0,0x22,0x20,0,0}, 16, SidTypeAlias},
      |                                                      ^~~~~~~~~~~~
kernel/arch/x86_64/win32_advapi32.c:2097:54: note: (在‘g_account_map[8]’的初始化附近)
kernel/arch/x86_64/win32_advapi32.c:2099:54: warning: 结构初始值设定项中有多余元素
 2099 |      {1,2,0,0,0,0,0,5,0x20,0,0,0,0x23,0x20,0,0}, 16, SidTypeAlias},
      |                                                      ^~~~~~~~~~~~
kernel/arch/x86_64/win32_advapi32.c:2099:54: note: (在‘g_account_map[9]’的初始化附近)
<2> Building kernel/arch/x86_64/watchdog.c
kernel/arch/x86_64/watchdog.c: 在函数‘watchdog_acpi_set_timer’中:
kernel/arch/x86_64/watchdog.c:93:25: warning: 将一个整数转换为大小不同的指针 [-Wint-to-pointer-cast]
   93 |     uint32_t sci_en = *((volatile uint32_t*)(watchdog_acpi_pmbase + WDT_ACPI_WDT_SMI_EN));
      |                         ^
kernel/arch/x86_64/watchdog.c:96:7: warning: 将一个整数转换为大小不同的指针 [-Wint-to-pointer-cast]
   96 |     *((volatile uint16_t*)(watchdog_acpi_pmbase + WDT_ACPI_WDT_PM1a_EVT)) = 0;
      |       ^
kernel/arch/x86_64/watchdog.c:102:26: warning: 将一个整数转换为大小不同的指针 [-Wint-to-pointer-cast]
  102 |     uint32_t evt_reg = *((volatile uint32_t*)(watchdog_acpi_pmbase + WDT_ACPI_WDT_PM1a_EVT));
      |                          ^
kernel/arch/x86_64/watchdog.c:104:7: warning: 将一个整数转换为大小不同的指针 [-Wint-to-pointer-cast]
  104 |     *((volatile uint32_t*)(watchdog_acpi_pmbase + WDT_ACPI_WDT_PM1a_EVT)) = evt_reg;
      |       ^
kernel/arch/x86_64/watchdog.c:98:14: warning: 变量‘wdt_val’被设定但未被使用 [-Wunused-but-set-variable=]
   98 |     uint32_t wdt_val = (uint32_t)timeout_sec;
      |              ^~~~~~~
kernel/arch/x86_64/watchdog.c: 在函数‘watchdog_acpi_stop_timer’中:
kernel/arch/x86_64/watchdog.c:113:26: warning: 将一个整数转换为大小不同的指针 [-Wint-to-pointer-cast]
  113 |     uint32_t evt_reg = *((volatile uint32_t*)(watchdog_acpi_pmbase + WDT_ACPI_WDT_PM1a_EVT));
      |                          ^
kernel/arch/x86_64/watchdog.c:114:13: warning: unsigned conversion from ‘int’ to ‘uint32_t’ {或称 ‘unsigned int’} changes value from ‘-8193’ to ‘4294959103’ [-Wsign-conversion]
  114 |     evt_reg &= ~0x2000;
      |             ^~
kernel/arch/x86_64/watchdog.c:115:7: warning: 将一个整数转换为大小不同的指针 [-Wint-to-pointer-cast]
  115 |     *((volatile uint32_t*)(watchdog_acpi_pmbase + WDT_ACPI_WDT_PM1a_EVT)) = evt_reg;
      |       ^
kernel/arch/x86_64/watchdog.c: 在函数‘watchdog_start’中:
kernel/arch/x86_64/watchdog.c:234:27: warning: conversion from ‘uint64_t’ {或称 ‘long long unsigned int’} to ‘uint32_t’ {或称 ‘unsigned int’} may change value [-Wconversion]
  234 |     wdt->last_ping_tick = watchdog_get_ticks();
      |                           ^~~~~~~~~~~~~~~~~~
kernel/arch/x86_64/watchdog.c: 在函数‘watchdog_ping’中:
kernel/arch/x86_64/watchdog.c:301:27: warning: conversion from ‘uint64_t’ {或称 ‘long long unsigned int’} to ‘uint32_t’ {或称 ‘unsigned int’} may change value [-Wconversion]
  301 |     wdt->last_ping_tick = watchdog_get_ticks();
      |                           ^~~~~~~~~~~~~~~~~~
kernel/arch/x86_64/watchdog.c: 在函数‘watchdog_init_acpi_wdt’中:
kernel/arch/x86_64/watchdog.c:388:25: warning: 将一个整数转换为大小不同的指针 [-Wint-to-pointer-cast]
  388 |     uint32_t sci_en = *((volatile uint32_t*)(pm1a_evt + WDT_ACPI_WDT_SMI_EN));
      |                         ^
<2> Building kernel/arch/x86_64/vlan.c
<0> Building kernel/arch/x86_64/virtio.c
kernel/arch/x86_64/vlan.c: 在函数‘vlan_tx’中:
kernel/arch/x86_64/vlan.c:150:43: warning: conversion from ‘uint64_t’ {或称 ‘long long unsigned int’} to ‘size_t’ {或称 ‘long unsigned int’} may change value [-Wconversion]
  150 |             frame + sizeof(eth_header_t), payload_len);
      |                                           ^~~~~~~~~~~
kernel/arch/x86_64/virtio.c: 在函数‘__vq_alloc’中:
kernel/arch/x86_64/virtio.c:16:47: warning: ‘size_t’ {或称 ‘long unsigned int’}转换自‘int’时可能会改变结果的符号 [-Wsign-conversion]
   16 |     vq->avail = (virtq_avail_t*)kzalloc(2 + 2 + 2 * num);
      |                                         ~~~~~~^~~~~~~~~
kernel/arch/x86_64/virtio.c:19:45: warning: ‘size_t’ {或称 ‘long unsigned int’}转换自‘int’时可能会改变结果的符号 [-Wsign-conversion]
   19 |     vq->used = (virtq_used_t*)kzalloc(2 + 2 + 8 * num);
      |                                       ~~~~~~^~~~~~~~~
kernel/arch/x86_64/virtio.c:23:29: warning: conversion from ‘int’ to ‘uint16_t’ {或称 ‘short unsigned int’} may change value [-Wconversion]
   23 |         vq->descs[i].next = (i + 1) % num;
      |                             ^
kernel/arch/x86_64/virtio.c: 在函数‘__vq_get_used’中:
kernel/arch/x86_64/virtio.c:61:11: warning: conversion from ‘uint32_t’ {或称 ‘unsigned int’} to ‘uint16_t’ {或称 ‘short unsigned int’} may change value [-Wconversion]
   61 |     *id = elem->id;
      |           ^~~~
kernel/arch/x86_64/virtio.c: 在函数‘virtio_blk_init’中:
kernel/arch/x86_64/virtio.c:91:27: warning: conversion from ‘uint32_t’ {或称 ‘unsigned int’} to ‘uint16_t’ {或称 ‘short unsigned int’} may change value [-Wconversion]
   91 |     uint16_t queue_size = mmio->queue_size;
      |                           ^~~~
kernel/arch/x86_64/virtio.c: 在函数‘virtio_net_init’中:
kernel/arch/x86_64/virtio.c:188:24: warning: conversion from ‘uint32_t’ {或称 ‘unsigned int’} to ‘uint16_t’ {或称 ‘short unsigned int’} may change value [-Wconversion]
  188 |     uint16_t rx_size = mmio->queue_size;
      |                        ^~~~
kernel/arch/x86_64/virtio.c:194:24: warning: conversion from ‘uint32_t’ {或称 ‘unsigned int’} to ‘uint16_t’ {或称 ‘short unsigned int’} may change value [-Wconversion]
  194 |     uint16_t tx_size = mmio->queue_size;
      |                        ^~~~
<2> Building kernel/arch/x86_64/vga.c
<0> Building kernel/arch/x86_64/usermode.c
kernel/arch/x86_64/usermode.c:14:9: warning: ‘USER_STACK_SIZE’ 重定义
   14 | #define USER_STACK_SIZE 0x200000
      |         ^~~~~~~~~~~~~~~
In file included from kernel/arch/x86_64/usermode.c:1:
kernel/arch/x86_64/include/arch/usermode.h:11:9: note: 这是先前定义的位置
   11 | #define USER_STACK_SIZE 0x10000
      |         ^~~~~~~~~~~~~~~
kernel/arch/x86_64/usermode.c: 在函数‘__switch_to_user’中:
kernel/arch/x86_64/usermode.c:193:11: warning: 未使用的变量‘old_pml4’ [-Wunused-variable]
  193 |     void* old_pml4 = pmap_get();
      |           ^~~~~~~~
kernel/arch/x86_64/usermode.c: 在函数‘sys_exit’中:
kernel/arch/x86_64/usermode.c:332:20: warning: 未使用的参数‘status’ [-Wunused-parameter]
  332 | long sys_exit(long status) {
      |               ~~~~~^~~~~~
kernel/arch/x86_64/usermode.c: 在函数‘sys_getpid’中:
kernel/arch/x86_64/usermode.c:346:12: warning: conversion from ‘uint64_t’ {或称 ‘long long unsigned int’} to ‘long int’ may change value [-Wconversion]
  346 |     return current_user_pid;
      |            ^~~~~~~~~~~~~~~~
kernel/arch/x86_64/usermode.c: 在函数‘sys_getppid’中:
kernel/arch/x86_64/usermode.c:353:25: warning: conversion from ‘uint64_t’ {或称 ‘long long unsigned int’} to ‘long int’ may change value [-Wconversion]
  353 |             long ppid = processes[i].parent_pid;
      |                         ^~~~~~~~~
kernel/arch/x86_64/usermode.c: 在函数‘sys_read’中:
kernel/arch/x86_64/usermode.c:378:40: warning: 未使用的参数‘count’ [-Wunused-parameter]
  378 | long sys_read(long fd, void* buf, long count) {
      |                                   ~~~~~^~~~~
kernel/arch/x86_64/usermode.c: 在函数‘sys_brk’中:
kernel/arch/x86_64/usermode.c:396:19: warning: 未使用的参数‘addr’ [-Wunused-parameter]
  396 | long sys_brk(long addr) {
      |              ~~~~~^~~~
kernel/arch/x86_64/usermode.c: 在函数‘sys_mmap’中:
kernel/arch/x86_64/usermode.c:408:35: warning: ‘uint64_t’ {或称 ‘long long unsigned int’}转换自‘long int’时可能会改变结果的符号 [-Wsign-conversion]
  408 |             processes[i].heap_end += (length + PAGE_SIZE - 1) & ~(PAGE_SIZE - 1);
      |                                   ^~
kernel/arch/x86_64/usermode.c: 在函数‘usermode_page_fault_handler’中:
kernel/arch/x86_64/usermode.c:520:43: warning: 未使用的参数‘fault_addr’ [-Wunused-parameter]
  520 | void usermode_page_fault_handler(uint64_t fault_addr, uint64_t error_code, uint64_t* stack_frame)
      |                                  ~~~~~~~~~^~~~~~~~~~
kernel/arch/x86_64/usermode.c:520:64: warning: 未使用的参数‘error_code’ [-Wunused-parameter]
  520 | void usermode_page_fault_handler(uint64_t fault_addr, uint64_t error_code, uint64_t* stack_frame)
      |                                                       ~~~~~~~~~^~~~~~~~~~
<2> Building kernel/arch/x86_64/usb_hid.c
<3> Building kernel/arch/x86_64/uart.c
kernel/arch/x86_64/usb_hid.c: 在函数‘hid_probe_device’中:
kernel/arch/x86_64/usb_hid.c:207:31: warning: conversion from ‘int’ to ‘uint8_t’ {或称 ‘unsigned char’} may change value [-Wconversion]
  207 |         hid_parse_report_desc(slot);
      |                               ^~~~
kernel/arch/x86_64/usb_hid.c: 在函数‘hid_parse_report_desc’中:
kernel/arch/x86_64/usb_hid.c:369:27: warning: conversion from ‘int’ to ‘uint16_t’ {或称 ‘short unsigned int’} may change value [-Wconversion]
  369 |             total_bits += report_size * report_count;
      |                           ^~~~~~~~~~~
kernel/arch/x86_64/usb_hid.c:372:14: warning: conversion from ‘int’ to ‘uint16_t’ {或称 ‘short unsigned int’} may change value [-Wconversion]
  372 |         i += 1 + bSize;
      |              ^
kernel/arch/x86_64/usb_hid.c: 在文件作用域：
kernel/arch/x86_64/usb_hid.c:55:12: warning: ‘usb_submit_interrupt’ 在此处定义 [-Wunused-function]
   55 | static int usb_submit_interrupt(void* dev, uint8_t ep_addr,
      |            ^~~~~~~~~~~~~~~~~~~~
kernel/arch/x86_64/uart.c: 在函数‘uart_set_baud’中:
kernel/arch/x86_64/uart.c:101:42: warning: conversion from ‘int’ to ‘uint8_t’ {或称 ‘unsigned char’} may change value [-Wconversion]
  101 |     outb(p->base + UART_REG_DLL, divisor & 0xFF);
      |                                  ~~~~~~~~^~~~~~
kernel/arch/x86_64/uart.c:102:49: warning: conversion from ‘int’ to ‘uint8_t’ {或称 ‘unsigned char’} may change value [-Wconversion]
  102 |     outb(p->base + UART_REG_DLH, (divisor >> 8) & 0xFF);
      |                                  ~~~~~~~~~~~~~~~^~~~~~
kernel/arch/x86_64/uart.c: 在函数‘uart_set_flow_control’中:
kernel/arch/x86_64/uart.c:131:16: warning: unsigned conversion from ‘int’ to ‘uint8_t’ {或称 ‘unsigned char’} changes the value of ‘-11’ [-Wsign-conversion]
  131 |         mcr &= ~(UART_MCR_RTS | UART_MCR_OUT2);
      |                ^
kernel/arch/x86_64/uart.c: 在函数‘uart_init_port’中:
kernel/arch/x86_64/uart.c:171:42: warning: conversion from ‘int’ to ‘uint8_t’ {或称 ‘unsigned char’} may change value [-Wconversion]
  171 |     outb(p->base + UART_REG_DLL, divisor & 0xFF);
      |                                  ~~~~~~~~^~~~~~
kernel/arch/x86_64/uart.c:172:49: warning: conversion from ‘int’ to ‘uint8_t’ {或称 ‘unsigned char’} may change value [-Wconversion]
  172 |     outb(p->base + UART_REG_DLH, (divisor >> 8) & 0xFF);
      |                                  ~~~~~~~~~~~~~~~^~~~~~
kernel/arch/x86_64/uart.c: 在函数‘uart_irq_handler’中:
kernel/arch/x86_64/uart.c:419:28: warning: unsigned conversion from ‘int’ to ‘uint8_t’ {或称 ‘unsigned char’} changes the value of ‘-3’ [-Wsign-conversion]
  419 |                     ier &= ~UART_IER_THRI;
      |                            ^
kernel/arch/x86_64/uart.c: 在函数‘uart_irq_register’中:
kernel/arch/x86_64/uart.c:471:20: warning: ISO C 不允许将一个函数指针转换为一个对象指针 [-Wpedantic]
  471 |             stub = (void*)uart_com1_irq_stub;
      |                    ^
kernel/arch/x86_64/uart.c:474:20: warning: ISO C 不允许将一个函数指针转换为一个对象指针 [-Wpedantic]
  474 |             stub = (void*)uart_com2_irq_stub;
      |                    ^
kernel/arch/x86_64/uart.c:477:20: warning: ISO C 不允许将一个函数指针转换为一个对象指针 [-Wpedantic]
  477 |             stub = (void*)uart_com3_irq_stub;
      |                    ^
kernel/arch/x86_64/uart.c:480:20: warning: ISO C 不允许将一个函数指针转换为一个对象指针 [-Wpedantic]
  480 |             stub = (void*)uart_com4_irq_stub;
      |                    ^
/tmp/cc7r8uI1.s: Assembler messages:
/tmp/cc7r8uI1.s:540: Warning: no instruction mnemonic suffix given and no register operands; using default for `sysret'
<0> Building kernel/arch/x86_64/tmpfs.c
<2> Building kernel/arch/x86_64/thermal.c
kernel/arch/x86_64/tmpfs.c: 在函数‘tmpfs_read’中:
kernel/arch/x86_64/tmpfs.c:27:35: warning: conversion from ‘uint64_t’ {或称 ‘long long unsigned int’} to ‘size_t’ {或称 ‘long unsigned int’} may change value [-Wconversion]
   27 |     memcpy(buf, d->data + offset, size);
      |                                   ^~~~
kernel/arch/x86_64/tmpfs.c: 在函数‘tmpfs_write’中:
kernel/arch/x86_64/tmpfs.c:43:40: warning: conversion from ‘uint64_t’ {或称 ‘long long unsigned int’} to ‘size_t’ {或称 ‘long unsigned int’} may change value [-Wconversion]
   43 |             memcpy(new_data, d->data, d->size);
      |                                       ~^~~~~~
kernel/arch/x86_64/tmpfs.c:50:35: warning: conversion from ‘uint64_t’ {或称 ‘long long unsigned int’} to ‘size_t’ {或称 ‘long unsigned int’} may change value [-Wconversion]
   50 |     memcpy(d->data + offset, buf, size);
      |                                   ^~~~
kernel/arch/x86_64/tmpfs.c: 在函数‘tmpfs_readdir’中:
kernel/arch/x86_64/tmpfs.c:91:39: warning: conversion from ‘uint64_t’ {或称 ‘long long unsigned int’} to ‘size_t’ {或称 ‘long unsigned int’} may change value [-Wconversion]
   91 |             memcpy(name, entry->name, len);
      |                                       ^~~
kernel/arch/x86_64/thermal.c:24:12: warning: ‘read_tsc’ 在此处定义 [-Wunused-function]
   24 | static u64 read_tsc(void)
      |            ^~~~~~~~
<1> Building kernel/arch/x86_64/tcp_cong.c
<0> Building kernel/arch/x86_64/tcp_bbr.c
kernel/arch/x86_64/tcp_cong.c: 在函数‘tcp_reno_cong_avoid’中:
kernel/arch/x86_64/tcp_cong.c:23:23: warning: conversion from ‘uint32_t’ {或称 ‘unsigned int’} to ‘uint16_t’ {或称 ‘short unsigned int’} may change value [-Wconversion]
   23 |         sk->snd_wnd = new_cwnd;
      |                       ^~~~~~~~
kernel/arch/x86_64/tcp_cong.c:27:24: warning: conversion from ‘uint32_t’ {或称 ‘unsigned int’} to ‘uint16_t’ {或称 ‘short unsigned int’} may change value [-Wconversion]
   27 |         sk->snd_wnd += incr;
      |                        ^~~~
kernel/arch/x86_64/tcp_cong.c: 在函数‘tcp_cubic_cong_avoid’中:
kernel/arch/x86_64/tcp_cong.c:160:23: warning: conversion from ‘uint32_t’ {或称 ‘unsigned int’} to ‘uint16_t’ {或称 ‘short unsigned int’} may change value [-Wconversion]
  160 |         sk->snd_wnd = new_cwnd;
      |                       ^~~~~~~~
kernel/arch/x86_64/tcp_cong.c:170:28: warning: conversion from ‘uint64_t’ {或称 ‘long long unsigned int’} to ‘uint32_t’ {或称 ‘unsigned int’} may change value [-Wconversion]
  170 |             ca->bictcp_K = cubic_root((ca->w_max - sk->snd_wnd) * 1000000 * TCP_CUBIC_SCALE / TCP_CUBIC_C);
      |                            ^~~~~~~~~~
kernel/arch/x86_64/tcp_cong.c:180:23: warning: conversion from ‘uint32_t’ {或称 ‘unsigned int’} to ‘uint16_t’ {或称 ‘short unsigned int’} may change value [-Wconversion]
  180 |         sk->snd_wnd = ca->last_wnd + 1;
      |                       ^~
kernel/arch/x86_64/tcp_cong.c:199:25: warning: 由于数据类型范围限制，比较结果永远为真 [-Wtype-limits]
  199 |         if (sk->snd_wnd < TCP_CONG_MAX_CWND)
      |                         ^
kernel/arch/x86_64/tcp_bbr.c: 在函数‘bbr_quantization_budget’中:
kernel/arch/x86_64/tcp_bbr.c:227:54: warning: 未使用的参数‘bbr’ [-Wunused-parameter]
  227 | static uint64_t bbr_quantization_budget(bbr_state_t* bbr, uint64_t cwnd)
      |                                         ~~~~~~~~~~~~~^~~
kernel/arch/x86_64/tcp_cong.c: 在函数‘tcp_bbr_cong_avoid’中:
kernel/arch/x86_64/tcp_cong.c:399:19: warning: conversion from ‘unsigned int’ to ‘uint16_t’ {或称 ‘short unsigned int’} may change value [-Wconversion]
  399 |     sk->snd_wnd = (uint32_t)bbr->target_cwnd;
      |                   ^
<3> Building kernel/arch/x86_64/swap.c
kernel/arch/x86_64/swap.c: 在函数‘bitmap_clear’中:
kernel/arch/x86_64/swap.c:34:25: warning: conversion from ‘unsigned int’ to ‘uint8_t’ {或称 ‘unsigned char’} may change value [-Wconversion]
   34 |     bitmap[bit >> 3] &= ~(1U << (bit & 7));
      |                         ^
kernel/arch/x86_64/swap.c: 在函数‘swap_add_area’中:
kernel/arch/x86_64/swap.c:185:33: warning: conversion from ‘uint64_t’ {或称 ‘long long unsigned int’} to ‘size_t’ {或称 ‘long unsigned int’} may change value [-Wconversion]
  185 |     memset(area->bitmap, 0, area->bitmap_size);
      |                             ~~~~^~~~~~~~~~~~~
kernel/arch/x86_64/swap.c:210:21: warning: ‘uint64_t’ {或称 ‘long long unsigned int’}转换自‘int’时可能会改变结果的符号 [-Wsign-conversion]
  210 |             current += n;
      |                     ^~
kernel/arch/x86_64/swap.c: 在函数‘swap_out’中:
kernel/arch/x86_64/swap.c:386:18: warning: 未使用的变量‘swap_pte’ [-Wunused-variable]
  386 |         uint64_t swap_pte = SWAP_ENTRY_TO_PTE(entry);
      |                  ^~~~~~~~
kernel/arch/x86_64/swap.c: 在文件作用域：
kernel/arch/x86_64/swap.c:46:17: warning: ‘bitmap_find_free_range’ 在此处定义 [-Wunused-function]
   46 | static uint64_t bitmap_find_free_range(const uint8_t* bitmap,
      |                 ^~~~~~~~~~~~~~~~~~~~~~
<2> Building kernel/arch/x86_64/spi.c
<0> Building kernel/arch/x86_64/sound_stubs.c
<1> Building kernel/arch/x86_64/sound.c
<0> Building kernel/arch/x86_64/smp.c
kernel/arch/x86_64/sound.c: 在函数‘sound_init’中:
kernel/arch/x86_64/sound.c:21:59: warning: conversion from ‘int’ to ‘uint8_t’ {或称 ‘unsigned char’} may change value [-Wconversion]
   21 |                 uint32_t class_code_reg = pci_read_config(b, d, f, 0x08);
      |                                                           ^
kernel/arch/x86_64/sound.c:21:62: warning: conversion from ‘int’ to ‘uint8_t’ {或称 ‘unsigned char’} may change value [-Wconversion]
   21 |                 uint32_t class_code_reg = pci_read_config(b, d, f, 0x08);
      |                                                              ^
kernel/arch/x86_64/sound.c:21:65: warning: conversion from ‘int’ to ‘uint8_t’ {或称 ‘unsigned char’} may change value [-Wconversion]
   21 |                 uint32_t class_code_reg = pci_read_config(b, d, f, 0x08);
      |                                                                 ^
kernel/arch/x86_64/sound.c:25:38: warning: conversion from ‘uint32_t’ {或称 ‘unsigned int’} to ‘uint8_t’ {或称 ‘unsigned char’} may change value [-Wconversion]
   25 |                 uint8_t class_code = (class_code_reg >> 24) & 0xFF;
      |                                      ^
kernel/arch/x86_64/sound.c:34:36: warning: conversion from ‘int’ to ‘uint8_t’ {或称 ‘unsigned char’} may change value [-Wconversion]
   34 |                         dev->bus = b;
      |                                    ^
kernel/arch/x86_64/sound.c:35:39: warning: conversion from ‘int’ to ‘uint8_t’ {或称 ‘unsigned char’} may change value [-Wconversion]
   35 |                         dev->device = d;
      |                                       ^
kernel/arch/x86_64/sound.c:36:41: warning: conversion from ‘int’ to ‘uint8_t’ {或称 ‘unsigned char’} may change value [-Wconversion]
   36 |                         dev->function = f;
      |                                         ^
kernel/arch/x86_64/sound.c:37:58: warning: conversion from ‘int’ to ‘uint8_t’ {或称 ‘unsigned char’} may change value [-Wconversion]
   37 |                         dev->vendor_id = pci_read_config(b, d, f, 0x00) & 0xFFFF;
      |                                                          ^
kernel/arch/x86_64/sound.c:37:61: warning: conversion from ‘int’ to ‘uint8_t’ {或称 ‘unsigned char’} may change value [-Wconversion]
   37 |                         dev->vendor_id = pci_read_config(b, d, f, 0x00) & 0xFFFF;
      |                                                             ^
kernel/arch/x86_64/sound.c:37:64: warning: conversion from ‘int’ to ‘uint8_t’ {或称 ‘unsigned char’} may change value [-Wconversion]
   37 |                         dev->vendor_id = pci_read_config(b, d, f, 0x00) & 0xFFFF;
      |                                                                ^
kernel/arch/x86_64/sound.c:38:59: warning: conversion from ‘int’ to ‘uint8_t’ {或称 ‘unsigned char’} may change value [-Wconversion]
   38 |                         dev->device_id = (pci_read_config(b, d, f, 0x00) >> 16) & 0xFFFF;
      |                                                           ^
kernel/arch/x86_64/sound.c:38:62: warning: conversion from ‘int’ to ‘uint8_t’ {或称 ‘unsigned char’} may change value [-Wconversion]
   38 |                         dev->device_id = (pci_read_config(b, d, f, 0x00) >> 16) & 0xFFFF;
      |                                                              ^
kernel/arch/x86_64/sound.c:38:65: warning: conversion from ‘int’ to ‘uint8_t’ {或称 ‘unsigned char’} may change value [-Wconversion]
   38 |                         dev->device_id = (pci_read_config(b, d, f, 0x00) >> 16) & 0xFFFF;
      |                                                                 ^
kernel/arch/x86_64/sound.c:39:58: warning: conversion from ‘int’ to ‘uint8_t’ {或称 ‘unsigned char’} may change value [-Wconversion]
   39 |                         dev->interrupt = pci_read_config(b, d, f, 0x3C) & 0xFF;
      |                                                          ^
kernel/arch/x86_64/sound.c:39:61: warning: conversion from ‘int’ to ‘uint8_t’ {或称 ‘unsigned char’} may change value [-Wconversion]
   39 |                         dev->interrupt = pci_read_config(b, d, f, 0x3C) & 0xFF;
      |                                                             ^
kernel/arch/x86_64/sound.c:39:64: warning: conversion from ‘int’ to ‘uint8_t’ {或称 ‘unsigned char’} may change value [-Wconversion]
   39 |                         dev->interrupt = pci_read_config(b, d, f, 0x3C) & 0xFF;
      |                                                                ^
kernel/arch/x86_64/sound.c:40:61: warning: conversion from ‘int’ to ‘uint8_t’ {或称 ‘unsigned char’} may change value [-Wconversion]
   40 |                         dev->base_address = pci_read_config(b, d, f, 0x10) & 0xFFFFFFF0;
      |                                                             ^
kernel/arch/x86_64/sound.c:40:64: warning: conversion from ‘int’ to ‘uint8_t’ {或称 ‘unsigned char’} may change value [-Wconversion]
   40 |                         dev->base_address = pci_read_config(b, d, f, 0x10) & 0xFFFFFFF0;
      |                                                                ^
kernel/arch/x86_64/sound.c:40:67: warning: conversion from ‘int’ to ‘uint8_t’ {或称 ‘unsigned char’} may change value [-Wconversion]
   40 |                         dev->base_address = pci_read_config(b, d, f, 0x10) & 0xFFFFFFF0;
      |                                                                   ^
kernel/arch/x86_64/sound.c:49:36: warning: conversion from ‘int’ to ‘uint8_t’ {或称 ‘unsigned char’} may change value [-Wconversion]
   49 |                         dev->bus = b;
      |                                    ^
kernel/arch/x86_64/sound.c:50:39: warning: conversion from ‘int’ to ‘uint8_t’ {或称 ‘unsigned char’} may change value [-Wconversion]
   50 |                         dev->device = d;
      |                                       ^
kernel/arch/x86_64/sound.c:51:41: warning: conversion from ‘int’ to ‘uint8_t’ {或称 ‘unsigned char’} may change value [-Wconversion]
   51 |                         dev->function = f;
      |                                         ^
kernel/arch/x86_64/sound.c:52:58: warning: conversion from ‘int’ to ‘uint8_t’ {或称 ‘unsigned char’} may change value [-Wconversion]
   52 |                         dev->vendor_id = pci_read_config(b, d, f, 0x00) & 0xFFFF;
      |                                                          ^
kernel/arch/x86_64/sound.c:52:61: warning: conversion from ‘int’ to ‘uint8_t’ {或称 ‘unsigned char’} may change value [-Wconversion]
   52 |                         dev->vendor_id = pci_read_config(b, d, f, 0x00) & 0xFFFF;
      |                                                             ^
kernel/arch/x86_64/sound.c:52:64: warning: conversion from ‘int’ to ‘uint8_t’ {或称 ‘unsigned char’} may change value [-Wconversion]
   52 |                         dev->vendor_id = pci_read_config(b, d, f, 0x00) & 0xFFFF;
      |                                                                ^
kernel/arch/x86_64/sound.c:53:59: warning: conversion from ‘int’ to ‘uint8_t’ {或称 ‘unsigned char’} may change value [-Wconversion]
   53 |                         dev->device_id = (pci_read_config(b, d, f, 0x00) >> 16) & 0xFFFF;
      |                                                           ^
kernel/arch/x86_64/sound.c:53:62: warning: conversion from ‘int’ to ‘uint8_t’ {或称 ‘unsigned char’} may change value [-Wconversion]
   53 |                         dev->device_id = (pci_read_config(b, d, f, 0x00) >> 16) & 0xFFFF;
      |                                                              ^
kernel/arch/x86_64/sound.c:53:65: warning: conversion from ‘int’ to ‘uint8_t’ {或称 ‘unsigned char’} may change value [-Wconversion]
   53 |                         dev->device_id = (pci_read_config(b, d, f, 0x00) >> 16) & 0xFFFF;
      |                                                                 ^
kernel/arch/x86_64/sound.c:54:58: warning: conversion from ‘int’ to ‘uint8_t’ {或称 ‘unsigned char’} may change value [-Wconversion]
   54 |                         dev->interrupt = pci_read_config(b, d, f, 0x3C) & 0xFF;
      |                                                          ^
kernel/arch/x86_64/sound.c:54:61: warning: conversion from ‘int’ to ‘uint8_t’ {或称 ‘unsigned char’} may change value [-Wconversion]
   54 |                         dev->interrupt = pci_read_config(b, d, f, 0x3C) & 0xFF;
      |                                                             ^
kernel/arch/x86_64/sound.c:54:64: warning: conversion from ‘int’ to ‘uint8_t’ {或称 ‘unsigned char’} may change value [-Wconversion]
   54 |                         dev->interrupt = pci_read_config(b, d, f, 0x3C) & 0xFF;
      |                                                                ^
kernel/arch/x86_64/sound.c:55:61: warning: conversion from ‘int’ to ‘uint8_t’ {或称 ‘unsigned char’} may change value [-Wconversion]
   55 |                         dev->base_address = pci_read_config(b, d, f, 0x10) & 0xFFFFFFF0;
      |                                                             ^
kernel/arch/x86_64/sound.c:55:64: warning: conversion from ‘int’ to ‘uint8_t’ {或称 ‘unsigned char’} may change value [-Wconversion]
   55 |                         dev->base_address = pci_read_config(b, d, f, 0x10) & 0xFFFFFFF0;
      |                                                                ^
kernel/arch/x86_64/sound.c:55:67: warning: conversion from ‘int’ to ‘uint8_t’ {或称 ‘unsigned char’} may change value [-Wconversion]
   55 |                         dev->base_address = pci_read_config(b, d, f, 0x10) & 0xFFFFFFF0;
      |                                                                   ^
kernel/arch/x86_64/sound.c:17:26: warning: 未使用的变量‘function’ [-Wunused-variable]
   17 |     uint8_t bus, device, function;
      |                          ^~~~~~~~
kernel/arch/x86_64/sound.c:17:18: warning: 未使用的变量‘device’ [-Wunused-variable]
   17 |     uint8_t bus, device, function;
      |                  ^~~~~~
kernel/arch/x86_64/sound.c:17:13: warning: 未使用的变量‘bus’ [-Wunused-variable]
   17 |     uint8_t bus, device, function;
      |             ^~~
In file included from kernel/arch/x86_64/smp.c:3:
kernel/arch/x86_64/smp.c: 在函数‘ioapic_set_irq’中:
kernel/arch/x86_64/include/arch/smp.h:122:31: warning: ‘uint32_t’ {或称 ‘unsigned int’}转换自‘int’时可能会改变结果的符号 [-Wsign-conversion]
  122 | #define IOAPIC_REG_REDIR_BASE 0x10
      |                               ^~~~
kernel/arch/x86_64/smp.c:58:20: note: in expansion of macro ‘IOAPIC_REG_REDIR_BASE’
   58 |     uint32_t reg = IOAPIC_REG_REDIR_BASE + irq * 2;
      |                    ^~~~~~~~~~~~~~~~~~~~~
kernel/arch/x86_64/smp.c: 在函数‘smp_setup_percpu’中:
kernel/arch/x86_64/smp.c:63:32: warning: 未使用的参数‘apic_id’ [-Wunused-parameter]
   63 | void smp_setup_percpu(uint32_t apic_id, void* percpu_base)
      |                       ~~~~~~~~~^~~~~~~
<3> Building kernel/arch/x86_64/smbios.c
<2> Building kernel/arch/x86_64/slab.c
kernel/arch/x86_64/slab.c: 在函数‘__slab_order’中:
kernel/arch/x86_64/slab.c:18:33: warning: comparison of integer expressions of different signedness: ‘int’ and ‘uint32_t’ {或称 ‘unsigned int’} [-Wsign-compare]
   18 |     while ((PAGE_SIZE << order) < need && order < BUDDY_MAX_ORDER) {
      |                                 ^
kernel/arch/x86_64/slab.c: 在函数‘__slab_destroy’中:
kernel/arch/x86_64/slab.c:85:22: warning: unsigned conversion from ‘int’ to ‘uint32_t’ {或称 ‘unsigned int’} changes value from ‘-5’ to ‘4294967291’ [-Wsign-conversion]
   85 |             p->flags &= ~PAGE_FLAG_SLAB;
      |                      ^~
kernel/arch/x86_64/slab.c: 在函数‘slab_init’中:
kernel/arch/x86_64/slab.c:152:27: warning: conversion from ‘uint32_t’ {或称 ‘unsigned int’} to ‘char’ may change value [-Wconversion]
  152 |             buf[bpos++] = '0' + (n % 10);
      |                           ^~~
kernel/arch/x86_64/slab.c: 在函数‘kmalloc’中:
kernel/arch/x86_64/slab.c:297:37: warning: comparison of integer expressions of different signedness: ‘int’ and ‘size_t’ {或称 ‘long unsigned int’} [-Wsign-compare]
  297 |         while ((PAGE_SIZE << order) < size && order < BUDDY_MAX_ORDER) order++;
      |                                     ^
kernel/arch/x86_64/slab.c: 在函数‘slab_alloc’中:
kernel/arch/x86_64/slab.c:356:20: warning: conversion from ‘uint64_t’ {或称 ‘long long unsigned int’} to ‘size_t’ {或称 ‘long unsigned int’} may change value [-Wconversion]
  356 |     return kmalloc(size);
<3> Building kernel/arch/x86_64/selinux.c
      |                    ^~~~
<1> Building kernel/arch/x86_64/security.c
kernel/arch/x86_64/selinux.c: 在函数‘selinux_parse_context’中:
kernel/arch/x86_64/selinux.c:208:16: warning: ‘u64’ {或称 ‘long long unsigned int’}转换自‘long long int’时可能会改变结果的符号 [-Wsign-conversion]
  208 |     u64 ulen = p - user_start;
      |                ^
kernel/arch/x86_64/selinux.c:210:35: warning: conversion from ‘u64’ {或称 ‘long long unsigned int’} to ‘size_t’ {或称 ‘long unsigned int’} may change value [-Wconversion]
  210 |     memcpy(ctx->user, user_start, ulen);
      |                                   ^~~~
kernel/arch/x86_64/selinux.c:216:16: warning: ‘u64’ {或称 ‘long long unsigned int’}转换自‘long long int’时可能会改变结果的符号 [-Wsign-conversion]
  216 |     u64 rlen = p - role_start;
      |                ^
kernel/arch/x86_64/selinux.c:218:35: warning: conversion from ‘u64’ {或称 ‘long long unsigned int’} to ‘size_t’ {或称 ‘long unsigned int’} may change value [-Wconversion]
  218 |     memcpy(ctx->role, role_start, rlen);
      |                                   ^~~~
kernel/arch/x86_64/selinux.c:224:16: warning: ‘u64’ {或称 ‘long long unsigned int’}转换自‘long long int’时可能会改变结果的符号 [-Wsign-conversion]
  224 |     u64 tlen = p - type_start;
      |                ^
kernel/arch/x86_64/selinux.c:226:35: warning: conversion from ‘u64’ {或称 ‘long long unsigned int’} to ‘size_t’ {或称 ‘long unsigned int’} may change value [-Wconversion]
  226 |     memcpy(ctx->type, type_start, tlen);
      |                                   ^~~~
kernel/arch/x86_64/selinux.c:232:16: warning: ‘u64’ {或称 ‘long long unsigned int’}转换自‘long long int’时可能会改变结果的符号 [-Wsign-conversion]
  232 |     u64 llen = p - level_start;
      |                ^
kernel/arch/x86_64/selinux.c:234:37: warning: conversion from ‘u64’ {或称 ‘long long unsigned int’} to ‘size_t’ {或称 ‘long unsigned int’} may change value [-Wconversion]
  234 |     memcpy(ctx->level, level_start, llen);
      |                                     ^~~~
kernel/arch/x86_64/selinux.c: 在函数‘selinux_context_to_string’中:
kernel/arch/x86_64/selinux.c:249:34: warning: conversion from ‘u64’ {或称 ‘long long unsigned int’} to ‘size_t’ {或称 ‘long unsigned int’} may change value [-Wconversion]
  249 |     memcpy(buf + pos, ctx->user, len); pos += len;
      |                                  ^~~
kernel/arch/x86_64/selinux.c:254:34: warning: conversion from ‘u64’ {或称 ‘long long unsigned int’} to ‘size_t’ {或称 ‘long unsigned int’} may change value [-Wconversion]
  254 |     memcpy(buf + pos, ctx->role, len); pos += len;
      |                                  ^~~
kernel/arch/x86_64/selinux.c:259:34: warning: conversion from ‘u64’ {或称 ‘long long unsigned int’} to ‘size_t’ {或称 ‘long unsigned int’} may change value [-Wconversion]
  259 |     memcpy(buf + pos, ctx->type, len); pos += len;
      |                                  ^~~
kernel/arch/x86_64/selinux.c:264:35: warning: conversion from ‘u64’ {或称 ‘long long unsigned int’} to ‘size_t’ {或称 ‘long unsigned int’} may change value [-Wconversion]
  264 |     memcpy(buf + pos, ctx->level, len); pos += len;
      |                                   ^~~
kernel/arch/x86_64/selinux.c:243:9: warning: 未使用的变量‘remaining’ [-Wunused-variable]
  243 |     s64 remaining = (s64)size - 1;
      |         ^~~~~~~~~
<0> Building kernel/arch/x86_64/scm.c
<1> Building kernel/arch/x86_64/sata.c
kernel/arch/x86_64/sata.c: 在函数‘sata_read’中:
kernel/arch/x86_64/sata.c:40:82: warning: 未使用的参数‘sectors’ [-Wunused-parameter]
   40 | int sata_read(uint8_t port, uint8_t device, uint64_t lba, void* buffer, uint32_t sectors)
      |                                                                         ~~~~~~~~~^~~~~~~
kernel/arch/x86_64/sata.c: 在函数‘sata_write’中:
kernel/arch/x86_64/sata.c:50:89: warning: 未使用的参数‘sectors’ [-Wunused-parameter]
   50 | int sata_write(uint8_t port, uint8_t device, uint64_t lba, const void* buffer, uint32_t sectors)
      |                                                                                ~~~~~~~~~^~~~~~~
<2> Building kernel/arch/x86_64/rtc.c
<1> Building kernel/arch/x86_64/route.c
kernel/arch/x86_64/rtc.c: 在函数‘bcd_to_binary’中:
kernel/arch/x86_64/rtc.c:29:32: warning: conversion from ‘int’ to ‘uint8_t’ {或称 ‘unsigned char’} may change value [-Wconversion]
   29 |     return ((value >> 4) * 10) + (value & 0x0F);
      |            ~~~~~~~~~~~~~~~~~~~~^~~~~~~~~~~~~~~~
kernel/arch/x86_64/rtc.c: 在函数‘rtc_get_time’中:
kernel/arch/x86_64/rtc.c:54:40: warning: conversion from ‘uint16_t’ {或称 ‘short unsigned int’} to ‘uint8_t’ {或称 ‘unsigned char’} may change value [-Wconversion]
   54 |         time->year = bcd_to_binary(time->year);
      |                                    ~~~~^~~~~~
kernel/arch/x86_64/rtc.c:60:27: warning: conversion from ‘int’ to ‘uint8_t’ {或称 ‘unsigned char’} may change value [-Wconversion]
   60 |             time->hours = ((time->hours & 0x7F) + 12) % 24;
      |                           ^
kernel/arch/x86_64/rtc.c:64:19: warning: conversion from ‘int’ to ‘uint16_t’ {或称 ‘short unsigned int’} may change value [-Wconversion]
   64 |     time->year += time->century * 100;
      |                   ^~~~
kernel/arch/x86_64/rtc.c: 在函数‘rtc_set_time’中:
kernel/arch/x86_64/rtc.c:82:36: warning: conversion from ‘uint16_t’ {或称 ‘short unsigned int’} to ‘uint8_t’ {或称 ‘unsigned char’} may change value [-Wconversion]
   82 |     rtc_set_register(RTC_YEAR, time->year);
      |                                ~~~~^~~~~~
kernel/arch/x86_64/rtc.c: 在文件作用域：
kernel/arch/x86_64/rtc.c:18:16: warning: ‘rtc_last_seconds’ 在此处定义 [-Wunused-variable]
   18 | static uint8_t rtc_last_seconds = 0;
      |                ^~~~~~~~~~~~~~~~
kernel/arch/x86_64/route.c: 在函数‘route_table_get’中:
kernel/arch/x86_64/route.c:42:68: warning: comparison of unsigned expression in ‘>= 0’ is always true [-Wtype-limits]
   42 |         if (fib.tables[i].tb_id == table_id && fib.tables[i].count >= 0) {
      |                                                                    ^~
<2> Building kernel/arch/x86_64/registry.c
<3> Building kernel/arch/x86_64/procfs.c
kernel/arch/x86_64/registry.c: 在函数‘registry_init’中:
kernel/arch/x86_64/registry.c:344:14: warning: 未使用的变量‘dword_zero’ [-Wunused-variable]
  344 |     uint32_t dword_zero = 0;
      |              ^~~~~~~~~~
kernel/arch/x86_64/registry.c: 在文件作用域：
kernel/arch/x86_64/registry.c:294:13: warning: ‘seed_value_dword’ 在此处定义 [-Wunused-function]
  294 | static void seed_value_dword(reg_key_t* key, const char* name, uint32_t val)
      |             ^~~~~~~~~~~~~~~~
kernel/arch/x86_64/procfs.c: 在函数‘procfs_cpuinfo_read’中:
kernel/arch/x86_64/procfs.c:29:36: warning: ‘uint64_t’ {或称 ‘long long unsigned int’}转换自‘int’时可能会改变结果的符号 [-Wsign-conversion]
   29 |     n += snprintf(buf + n, max_len - n,
      |                                    ^
kernel/arch/x86_64/procfs.c:29:36: warning: conversion from ‘uint64_t’ {或称 ‘long long unsigned int’} to ‘size_t’ {或称 ‘long unsigned int’} may change value [-Wconversion]
   29 |     n += snprintf(buf + n, max_len - n,
      |                            ~~~~~~~~^~~
kernel/arch/x86_64/procfs.c: 在函数‘procfs_meminfo_read’中:
kernel/arch/x86_64/procfs.c:65:36: warning: ‘uint64_t’ {或称 ‘long long unsigned int’}转换自‘int’时可能会改变结果的符号 [-Wsign-conversion]
   65 |     n += snprintf(buf + n, max_len - n,
      |                                    ^
kernel/arch/x86_64/procfs.c:65:36: warning: conversion from ‘uint64_t’ {或称 ‘long long unsigned int’} to ‘size_t’ {或称 ‘long unsigned int’} may change value [-Wconversion]
   65 |     n += snprintf(buf + n, max_len - n,
      |                            ~~~~~~~~^~~
kernel/arch/x86_64/procfs.c: 在函数‘procfs_uptime_read’中:
kernel/arch/x86_64/procfs.c:93:26: warning: conversion from ‘uint64_t’ {或称 ‘long long unsigned int’} to ‘size_t’ {或称 ‘long unsigned int’} may change value [-Wconversion]
   93 |     return snprintf(buf, max_len, "%lu.%02lu %lu.%02lu\n",
      |                          ^~~~~~~
kernel/arch/x86_64/procfs.c: 在函数‘procfs_version_read’中:
kernel/arch/x86_64/procfs.c:100:26: warning: conversion from ‘uint64_t’ {或称 ‘long long unsigned int’} to ‘size_t’ {或称 ‘long unsigned int’} may change value [-Wconversion]
  100 |     return snprintf(buf, max_len,
      |                          ^~~~~~~
kernel/arch/x86_64/procfs.c: 在函数‘procfs_stat_read’中:
kernel/arch/x86_64/procfs.c:123:36: warning: ‘uint64_t’ {或称 ‘long long unsigned int’}转换自‘int’时可能会改变结果的符号 [-Wsign-conversion]
  123 |     n += snprintf(buf + n, max_len - n, "cpu  %lu 0 %lu %lu 0 0 0 0 0 0\n",
      |                                    ^
kernel/arch/x86_64/procfs.c:123:36: warning: conversion from ‘uint64_t’ {或称 ‘long long unsigned int’} to ‘size_t’ {或称 ‘long unsigned int’} may change value [-Wconversion]
  123 |     n += snprintf(buf + n, max_len - n, "cpu  %lu 0 %lu %lu 0 0 0 0 0 0\n",
      |                            ~~~~~~~~^~~
kernel/arch/x86_64/procfs.c:128:44: warning: ‘uint64_t’ {或称 ‘long long unsigned int’}转换自‘int’时可能会改变结果的符号 [-Wsign-conversion]
  128 |             n += snprintf(buf + n, max_len - n, "cpu%u %lu 0 %lu %lu 0 0 0 0 0 0\n",
      |                                            ^
kernel/arch/x86_64/procfs.c:128:44: warning: conversion from ‘uint64_t’ {或称 ‘long long unsigned int’} to ‘size_t’ {或称 ‘long unsigned int’} may change value [-Wconversion]
  128 |             n += snprintf(buf + n, max_len - n, "cpu%u %lu 0 %lu %lu 0 0 0 0 0 0\n",
      |                                    ~~~~~~~~^~~
kernel/arch/x86_64/procfs.c:132:36: warning: ‘uint64_t’ {或称 ‘long long unsigned int’}转换自‘int’时可能会改变结果的符号 [-Wsign-conversion]
  132 |     n += snprintf(buf + n, max_len - n, "intr %lu\n", irq_total);
      |                                    ^
kernel/arch/x86_64/procfs.c:132:36: warning: conversion from ‘uint64_t’ {或称 ‘long long unsigned int’} to ‘size_t’ {或称 ‘long unsigned int’} may change value [-Wconversion]
  132 |     n += snprintf(buf + n, max_len - n, "intr %lu\n", irq_total);
      |                            ~~~~~~~~^~~
kernel/arch/x86_64/procfs.c:134:36: warning: ‘uint64_t’ {或称 ‘long long unsigned int’}转换自‘int’时可能会改变结果的符号 [-Wsign-conversion]
  134 |     n += snprintf(buf + n, max_len - n, "ctxt %lu\n",
      |                                    ^
kernel/arch/x86_64/procfs.c:134:36: warning: conversion from ‘uint64_t’ {或称 ‘long long unsigned int’} to ‘size_t’ {或称 ‘long unsigned int’} may change value [-Wconversion]
  134 |     n += snprintf(buf + n, max_len - n, "ctxt %lu\n",
      |                            ~~~~~~~~^~~
kernel/arch/x86_64/procfs.c:136:36: warning: ‘uint64_t’ {或称 ‘long long unsigned int’}转换自‘int’时可能会改变结果的符号 [-Wsign-conversion]
  136 |     n += snprintf(buf + n, max_len - n, "btime %lu\n", __uptime_cached / 1000);
      |                                    ^
kernel/arch/x86_64/procfs.c:136:36: warning: conversion from ‘uint64_t’ {或称 ‘long long unsigned int’} to ‘size_t’ {或称 ‘long unsigned int’} may change value [-Wconversion]
  136 |     n += snprintf(buf + n, max_len - n, "btime %lu\n", __uptime_cached / 1000);
      |                            ~~~~~~~~^~~
kernel/arch/x86_64/procfs.c:147:36: warning: ‘uint64_t’ {或称 ‘long long unsigned int’}转换自‘int’时可能会改变结果的符号 [-Wsign-conversion]
  147 |     n += snprintf(buf + n, max_len - n, "processes %lu\n", proc_count);
      |                                    ^
kernel/arch/x86_64/procfs.c:147:36: warning: conversion from ‘uint64_t’ {或称 ‘long long unsigned int’} to ‘size_t’ {或称 ‘long unsigned int’} may change value [-Wconversion]
  147 |     n += snprintf(buf + n, max_len - n, "processes %lu\n", proc_count);
      |                            ~~~~~~~~^~~
kernel/arch/x86_64/procfs.c:148:36: warning: ‘uint64_t’ {或称 ‘long long unsigned int’}转换自‘int’时可能会改变结果的符号 [-Wsign-conversion]
  148 |     n += snprintf(buf + n, max_len - n, "procs_running %lu\n", running ? running : 1);
      |                                    ^
kernel/arch/x86_64/procfs.c:148:36: warning: conversion from ‘uint64_t’ {或称 ‘long long unsigned int’} to ‘size_t’ {或称 ‘long unsigned int’} may change value [-Wconversion]
  148 |     n += snprintf(buf + n, max_len - n, "procs_running %lu\n", running ? running : 1);
      |                            ~~~~~~~~^~~
kernel/arch/x86_64/procfs.c:149:36: warning: ‘uint64_t’ {或称 ‘long long unsigned int’}转换自‘int’时可能会改变结果的符号 [-Wsign-conversion]
  149 |     n += snprintf(buf + n, max_len - n, "procs_blocked %lu\n", blocked);
      |                                    ^
kernel/arch/x86_64/procfs.c:149:36: warning: conversion from ‘uint64_t’ {或称 ‘long long unsigned int’} to ‘size_t’ {或称 ‘long unsigned int’} may change value [-Wconversion]
  149 |     n += snprintf(buf + n, max_len - n, "procs_blocked %lu\n", blocked);
      |                            ~~~~~~~~^~~
kernel/arch/x86_64/procfs.c: 在函数‘procfs_pid_status_read’中:
kernel/arch/x86_64/procfs.c:167:26: warning: conversion from ‘uint64_t’ {或称 ‘long long unsigned int’} to ‘size_t’ {或称 ‘long unsigned int’} may change value [-Wconversion]
  167 |     return snprintf(buf, max_len,
      |                          ^~~~~~~
kernel/arch/x86_64/procfs.c: 在函数‘procfs_pid_cmdline_read’中:
kernel/arch/x86_64/procfs.c:189:29: warning: conversion from ‘uint64_t’ {或称 ‘long long unsigned int’} to ‘size_t’ {或称 ‘long unsigned int’} may change value [-Wconversion]
  189 |     memcpy(buf, proc->name, len);
      |                             ^~~
kernel/arch/x86_64/procfs.c: 在函数‘procfs_read’中:
kernel/arch/x86_64/procfs.c:216:36: warning: conversion from ‘uint64_t’ {或称 ‘long long unsigned int’} to ‘size_t’ {或称 ‘long unsigned int’} may change value [-Wconversion]
  216 |     memcpy(buf, temp_buf + offset, size);
      |                                    ^~~~
kernel/arch/x86_64/procfs.c: 在函数‘procfs_readdir’中:
kernel/arch/x86_64/procfs.c:231:40: warning: conversion from ‘uint64_t’ {或称 ‘long long unsigned int’} to ‘size_t’ {或称 ‘long unsigned int’} may change value [-Wconversion]
  231 |         memcpy(name, sys_files[index], len);
      |                                        ^~~
kernel/arch/x86_64/procfs.c:240:32: warning: conversion from ‘uint64_t’ {或称 ‘long long unsigned int’} to ‘size_t’ {或称 ‘long unsigned int’} may change value [-Wconversion]
  240 |                 snprintf(name, max_len, "%lu", processes[i].id);
      |                                ^~~~~~~
kernel/arch/x86_64/procfs.c: 在函数‘procfs_finddir’中:
kernel/arch/x86_64/procfs.c:272:24: warning: ‘uint64_t’ {或称 ‘long long unsigned int’}转换自‘int’时可能会改变结果的符号 [-Wsign-conversion]
  272 |         pid = pid * 10 + (*p - '0');
      |                        ^
<0> Building kernel/arch/x86_64/pnp.c
<1> Building kernel/arch/x86_64/pit.c
kernel/arch/x86_64/pnp.c: 在函数‘add_pnp_root’中:
kernel/arch/x86_64/pnp.c:219:23: warning: 多字节字符常量 [-Wmultichar]
  219 |     node->signature = 'PnPD';
      |                       ^~~~~~
kernel/arch/x86_64/pnp.c: 在函数‘pnp_init’中:
kernel/arch/x86_64/pnp.c:325:39: warning: 多字节字符常量 [-Wmultichar]
  325 |                 dev_node->signature = 'PnPD';
      |                                       ^~~~~~
kernel/arch/x86_64/pnp.c: 在文件作用域：
kernel/arch/x86_64/pnp.c:706:14: warning: ‘find_hdevinfo’ 在此处定义 [-Wunused-function]
  706 | static void* find_hdevinfo(void* h) {
      |              ^~~~~~~~~~~~~
<1> Building kernel/arch/x86_64/pic.c
kernel/arch/x86_64/pic.c: 在函数‘pic_enable’中:
kernel/arch/x86_64/pic.c:38:16: warning: conversion from ‘int’ to ‘uint8_t’ {或称 ‘unsigned char’} may change value [-Wconversion]
   38 |         mask = inb(PIC1_DATA) & ~(1 << irq);
      |                ^~~
kernel/arch/x86_64/pic.c:41:16: warning: unsigned conversion from ‘int’ to ‘uint8_t’ {或称 ‘unsigned char’} changes the value of ‘-5’ [-Wsign-conversion]
   41 |         mask = inb(PIC1_DATA) & ~(1 << 2);
      |                ^~~
kernel/arch/x86_64/pic.c:43:16: warning: conversion from ‘int’ to ‘uint8_t’ {或称 ‘unsigned char’} may change value [-Wconversion]
   43 |         mask = inb(PIC2_DATA) & ~(1 << (irq - 8));
      |                ^~~
<3> Building kernel/arch/x86_64/pe.c
<1> Building kernel/arch/x86_64/pci.c
kernel/arch/x86_64/pci.c: 在函数‘pci_read_config’中:
kernel/arch/x86_64/pci.c:28:34: warning: unsigned conversion from ‘int’ to ‘unsigned int’ changes value from ‘-2147483648’ to ‘2147483648’ [-Wsign-conversion]
   28 |     uint32_t address = (1 << 31) |
      |                                  ^
kernel/arch/x86_64/pci.c: 在函数‘pci_write_config’中:
kernel/arch/x86_64/pci.c:47:34: warning: unsigned conversion from ‘int’ to ‘unsigned int’ changes value from ‘-2147483648’ to ‘2147483648’ [-Wsign-conversion]
   47 |     uint32_t address = (1 << 31) |
      |                                  ^
kernel/arch/x86_64/pci.c: 在函数‘pci_write_config_byte’中:
kernel/arch/x86_64/pci.c:82:21: warning: ‘uint32_t’ {或称 ‘unsigned int’}转换自‘int’时可能会改变结果的符号 [-Wsign-conversion]
   82 |     uint32_t mask = ~(0xFF << shift);
      |                     ^
kernel/arch/x86_64/pci.c: 在函数‘pci_write_config_word’中:
kernel/arch/x86_64/pci.c:91:21: warning: ‘uint32_t’ {或称 ‘unsigned int’}转换自‘int’时可能会改变结果的符号 [-Wsign-conversion]
   91 |     uint32_t mask = ~(0xFFFF << shift);
      |                     ^
kernel/arch/x86_64/pci.c: 在函数‘pci_find_class’中:
kernel/arch/x86_64/pci.c:107:59: warning: conversion from ‘int’ to ‘uint8_t’ {或称 ‘unsigned char’} may change value [-Wconversion]
  107 |                 uint32_t class_code_reg = pci_read_config(b, d, f, 0x08);
      |                                                           ^
kernel/arch/x86_64/pci.c:107:62: warning: conversion from ‘int’ to ‘uint8_t’ {或称 ‘unsigned char’} may change value [-Wconversion]
  107 |                 uint32_t class_code_reg = pci_read_config(b, d, f, 0x08);
      |                                                              ^
kernel/arch/x86_64/pci.c:107:65: warning: conversion from ‘int’ to ‘uint8_t’ {或称 ‘unsigned char’} may change value [-Wconversion]
  107 |                 uint32_t class_code_reg = pci_read_config(b, d, f, 0x08);
      |                                                                 ^
kernel/arch/x86_64/pci.c:111:46: warning: conversion from ‘uint32_t’ {或称 ‘unsigned int’} to ‘uint8_t’ {或称 ‘unsigned char’} may change value [-Wconversion]
  111 |                 uint8_t class_code_current = (class_code_reg >> 24) & 0xFF;
      |                                              ^
kernel/arch/x86_64/pci.c:114:37: warning: conversion from ‘int’ to ‘uint8_t’ {或称 ‘unsigned char’} may change value [-Wconversion]
  114 |                     if (bus) *bus = b;
      |                                     ^
kernel/arch/x86_64/pci.c:115:43: warning: conversion from ‘int’ to ‘uint8_t’ {或称 ‘unsigned char’} may change value [-Wconversion]
  115 |                     if (device) *device = d;
      |                                           ^
kernel/arch/x86_64/pci.c:116:47: warning: conversion from ‘int’ to ‘uint8_t’ {或称 ‘unsigned char’} may change value [-Wconversion]
  116 |                     if (function) *function = f;
      |                                               ^
kernel/arch/x86_64/pci.c: 在函数‘pci_find_device’中:
kernel/arch/x86_64/pci.c:130:51: warning: conversion from ‘int’ to ‘uint8_t’ {或称 ‘unsigned char’} may change value [-Wconversion]
  130 |                 uint32_t id_reg = pci_read_config(b, d, f, 0x00);
      |                                                   ^
kernel/arch/x86_64/pci.c:130:54: warning: conversion from ‘int’ to ‘uint8_t’ {或称 ‘unsigned char’} may change value [-Wconversion]
  130 |                 uint32_t id_reg = pci_read_config(b, d, f, 0x00);
      |                                                      ^
kernel/arch/x86_64/pci.c:130:57: warning: conversion from ‘int’ to ‘uint8_t’ {或称 ‘unsigned char’} may change value [-Wconversion]
  130 |                 uint32_t id_reg = pci_read_config(b, d, f, 0x00);
      |                                                         ^
kernel/arch/x86_64/pci.c:135:32: warning: conversion from ‘uint32_t’ {或称 ‘unsigned int’} to ‘uint16_t’ {或称 ‘short unsigned int’} may change value [-Wconversion]
  135 |                 uint16_t did = (id_reg >> 16) & 0xFFFF;
      |                                ^
kernel/arch/x86_64/pci.c:137:37: warning: conversion from ‘int’ to ‘uint8_t’ {或称 ‘unsigned char’} may change value [-Wconversion]
  137 |                     if (bus) *bus = b;
      |                                     ^
kernel/arch/x86_64/pci.c:138:43: warning: conversion from ‘int’ to ‘uint8_t’ {或称 ‘unsigned char’} may change value [-Wconversion]
  138 |                     if (device) *device = d;
      |                                           ^
kernel/arch/x86_64/pci.c:139:47: warning: conversion from ‘int’ to ‘uint8_t’ {或称 ‘unsigned char’} may change value [-Wconversion]
  139 |                     if (function) *function = f;
      |                                               ^
kernel/arch/x86_64/pci.c: 在函数‘pci_find_ext_capability’中:
kernel/arch/x86_64/pci.c:201:65: warning: conversion from ‘uint32_t’ {或称 ‘unsigned int’} to ‘uint8_t’ {或称 ‘unsigned char’} may change value [-Wconversion]
  201 |         uint32_t header = pci_read_config_dword(bus, dev, func, ecap_offset);
      |                                                                 ^~~~~~~~~~~
kernel/arch/x86_64/pci.c:203:25: warning: conversion from ‘uint32_t’ {或称 ‘unsigned int’} to ‘uint16_t’ {或称 ‘short unsigned int’} may change value [-Wconversion]
  203 |         uint16_t next = (header >> 20) & 0xFFF;
      |                         ^
kernel/arch/x86_64/pci.c: 在函数‘pci_enable_msix’中:
kernel/arch/x86_64/pci.c:263:67: warning: conversion from ‘int’ to ‘uint8_t’ {或称 ‘unsigned char’} may change value [-Wconversion]
  263 |     uint32_t bar_val = pci_read_config_dword(bus, dev, func, 0x10 + table_bir * 4);
      |                                                              ~~~~~^~~~~~~~~~~~~~~
kernel/arch/x86_64/pci.c:264:51: warning: unsigned conversion from ‘int’ to ‘uint32_t’ {或称 ‘unsigned int’} changes value from ‘-16’ to ‘4294967280’ [-Wsign-conversion]
  264 |     void* table_base = (void*)(uintptr_t)(bar_val & ~0xF) + table_offset;
      |                                                   ^
kernel/arch/x86_64/pci.c:264:59: warning: ‘void *’型指针用在了算术表达式中 [-Wpointer-arith]
  264 |     void* table_base = (void*)(uintptr_t)(bar_val & ~0xF) + table_offset;
      |                                                           ^
kernel/arch/x86_64/pci.c:275:18: warning: unsigned conversion from ‘int’ to ‘uint16_t’ {或称 ‘short unsigned int’} changes the value of ‘-16385’ [-Wsign-conversion]
  275 |     msix_ctrl &= ~PCI_MSIX_CTRL_MASKALL;
      |                  ^
kernel/arch/x86_64/pci.c: 在函数‘pci_disable_msix’中:
kernel/arch/x86_64/pci.c:292:18: warning: unsigned conversion from ‘int’ to ‘uint16_t’ {或称 ‘short unsigned int’} changes the value of ‘-32769’ [-Wsign-conversion]
  292 |     msix_ctrl &= ~PCI_MSIX_CTRL_ENABLE;
      |                  ^
kernel/arch/x86_64/pci.c: 在函数‘pci_set_bus_master’中:
kernel/arch/x86_64/pci.c:304:16: warning: unsigned conversion from ‘int’ to ‘uint16_t’ {或称 ‘short unsigned int’} changes the value of ‘-5’ [-Wsign-conversion]
  304 |         cmd &= ~PCI_COMMAND_BUS_MASTER;
      |                ^
kernel/arch/x86_64/pci.c: 在函数‘pci_request_irq’中:
kernel/arch/x86_64/pci.c:316:13: warning: 未使用的变量‘slot’ [-Wunused-variable]
  316 |     uint8_t slot = dev;
      |             ^~~~
kernel/arch/x86_64/pci.c: 在函数‘pci_read_bar’中:
kernel/arch/x86_64/pci.c:346:55: warning: conversion from ‘int’ to ‘uint8_t’ {或称 ‘unsigned char’} may change value [-Wconversion]
  346 |     return pci_read_config_dword(bus, dev, func, 0x10 + bar_num * 4);
      |                                                  ~~~~~^~~~~~~~~~~~~
kernel/arch/x86_64/pci.c: 在函数‘pci_get_bar_size’中:
kernel/arch/x86_64/pci.c:354:63: warning: conversion from ‘int’ to ‘uint8_t’ {或称 ‘unsigned char’} may change value [-Wconversion]
  354 |     uint32_t orig_val = pci_read_config_dword(bus, dev, func, bar_offset);
      |                                                               ^~~~~~~~~~
kernel/arch/x86_64/pci.c:355:44: warning: conversion from ‘int’ to ‘uint8_t’ {或称 ‘unsigned char’} may change value [-Wconversion]
  355 |     pci_write_config_dword(bus, dev, func, bar_offset, 0xFFFFFFFF);
      |                                            ^~~~~~~~~~
kernel/arch/x86_64/pci.c:356:63: warning: conversion from ‘int’ to ‘uint8_t’ {或称 ‘unsigned char’} may change value [-Wconversion]
  356 |     uint32_t size_val = pci_read_config_dword(bus, dev, func, bar_offset);
      |                                                               ^~~~~~~~~~
kernel/arch/x86_64/pci.c:357:44: warning: conversion from ‘int’ to ‘uint8_t’ {或称 ‘unsigned char’} may change value [-Wconversion]
  357 |     pci_write_config_dword(bus, dev, func, bar_offset, orig_val);
      |                                            ^~~~~~~~~~
<2> Building kernel/arch/x86_64/pagefault.c
<3> Building kernel/arch/x86_64/pagecache.c
kernel/arch/x86_64/pagefault.c: 在函数‘stack_expand’中:
kernel/arch/x86_64/pagecache.c: 在函数‘pagecache_clear_dirty’中:
kernel/arch/x86_64/pagecache.c:133:22: warning: unsigned conversion from ‘int’ to ‘uint32_t’ {或称 ‘unsigned int’} changes value from ‘-3’ to ‘4294967293’ [-Wsign-conversion]
  133 |         entry->flags &= ~PCACHE_DIRTY;
      |                      ^~
kernel/arch/x86_64/pagefault.c:157:37: warning: unsigned conversion from ‘int’ to ‘uint64_t’ {或称 ‘long long unsigned int’} changes value from ‘-4096’ to ‘18446744073709547520’ [-Wsign-conversion]
  157 |     uint64_t page_addr = fault_addr & ~(PAGE_SIZE - 1);
kernel/arch/x86_64/pagecache.c: 在函数‘pagecache_read’中:
kernel/arch/x86_64/pagecache.c:145:57: warning: conversion from ‘uint64_t’ {或称 ‘long long unsigned int’} to ‘size_t’ {或称 ‘long unsigned int’} may change value [-Wconversion]
  145 |     memcpy(buf, (uint8_t*)entry->page + offset_in_page, len);
      |                                                         ^~~
kernel/arch/x86_64/pagecache.c: 在函数‘pagecache_write’中:
kernel/arch/x86_64/pagecache.c:155:57: warning: conversion from ‘uint64_t’ {或称 ‘long long unsigned int’} to ‘size_t’ {或称 ‘long unsigned int’} may change value [-Wconversion]
  155 |     memcpy((uint8_t*)entry->page + offset_in_page, buf, len);
      |                                                         ^~~
kernel/arch/x86_64/pagecache.c: 在函数‘pagecache_sync_node’中:
kernel/arch/x86_64/pagecache.c:178:30: warning: unsigned conversion from ‘int’ to ‘uint32_t’ {或称 ‘unsigned int’} changes value from ‘-11’ to ‘4294967285’ [-Wsign-conversion]
  178 |                 entry->flags &= ~(PCACHE_DIRTY | PCACHE_WRITEBACK);
      |                              ^~
      |                                     ^
kernel/arch/x86_64/pagefault.c: 在函数‘pagefault_handler’中:
kernel/arch/x86_64/pagecache.c: 在函数‘pagecache_sync_all’中:
kernel/arch/x86_64/pagefault.c:230:48: warning: unsigned conversion from ‘int’ to ‘uint64_t’ {或称 ‘long long unsigned int’} changes value from ‘-4096’ to ‘18446744073709547520’ [-Wsign-conversion]
  230 |                 if (demand_page_alloc(cr3, cr2 & ~(PAGE_SIZE - 1),
kernel/arch/x86_64/pagecache.c:206:30: warning: unsigned conversion from ‘int’ to ‘uint32_t’ {或称 ‘unsigned int’} changes value from ‘-11’ to ‘4294967285’ [-Wsign-conversion]
      |                                                ^
  206 |                 entry->flags &= ~(PCACHE_DIRTY | PCACHE_WRITEBACK);
kernel/arch/x86_64/pagefault.c:243:56: warning: unsigned conversion from ‘int’ to ‘uint64_t’ {或称 ‘long long unsigned int’} changes value from ‘-4096’ to ‘18446744073709547520’ [-Wsign-conversion]
      |                              ^~
  243 |                         proc->stack_base = (void*)(cr2 & ~(PAGE_SIZE - 1));
      |                                                        ^
kernel/arch/x86_64/pagefault.c: 在文件作用域：
kernel/arch/x86_64/pagefault.c:27:13: warning: ‘pf_log_buf’ 在此处定义 [-Wunused-variable]
   27 | static char pf_log_buf[PF_LOG_BUF_SIZE];
      |             ^~~~~~~~~~
<2> Building kernel/arch/x86_64/nvme.c
kernel/arch/x86_64/nvme.c: 在函数‘nvme_submit_cmd’中:
kernel/arch/x86_64/nvme.c:106:26: warning: conversion from ‘uint32_t’ {或称 ‘unsigned int’} to ‘uint16_t’ {或称 ‘short unsigned int’} may change value [-Wconversion]
  106 |     uint16_t next_tail = (sq->tail + 1) % sq->depth;
      |                          ^
kernel/arch/x86_64/nvme.c: 在函数‘nvme_poll_cq’中:
kernel/arch/x86_64/nvme.c:143:16: warning: conversion from ‘uint32_t’ {或称 ‘unsigned int’} to ‘uint16_t’ {或称 ‘short unsigned int’} may change value [-Wconversion]
  143 |     cq->head = (cq->head + 1) % cq->depth;
      |                ^
kernel/arch/x86_64/nvme.c: 在函数‘nvme_probe’中:
kernel/arch/x86_64/nvme.c:210:58: warning: conversion from ‘int’ to ‘uint8_t’ {或称 ‘unsigned char’} may change value [-Wconversion]
  210 |                 uint32_t vendor_device = pci_read_config(b, d, f, 0x00);
      |                                                          ^
kernel/arch/x86_64/nvme.c:210:61: warning: conversion from ‘int’ to ‘uint8_t’ {或称 ‘unsigned char’} may change value [-Wconversion]
  210 |                 uint32_t vendor_device = pci_read_config(b, d, f, 0x00);
      |                                                             ^
kernel/arch/x86_64/nvme.c:210:64: warning: conversion from ‘int’ to ‘uint8_t’ {或称 ‘unsigned char’} may change value [-Wconversion]
  210 |                 uint32_t vendor_device = pci_read_config(b, d, f, 0x00);
      |                                                                ^
kernel/arch/x86_64/nvme.c:216:54: warning: conversion from ‘int’ to ‘uint8_t’ {或称 ‘unsigned char’} may change value [-Wconversion]
  216 |                 uint32_t class_reg = pci_read_config(b, d, f, 0x08);
      |                                                      ^
kernel/arch/x86_64/nvme.c:216:57: warning: conversion from ‘int’ to ‘uint8_t’ {或称 ‘unsigned char’} may change value [-Wconversion]
  216 |                 uint32_t class_reg = pci_read_config(b, d, f, 0x08);
      |                                                         ^
kernel/arch/x86_64/nvme.c:216:60: warning: conversion from ‘int’ to ‘uint8_t’ {或称 ‘unsigned char’} may change value [-Wconversion]
  216 |                 uint32_t class_reg = pci_read_config(b, d, f, 0x08);
      |                                                            ^
kernel/arch/x86_64/nvme.c:217:38: warning: conversion from ‘uint32_t’ {或称 ‘unsigned int’} to ‘uint8_t’ {或称 ‘unsigned char’} may change value [-Wconversion]
  217 |                 uint8_t class_code = (class_reg >> 24) & 0xFF;
      |                                      ^
kernel/arch/x86_64/nvme.c:225:37: warning: conversion from ‘int’ to ‘uint8_t’ {或称 ‘unsigned char’} may change value [-Wconversion]
  225 |                     nvme_ctrl.bus = b;
      |                                     ^
kernel/arch/x86_64/nvme.c:226:40: warning: conversion from ‘int’ to ‘uint8_t’ {或称 ‘unsigned char’} may change value [-Wconversion]
  226 |                     nvme_ctrl.device = d;
      |                                        ^
kernel/arch/x86_64/nvme.c:227:42: warning: conversion from ‘int’ to ‘uint8_t’ {或称 ‘unsigned char’} may change value [-Wconversion]
  227 |                     nvme_ctrl.function = f;
      |                                          ^
kernel/arch/x86_64/nvme.c:229:43: warning: conversion from ‘uint32_t’ {或称 ‘unsigned int’} to ‘uint16_t’ {或称 ‘short unsigned int’} may change value [-Wconversion]
  229 |                     nvme_ctrl.device_id = (vendor_device >> 16) & 0xFFFF;
      |                                           ^
kernel/arch/x86_64/nvme.c:231:56: warning: conversion from ‘int’ to ‘uint8_t’ {或称 ‘unsigned char’} may change value [-Wconversion]
  231 |                     uint32_t bar0_lo = pci_read_config(b, d, f, NVME_PCI_BAR0_OFFSET);
      |                                                        ^
kernel/arch/x86_64/nvme.c:231:59: warning: conversion from ‘int’ to ‘uint8_t’ {或称 ‘unsigned char’} may change value [-Wconversion]
  231 |                     uint32_t bar0_lo = pci_read_config(b, d, f, NVME_PCI_BAR0_OFFSET);
      |                                                           ^
kernel/arch/x86_64/nvme.c:231:62: warning: conversion from ‘int’ to ‘uint8_t’ {或称 ‘unsigned char’} may change value [-Wconversion]
  231 |                     uint32_t bar0_lo = pci_read_config(b, d, f, NVME_PCI_BAR0_OFFSET);
      |                                                              ^
kernel/arch/x86_64/nvme.c:232:56: warning: conversion from ‘int’ to ‘uint8_t’ {或称 ‘unsigned char’} may change value [-Wconversion]
  232 |                     uint32_t bar0_hi = pci_read_config(b, d, f, NVME_PCI_BAR1_OFFSET);
      |                                                        ^
kernel/arch/x86_64/nvme.c:232:59: warning: conversion from ‘int’ to ‘uint8_t’ {或称 ‘unsigned char’} may change value [-Wconversion]
  232 |                     uint32_t bar0_hi = pci_read_config(b, d, f, NVME_PCI_BAR1_OFFSET);
      |                                                           ^
kernel/arch/x86_64/nvme.c:232:62: warning: conversion from ‘int’ to ‘uint8_t’ {或称 ‘unsigned char’} may change value [-Wconversion]
  232 |                     uint32_t bar0_hi = pci_read_config(b, d, f, NVME_PCI_BAR1_OFFSET);
      |                                                              ^
kernel/arch/x86_64/nvme.c:248:56: warning: conversion from ‘int’ to ‘uint8_t’ {或称 ‘unsigned char’} may change value [-Wconversion]
  248 |                     uint16_t cmd_reg = pci_read_config(b, d, f, NVME_PCI_COMMAND_OFFSET);
      |                                                        ^
kernel/arch/x86_64/nvme.c:248:59: warning: conversion from ‘int’ to ‘uint8_t’ {或称 ‘unsigned char’} may change value [-Wconversion]
  248 |                     uint16_t cmd_reg = pci_read_config(b, d, f, NVME_PCI_COMMAND_OFFSET);
      |                                                           ^
kernel/arch/x86_64/nvme.c:248:62: warning: conversion from ‘int’ to ‘uint8_t’ {或称 ‘unsigned char’} may change value [-Wconversion]
  248 |                     uint16_t cmd_reg = pci_read_config(b, d, f, NVME_PCI_COMMAND_OFFSET);
      |                                                              ^
kernel/arch/x86_64/nvme.c:248:40: warning: conversion from ‘uint32_t’ {或称 ‘unsigned int’} to ‘uint16_t’ {或称 ‘short unsigned int’} may change value [-Wconversion]
  248 |                     uint16_t cmd_reg = pci_read_config(b, d, f, NVME_PCI_COMMAND_OFFSET);
      |                                        ^~~~~~~~~~~~~~~
kernel/arch/x86_64/nvme.c:250:38: warning: conversion from ‘int’ to ‘uint8_t’ {或称 ‘unsigned char’} may change value [-Wconversion]
  250 |                     pci_write_config(b, d, f, NVME_PCI_COMMAND_OFFSET, cmd_reg);
      |                                      ^
kernel/arch/x86_64/nvme.c:250:41: warning: conversion from ‘int’ to ‘uint8_t’ {或称 ‘unsigned char’} may change value [-Wconversion]
  250 |                     pci_write_config(b, d, f, NVME_PCI_COMMAND_OFFSET, cmd_reg);
      |                                         ^
kernel/arch/x86_64/nvme.c:250:44: warning: conversion from ‘int’ to ‘uint8_t’ {或称 ‘unsigned char’} may change value [-Wconversion]
  250 |                     pci_write_config(b, d, f, NVME_PCI_COMMAND_OFFSET, cmd_reg);
      |                                            ^
kernel/arch/x86_64/nvme.c: 在函数‘nvme_get_info’中:
kernel/arch/x86_64/nvme.c:791:22: warning: conversion from ‘uint32_t’ {或称 ‘unsigned int’} to ‘uint16_t’ {或称 ‘short unsigned int’} may change value [-Wconversion]
  791 |     uint16_t major = (vs >> 16) & 0xFFFF;
      |                      ^
kernel/arch/x86_64/nvme.c: 在文件作用域：
kernel/arch/x86_64/nvme.c:185:12: warning: ‘nvme_poll_admin_cq’ 在此处定义 [-Wunused-function]
  185 | static int nvme_poll_admin_cq(nvme_controller_t *ctrl, nvme_cqe_t *cqe)
      |            ^~~~~~~~~~~~~~~~~~
<1> Building kernel/arch/x86_64/ntfs.c
<3> Building kernel/arch/x86_64/netfilter.c
kernel/arch/x86_64/ntfs.c: 在函数‘write_attr_filename’中:
kernel/arch/x86_64/ntfs.c:181:28: warning: taking address of packed member of ‘struct <匿名>’ may result in an unaligned pointer value [-Waddress-of-packed-member]
  181 |     ascii_to_utf16(name, fn->file_name, NTFS_MAX_FILENAME_LEN);
      |                          ~~^~~~~~~~~~~
In file included from kernel/arch/x86_64/include/arch/types.h:5,
                 from kernel/arch/x86_64/include/arch/ntfs.h:4,
                 from kernel/arch/x86_64/ntfs.c:1:
include/stddef.h:10:33: warning: 将一个指针转换为大小不同的整数 [-Wpointer-to-int-cast]
   10 | #define offsetof(type, member) ((size_t)&((type*)0)->member)
      |                                 ^
kernel/arch/x86_64/ntfs.c:16:35: note: in expansion of macro ‘offsetof’
   16 | #define ATTR_FILENAME_BASE_SIZE   offsetof(NTFS_FILE_NAME, file_name)
      |                                   ^~~~~~~~
kernel/arch/x86_64/ntfs.c:185:25: note: in expansion of macro ‘ATTR_FILENAME_BASE_SIZE’
  185 |     uint32_t val_size = ATTR_FILENAME_BASE_SIZE + (uint32_t)sizeof(uint16_t) * name_len;
      |                         ^~~~~~~~~~~~~~~~~~~~~~~
kernel/arch/x86_64/ntfs.c: 在函数‘get_filename_attr’中:
include/stddef.h:10:33: warning: 将一个指针转换为大小不同的整数 [-Wpointer-to-int-cast]
   10 | #define offsetof(type, member) ((size_t)&((type*)0)->member)
      |                                 ^
kernel/arch/x86_64/ntfs.c:16:35: note: in expansion of macro ‘offsetof’
   16 | #define ATTR_FILENAME_BASE_SIZE   offsetof(NTFS_FILE_NAME, file_name)
      |                                   ^~~~~~~~
kernel/arch/x86_64/ntfs.c:599:34: note: in expansion of macro ‘ATTR_FILENAME_BASE_SIZE’
  599 |     if (val == NULL || val_len < ATTR_FILENAME_BASE_SIZE) {
      |                                  ^~~~~~~~~~~~~~~~~~~~~~~
<0> Building kernel/arch/x86_64/net.c
<3> Building kernel/arch/x86_64/mouse.c
在函数‘write_attr_data_resident’中,
    内联自‘create_file’于 kernel/arch/x86_64/ntfs.c:470:15:
kernel/arch/x86_64/ntfs.c:199:22: warning: potential null pointer dereference [-Wnull-dereference]
  199 |     ah->attribute_id = (uint16_t)attr_id;
      |     ~~~~~~~~~~~~~~~~~^~~~~~~~~~~~~~~~~~~
kernel/arch/x86_64/ntfs.c:198:22: warning: potential null pointer dereference [-Wnull-dereference]
  198 |     ah->non_resident = 0;
      |     ~~~~~~~~~~~~~~~~~^~~
kernel/arch/x86_64/ntfs.c:197:14: warning: potential null pointer dereference [-Wnull-dereference]
  197 |     ah->type = NTFS_ATTRIBUTE_DATA;
在函数‘write_attr_data_nonresident’中,
    内联自‘create_file’于 kernel/arch/x86_64/ntfs.c:485:15:
kernel/arch/x86_64/ntfs.c:223:42: warning: potential null pointer dereference [-Wnull-dereference]
  223 |     ah->data.non_resident.allocated_size = alloc_size;
      |     ~~~~~~~~~~~~~~~~~~~~~~~~~~~~~~~~~~~~~^~~~~~~~~~~~
kernel/arch/x86_64/ntfs.c:226:43: warning: potential null pointer dereference [-Wnull-dereference]
  226 |     ah->data.non_resident.compressed_size = alloc_size;
      |     ~~~~~~~~~~~~~~~~~~~~~~~~~~~~~~~~~~~~~~^~~~~~~~~~~~
kernel/arch/x86_64/ntfs.c:219:22: warning: potential null pointer dereference [-Wnull-dereference]
  219 |     ah->attribute_id = (uint16_t)attr_id;
      |     ~~~~~~~~~~~~~~~~~^~~~~~~~~~~~~~~~~~~
kernel/arch/x86_64/ntfs.c:227:16: warning: potential null pointer dereference [-Wnull-dereference]
  227 |     ah->length = (uint32_t)sizeof(NTFS_ATTRIBUTE_HEADER);
      |     ~~~~~~~~~~~^~~~~~~~~~~~~~~~~~~~~~~~~~~~~~~~~~~~~~~~~
kernel/arch/x86_64/ntfs.c:225:44: warning: potential null pointer dereference [-Wnull-dereference]
  225 |     ah->data.non_resident.initialized_size = data_size;
      |     ~~~~~~~~~~~~~~~~~~~~~~~~~~~~~~~~~~~~~~~^~~~~~~~~~~
kernel/arch/x86_64/ntfs.c:224:37: warning: potential null pointer dereference [-Wnull-dereference]
  224 |     ah->data.non_resident.data_size = data_size;
      |     ~~~~~~~~~~~~~~~~~~~~~~~~~~~~~~~~^~~~~~~~~~~
kernel/arch/x86_64/ntfs.c:222:43: warning: potential null pointer dereference [-Wnull-dereference]
  222 |     ah->data.non_resident.data_run_offset = (uint16_t)(sizeof(NTFS_ATTRIBUTE_HEADER));
      |     ~~~~~~~~~~~~~~~~~~~~~~~~~~~~~~~~~~~~~~^~~~~~~~~~~~~~~~~~~~~~~~~~~~~~~~~~~~~~~~~~~
kernel/arch/x86_64/ntfs.c:221:36: warning: potential null pointer dereference [-Wnull-dereference]
  221 |     ah->data.non_resident.high_vcn = 0;
      |     ~~~~~~~~~~~~~~~~~~~~~~~~~~~~~~~^~~
kernel/arch/x86_64/ntfs.c:220:35: warning: potential null pointer dereference [-Wnull-dereference]
  220 |     ah->data.non_resident.low_vcn = 0;
      |     ~~~~~~~~~~~~~~~~~~~~~~~~~~~~~~^~~
kernel/arch/x86_64/ntfs.c:218:22: warning: potential null pointer dereference [-Wnull-dereference]
  218 |     ah->non_resident = 1;
      |     ~~~~~~~~~~~~~~~~~^~~
kernel/arch/x86_64/ntfs.c:217:14: warning: potential null pointer dereference [-Wnull-dereference]
  217 |     ah->type = NTFS_ATTRIBUTE_DATA;
在函数‘write_attr_end’中,
    内联自‘create_file’于 kernel/arch/x86_64/ntfs.c:491:11:
kernel/arch/x86_64/ntfs.c:270:16: warning: potential null pointer dereference [-Wnull-dereference]
  270 |     ah->length = (uint32_t)sizeof(NTFS_ATTRIBUTE_HEADER);
      |     ~~~~~~~~~~~^~~~~~~~~~~~~~~~~~~~~~~~~~~~~~~~~~~~~~~~~
kernel/arch/x86_64/ntfs.c:269:14: warning: potential null pointer dereference [-Wnull-dereference]
  269 |     ah->type = NTFS_ATTRIBUTE_END;
kernel/arch/x86_64/net.c: 在函数‘parse_ip_addr’中:
kernel/arch/x86_64/net.c:86:16: warning: ‘uint32_t’ {或称 ‘unsigned int’}转换自‘int’时可能会改变结果的符号 [-Wsign-conversion]
   86 |             ip |= (octet << shift);
      |                ^~
kernel/arch/x86_64/net.c:94:8: warning: ‘uint32_t’ {或称 ‘unsigned int’}转换自‘int’时可能会改变结果的符号 [-Wsign-conversion]
   94 |     ip |= (octet << shift);
      |        ^~
kernel/arch/x86_64/net.c: 在函数‘parse_mac_addr’中:
kernel/arch/x86_64/net.c:105:56: warning: ‘unsigned int’转换自‘int’时可能会改变结果的符号 [-Wsign-conversion]
  105 |             if (c >= '0' && c <= '9') byte = byte * 16 + (c - '0');
      |                                                        ^
kernel/arch/x86_64/net.c:106:61: warning: ‘unsigned int’转换自‘int’时可能会改变结果的符号 [-Wsign-conversion]
  106 |             else if (c >= 'a' && c <= 'f') byte = byte * 16 + (c - 'a' + 10);
      |                                                             ^
kernel/arch/x86_64/net.c:107:61: warning: ‘unsigned int’转换自‘int’时可能会改变结果的符号 [-Wsign-conversion]
  107 |             else if (c >= 'A' && c <= 'F') byte = byte * 16 + (c - 'A' + 10);
      |                                                             ^
kernel/arch/x86_64/net.c: 在函数‘dhcp_parse_response’中:
kernel/arch/x86_64/net.c:243:24: warning: conversion from ‘long long unsigned int’ to ‘uint32_t’ {或称 ‘unsigned int’} may change value [-Wconversion]
  243 |     uint32_t opt_len = len - (sizeof(dhcp_packet_t) - 312);
      |                        ^~~
kernel/arch/x86_64/net.c: 在函数‘ip_handle_packet’中:
kernel/arch/x86_64/net.c:479:28: warning: conversion from ‘int’ to ‘uint16_t’ {或称 ‘short unsigned int’} may change value [-Wconversion]
  479 |     uint16_t payload_len = total_len - ((ip->version_ihl & 0x0F) * 4);
      |                            ^~~~~~~~~
kernel/arch/x86_64/net.c: 在函数‘tcp_find_socket’中:
kernel/arch/x86_64/net.c:543:47: warning: ‘local_ip’的声明隐藏了一个全局声明 [-Wshadow]
  543 | static tcp_socket_t* tcp_find_socket(uint32_t local_ip, uint16_t local_port,
      |                                      ~~~~~~~~~^~~~~~~~
kernel/arch/x86_64/net.c:10:17: note: 被隐藏的声明在这里
   10 | static uint32_t local_ip  = 0;
      |                 ^~~~~~~~
kernel/arch/x86_64/net.c:543:47: warning: 未使用的参数‘local_ip’ [-Wunused-parameter]
  543 | static tcp_socket_t* tcp_find_socket(uint32_t local_ip, uint16_t local_port,
      |                                      ~~~~~~~~~^~~~~~~~
kernel/arch/x86_64/mouse.c: 在函数‘mouse_process_packet’中:
kernel/arch/x86_64/mouse.c:131:39: warning: ‘unsigned int’转换自‘int32_t’ {或称 ‘int’}时可能会改变结果的符号 [-Wsign-conversion]
  131 |     if (flags & 0x10) pkt.dx = pkt.dx | 0xFFFFFF00;
      |                                       ^
kernel/arch/x86_64/mouse.c:131:32: warning: ‘int32_t’ {或称 ‘int’}转换自‘unsigned int’时可能会改变结果的符号 [-Wsign-conversion]
  131 |     if (flags & 0x10) pkt.dx = pkt.dx | 0xFFFFFF00;
      |                                ^~~
kernel/arch/x86_64/mouse.c:132:39: warning: ‘unsigned int’转换自‘int32_t’ {或称 ‘int’}时可能会改变结果的符号 [-Wsign-conversion]
  132 |     if (flags & 0x20) pkt.dy = pkt.dy | 0xFFFFFF00;
      |                                       ^
kernel/arch/x86_64/mouse.c:132:32: warning: ‘int32_t’ {或称 ‘int’}转换自‘unsigned int’时可能会改变结果的符号 [-Wsign-conversion]
  132 |     if (flags & 0x20) pkt.dy = pkt.dy | 0xFFFFFF00;
      |                                ^~~
kernel/arch/x86_64/net.c: 在函数‘udp_handle_packet’中:
kernel/arch/x86_64/net.c:905:25: warning: conversion from ‘long long unsigned int’ to ‘uint16_t’ {或称 ‘short unsigned int’} may change value [-Wconversion]
  905 |     uint16_t data_len = ntohs(udp->len) - sizeof(udp_header_t);
      |                         ^~~~~
kernel/arch/x86_64/mouse.c: 在文件作用域：
kernel/arch/x86_64/mouse.c:58:12: warning: ‘mouse_send_command’ 在此处定义 [-Wunused-function]
   58 | static int mouse_send_command(uint8_t cmd)
      |            ^~~~~~~~~~~~~~~~~~
在函数‘write_attr_index_root’中,
    内联自‘create_standard_metadata_file.isra’于 kernel/arch/x86_64/ntfs.c:394:15:
kernel/arch/x86_64/ntfs.c:261:16: warning: potential null pointer dereference [-Wnull-dereference]
  261 |     ah->length = (uint32_t)(sizeof(NTFS_ATTRIBUTE_HEADER) + total);
      |     ~~~~~~~~~~~^~~~~~~~~~~~~~~~~~~~~~~~~~~~~~~~~~~~~~~~~~~~~~~~~~~
kernel/arch/x86_64/ntfs.c:259:36: warning: potential null pointer dereference [-Wnull-dereference]
  259 |     ah->data.resident.value_length = total;
      |     ~~~~~~~~~~~~~~~~~~~~~~~~~~~~~~~^~~~~~~
kernel/arch/x86_64/ntfs.c:238:22: warning: potential null pointer dereference [-Wnull-dereference]
  238 |     ah->attribute_id = (uint16_t)attr_id;
      |     ~~~~~~~~~~~~~~~~~^~~~~~~~~~~~~~~~~~~
kernel/arch/x86_64/ntfs.c:260:36: warning: potential null pointer dereference [-Wnull-dereference]
  260 |     ah->data.resident.value_offset = (uint16_t)sizeof(NTFS_ATTRIBUTE_HEADER);
      |     ~~~~~~~~~~~~~~~~~~~~~~~~~~~~~~~^~~~~~~~~~~~~~~~~~~~~~~~~~~~~~~~~~~~~~~~~
kernel/arch/x86_64/ntfs.c:256:19: warning: potential null pointer dereference [-Wnull-dereference]
  256 |     ih->leaf_flag = leaf_flag;
      |     ~~~~~~~~~~~~~~^~~~~~~~~~~
kernel/arch/x86_64/ntfs.c:255:24: warning: potential null pointer dereference [-Wnull-dereference]
  255 |     ih->allocated_size = NTFS_INDEX_ROOT_SIZE - (uint32_t)sizeof(NTFS_INDEX_HEADER) - 16U;
      |     ~~~~~~~~~~~~~~~~~~~^~~~~~~~~~~~~~~~~~~~~~~~~~~~~~~~~~~~~~~~~~~~~~~~~~~~~~~~~~~~~~~~~~
kernel/arch/x86_64/ntfs.c:254:28: warning: potential null pointer dereference [-Wnull-dereference]
  254 |     ih->index_entries_size = entries_size;
      |     ~~~~~~~~~~~~~~~~~~~~~~~^~~~~~~~~~~~~~
kernel/arch/x86_64/ntfs.c:253:24: warning: potential null pointer dereference [-Wnull-dereference]
  253 |     ih->entries_offset = (uint32_t)sizeof(NTFS_INDEX_HEADER);
      |     ~~~~~~~~~~~~~~~~~~~^~~~~~~~~~~~~~~~~~~~~~~~~~~~~~~~~~~~~
kernel/arch/x86_64/ntfs.c:250:23: warning: potential null pointer dereference [-Wnull-dereference]
  250 |     *clusters_per_rec = 1;
      |     ~~~~~~~~~~~~~~~~~~^~~
kernel/arch/x86_64/ntfs.c:247:21: warning: potential null pointer dereference [-Wnull-dereference]
  247 |     *idx_block_size = 4096;
      |     ~~~~~~~~~~~~~~~~^~~~~~
kernel/arch/x86_64/ntfs.c:244:15: warning: potential null pointer dereference [-Wnull-dereference]
  244 |     *idx_type = NTFS_ATTRIBUTE_FILE_NAME;
kernel/arch/x86_64/ntfs.c:237:22: warning: potential null pointer dereference [-Wnull-dereference]
  237 |     ah->non_resident = 0;
      |     ~~~~~~~~~~~~~~~~~^~~
kernel/arch/x86_64/ntfs.c:236:14: warning: potential null pointer dereference [-Wnull-dereference]
  236 |     ah->type = NTFS_ATTRIBUTE_INDEX_ROOT;
在函数‘write_attr_end’中,
    内联自‘create_standard_metadata_file.isra’于 kernel/arch/x86_64/ntfs.c:399:11:
kernel/arch/x86_64/ntfs.c:270:16: warning: potential null pointer dereference [-Wnull-dereference]
  270 |     ah->length = (uint32_t)sizeof(NTFS_ATTRIBUTE_HEADER);
      |     ~~~~~~~~~~~^~~~~~~~~~~~~~~~~~~~~~~~~~~~~~~~~~~~~~~~~
kernel/arch/x86_64/ntfs.c:269:14: warning: potential null pointer dereference [-Wnull-dereference]
  269 |     ah->type = NTFS_ATTRIBUTE_END;
在函数‘write_attr_index_root’中,
    内联自‘create_directory’于 kernel/arch/x86_64/ntfs.c:433:11:
kernel/arch/x86_64/ntfs.c:261:16: warning: potential null pointer dereference [-Wnull-dereference]
  261 |     ah->length = (uint32_t)(sizeof(NTFS_ATTRIBUTE_HEADER) + total);
      |     ~~~~~~~~~~~^~~~~~~~~~~~~~~~~~~~~~~~~~~~~~~~~~~~~~~~~~~~~~~~~~~
kernel/arch/x86_64/ntfs.c:259:36: warning: potential null pointer dereference [-Wnull-dereference]
  259 |     ah->data.resident.value_length = total;
      |     ~~~~~~~~~~~~~~~~~~~~~~~~~~~~~~~^~~~~~~
kernel/arch/x86_64/ntfs.c:238:22: warning: potential null pointer dereference [-Wnull-dereference]
  238 |     ah->attribute_id = (uint16_t)attr_id;
      |     ~~~~~~~~~~~~~~~~~^~~~~~~~~~~~~~~~~~~
kernel/arch/x86_64/ntfs.c:260:36: warning: potential null pointer dereference [-Wnull-dereference]
  260 |     ah->data.resident.value_offset = (uint16_t)sizeof(NTFS_ATTRIBUTE_HEADER);
      |     ~~~~~~~~~~~~~~~~~~~~~~~~~~~~~~~^~~~~~~~~~~~~~~~~~~~~~~~~~~~~~~~~~~~~~~~~
kernel/arch/x86_64/ntfs.c:256:19: warning: potential null pointer dereference [-Wnull-dereference]
  256 |     ih->leaf_flag = leaf_flag;
      |     ~~~~~~~~~~~~~~^~~~~~~~~~~
kernel/arch/x86_64/ntfs.c:255:24: warning: potential null pointer dereference [-Wnull-dereference]
  255 |     ih->allocated_size = NTFS_INDEX_ROOT_SIZE - (uint32_t)sizeof(NTFS_INDEX_HEADER) - 16U;
      |     ~~~~~~~~~~~~~~~~~~~^~~~~~~~~~~~~~~~~~~~~~~~~~~~~~~~~~~~~~~~~~~~~~~~~~~~~~~~~~~~~~~~~~
kernel/arch/x86_64/ntfs.c:254:28: warning: potential null pointer dereference [-Wnull-dereference]
  254 |     ih->index_entries_size = entries_size;
      |     ~~~~~~~~~~~~~~~~~~~~~~~^~~~~~~~~~~~~~
kernel/arch/x86_64/ntfs.c:253:24: warning: potential null pointer dereference [-Wnull-dereference]
  253 |     ih->entries_offset = (uint32_t)sizeof(NTFS_INDEX_HEADER);
      |     ~~~~~~~~~~~~~~~~~~~^~~~~~~~~~~~~~~~~~~~~~~~~~~~~~~~~~~~~
kernel/arch/x86_64/ntfs.c:250:23: warning: potential null pointer dereference [-Wnull-dereference]
  250 |     *clusters_per_rec = 1;
      |     ~~~~~~~~~~~~~~~~~~^~~
kernel/arch/x86_64/ntfs.c:247:21: warning: potential null pointer dereference [-Wnull-dereference]
  247 |     *idx_block_size = 4096;
      |     ~~~~~~~~~~~~~~~~^~~~~~
kernel/arch/x86_64/ntfs.c:244:15: warning: potential null pointer dereference [-Wnull-dereference]
  244 |     *idx_type = NTFS_ATTRIBUTE_FILE_NAME;
kernel/arch/x86_64/ntfs.c:237:22: warning: potential null pointer dereference [-Wnull-dereference]
  237 |     ah->non_resident = 0;
      |     ~~~~~~~~~~~~~~~~~^~~
kernel/arch/x86_64/ntfs.c:236:14: warning: potential null pointer dereference [-Wnull-dereference]
  236 |     ah->type = NTFS_ATTRIBUTE_INDEX_ROOT;
在函数‘write_attr_end’中,
    内联自‘create_directory’于 kernel/arch/x86_64/ntfs.c:437:11:
kernel/arch/x86_64/ntfs.c:270:16: warning: potential null pointer dereference [-Wnull-dereference]
  270 |     ah->length = (uint32_t)sizeof(NTFS_ATTRIBUTE_HEADER);
      |     ~~~~~~~~~~~^~~~~~~~~~~~~~~~~~~~~~~~~~~~~~~~~~~~~~~~~
kernel/arch/x86_64/ntfs.c:269:14: warning: potential null pointer dereference [-Wnull-dereference]
  269 |     ah->type = NTFS_ATTRIBUTE_END;
<3> Building kernel/arch/x86_64/mmap.c
kernel/arch/x86_64/mmap.c: 在函数‘mmap_context_destroy’中:
kernel/arch/x86_64/mmap.c:111:26: warning: 未使用的变量‘vaddr’ [-Wunused-variable]
  111 |                 uint64_t vaddr = area->start + j * PAGE_SIZE;
      |                          ^~~~~
kernel/arch/x86_64/mmap.c: 在函数‘mmap_do_mmap’中:
kernel/arch/x86_64/mmap.c:383:18: warning: 变量‘cow_pte_flags’被设定但未被使用 [-Wunused-but-set-variable=]
  383 |         uint64_t cow_pte_flags = pte_flags & ~(uint64_t)PAGE_WRITABLE;
      |                  ^~~~~~~~~~~~~
<2> Building kernel/arch/x86_64/memory.c
kernel/arch/x86_64/memory.c: 在函数‘memory_init’中:
kernel/arch/x86_64/memory.c:17:41: warning: unsigned conversion from ‘int’ to ‘uint64_t’ {或称 ‘long long unsigned int’} changes value from ‘-4096’ to ‘18446744073709547520’ [-Wsign-conversion]
   17 |     heap_start = (kend + PAGE_SIZE - 1) & ~(PAGE_SIZE - 1);
      |                                         ^
kernel/arch/x86_64/memory.c: 在函数‘kmalloc’中:
kernel/arch/x86_64/memory.c:38:45: warning: unsigned conversion from ‘int’ to ‘long unsigned int’ changes value from ‘-4096’ to ‘4294963200’ [-Wsign-conversion]
   38 |     size_t aligned = (size + PAGE_SIZE - 1) & ~(PAGE_SIZE - 1);
      |                                             ^
kernel/arch/x86_64/memory.c:39:33: warning: comparison of integer expressions of different signedness: ‘int’ and ‘size_t’ {或称 ‘long unsigned int’} [-Wsign-compare]
   39 |     while ((PAGE_SIZE << order) < aligned && order < BUDDY_MAX_ORDER) {
      |                                 ^
kernel/arch/x86_64/memory.c: 在函数‘krealloc’中:
kernel/arch/x86_64/memory.c:70:30: warning: conversion from ‘uint64_t’ {或称 ‘long long unsigned int’} to ‘size_t’ {或称 ‘long unsigned int’} may change value [-Wconversion]
   70 |     if (!ptr) return kmalloc(new_size);
      |                              ^~~~~~~~
kernel/arch/x86_64/memory.c:73:29: warning: conversion from ‘uint64_t’ {或称 ‘long long unsigned int’} to ‘size_t’ {或称 ‘long unsigned int’} may change value [-Wconversion]
   73 |     void* new_ptr = kmalloc(new_size);
      |                             ^~~~~~~~
kernel/arch/x86_64/memory.c:75:30: warning: conversion from ‘uint64_t’ {或称 ‘long long unsigned int’} to ‘size_t’ {或称 ‘long unsigned int’} may change value [-Wconversion]
   75 |         memcpy(new_ptr, ptr, new_size);
      |                              ^~~~~~~~
kernel/arch/x86_64/memory.c: 在函数‘memory_alloc_physical’中:
kernel/arch/x86_64/memory.c:81:41: warning: 未使用的参数‘count’ [-Wunused-parameter]
   81 | uint64_t memory_alloc_physical(uint64_t count)
      |                                ~~~~~~~~~^~~~~
kernel/arch/x86_64/memory.c: 在函数‘memory_alloc’中:
kernel/arch/x86_64/memory.c:113:20: warning: conversion from ‘uint64_t’ {或称 ‘long long unsigned int’} to ‘size_t’ {或称 ‘long unsigned int’} may change value [-Wconversion]
  113 |     return kmalloc(size);
      |                    ^~~~
kernel/arch/x86_64/memory.c: 在函数‘memory_zalloc’中:
kernel/arch/x86_64/memory.c:123:20: warning: conversion from ‘uint64_t’ {或称 ‘long long unsigned int’} to ‘size_t’ {或称 ‘long unsigned int’} may change value [-Wconversion]
  123 |     return kzalloc(size);
      |                    ^~~~
kernel/arch/x86_64/memory.c: 在函数‘memory_alloc_aligned’中:
kernel/arch/x86_64/memory.c:134:48: warning: conversion from ‘uint64_t’ {或称 ‘long long unsigned int’} to ‘size_t’ {或称 ‘long unsigned int’} may change value [-Wconversion]
  134 |     if (alignment <= PAGE_SIZE) return kmalloc(size);
      |                                                ^~~~
kernel/arch/x86_64/memory.c:137:38: warning: conversion from ‘uint64_t’ {或称 ‘long long unsigned int’} to ‘size_t’ {或称 ‘long unsigned int’} may change value [-Wconversion]
  137 |     uint8_t* raw = (uint8_t*)kmalloc(extra);
      |                                      ^~~~~
<1> Building kernel/arch/x86_64/lsm.c
<2> Building kernel/arch/x86_64/ldso.c
kernel/arch/x86_64/ldso.c: 在函数‘ldso_read_at’中:
kernel/arch/x86_64/ldso.c:24:23: warning: ‘int64_t’ {或称 ‘long long int’}转换自‘uint64_t’ {或称 ‘long long unsigned int’}时可能会改变结果的符号 [-Wsign-conversion]
   24 |     if (vfs_lseek(fd, offset, 0) != (int64_t)offset)
      |                       ^~~~~~
kernel/arch/x86_64/ldso.c: 在函数‘ldso_elf_hash’中:
kernel/arch/x86_64/ldso.c:38:16: warning: conversion from ‘uint32_t’ {或称 ‘unsigned int’} to ‘uint8_t’ {或称 ‘unsigned char’} may change value [-Wconversion]
   38 |         high = h & 0xF0000000U;
      |                ^
kernel/arch/x86_64/ldso.c: 在函数‘ldso_load_library’中:
kernel/arch/x86_64/ldso.c:375:35: warning: conversion from ‘uint64_t’ {或称 ‘long long unsigned int’} to ‘size_t’ {或称 ‘long unsigned int’} may change value [-Wconversion]
  375 |     memset((void*)map_base, 0, lib->load_size);
      |                                ~~~^~~~~~~~~~~
kernel/arch/x86_64/ldso.c: 在函数‘ldso_relocate’中:
kernel/arch/x86_64/ldso.c:582:32: warning: ‘long long unsigned int’转换自‘int64_t’ {或称 ‘long long int’}时可能会改变结果的符号 [-Wsign-conversion]
  582 |                 *target = base + rel->r_addend;
      |                                ^
kernel/arch/x86_64/ldso.c:591:36: warning: ‘long long unsigned int’转换自‘int64_t’ {或称 ‘long long int’}时可能会改变结果的符号 [-Wsign-conversion]
  591 |                 *target = sym_addr + rel->r_addend;
      |                                    ^
kernel/arch/x86_64/ldso.c:601:49: warning: ‘long long unsigned int’转换自‘int64_t’ {或称 ‘long long int’}时可能会改变结果的符号 [-Wsign-conversion]
  601 |                 *target32 = (uint32_t)(sym_addr + rel->r_addend - (uint64_t)target);
      |                                                 ^
kernel/arch/x86_64/ldso.c:632:32: warning: ‘long long unsigned int’转换自‘int64_t’ {或称 ‘long long int’}时可能会改变结果的符号 [-Wsign-conversion]
  632 |                 *target = base + rel->r_addend;
      |                                ^
kernel/arch/x86_64/ldso.c:640:36: warning: ‘long long unsigned int’转换自‘int64_t’ {或称 ‘long long int’}时可能会改变结果的符号 [-Wsign-conversion]
  640 |                 *target = sym_addr + rel->r_addend;
      |                                    ^
kernel/arch/x86_64/ldso.c:649:49: warning: ‘long long unsigned int’转换自‘int64_t’ {或称 ‘long long int’}时可能会改变结果的符号 [-Wsign-conversion]
  649 |                 *target32 = (uint32_t)(sym_addr + rel->r_addend - (uint64_t)target);
      |                                                 ^
kernel/arch/x86_64/ldso.c: 在函数‘ldso_call_init’中:
kernel/arch/x86_64/ldso.c:690:36: warning: ISO C 不允许将一个对象指针转换为一个函数指针 [-Wpedantic]
  690 |                 void (*fn)(void) = (void(*)(void))lib->init_array[j];
      |                                    ^
kernel/arch/x86_64/ldso.c: 在函数‘ldso_call_fini’中:
kernel/arch/x86_64/ldso.c:715:36: warning: ISO C 不允许将一个对象指针转换为一个函数指针 [-Wpedantic]
  715 |                 void (*fn)(void) = (void(*)(void))lib->fini_array[j];
      |                                    ^
kernel/arch/x86_64/ldso.c: 在函数‘ldso_unload_library’中:
kernel/arch/x86_64/ldso.c:760:36: warning: ISO C 不允许将一个对象指针转换为一个函数指针 [-Wpedantic]
  760 |                 void (*fn)(void) = (void(*)(void))lib->fini_array[j];
      |                                    ^
<3> Building kernel/arch/x86_64/kvm.c
kernel/arch/x86_64/kvm.c: 在函数‘alloc_page_aligned’中:
kernel/arch/x86_64/kvm.c:32:23: warning: conversion from ‘u64’ {或称 ‘long long unsigned int’} to ‘size_t’ {或称 ‘long unsigned int’} may change value [-Wconversion]
   32 |     void *p = kzalloc(size);
      |                       ^~~~
kernel/arch/x86_64/kvm.c: 在函数‘vmx_handle_cr_access’中:
kernel/arch/x86_64/kvm.c:405:9: warning: 未使用的变量‘gpr’ [-Wunused-variable]
  405 |     u32 gpr = (exit_qual >> 8) & 0xF;
      |         ^~~
kernel/arch/x86_64/kvm.c:404:9: warning: 未使用的变量‘access_type’ [-Wunused-variable]
  404 |     u32 access_type = (exit_qual >> 4) & 0x3;
      |         ^~~~~~~~~~~
kernel/arch/x86_64/kvm.c: 在函数‘ept_map_page’中:
kernel/arch/x86_64/kvm.c:510:58: warning: conversion from ‘u64’ {或称 ‘long long unsigned int’} to ‘u32’ {或称 ‘unsigned int’} may change value [-Wconversion]
  510 |         u64 *entry = ept_get_entry(ept_root, level_offset[level]);
      |                                              ~~~~~~~~~~~~^~~~~~~
kernel/arch/x86_64/kvm.c:520:53: warning: conversion from ‘u64’ {或称 ‘long long unsigned int’} to ‘u32’ {或称 ‘unsigned int’} may change value [-Wconversion]
  520 |     u64 *leaf = ept_get_entry(ept_root, level_offset[0]);
      |                                         ~~~~~~~~~~~~^~~
<0> Building kernel/arch/x86_64/keyboard.c
kernel/arch/x86_64/keyboard.c: 在函数‘__kbd_handle_key’中:
kernel/arch/x86_64/keyboard.c:129:44: warning: unsigned conversion from ‘int’ to ‘uint32_t’ {或称 ‘unsigned int’} changes value from ‘-2’ to ‘4294967294’ [-Wsign-conversion]
  129 |                 if (release) kbd_modifiers &= ~KEYMOD_LSHIFT;
      |                                            ^~
kernel/arch/x86_64/keyboard.c:133:44: warning: unsigned conversion from ‘int’ to ‘uint32_t’ {或称 ‘unsigned int’} changes value from ‘-3’ to ‘4294967293’ [-Wsign-conversion]
  133 |                 if (release) kbd_modifiers &= ~KEYMOD_RSHIFT;
      |                                            ^~
kernel/arch/x86_64/keyboard.c:138:48: warning: unsigned conversion from ‘int’ to ‘uint32_t’ {或称 ‘unsigned int’} changes value from ‘-9’ to ‘4294967287’ [-Wsign-conversion]
  138 |                     if (release) kbd_modifiers &= ~KEYMOD_RCTRL;
      |                                                ^~
kernel/arch/x86_64/keyboard.c:141:48: warning: unsigned conversion from ‘int’ to ‘uint32_t’ {或称 ‘unsigned int’} changes value from ‘-5’ to ‘4294967291’ [-Wsign-conversion]
  141 |                     if (release) kbd_modifiers &= ~KEYMOD_LCTRL;
      |                                                ^~
kernel/arch/x86_64/keyboard.c:148:48: warning: unsigned conversion from ‘int’ to ‘uint32_t’ {或称 ‘unsigned int’} changes value from ‘-33’ to ‘4294967263’ [-Wsign-conversion]
  148 |                     if (release) kbd_modifiers &= ~KEYMOD_RALT;
      |                                                ^~
kernel/arch/x86_64/keyboard.c:151:48: warning: unsigned conversion from ‘int’ to ‘uint32_t’ {或称 ‘unsigned int’} changes value from ‘-17’ to ‘4294967279’ [-Wsign-conversion]
  151 |                     if (release) kbd_modifiers &= ~KEYMOD_LALT;
      |                                                ^~
kernel/arch/x86_64/keyboard.c:159:31: warning: unsigned conversion from ‘int’ to ‘uint8_t’ {或称 ‘unsigned char’} changes the value of ‘-5’ [-Wsign-conversion]
  159 |                     kbd_led = (kbd_modifiers & KEYMOD_CAPSLOCK) ? (kbd_led | KBD_LED_CAPS) : (kbd_led & ~KBD_LED_CAPS);
      |                               ^
kernel/arch/x86_64/keyboard.c:166:31: warning: unsigned conversion from ‘int’ to ‘uint8_t’ {或称 ‘unsigned char’} changes the value of ‘-3’ [-Wsign-conversion]
  166 |                     kbd_led = (kbd_modifiers & KEYMOD_NUMLOCK) ? (kbd_led | KBD_LED_NUM) : (kbd_led & ~KBD_LED_NUM);
      |                               ^
kernel/arch/x86_64/keyboard.c:173:31: warning: unsigned conversion from ‘int’ to ‘uint8_t’ {或称 ‘unsigned char’} changes the value of ‘-2’ [-Wsign-conversion]
  173 |                     kbd_led = (kbd_modifiers & KEYMOD_SCROLLLOCK) ? (kbd_led | KBD_LED_SCROLL) : (kbd_led & ~KBD_LED_SCROLL);
      |                               ^
kernel/arch/x86_64/keyboard.c:183:40: warning: unsigned conversion from ‘int’ to ‘uint32_t’ {或称 ‘unsigned int’} changes value from ‘-513’ to ‘4294966783’ [-Wsign-conversion]
  183 |             if (release) kbd_modifiers &= ~KEYMOD_LWIN;
      |                                        ^~
kernel/arch/x86_64/keyboard.c:186:40: warning: unsigned conversion from ‘int’ to ‘uint32_t’ {或称 ‘unsigned int’} changes value from ‘-1025’ to ‘4294966271’ [-Wsign-conversion]
  186 |             if (release) kbd_modifiers &= ~KEYMOD_RWIN;
      |                                        ^~
kernel/arch/x86_64/keyboard.c:207:24: warning: ‘char’转换自‘uint8_t’ {或称 ‘unsigned char’}时可能会改变结果的符号 [-Wsign-conversion]
  207 |             ev.ascii = scancode_set1_shift[scancode];
      |                        ^~~~~~~~~~~~~~~~~~~
kernel/arch/x86_64/keyboard.c:209:24: warning: ‘char’转换自‘uint8_t’ {或称 ‘unsigned char’}时可能会改变结果的符号 [-Wsign-conversion]
  209 |             ev.ascii = scancode_set1_normal[scancode];
      |                        ^~~~~~~~~~~~~~~~~~~~
kernel/arch/x86_64/keyboard.c: 在函数‘keyboard_init’中:
kernel/arch/x86_64/keyboard.c:249:27: warning: ISO C 不允许将一个函数指针转换为一个对象指针 [-Wpedantic]
  249 |     interrupt_register(1, (void*)keyboard_irq_handler);
      |                           ^
<1> Building kernel/arch/x86_64/jbd2.c
kernel/arch/x86_64/jbd2.c: 在函数‘jbd2_journal_load’中:
kernel/arch/x86_64/jbd2.c:302:59: warning: conversion from ‘long long unsigned int’ to ‘size_t’ {或称 ‘long unsigned int’} may change value [-Wconversion]
  302 |     uint64_t* recovery_blk_nos = kmalloc(sizeof(uint64_t) * max_scanned);
      |                                          ~~~~~~~~~~~~~~~~~^~~~~~~~~~~~~
kernel/arch/x86_64/jbd2.c:303:59: warning: conversion from ‘long long unsigned int’ to ‘size_t’ {或称 ‘long unsigned int’} may change value [-Wconversion]
  303 |     uint64_t* recovery_tids    = kmalloc(sizeof(uint64_t) * max_scanned);
      |                                          ~~~~~~~~~~~~~~~~~^~~~~~~~~~~~~
kernel/arch/x86_64/jbd2.c:304:59: warning: conversion from ‘long long unsigned int’ to ‘size_t’ {或称 ‘long unsigned int’} may change value [-Wconversion]
  304 |     uint32_t* recovery_types   = kmalloc(sizeof(uint32_t) * max_scanned);
      |                                          ~~~~~~~~~~~~~~~~~^~~~~~~~~~~~~
kernel/arch/x86_64/jbd2.c:398:56: warning: ‘void *’型指针用在了算术表达式中 [-Wpointer-arith]
  398 |             uint64_t* block_nos = (uint64_t*)(scan_buf + sizeof(jbd2_block_header_t));
      |                                                        ^
kernel/arch/x86_64/jbd2.c: 在函数‘jbd2_trans_commit’中:
kernel/arch/x86_64/jbd2.c:627:52: warning: ‘void *’型指针用在了算术表达式中 [-Wpointer-arith]
  627 |         uint64_t* block_nos = (uint64_t*)(desc_buf + sizeof(jbd2_block_header_t));
      |                                                    ^
kernel/arch/x86_64/jbd2.c: 在函数‘jbd2_trans_abort’中:
kernel/arch/x86_64/jbd2.c:759:20: warning: unsigned conversion from ‘int’ to ‘uint32_t’ {或称 ‘unsigned int’} changes value from ‘-2’ to ‘4294967294’ [-Wsign-conversion]
  759 |         blk->flags &= ~JBD2_BLOCK_DIRTY;
      |                    ^~
kernel/arch/x86_64/jbd2.c: 在函数‘jbd2_journal_checkpoint’中:
kernel/arch/x86_64/jbd2.c:867:32: warning: unsigned conversion from ‘int’ to ‘uint32_t’ {或称 ‘unsigned int’} changes value from ‘-2’ to ‘4294967294’ [-Wsign-conversion]
  867 |                     blk->flags &= ~JBD2_BLOCK_DIRTY;
      |                                ^~
kernel/arch/x86_64/jbd2.c:875:24: warning: unsigned conversion from ‘int’ to ‘uint32_t’ {或称 ‘unsigned int’} changes value from ‘-9’ to ‘4294967287’ [-Wsign-conversion]
  875 |             blk->flags &= ~JBD2_BLOCK_IN_LOG;
      |                        ^~
<0> Building kernel/arch/x86_64/ioapic.c
In file included from kernel/arch/x86_64/ioapic.c:3:
kernel/arch/x86_64/ioapic.c: 在函数‘ioapic_set_redirect’中:
kernel/arch/x86_64/include/arch/ioapic.h:15:32: warning: ‘uint32_t’ {或称 ‘unsigned int’}转换自‘int’时可能会改变结果的符号 [-Wsign-conversion]
   15 | #define IOAPIC_REG_REDIR_BASE  0x10
      |                                ^~~~
kernel/arch/x86_64/ioapic.c:70:20: note: in expansion of macro ‘IOAPIC_REG_REDIR_BASE’
   70 |     uint32_t reg = IOAPIC_REG_REDIR_BASE + irq_num * 2;
      |                    ^~~~~~~~~~~~~~~~~~~~~
kernel/arch/x86_64/ioapic.c: 在函数‘ioapic_mask_irq’中:
kernel/arch/x86_64/include/arch/ioapic.h:15:32: warning: ‘uint32_t’ {或称 ‘unsigned int’}转换自‘int’时可能会改变结果的符号 [-Wsign-conversion]
   15 | #define IOAPIC_REG_REDIR_BASE  0x10
      |                                ^~~~
kernel/arch/x86_64/ioapic.c:111:20: note: in expansion of macro ‘IOAPIC_REG_REDIR_BASE’
  111 |     uint32_t reg = IOAPIC_REG_REDIR_BASE + irq_num * 2;
      |                    ^~~~~~~~~~~~~~~~~~~~~
kernel/arch/x86_64/ioapic.c: 在函数‘ioapic_unmask_irq’中:
kernel/arch/x86_64/include/arch/ioapic.h:15:32: warning: ‘uint32_t’ {或称 ‘unsigned int’}转换自‘int’时可能会改变结果的符号 [-Wsign-conversion]
   15 | #define IOAPIC_REG_REDIR_BASE  0x10
      |                                ^~~~
kernel/arch/x86_64/ioapic.c:120:20: note: in expansion of macro ‘IOAPIC_REG_REDIR_BASE’
  120 |     uint32_t reg = IOAPIC_REG_REDIR_BASE + irq_num * 2;
      |                    ^~~~~~~~~~~~~~~~~~~~~
kernel/arch/x86_64/ioapic.c:123:9: warning: unsigned conversion from ‘int’ to ‘uint32_t’ {或称 ‘unsigned int’} changes value from ‘-65537’ to ‘4294901759’ [-Wsign-conversion]
  123 |     low &= ~IOAPIC_MASKED;
      |         ^~
kernel/arch/x86_64/ioapic.c: 在函数‘ioapic_get_redirect_entry’中:
kernel/arch/x86_64/include/arch/ioapic.h:15:32: warning: ‘uint32_t’ {或称 ‘unsigned int’}转换自‘int’时可能会改变结果的符号 [-Wsign-conversion]
   15 | #define IOAPIC_REG_REDIR_BASE  0x10
      |                                ^~~~
kernel/arch/x86_64/ioapic.c:129:20: note: in expansion of macro ‘IOAPIC_REG_REDIR_BASE’
  129 |     uint32_t reg = IOAPIC_REG_REDIR_BASE + irq_num * 2;
      |                    ^~~~~~~~~~~~~~~~~~~~~
<2> Building kernel/arch/x86_64/idt.c
kernel/arch/x86_64/idt.c: 在函数‘idt_init’中:
kernel/arch/x86_64/idt.c:39:26: warning: conversion from ‘int’ to ‘uint8_t’ {或称 ‘unsigned char’} may change value [-Wconversion]
   39 |             idt_set_gate(i, (uint64_t)interrupt_handler_err, 0x08, 0x8E, 0);
      |                          ^
kernel/arch/x86_64/idt.c:41:26: warning: conversion from ‘int’ to ‘uint8_t’ {或称 ‘unsigned char’} may change value [-Wconversion]
   41 |             idt_set_gate(i, (uint64_t)interrupt_handler, 0x08, 0x8E, 0);
      |                          ^
kernel/arch/x86_64/idt.c: 在函数‘idt_set_gate’中:
kernel/arch/x86_64/idt.c:60:28: warning: conversion from ‘uint64_t’ {或称 ‘long long unsigned int’} to ‘uint32_t’ {或称 ‘unsigned int’} may change value [-Wconversion]
   60 |     idt[index].base_high = (handler >> 32) & 0xFFFFFFFF;
      |                            ^
<3> Building kernel/arch/x86_64/i2c.c
<0> Building kernel/arch/x86_64/hpet.c
kernel/arch/x86_64/i2c.c: 在函数‘i2c_smbus_wait_until_done’中:
kernel/arch/x86_64/i2c.c:55:13: warning: 未使用的变量‘status’ [-Wunused-variable]
   55 |     uint8_t status = i2c_smbus_read(bus->base_io, I2C_SMBUS_HST_STS);
      |             ^~~~~~
kernel/arch/x86_64/i2c.c: 在函数‘i2c_smbus_init’中:
kernel/arch/x86_64/i2c.c:118:54: warning: conversion from ‘int’ to ‘uint8_t’ {或称 ‘unsigned char’} may change value [-Wconversion]
  118 |                 uint32_t class_reg = pci_read_config(b, d, f, 0x08);
      |                                                      ^
kernel/arch/x86_64/i2c.c:118:57: warning: conversion from ‘int’ to ‘uint8_t’ {或称 ‘unsigned char’} may change value [-Wconversion]
  118 |                 uint32_t class_reg = pci_read_config(b, d, f, 0x08);
      |                                                         ^
kernel/arch/x86_64/i2c.c:118:60: warning: conversion from ‘int’ to ‘uint8_t’ {或称 ‘unsigned char’} may change value [-Wconversion]
  118 |                 uint32_t class_reg = pci_read_config(b, d, f, 0x08);
      |                                                            ^
kernel/arch/x86_64/i2c.c:121:38: warning: conversion from ‘uint32_t’ {或称 ‘unsigned int’} to ‘uint8_t’ {或称 ‘unsigned char’} may change value [-Wconversion]
  121 |                 uint8_t class_code = (class_reg >> 24) & 0xFF;
      |                                      ^
kernel/arch/x86_64/i2c.c:126:51: warning: conversion from ‘int’ to ‘uint8_t’ {或称 ‘unsigned char’} may change value [-Wconversion]
  126 |                 uint32_t id_reg = pci_read_config(b, d, f, 0x00);
      |                                                   ^
kernel/arch/x86_64/i2c.c:126:54: warning: conversion from ‘int’ to ‘uint8_t’ {或称 ‘unsigned char’} may change value [-Wconversion]
  126 |                 uint32_t id_reg = pci_read_config(b, d, f, 0x00);
      |                                                      ^
kernel/arch/x86_64/i2c.c:126:57: warning: conversion from ‘int’ to ‘uint8_t’ {或称 ‘unsigned char’} may change value [-Wconversion]
  126 |                 uint32_t id_reg = pci_read_config(b, d, f, 0x00);
      |                                                         ^
kernel/arch/x86_64/i2c.c:128:32: warning: conversion from ‘uint32_t’ {或称 ‘unsigned int’} to ‘uint16_t’ {或称 ‘short unsigned int’} may change value [-Wconversion]
  128 |                 uint16_t did = (id_reg >> 16) & 0xFFFF;
      |                                ^
kernel/arch/x86_64/i2c.c:130:62: warning: conversion from ‘int’ to ‘uint8_t’ {或称 ‘unsigned char’} may change value [-Wconversion]
  130 |                 uint16_t cmd_reg = (uint16_t)pci_read_config(b, d, f, 0x04);
      |                                                              ^
kernel/arch/x86_64/i2c.c:130:65: warning: conversion from ‘int’ to ‘uint8_t’ {或称 ‘unsigned char’} may change value [-Wconversion]
  130 |                 uint16_t cmd_reg = (uint16_t)pci_read_config(b, d, f, 0x04);
      |                                                                 ^
kernel/arch/x86_64/i2c.c:130:68: warning: conversion from ‘int’ to ‘uint8_t’ {或称 ‘unsigned char’} may change value [-Wconversion]
  130 |                 uint16_t cmd_reg = (uint16_t)pci_read_config(b, d, f, 0x04);
      |                                                                    ^
kernel/arch/x86_64/i2c.c:132:34: warning: conversion from ‘int’ to ‘uint8_t’ {或称 ‘unsigned char’} may change value [-Wconversion]
  132 |                 pci_write_config(b, d, f, 0x04, cmd_reg);
      |                                  ^
kernel/arch/x86_64/i2c.c:132:37: warning: conversion from ‘int’ to ‘uint8_t’ {或称 ‘unsigned char’} may change value [-Wconversion]
  132 |                 pci_write_config(b, d, f, 0x04, cmd_reg);
      |                                     ^
kernel/arch/x86_64/i2c.c:132:40: warning: conversion from ‘int’ to ‘uint8_t’ {或称 ‘unsigned char’} may change value [-Wconversion]
  132 |                 pci_write_config(b, d, f, 0x04, cmd_reg);
      |                                        ^
kernel/arch/x86_64/i2c.c:135:65: warning: conversion from ‘int’ to ‘uint8_t’ {或称 ‘unsigned char’} may change value [-Wconversion]
  135 |                 uint8_t header_type = (uint8_t)(pci_read_config(b, d, f, 0x0C) & 0xFF);
      |                                                                 ^
kernel/arch/x86_64/i2c.c:135:68: warning: conversion from ‘int’ to ‘uint8_t’ {或称 ‘unsigned char’} may change value [-Wconversion]
  135 |                 uint8_t header_type = (uint8_t)(pci_read_config(b, d, f, 0x0C) & 0xFF);
      |                                                                    ^
kernel/arch/x86_64/i2c.c:135:71: warning: conversion from ‘int’ to ‘uint8_t’ {或称 ‘unsigned char’} may change value [-Wconversion]
  135 |                 uint8_t header_type = (uint8_t)(pci_read_config(b, d, f, 0x0C) & 0xFF);
      |                                                                       ^
kernel/arch/x86_64/i2c.c:137:53: warning: conversion from ‘int’ to ‘uint8_t’ {或称 ‘unsigned char’} may change value [-Wconversion]
  137 |                     uint32_t bar4 = pci_read_config(b, d, f, 0x20);
      |                                                     ^
kernel/arch/x86_64/i2c.c:137:56: warning: conversion from ‘int’ to ‘uint8_t’ {或称 ‘unsigned char’} may change value [-Wconversion]
  137 |                     uint32_t bar4 = pci_read_config(b, d, f, 0x20);
      |                                                        ^
kernel/arch/x86_64/i2c.c:137:59: warning: conversion from ‘int’ to ‘uint8_t’ {或称 ‘unsigned char’} may change value [-Wconversion]
  137 |                     uint32_t bar4 = pci_read_config(b, d, f, 0x20);
      |                                                           ^
kernel/arch/x86_64/i2c.c:155:51: warning: conversion from ‘int’ to ‘uint8_t’ {或称 ‘unsigned char’} may change value [-Wconversion]
  155 |                 bus->pci_config = pci_read_config(b, d, f, 0x90);
      |                                                   ^
kernel/arch/x86_64/i2c.c:155:54: warning: conversion from ‘int’ to ‘uint8_t’ {或称 ‘unsigned char’} may change value [-Wconversion]
  155 |                 bus->pci_config = pci_read_config(b, d, f, 0x90);
      |                                                      ^
kernel/arch/x86_64/i2c.c:155:57: warning: conversion from ‘int’ to ‘uint8_t’ {或称 ‘unsigned char’} may change value [-Wconversion]
  155 |                 bus->pci_config = pci_read_config(b, d, f, 0x90);
      |                                                         ^
kernel/arch/x86_64/i2c.c: 在函数‘i2c_smbus_block_read’中:
kernel/arch/x86_64/i2c.c:230:67: warning: conversion from ‘uint32_t’ {或称 ‘unsigned int’} to ‘uint8_t’ {或称 ‘unsigned char’} may change value [-Wconversion]
  230 |         buf[i] = i2c_smbus_read(bus->base_io, I2C_SMBUS_HST_BLOCK + i);
kernel/arch/x86_64/i2c.c: 在函数‘i2c_smbus_block_write’中:
kernel/arch/x86_64/i2c.c:256:59: warning: conversion from ‘uint32_t’ {或称 ‘unsigned int’} to ‘uint8_t’ {或称 ‘unsigned char’} may change value [-Wconversion]
  256 |         i2c_smbus_write(bus->base_io, I2C_SMBUS_HST_BLOCK + i, buf[i]);
<2> Building kernel/arch/x86_64/hda.c
kernel/arch/x86_64/hda.c: 在函数‘hda_reset’中:
kernel/arch/x86_64/hda.c:66:37: warning: unsigned conversion from ‘int’ to ‘uint32_t’ {或称 ‘unsigned int’} changes value from ‘-2’ to ‘4294967294’ [-Wsign-conversion]
   66 |         hda_write32(dev, 0x08, gctl & ~0x01);
      |                                     ^
kernel/arch/x86_64/hda.c: 在函数‘hda_init’中:
kernel/arch/x86_64/hda.c:189:47: warning: conversion from ‘int’ to ‘uint8_t’ {或称 ‘unsigned char’} may change value [-Wconversion]
  189 |                 uint32_t id = pci_read_config(b, d, f, 0x00);
      |                                               ^
kernel/arch/x86_64/hda.c:189:50: warning: conversion from ‘int’ to ‘uint8_t’ {或称 ‘unsigned char’} may change value [-Wconversion]
  189 |                 uint32_t id = pci_read_config(b, d, f, 0x00);
      |                                                  ^
kernel/arch/x86_64/hda.c:189:53: warning: conversion from ‘int’ to ‘uint8_t’ {或称 ‘unsigned char’} may change value [-Wconversion]
  189 |                 uint32_t id = pci_read_config(b, d, f, 0x00);
      |                                                     ^
kernel/arch/x86_64/hda.c:191:35: warning: conversion from ‘uint32_t’ {或称 ‘unsigned int’} to ‘uint16_t’ {或称 ‘short unsigned int’} may change value [-Wconversion]
  191 |                 uint16_t device = (id >> 16) & 0xFFFF;
      |                                   ^
kernel/arch/x86_64/hda.c:202:44: warning: conversion from ‘int’ to ‘uint8_t’ {或称 ‘unsigned char’} may change value [-Wconversion]
  202 |                 dev->irq = pci_read_config(b, d, f, 0x3C) & 0xFF;
      |                                            ^
kernel/arch/x86_64/hda.c:202:47: warning: conversion from ‘int’ to ‘uint8_t’ {或称 ‘unsigned char’} may change value [-Wconversion]
  202 |                 dev->irq = pci_read_config(b, d, f, 0x3C) & 0xFF;
      |                                               ^
kernel/arch/x86_64/hda.c:202:50: warning: conversion from ‘int’ to ‘uint8_t’ {或称 ‘unsigned char’} may change value [-Wconversion]
  202 |                 dev->irq = pci_read_config(b, d, f, 0x3C) & 0xFF;
      |                                                  ^
kernel/arch/x86_64/hda.c:205:48: warning: conversion from ‘int’ to ‘uint8_t’ {或称 ‘unsigned char’} may change value [-Wconversion]
  205 |                 uint32_t bar = pci_read_config(b, d, f, 0x10);
      |                                                ^
kernel/arch/x86_64/hda.c:205:51: warning: conversion from ‘int’ to ‘uint8_t’ {或称 ‘unsigned char’} may change value [-Wconversion]
  205 |                 uint32_t bar = pci_read_config(b, d, f, 0x10);
      |                                                   ^
kernel/arch/x86_64/hda.c:205:54: warning: conversion from ‘int’ to ‘uint8_t’ {或称 ‘unsigned char’} may change value [-Wconversion]
  205 |                 uint32_t bar = pci_read_config(b, d, f, 0x10);
      |                                                      ^
kernel/arch/x86_64/hda.c:207:51: warning: conversion from ‘int’ to ‘uint8_t’ {或称 ‘unsigned char’} may change value [-Wconversion]
  207 |                 uint32_t bar_hi = pci_read_config(b, d, f, 0x14);
      |                                                   ^
kernel/arch/x86_64/hda.c:207:54: warning: conversion from ‘int’ to ‘uint8_t’ {或称 ‘unsigned char’} may change value [-Wconversion]
  207 |                 uint32_t bar_hi = pci_read_config(b, d, f, 0x14);
      |                                                      ^
kernel/arch/x86_64/hda.c:207:57: warning: conversion from ‘int’ to ‘uint8_t’ {或称 ‘unsigned char’} may change value [-Wconversion]
  207 |                 uint32_t bar_hi = pci_read_config(b, d, f, 0x14);
      |                                                         ^
<0> Building kernel/arch/x86_64/gdt.c
<0> Building kernel/arch/x86_64/framebuffer.c
kernel/arch/x86_64/framebuffer.c: 在函数‘fb_init_from_gop’中:
kernel/arch/x86_64/framebuffer.c:335:63: warning: unsigned conversion from ‘int’ to ‘uint64_t’ {或称 ‘long long unsigned int’} changes value from ‘-4096’ to ‘18446744073709547520’ [-Wsign-conversion]
  335 |     fb_info.total_size = (fb_info.total_size + PAGE_SIZE - 1) & ~(PAGE_SIZE - 1);
      |                                                               ^
kernel/arch/x86_64/framebuffer.c: 在函数‘fb_puts’中:
kernel/arch/x86_64/framebuffer.c:548:49: warning: unsigned conversion from ‘int’ to ‘uint32_t’ {或称 ‘unsigned int’} changes value from ‘-64’ to ‘4294967232’ [-Wsign-conversion]
  548 |             cur_x = (cur_x + FB_CHAR_WIDTH * 8) & ~(FB_CHAR_WIDTH * 8 - 1);
      |                                                 ^
kernel/arch/x86_64/framebuffer.c: 在函数‘fb_resolution_set’中:
kernel/arch/x86_64/framebuffer.c:580:63: warning: unsigned conversion from ‘int’ to ‘uint64_t’ {或称 ‘long long unsigned int’} changes value from ‘-4096’ to ‘18446744073709547520’ [-Wsign-conversion]
  580 |     fb_info.total_size = (fb_info.total_size + PAGE_SIZE - 1) & ~(PAGE_SIZE - 1);
      |                                                               ^
<1> Building kernel/arch/x86_64/ext4.c
<3> Building kernel/arch/x86_64/ext3_stubs.c
<2> Building kernel/arch/x86_64/ext2.c
<3> Building kernel/arch/x86_64/elf.c
kernel/arch/x86_64/ext2.c: 在函数‘ext2_block_to_lba’中:
kernel/arch/x86_64/ext2.c:11:46: warning: 未使用的参数‘fs’ [-Wunused-parameter]
   11 | static uint32_t ext2_block_to_lba(ext2_fs_t* fs, uint32_t block)
      |                                   ~~~~~~~~~~~^~
kernel/arch/x86_64/ext2.c: 在函数‘ext2_read_file’中:
kernel/arch/x86_64/ext2.c:120:30: warning: conversion from ‘uint64_t’ {或称 ‘long long unsigned int’} to ‘uint32_t’ {或称 ‘unsigned int’} may change value [-Wconversion]
  120 |         uint32_t block_num = current_offset / EXT2_BLOCK_SIZE;
      |                              ^~~~~~~~~~~~~~
kernel/arch/x86_64/ext2.c:125:25: warning: conversion from ‘uint64_t’ {或称 ‘long long unsigned int’} to ‘uint32_t’ {或称 ‘unsigned int’} may change value [-Wconversion]
  125 |             read_size = size - bytes_read;
      |                         ^~~~
kernel/arch/x86_64/ext2.c:144:12: warning: conversion from ‘uint64_t’ {或称 ‘long long unsigned int’} to ‘int’ may change value [-Wconversion]
  144 |     return bytes_read;
      |            ^~~~~~~~~~
kernel/arch/x86_64/ext2.c: 在函数‘ext2_read’中:
kernel/arch/x86_64/ext2.c:306:28: warning: ‘uint64_t’ {或称 ‘long long unsigned int’}转换自‘int’时可能会改变结果的符号 [-Wsign-conversion]
  306 |     if (ret > 0) f->offset += ret;
      |                            ^~
kernel/arch/x86_64/ext2.c: 在文件作用域：
kernel/arch/x86_64/ext2.c:22:12: warning: ‘ext2_write_block’ 在此处定义 [-Wunused-function]
   22 | static int ext2_write_block(ext2_fs_t* fs, uint32_t block, const void* buffer)
      |            ^~~~~~~~~~~~~~~~
kernel/arch/x86_64/elf.c: 在函数‘elf_load_from_memory’中:
kernel/arch/x86_64/elf.c:74:57: warning: conversion from ‘uint64_t’ {或称 ‘long long unsigned int’} to ‘size_t’ {或称 ‘long unsigned int’} may change value [-Wconversion]
   74 |                    (const uint8_t*)data + ph->p_offset, len);
      |                                                         ^~~
kernel/arch/x86_64/elf.c:91:38: warning: unsigned conversion from ‘int’ to ‘uint64_t’ {或称 ‘long long unsigned int’} changes value from ‘-4096’ to ‘18446744073709547520’ [-Wsign-conversion]
   91 |         uint64_t vaddr = ph->p_vaddr & ~(PAGE_SIZE - 1);
      |                                      ^
kernel/arch/x86_64/elf.c:92:40: warning: unsigned conversion from ‘int’ to ‘uint64_t’ {或称 ‘long long unsigned int’} changes value from ‘-4096’ to ‘18446744073709547520’ [-Wsign-conversion]
   92 |         uint64_t offset = ph->p_offset & ~(PAGE_SIZE - 1);
      |                                        ^
kernel/arch/x86_64/elf.c:95:55: warning: unsigned conversion from ‘int’ to ‘uint64_t’ {或称 ‘long long unsigned int’} changes value from ‘-4096’ to ‘18446744073709547520’ [-Wsign-conversion]
   95 |         uint64_t page_end = (mem_end + PAGE_SIZE - 1) & ~(PAGE_SIZE - 1);
      |                                                       ^
kernel/arch/x86_64/elf.c:111:28: warning: conversion from ‘uint64_t’ {或称 ‘long long unsigned int’} to ‘size_t’ {或称 ‘long unsigned int’} may change value [-Wconversion]
  111 |                            copy_size);
      |                            ^~~~~~~~~
kernel/arch/x86_64/elf.c: 在函数‘elf_load_from_file’中:
kernel/arch/x86_64/elf.c:158:41: warning: ‘uint64_t’ {或称 ‘long long unsigned int’}转换自‘int’时可能会改变结果的符号 [-Wsign-conversion]
  158 |     int ret = elf_load_from_memory(buf, total, info);
      |                                         ^~~~~
kernel/arch/x86_64/elf.c: 在函数‘elf_setup_stack’中:
kernel/arch/x86_64/elf.c:180:36: warning: conversion from ‘uint64_t’ {或称 ‘long long unsigned int’} to ‘size_t’ {或称 ‘long unsigned int’} may change value [-Wconversion]
  180 |         memcpy((void*)sp, envp[i], len);
      |                                    ^~~
kernel/arch/x86_64/elf.c:186:36: warning: conversion from ‘uint64_t’ {或称 ‘long long unsigned int’} to ‘size_t’ {或称 ‘long unsigned int’} may change value [-Wconversion]
  186 |         memcpy((void*)sp, argv[i], len);
      |                                    ^~~
<0> Building kernel/arch/x86_64/ehci.c
kernel/arch/x86_64/ehci.c: 在函数‘ehci_init’中:
kernel/arch/x86_64/ehci.c:17:59: warning: conversion from ‘int’ to ‘uint8_t’ {或称 ‘unsigned char’} may change value [-Wconversion]
   17 |                 uint32_t class_code_reg = pci_read_config(b, d, f, 0x08);
      |                                                           ^
kernel/arch/x86_64/ehci.c:17:62: warning: conversion from ‘int’ to ‘uint8_t’ {或称 ‘unsigned char’} may change value [-Wconversion]
   17 |                 uint32_t class_code_reg = pci_read_config(b, d, f, 0x08);
      |                                                              ^
kernel/arch/x86_64/ehci.c:17:65: warning: conversion from ‘int’ to ‘uint8_t’ {或称 ‘unsigned char’} may change value [-Wconversion]
   17 |                 uint32_t class_code_reg = pci_read_config(b, d, f, 0x08);
      |                                                                 ^
kernel/arch/x86_64/ehci.c:21:38: warning: conversion from ‘uint32_t’ {或称 ‘unsigned int’} to ‘uint8_t’ {或称 ‘unsigned char’} may change value [-Wconversion]
   21 |                 uint8_t class_code = (class_code_reg >> 24) & 0xFF;
      |                                      ^
kernel/arch/x86_64/ehci.c:27:37: warning: conversion from ‘int’ to ‘uint8_t’ {或称 ‘unsigned char’} may change value [-Wconversion]
   27 |                         ctrl->bus = b;
      |                                     ^
kernel/arch/x86_64/ehci.c:28:40: warning: conversion from ‘int’ to ‘uint8_t’ {或称 ‘unsigned char’} may change value [-Wconversion]
   28 |                         ctrl->device = d;
      |                                        ^
kernel/arch/x86_64/ehci.c:29:42: warning: conversion from ‘int’ to ‘uint8_t’ {或称 ‘unsigned char’} may change value [-Wconversion]
   29 |                         ctrl->function = f;
      |                                          ^
kernel/arch/x86_64/ehci.c:30:54: warning: conversion from ‘int’ to ‘uint8_t’ {或称 ‘unsigned char’} may change value [-Wconversion]
   30 |                         ctrl->base = pci_read_config(b, d, f, 0x10) & 0xFFFFFFF0;
      |                                                      ^
kernel/arch/x86_64/ehci.c:30:57: warning: conversion from ‘int’ to ‘uint8_t’ {或称 ‘unsigned char’} may change value [-Wconversion]
   30 |                         ctrl->base = pci_read_config(b, d, f, 0x10) & 0xFFFFFFF0;
      |                                                         ^
kernel/arch/x86_64/ehci.c:30:60: warning: conversion from ‘int’ to ‘uint8_t’ {或称 ‘unsigned char’} may change value [-Wconversion]
   30 |                         ctrl->base = pci_read_config(b, d, f, 0x10) & 0xFFFFFFF0;
      |                                                            ^
<1> Building kernel/arch/x86_64/efi_runtime.c
<0> Building kernel/arch/x86_64/efi_entry.c
<3> Building kernel/arch/x86_64/efi.c
kernel/arch/x86_64/efi_entry.c: 在函数‘efi_print_dec’中:
kernel/arch/x86_64/efi_entry.c:47:24: warning: conversion from ‘uint64_t’ {或称 ‘long long unsigned int’} to ‘char’ may change value [-Wconversion]
   47 |             buf[i--] = '0' + (value % 10);
      |                        ^~~
<2> Building kernel/arch/x86_64/dns.c
kernel/arch/x86_64/efi.c: 在函数‘efi_get_memory_map_and_exit’中:
kernel/arch/x86_64/efi.c:202:26: warning: conversion from ‘uint64_t’ {或称 ‘long long unsigned int’} to ‘size_t’ {或称 ‘long unsigned int’} may change value [-Wconversion]
  202 |     memset(local_map, 0, local_map_size);
      |                          ^~~~~~~~~~~~~~
kernel/arch/x86_64/efi.c:227:34: warning: conversion from ‘uint64_t’ {或称 ‘long long unsigned int’} to ‘size_t’ {或称 ‘long unsigned int’} may change value [-Wconversion]
  227 |             memset(local_map, 0, local_map_size);
      |                                  ^~~~~~~~~~~~~~
kernel/arch/x86_64/dns.c:42:17: warning: ‘dns_ntohl’ 在此处定义 [-Wunused-function]
   42 | static uint32_t dns_ntohl(uint32_t v) { return dns_htonl(v); }
      |                 ^~~~~~~~~
<1> Building kernel/arch/x86_64/cpuidle.c
<0> Building kernel/arch/x86_64/cpufreq.c
kernel/arch/x86_64/cpufreq.c:111:12: warning: ‘conservative_sampling_rate’ 在此处定义 [-Wunused-variable]
  111 | static u32 conservative_sampling_rate = 200;
      |            ^~~~~~~~~~~~~~~~~~~~~~~~~~
kernel/arch/x86_64/cpufreq.c:110:12: warning: ‘conservative_step’ 在此处定义 [-Wunused-variable]
  110 | static int conservative_step = 5;
      |            ^~~~~~~~~~~~~~~~~
kernel/arch/x86_64/cpufreq.c:109:12: warning: ‘conservative_down_threshold’ 在此处定义 [-Wunused-variable]
  109 | static int conservative_down_threshold = 20;
      |            ^~~~~~~~~~~~~~~~~~~~~~~~~~~
kernel/arch/x86_64/cpufreq.c:108:12: warning: ‘conservative_up_threshold’ 在此处定义 [-Wunused-variable]
  108 | static int conservative_up_threshold = 80;
      |            ^~~~~~~~~~~~~~~~~~~~~~~~~
kernel/arch/x86_64/cpufreq.c:89:12: warning: ‘ondemand_sampling_down_factor’ 在此处定义 [-Wunused-variable]
   89 | static u32 ondemand_sampling_down_factor = ONDEMAND_SAMPLING_DOWN_FACTOR;
      |            ^~~~~~~~~~~~~~~~~~~~~~~~~~~~~
kernel/arch/x86_64/cpufreq.c:88:12: warning: ‘ondemand_sampling_rate’ 在此处定义 [-Wunused-variable]
   88 | static u32 ondemand_sampling_rate = ONDEMAND_SAMPLING_RATE_MS;
      |            ^~~~~~~~~~~~~~~~~~~~~~
kernel/arch/x86_64/cpufreq.c:87:12: warning: ‘ondemand_up_threshold’ 在此处定义 [-Wunused-variable]
   87 | static u32 ondemand_up_threshold = ONDEMAND_UP_THRESHOLD;
      |            ^~~~~~~~~~~~~~~~~~~~~
kernel/arch/x86_64/cpufreq.c:22:13: warning: ‘wrmsr’ 在此处定义 [-Wunused-function]
   22 | static void wrmsr(u32 msr, u64 val)
      |             ^~~~~
<3> Building kernel/arch/x86_64/conntrack.c
kernel/arch/x86_64/conntrack.c:6:17: warning: ‘conntrack_jiffies_base’ 在此处定义 [-Wunused-variable]
    6 | static uint64_t conntrack_jiffies_base = 0;
      |                 ^~~~~~~~~~~~~~~~~~~~~~
<1> Building kernel/arch/x86_64/cfs.c
In file included from kernel/arch/x86_64/include/arch/types.h:5,
                 from kernel/arch/x86_64/include/arch/cfs.h:6,
                 from kernel/arch/x86_64/cfs.c:3:
kernel/arch/x86_64/cfs.c: 在函数‘__node_key’中:
include/stddef.h:10:33: warning: 将一个指针转换为大小不同的整数 [-Wpointer-to-int-cast]
   10 | #define offsetof(type, member) ((size_t)&((type*)0)->member)
      |                                 ^
kernel/arch/x86_64/cfs.c:112:55: note: in expansion of macro ‘offsetof’
  112 |     cfs_task_t* task = (cfs_task_t*)((uint8_t*)node - offsetof(cfs_task_t, rb_node));
      |                                                       ^~~~~~~~
kernel/arch/x86_64/cfs.c: 在函数‘cfs_pick_next_task’中:
include/stddef.h:10:33: warning: 将一个指针转换为大小不同的整数 [-Wpointer-to-int-cast]
   10 | #define offsetof(type, member) ((size_t)&((type*)0)->member)
      |                                 ^
kernel/arch/x86_64/cfs.c:346:55: note: in expansion of macro ‘offsetof’
  346 |     cfs_task_t* task = (cfs_task_t*)((uint8_t*)node - offsetof(cfs_task_t, rb_node));
      |                                                       ^~~~~~~~
kernel/arch/x86_64/cfs.c: 在函数‘cfs_update_min_vruntime’中:
include/stddef.h:10:33: warning: 将一个指针转换为大小不同的整数 [-Wpointer-to-int-cast]
   10 | #define offsetof(type, member) ((size_t)&((type*)0)->member)
      |                                 ^
kernel/arch/x86_64/cfs.c:369:59: note: in expansion of macro ‘offsetof’
  369 |         cfs_task_t* task = (cfs_task_t*)((uint8_t*)node - offsetof(cfs_task_t, rb_node));
      |                                                           ^~~~~~~~
<2> Building kernel/arch/x86_64/buddy.c
kernel/arch/x86_64/buddy.c: 在函数‘buddy_init’中:
kernel/arch/x86_64/buddy.c:81:45: warning: conversion from ‘uint64_t’ {或称 ‘long long unsigned int’} to ‘size_t’ {或称 ‘long unsigned int’} may change value [-Wconversion]
   81 |     memset(zone->page_array, 0, array_pages * PAGE_SIZE);
kernel/arch/x86_64/buddy.c: 在函数‘buddy_free_pages’中:
kernel/arch/x86_64/buddy.c:239:17: warning: unsigned conversion from ‘int’ to ‘uint32_t’ {或称 ‘unsigned int’} changes value from ‘-2’ to ‘4294967294’ [-Wsign-conversion]
  239 |     page->flags &= ~PAGE_FLAG_USED;
      |                 ^~
kernel/arch/x86_64/buddy.c: 在函数‘buddy_defragment’中:
kernel/arch/x86_64/buddy.c:425:58: warning: ‘uint32_t’ {或称 ‘unsigned int’}转换自‘int’时可能会改变结果的符号 [-Wsign-conversion]
  425 |             uint64_t buddy_pfn_val = __buddy_pfn(p->pfn, order);
      |                                                          ^~~~~
kernel/arch/x86_64/buddy.c:429:30: warning: comparison of integer expressions of different signedness: ‘uint32_t’ {或称 ‘unsigned int’} and ‘int’ [-Wsign-compare]
  429 |                 buddy->order == order && __in_freelist(zone, order, buddy)) {
      |                              ^~
kernel/arch/x86_64/buddy.c:429:62: warning: ‘uint32_t’ {或称 ‘unsigned int’}转换自‘int’时可能会改变结果的符号 [-Wsign-conversion]
  429 |                 buddy->order == order && __in_freelist(zone, order, buddy)) {
      |                                                              ^~~~~
kernel/arch/x86_64/buddy.c:435:38: warning: ‘uint32_t’ {或称 ‘unsigned int’}转换自‘int’时可能会改变结果的符号 [-Wsign-conversion]
  435 |                 merged_page->order = order + 1;
      |                                      ^~~~~
kernel/arch/x86_64/buddy.c:436:40: warning: ‘uint32_t’ {或称 ‘unsigned int’}转换自‘int’时可能会改变结果的符号 [-Wsign-conversion]
  436 |                 __list_add(zone, order + 1, merged_page);
      |                                  ~~~~~~^~~
kernel/arch/x86_64/buddy.c: 在文件作用域：
kernel/arch/x86_64/buddy.c:59:12: warning: ‘__phys_to_zone_type’ 在此处定义 [-Wunused-function]
   59 | static int __phys_to_zone_type(uint64_t phys)
      |            ^~~~~~~~~~~~~~~~~~~
<0> Building kernel/arch/x86_64/bpf.c
<3> Building kernel/arch/x86_64/apic.c
kernel/arch/x86_64/bpf.c:135:8: warning: ISO C 不允许大小为 0 的数组‘data’ [-Wpedantic]
  135 |     u8 data[0];
      |        ^~~~
kernel/arch/x86_64/bpf.c: 在函数‘hash_map_update_impl’中:
kernel/arch/x86_64/bpf.c:254:20: warning: conversion from ‘long long unsigned int’ to ‘u32’ {或称 ‘unsigned int’} may change value [-Wconversion]
  254 |     u32 entry_sz = sizeof(bpf_hash_entry_t) + hdata->key_size + hdata->value_size;
      |                    ^~~~~~
kernel/arch/x86_64/bpf.c: 在函数‘array_map_alloc’中:
kernel/arch/x86_64/bpf.c:346:34: warning: 未使用的参数‘key_size’ [-Wunused-parameter]
  346 | static void *array_map_alloc(u32 key_size, u32 value_size, u32 max_entries)
      |                              ~~~~^~~~~~~~
kernel/arch/x86_64/bpf.c: 在函数‘bpf_prog_run’中:
kernel/arch/x86_64/bpf.c:583:17: warning: 未使用的变量‘ssv’ [-Wunused-variable]
  583 |             s64 ssv = (s64)sv;
      |                 ^~~
kernel/arch/x86_64/bpf.c:646:29: warning: ‘u32’ {或称 ‘unsigned int’}转换自‘int’时可能会改变结果的符号 [-Wsign-conversion]
  646 |             case BPF_JA: pc += insn->off + 1; continue;
      |                             ^~
kernel/arch/x86_64/bpf.c:718:20: warning: ‘u32’ {或称 ‘unsigned int’}转换自‘int’时可能会改变结果的符号 [-Wsign-conversion]
  718 |                 pc += insn->off + 1;
      |                    ^~
kernel/arch/x86_64/bpf.c:727:27: warning: ‘long long unsigned int’转换自‘long long int’时可能会改变结果的符号 [-Wsign-conversion]
  727 |             u64 addr = sv + (s64)insn->off;
      |                           ^
kernel/arch/x86_64/bpf.c:725:17: warning: 未使用的变量‘dv’ [-Wunused-variable]
  725 |             u64 dv = get_reg(&ctx, dst);
      |                 ^~
kernel/arch/x86_64/bpf.c:746:43: warning: ‘long long unsigned int’转换自‘long long int’时可能会改变结果的符号 [-Wsign-conversion]
  746 |                 addr = get_reg(&ctx, dst) + (s64)insn->off;
      |                                           ^
kernel/arch/x86_64/bpf.c:749:43: warning: ‘long long unsigned int’转换自‘long long int’时可能会改变结果的符号 [-Wsign-conversion]
  749 |                 addr = get_reg(&ctx, dst) + (s64)insn->off;
      |                                           ^
kernel/arch/x86_64/bpf.c: 在函数‘bpf_verifier’中:
kernel/arch/x86_64/bpf.c:838:33: warning: ‘u32’ {或称 ‘unsigned int’}转换自‘int’时可能会改变结果的符号 [-Wsign-conversion]
  838 |                 s32 target = pc + insn->off + 1;
kernel/arch/x86_64/apic.c: 在函数‘lapic_send_ipi’中:
      |                                 ^
kernel/arch/x86_64/apic.c:86:38: warning: unsigned conversion from ‘int’ to ‘uint32_t’ {或称 ‘unsigned int’} changes value from ‘-16777216’ to ‘4278190080’ [-Wsign-conversion]
   86 |         lapic_write(LAPIC_ICR1, 0xFF << 24);
kernel/arch/x86_64/bpf.c:838:30: warning: ‘s32’ {或称 ‘int’}转换自‘u32’ {或称 ‘unsigned int’}时可能会改变结果的符号 [-Wsign-conversion]
  838 |                 s32 target = pc + insn->off + 1;
      |                              ^~
kernel/arch/x86_64/bpf.c: 在函数‘emit_dword’中:
kernel/arch/x86_64/bpf.c:866:27: warning: conversion from ‘u32’ {或称 ‘unsigned int’} to ‘u8’ {或称 ‘unsigned char’} may change value [-Wconversion]
  866 |     emit_byte((val >> 24) & 0xFF);
      |               ~~~~~~~~~~~~^~~~~~
      |                                 ~~~~~^~~~~
kernel/arch/x86_64/apic.c: 在函数‘lapic_timer_calibrate’中:
kernel/arch/x86_64/apic.c:128:44: warning: unsigned conversion from ‘int’ to ‘uint8_t’ {或称 ‘unsigned char’} changes the value of ‘-2’ [-Wsign-conversion]
  128 |         outb(PIT_SPEAKER_PORT, speaker_val & ~0x01);
      |                                ~~~~~~~~~~~~^~~~~~~
kernel/arch/x86_64/apic.c: 在函数‘lapic_lvt_unmask’中:
kernel/arch/x86_64/apic.c:172:26: warning: unsigned conversion from ‘int’ to ‘uint32_t’ {或称 ‘unsigned int’} changes value from ‘-65537’ to ‘4294901759’ [-Wsign-conversion]
  172 |     lapic_write(reg, val & ~LAPIC_TIMER_MASKED);
      |                          ^
kernel/arch/x86_64/apic.c: 在函数‘lapic_mask_irq’中:
kernel/arch/x86_64/apic.c:180:30: warning: 未使用的参数‘vector’ [-Wunused-parameter]
  180 | void lapic_mask_irq(uint32_t vector)
      |                     ~~~~~~~~~^~~~~~
kernel/arch/x86_64/apic.c: 在函数‘lapic_unmask_irq’中:
kernel/arch/x86_64/apic.c:189:38: warning: unsigned conversion from ‘int’ to ‘uint32_t’ {或称 ‘unsigned int’} changes value from ‘-65537’ to ‘4294901759’ [-Wsign-conversion]
  189 |     lapic_write(LAPIC_LVT_TIMER, val & ~LAPIC_TIMER_MASKED);
      |                                      ^
kernel/arch/x86_64/apic.c:186:32: warning: 未使用的参数‘vector’ [-Wunused-parameter]
  186 | void lapic_unmask_irq(uint32_t vector)
      |                       ~~~~~~~~~^~~~~~
kernel/arch/x86_64/bpf.c: 在文件作用域：
kernel/arch/x86_64/bpf.c:869:13: warning: ‘emit_qword’ 在此处定义 [-Wunused-function]
  869 | static void emit_qword(u64 val)
      |             ^~~~~~~~~~
<1> Building kernel/arch/x86_64/ahci.c
kernel/arch/x86_64/ahci.c: 在函数‘ahci_init’中:
kernel/arch/x86_64/ahci.c:152:59: warning: conversion from ‘int’ to ‘uint8_t’ {或称 ‘unsigned char’} may change value [-Wconversion]
  152 |                 uint32_t class_code_reg = pci_read_config(b, d, f, 0x08);
      |                                                           ^
kernel/arch/x86_64/ahci.c:152:62: warning: conversion from ‘int’ to ‘uint8_t’ {或称 ‘unsigned char’} may change value [-Wconversion]
  152 |                 uint32_t class_code_reg = pci_read_config(b, d, f, 0x08);
      |                                                              ^
kernel/arch/x86_64/ahci.c:152:65: warning: conversion from ‘int’ to ‘uint8_t’ {或称 ‘unsigned char’} may change value [-Wconversion]
  152 |                 uint32_t class_code_reg = pci_read_config(b, d, f, 0x08);
      |                                                                 ^
kernel/arch/x86_64/ahci.c:156:38: warning: conversion from ‘uint32_t’ {或称 ‘unsigned int’} to ‘uint8_t’ {或称 ‘unsigned char’} may change value [-Wconversion]
  156 |                 uint8_t class_code = (class_code_reg >> 24) & 0xFF;
      |                                      ^
kernel/arch/x86_64/ahci.c:161:37: warning: conversion from ‘int’ to ‘uint8_t’ {或称 ‘unsigned char’} may change value [-Wconversion]
  161 |                         ctrl->bus = b;
      |                                     ^
kernel/arch/x86_64/ahci.c:162:40: warning: conversion from ‘int’ to ‘uint8_t’ {或称 ‘unsigned char’} may change value [-Wconversion]
  162 |                         ctrl->device = d;
      |                                        ^
kernel/arch/x86_64/ahci.c:163:42: warning: conversion from ‘int’ to ‘uint8_t’ {或称 ‘unsigned char’} may change value [-Wconversion]
  163 |                         ctrl->function = f;
      |                                          ^
kernel/arch/x86_64/ahci.c:164:54: warning: conversion from ‘int’ to ‘uint8_t’ {或称 ‘unsigned char’} may change value [-Wconversion]
  164 |                         ctrl->base = pci_read_config(b, d, f, 0x24) & 0xFFFFFFF0;
      |                                                      ^
kernel/arch/x86_64/ahci.c:164:57: warning: conversion from ‘int’ to ‘uint8_t’ {或称 ‘unsigned char’} may change value [-Wconversion]
  164 |                         ctrl->base = pci_read_config(b, d, f, 0x24) & 0xFFFFFFF0;
      |                                                         ^
kernel/arch/x86_64/ahci.c:164:60: warning: conversion from ‘int’ to ‘uint8_t’ {或称 ‘unsigned char’} may change value [-Wconversion]
  164 |                         ctrl->base = pci_read_config(b, d, f, 0x24) & 0xFFFFFFF0;
      |                                                            ^
kernel/arch/x86_64/ahci.c:22:22: warning: ‘uint32_t’ {或称 ‘unsigned int’}转换自‘int’时可能会改变结果的符号 [-Wsign-conversion]
   22 | #define AHCI_POFF    0x100
      |                      ^~~~~
kernel/arch/x86_64/ahci.c:175:52: note: in expansion of macro ‘AHCI_POFF’
  175 |                                 uint32_t cmd_off = AHCI_POFF + p * AHCI_PSIZE + AHCI_PCMD;
      |                                                    ^~~~~~~~~
kernel/arch/x86_64/ahci.c:178:71: warning: unsigned conversion from ‘int’ to ‘uint32_t’ {或称 ‘unsigned int’} changes value from ‘-2’ to ‘4294967294’ [-Wsign-conversion]
  178 |                                     ahci_w32(ctrl->base, cmd_off, cmd & ~CMD_ST);
      |                                                                       ^
kernel/arch/x86_64/ahci.c:182:71: warning: unsigned conversion from ‘int’ to ‘uint32_t’ {或称 ‘unsigned int’} changes value from ‘-17’ to ‘4294967279’ [-Wsign-conversion]
  182 |                                     ahci_w32(ctrl->base, cmd_off, cmd & ~CMD_FRE);
      |                                                                       ^
kernel/arch/x86_64/ahci.c:191:81: warning: ‘uint32_t’ {或称 ‘unsigned int’}转换自‘int’时可能会改变结果的符号 [-Wsign-conversion]
  191 |                                 ahci_w32(ctrl->base, AHCI_POFF + p * AHCI_PSIZE + 0x00, (uint32_t)phys);
      |                                                                                 ^
kernel/arch/x86_64/ahci.c:192:81: warning: ‘uint32_t’ {或称 ‘unsigned int’}转换自‘int’时可能会改变结果的符号 [-Wsign-conversion]
  192 |                                 ahci_w32(ctrl->base, AHCI_POFF + p * AHCI_PSIZE + 0x04, (uint32_t)(phys >> 32));
      |                                                                                 ^
kernel/arch/x86_64/ahci.c:193:81: warning: ‘uint32_t’ {或称 ‘unsigned int’}转换自‘int’时可能会改变结果的符号 [-Wsign-conversion]
  193 |                                 ahci_w32(ctrl->base, AHCI_POFF + p * AHCI_PSIZE + 0x08, (uint32_t)(phys + 0x400));
      |                                                                                 ^
kernel/arch/x86_64/ahci.c:194:81: warning: ‘uint32_t’ {或称 ‘unsigned int’}转换自‘int’时可能会改变结果的符号 [-Wsign-conversion]
  194 |                                 ahci_w32(ctrl->base, AHCI_POFF + p * AHCI_PSIZE + 0x0C, 0);
      |                                                                                 ^
kernel/arch/x86_64/ahci.c:195:81: warning: ‘uint32_t’ {或称 ‘unsigned int’}转换自‘int’时可能会改变结果的符号 [-Wsign-conversion]
  195 |                                 ahci_w32(ctrl->base, AHCI_POFF + p * AHCI_PSIZE + AHCI_PIS, 0xFFFFFFFF);
      |                                                                                 ^
kernel/arch/x86_64/ahci.c:198:99: warning: ‘uint32_t’ {或称 ‘unsigned int’}转换自‘int’时可能会改变结果的符号 [-Wsign-conversion]
  198 |                                 ctrl->ports[p] = (ahci_port_t*)(uintptr_t)(ctrl->base + AHCI_POFF + p * AHCI_PSIZE);
      |                                                                                                   ^
<3> Building kernel/arch/x86_64/acpi_pm.c
kernel/arch/x86_64/acpi_pm.c: 在函数‘acpi_pm_write_sleep’中:
kernel/arch/x86_64/acpi_pm.c:137:16: warning: conversion from ‘unsigned int’ to ‘uint16_t’ {或称 ‘short unsigned int’} changes the value of ‘4294965488’ [-Wconversion]
  137 |         cnt &= ~(0x070FU);
      |                ^
kernel/arch/x86_64/acpi_pm.c:145:19: warning: conversion from ‘uint32_t’ {或称 ‘unsigned int’} to ‘uint16_t’ {或称 ‘short unsigned int’} may change value [-Wconversion]
  145 |         cnt = inw(pm1_cnt_port);
      |                   ^~~~~~~~~~~~
kernel/arch/x86_64/acpi_pm.c:146:16: warning: conversion from ‘unsigned int’ to ‘uint16_t’ {或称 ‘short unsigned int’} changes the value of ‘4294965488’ [-Wconversion]
  146 |         cnt &= ~(0x070FU);
      |                ^
kernel/arch/x86_64/acpi_pm.c:150:14: warning: conversion from ‘uint32_t’ {或称 ‘unsigned int’} to ‘uint16_t’ {或称 ‘short unsigned int’} may change value [-Wconversion]
  150 |         outw(pm1_cnt_port, cnt);
      |              ^~~~~~~~~~~~
kernel/arch/x86_64/acpi_pm.c: 在函数‘acpi_pm_init’中:
kernel/arch/x86_64/acpi_pm.c:187:35: warning: conversion from ‘uint32_t’ {或称 ‘unsigned int’} to ‘uint16_t’ {或称 ‘short unsigned int’} may change value [-Wconversion]
  187 |         uint16_t cnt = inw(pm_fadt->pm1a_cnt_blk);
      |                            ~~~~~~~^~~~~~~~~~~~~~
kernel/arch/x86_64/acpi_pm.c:190:25: warning: conversion from ‘uint32_t’ {或称 ‘unsigned int’} to ‘uint16_t’ {或称 ‘short unsigned int’} may change value [-Wconversion]
  190 |             outw(pm_fadt->pm1a_cnt_blk, cnt);
      |                  ~~~~~~~^~~~~~~~~~~~~~
kernel/arch/x86_64/acpi_pm.c: 在函数‘acpi_pm_suspend’中:
kernel/arch/x86_64/acpi_pm.c:215:35: warning: conversion from ‘uint32_t’ {或称 ‘unsigned int’} to ‘uint16_t’ {或称 ‘short unsigned int’} may change value [-Wconversion]
  215 |         pm_saved_cnt = inw(pm_fadt->pm1a_cnt_blk);
      |                            ~~~~~~~^~~~~~~~~~~~~~
kernel/arch/x86_64/acpi_pm.c: 在函数‘acpi_pm_get_timer’中:
kernel/arch/x86_64/acpi_pm.c:328:32: warning: conversion from ‘uint32_t’ {或称 ‘unsigned int’} to ‘uint16_t’ {或称 ‘short unsigned int’} may change value [-Wconversion]
  328 |         timer_val = inl(pm_fadt->pm_tmr_blk) & ACPI_PM_TIMER_MAX;
      |                         ~~~~~~~^~~~~~~~~~~~
kernel/arch/x86_64/acpi_pm.c: 在文件作用域：
kernel/arch/x86_64/acpi_pm.c:154:17: warning: ‘acpi_pm_get_slp_typ’ 在此处定义 [-Wunused-function]
  154 | static uint16_t acpi_pm_get_slp_typ(uint8_t* fadt_raw, uint32_t offset)
      |                 ^~~~~~~~~~~~~~~~~~~
<1> Building kernel/arch/x86_64/acpi_madt.c
kernel/arch/x86_64/acpi_madt.c: 在函数‘__find_acpi_table’中:
kernel/arch/x86_64/acpi_madt.c:52:23: warning: conversion from ‘long long unsigned int’ to ‘uint32_t’ {或称 ‘unsigned int’} may change value [-Wconversion]
   52 |         entry_count = (rsdt_len - sizeof(acpi_rsdt_t)) / 8;
      |                       ^
kernel/arch/x86_64/acpi_madt.c:54:23: warning: conversion from ‘long long unsigned int’ to ‘uint32_t’ {或称 ‘unsigned int’} may change value [-Wconversion]
   54 |         entry_count = (rsdt_len - sizeof(acpi_rsdt_t)) / 4;
      |                       ^
kernel/arch/x86_64/acpi_madt.c: 在函数‘acpi_madt_parse’中:
kernel/arch/x86_64/acpi_madt.c:102:59: warning: ISO C 不允许大小为 0 的数组 [-Wpedantic]
  102 |     uint32_t offset = sizeof(acpi_madt_t) - sizeof(uint8_t[0]);
      |                                                           ^
<3> Building kernel/arch/x86_64/acpi.c
kernel/arch/x86_64/acpi.c:21:17: warning: ‘scan_for_rsdp’ 在此处定义 [-Wunused-function]
   21 | static uint8_t* scan_for_rsdp(uint32_t start, uint32_t end)
      |                 ^~~~~~~~~~~~~
kernel/arch/x86_64/acpi_madt.c: 在函数‘acpi_find_rsdp’中:
kernel/arch/x86_64/acpi_madt.c:30:37: warning: array subscript 0 is outside array bounds of ‘uint16_t[0]’ {或称 ‘short unsigned int[]’} [-Warray-bounds=]
   30 |     uint64_t ebda_base = (uint64_t)(*ebda_seg) << 4;
      |                                    ~^~~~~~~~~~
cc1: note: source object is likely at address zero
<3> Building kernel/arch/x86_64/ac97.c
-- Enter folder kernel/api --
<2> Building kernel/api/kapi_wireless.c
kernel/arch/x86_64/ac97.c: 在函数‘ac97_init’中:
kernel/arch/x86_64/ac97.c:54:59: warning: conversion from ‘int’ to ‘uint8_t’ {或称 ‘unsigned char’} may change value [-Wconversion]
   54 |                 uint32_t class_code_reg = pci_read_config(b, d, f, 0x08);
      |                                                           ^
kernel/arch/x86_64/ac97.c:54:62: warning: conversion from ‘int’ to ‘uint8_t’ {或称 ‘unsigned char’} may change value [-Wconversion]
   54 |                 uint32_t class_code_reg = pci_read_config(b, d, f, 0x08);
      |                                                              ^
kernel/arch/x86_64/ac97.c:54:65: warning: conversion from ‘int’ to ‘uint8_t’ {或称 ‘unsigned char’} may change value [-Wconversion]
   54 |                 uint32_t class_code_reg = pci_read_config(b, d, f, 0x08);
      |                                                                 ^
kernel/arch/x86_64/ac97.c:58:38: warning: conversion from ‘uint32_t’ {或称 ‘unsigned int’} to ‘uint8_t’ {或称 ‘unsigned char’} may change value [-Wconversion]
   58 |                 uint8_t class_code = (class_code_reg >> 24) & 0xFF;
      |                                      ^
kernel/arch/x86_64/ac97.c:67:37: warning: conversion from ‘int’ to ‘uint8_t’ {或称 ‘unsigned char’} may change value [-Wconversion]
   67 |                         ctrl->bus = b;
      |                                     ^
kernel/arch/x86_64/ac97.c:68:40: warning: conversion from ‘int’ to ‘uint8_t’ {或称 ‘unsigned char’} may change value [-Wconversion]
   68 |                         ctrl->device = d;
      |                                        ^
kernel/arch/x86_64/ac97.c:69:42: warning: conversion from ‘int’ to ‘uint8_t’ {或称 ‘unsigned char’} may change value [-Wconversion]
   69 |                         ctrl->function = f;
      |                                          ^
kernel/arch/x86_64/ac97.c:70:62: warning: conversion from ‘int’ to ‘uint8_t’ {或称 ‘unsigned char’} may change value [-Wconversion]
   70 |                         ctrl->base_address = pci_read_config(b, d, f, 0x10) & 0xFFFFFFF0;
      |                                                              ^
kernel/arch/x86_64/ac97.c:70:65: warning: conversion from ‘int’ to ‘uint8_t’ {或称 ‘unsigned char’} may change value [-Wconversion]
   70 |                         ctrl->base_address = pci_read_config(b, d, f, 0x10) & 0xFFFFFFF0;
      |                                                                 ^
kernel/arch/x86_64/ac97.c:70:68: warning: conversion from ‘int’ to ‘uint8_t’ {或称 ‘unsigned char’} may change value [-Wconversion]
   70 |                         ctrl->base_address = pci_read_config(b, d, f, 0x10) & 0xFFFFFFF0;
      |                                                                    ^
kernel/arch/x86_64/ac97.c:71:58: warning: conversion from ‘int’ to ‘uint8_t’ {或称 ‘unsigned char’} may change value [-Wconversion]
   71 |                         ctrl->dma_base = pci_read_config(b, d, f, 0x14) & 0xFFFFFFF0;
      |                                                          ^
kernel/arch/x86_64/ac97.c:71:61: warning: conversion from ‘int’ to ‘uint8_t’ {或称 ‘unsigned char’} may change value [-Wconversion]
   71 |                         ctrl->dma_base = pci_read_config(b, d, f, 0x14) & 0xFFFFFFF0;
      |                                                             ^
kernel/arch/x86_64/ac97.c:71:64: warning: conversion from ‘int’ to ‘uint8_t’ {或称 ‘unsigned char’} may change value [-Wconversion]
   71 |                         ctrl->dma_base = pci_read_config(b, d, f, 0x14) & 0xFFFFFFF0;
      |                                                                ^
kernel/arch/x86_64/ac97.c:72:59: warning: conversion from ‘int’ to ‘uint8_t’ {或称 ‘unsigned char’} may change value [-Wconversion]
   72 |                         ctrl->vendor_id = pci_read_config(b, d, f, 0x00) & 0xFFFF;
      |                                                           ^
kernel/arch/x86_64/ac97.c:72:62: warning: conversion from ‘int’ to ‘uint8_t’ {或称 ‘unsigned char’} may change value [-Wconversion]
   72 |                         ctrl->vendor_id = pci_read_config(b, d, f, 0x00) & 0xFFFF;
      |                                                              ^
kernel/arch/x86_64/ac97.c:72:65: warning: conversion from ‘int’ to ‘uint8_t’ {或称 ‘unsigned char’} may change value [-Wconversion]
   72 |                         ctrl->vendor_id = pci_read_config(b, d, f, 0x00) & 0xFFFF;
      |                                                                 ^
kernel/arch/x86_64/ac97.c:73:60: warning: conversion from ‘int’ to ‘uint8_t’ {或称 ‘unsigned char’} may change value [-Wconversion]
   73 |                         ctrl->device_id = (pci_read_config(b, d, f, 0x00) >> 16) & 0xFFFF;
      |                                                            ^
kernel/arch/x86_64/ac97.c:73:63: warning: conversion from ‘int’ to ‘uint8_t’ {或称 ‘unsigned char’} may change value [-Wconversion]
   73 |                         ctrl->device_id = (pci_read_config(b, d, f, 0x00) >> 16) & 0xFFFF;
      |                                                               ^
kernel/arch/x86_64/ac97.c:73:66: warning: conversion from ‘int’ to ‘uint8_t’ {或称 ‘unsigned char’} may change value [-Wconversion]
   73 |                         ctrl->device_id = (pci_read_config(b, d, f, 0x00) >> 16) & 0xFFFF;
      |                                                                  ^
kernel/arch/x86_64/ac97.c:74:59: warning: conversion from ‘int’ to ‘uint8_t’ {或称 ‘unsigned char’} may change value [-Wconversion]
   74 |                         ctrl->interrupt = pci_read_config(b, d, f, 0x3C) & 0xFF;
      |                                                           ^
kernel/arch/x86_64/ac97.c:74:62: warning: conversion from ‘int’ to ‘uint8_t’ {或称 ‘unsigned char’} may change value [-Wconversion]
   74 |                         ctrl->interrupt = pci_read_config(b, d, f, 0x3C) & 0xFF;
      |                                                              ^
kernel/arch/x86_64/ac97.c:74:65: warning: conversion from ‘int’ to ‘uint8_t’ {或称 ‘unsigned char’} may change value [-Wconversion]
   74 |                         ctrl->interrupt = pci_read_config(b, d, f, 0x3C) & 0xFF;
      |                                                                 ^
kernel/arch/x86_64/ac97.c:50:26: warning: 未使用的变量‘function’ [-Wunused-variable]
   50 |     uint8_t bus, device, function;
      |                          ^~~~~~~~
kernel/arch/x86_64/ac97.c:50:18: warning: 未使用的变量‘device’ [-Wunused-variable]
   50 |     uint8_t bus, device, function;
      |                  ^~~~~~
kernel/arch/x86_64/ac97.c:50:13: warning: 未使用的变量‘bus’ [-Wunused-variable]
   50 |     uint8_t bus, device, function;
      |             ^~~
<1> Building kernel/api/kapi_window.c
kernel/arch/x86_64/ac97.c:80:41: warning: ‘vendor1’ may be used uninitialized [-Wmaybe-uninitialized]
   80 |                         ctrl->vendor_id = vendor1;
      |                         ~~~~~~~~~~~~~~~~^~~~~~~~~
kernel/arch/x86_64/ac97.c:77:34: note: ‘vendor1’在此声明
   77 |                         uint16_t vendor1, vendor2;
      |                                  ^~~~~~~
kernel/arch/x86_64/ac97.c:81:41: warning: ‘vendor2’ may be used uninitialized [-Wmaybe-uninitialized]
   81 |                         ctrl->device_id = vendor2;
      |                         ~~~~~~~~~~~~~~~~^~~~~~~~~
kernel/arch/x86_64/ac97.c:77:43: note: ‘vendor2’在此声明
   77 |                         uint16_t vendor1, vendor2;
      |                                           ^~~~~~~
<2> Building kernel/api/kapi_wait.c
<1> Building kernel/api/kapi_vpn.c
<3> Building kernel/api/kapi_vfs.c
<2> Building kernel/api/kapi_timerfd.c
<2> Building kernel/api/kapi_time.c
<1> Building kernel/api/kapi_syscall.c
In file included from kernel/api/kapi_syscall.c:3:
include/kapi_syscall.h: 在函数‘sys_read’中:
include/kapi_syscall.h:494:38: warning: 将一个指针转换为大小不同的整数 [-Wpointer-to-int-cast]
  494 | { return kapi_syscall3(SYS_read, fd, (long)buf, count); }
      |                                      ^
include/kapi_syscall.h:494:49: warning: ‘long int’转换自‘size_t’ {或称 ‘long unsigned int’}时可能会改变结果的符号 [-Wsign-conversion]
  494 | { return kapi_syscall3(SYS_read, fd, (long)buf, count); }
      |                                                 ^~~~~
include/kapi_syscall.h: 在函数‘sys_write’中:
include/kapi_syscall.h:497:39: warning: 将一个指针转换为大小不同的整数 [-Wpointer-to-int-cast]
  497 | { return kapi_syscall3(SYS_write, fd, (long)buf, count); }
      |                                       ^
include/kapi_syscall.h:497:50: warning: ‘long int’转换自‘size_t’ {或称 ‘long unsigned int’}时可能会改变结果的符号 [-Wsign-conversion]
  497 | { return kapi_syscall3(SYS_write, fd, (long)buf, count); }
      |                                                  ^~~~~
include/kapi_syscall.h: 在函数‘sys_open’中:
include/kapi_syscall.h:500:34: warning: 将一个指针转换为大小不同的整数 [-Wpointer-to-int-cast]
  500 | { return kapi_syscall3(SYS_open, (long)pathname, flags, mode); }
      |                                  ^
include/kapi_syscall.h: 在函数‘sys_mmap’中:
include/kapi_syscall.h:509:34: warning: 将一个指针转换为大小不同的整数 [-Wpointer-to-int-cast]
  509 | { return kapi_syscall6(SYS_mmap, (long)addr, length, prot, flags, fd, offset); }
      |                                  ^
include/kapi_syscall.h:509:46: warning: ‘long int’转换自‘size_t’ {或称 ‘long unsigned int’}时可能会改变结果的符号 [-Wsign-conversion]
  509 | { return kapi_syscall6(SYS_mmap, (long)addr, length, prot, flags, fd, offset); }
      |                                              ^~~~~~
include/kapi_syscall.h: 在函数‘sys_munmap’中:
include/kapi_syscall.h:512:36: warning: 将一个指针转换为大小不同的整数 [-Wpointer-to-int-cast]
  512 | { return kapi_syscall2(SYS_munmap, (long)addr, length); }
      |                                    ^
include/kapi_syscall.h:512:48: warning: ‘long int’转换自‘size_t’ {或称 ‘long unsigned int’}时可能会改变结果的符号 [-Wsign-conversion]
  512 | { return kapi_syscall2(SYS_munmap, (long)addr, length); }
      |                                                ^~~~~~
include/kapi_syscall.h: 在函数‘sys_mprotect’中:
include/kapi_syscall.h:515:38: warning: 将一个指针转换为大小不同的整数 [-Wpointer-to-int-cast]
  515 | { return kapi_syscall3(SYS_mprotect, (long)addr, len, prot); }
      |                                      ^
include/kapi_syscall.h:515:50: warning: ‘long int’转换自‘size_t’ {或称 ‘long unsigned int’}时可能会改变结果的符号 [-Wsign-conversion]
  515 | { return kapi_syscall3(SYS_mprotect, (long)addr, len, prot); }
      |                                                  ^~~
include/kapi_syscall.h: 在函数‘sys_brk’中:
include/kapi_syscall.h:518:33: warning: 将一个指针转换为大小不同的整数 [-Wpointer-to-int-cast]
  518 | { return kapi_syscall1(SYS_brk, (long)addr); }
      |                                 ^
include/kapi_syscall.h: 在函数‘sys_clone’中:
include/kapi_syscall.h:527:42: warning: 将一个指针转换为大小不同的整数 [-Wpointer-to-int-cast]
  527 | { return kapi_syscall5(SYS_clone, flags, (long)stack, (long)ptid, (long)ctid, tls); }
      |                                          ^
include/kapi_syscall.h:527:55: warning: 将一个指针转换为大小不同的整数 [-Wpointer-to-int-cast]
  527 | { return kapi_syscall5(SYS_clone, flags, (long)stack, (long)ptid, (long)ctid, tls); }
      |                                                       ^
include/kapi_syscall.h:527:67: warning: 将一个指针转换为大小不同的整数 [-Wpointer-to-int-cast]
  527 | { return kapi_syscall5(SYS_clone, flags, (long)stack, (long)ptid, (long)ctid, tls); }
      |                                                                   ^
include/kapi_syscall.h:527:35: warning: ‘long int’转换自‘long unsigned int’时可能会改变结果的符号 [-Wsign-conversion]
  527 | { return kapi_syscall5(SYS_clone, flags, (long)stack, (long)ptid, (long)ctid, tls); }
      |                                   ^~~~~
include/kapi_syscall.h:527:79: warning: ‘long int’转换自‘long unsigned int’时可能会改变结果的符号 [-Wsign-conversion]
  527 | { return kapi_syscall5(SYS_clone, flags, (long)stack, (long)ptid, (long)ctid, tls); }
      |                                                                               ^~~
include/kapi_syscall.h: 在函数‘sys_execve’中:
include/kapi_syscall.h:530:36: warning: 将一个指针转换为大小不同的整数 [-Wpointer-to-int-cast]
  530 | { return kapi_syscall3(SYS_execve, (long)filename, (long)argv, (long)envp); }
      |                                    ^
include/kapi_syscall.h:530:52: warning: 将一个指针转换为大小不同的整数 [-Wpointer-to-int-cast]
  530 | { return kapi_syscall3(SYS_execve, (long)filename, (long)argv, (long)envp); }
      |                                                    ^
include/kapi_syscall.h:530:64: warning: 将一个指针转换为大小不同的整数 [-Wpointer-to-int-cast]
  530 | { return kapi_syscall3(SYS_execve, (long)filename, (long)argv, (long)envp); }
      |                                                                ^
include/kapi_syscall.h: 在函数‘sys_wait4’中:
include/kapi_syscall.h:539:40: warning: 将一个指针转换为大小不同的整数 [-Wpointer-to-int-cast]
  539 | { return kapi_syscall4(SYS_wait4, pid, (long)wstatus, options, (long)rusage); }
      |                                        ^
include/kapi_syscall.h:539:64: warning: 将一个指针转换为大小不同的整数 [-Wpointer-to-int-cast]
  539 | { return kapi_syscall4(SYS_wait4, pid, (long)wstatus, options, (long)rusage); }
      |                                                                ^
include/kapi_syscall.h: 在函数‘sys_stat’中:
include/kapi_syscall.h:554:34: warning: 将一个指针转换为大小不同的整数 [-Wpointer-to-int-cast]
  554 | { return kapi_syscall2(SYS_stat, (long)pathname, (long)statbuf); }
      |                                  ^
include/kapi_syscall.h:554:50: warning: 将一个指针转换为大小不同的整数 [-Wpointer-to-int-cast]
  554 | { return kapi_syscall2(SYS_stat, (long)pathname, (long)statbuf); }
      |                                                  ^
include/kapi_syscall.h: 在函数‘sys_fstat’中:
include/kapi_syscall.h:557:39: warning: 将一个指针转换为大小不同的整数 [-Wpointer-to-int-cast]
  557 | { return kapi_syscall2(SYS_fstat, fd, (long)statbuf); }
      |                                       ^
include/kapi_syscall.h: 在函数‘sys_lstat’中:
include/kapi_syscall.h:560:35: warning: 将一个指针转换为大小不同的整数 [-Wpointer-to-int-cast]
  560 | { return kapi_syscall2(SYS_lstat, (long)pathname, (long)statbuf); }
      |                                   ^
include/kapi_syscall.h:560:51: warning: 将一个指针转换为大小不同的整数 [-Wpointer-to-int-cast]
  560 | { return kapi_syscall2(SYS_lstat, (long)pathname, (long)statbuf); }
      |                                                   ^
include/kapi_syscall.h: 在函数‘sys_access’中:
include/kapi_syscall.h:563:36: warning: 将一个指针转换为大小不同的整数 [-Wpointer-to-int-cast]
  563 | { return kapi_syscall2(SYS_access, (long)pathname, mode); }
      |                                    ^
include/kapi_syscall.h: 在函数‘sys_chdir’中:
include/kapi_syscall.h:566:35: warning: 将一个指针转换为大小不同的整数 [-Wpointer-to-int-cast]
  566 | { return kapi_syscall1(SYS_chdir, (long)path); }
      |                                   ^
include/kapi_syscall.h: 在函数‘sys_getcwd’中:
include/kapi_syscall.h:569:36: warning: 将一个指针转换为大小不同的整数 [-Wpointer-to-int-cast]
  569 | { return kapi_syscall2(SYS_getcwd, (long)buf, size); }
      |                                    ^
include/kapi_syscall.h:569:47: warning: ‘long int’转换自‘size_t’ {或称 ‘long unsigned int’}时可能会改变结果的符号 [-Wsign-conversion]
  569 | { return kapi_syscall2(SYS_getcwd, (long)buf, size); }
      |                                               ^~~~
include/kapi_syscall.h: 在函数‘sys_mkdir’中:
include/kapi_syscall.h:572:35: warning: 将一个指针转换为大小不同的整数 [-Wpointer-to-int-cast]
  572 | { return kapi_syscall2(SYS_mkdir, (long)pathname, mode); }
      |                                   ^
include/kapi_syscall.h: 在函数‘sys_rmdir’中:
include/kapi_syscall.h:575:35: warning: 将一个指针转换为大小不同的整数 [-Wpointer-to-int-cast]
  575 | { return kapi_syscall1(SYS_rmdir, (long)pathname); }
      |                                   ^
include/kapi_syscall.h: 在函数‘sys_unlink’中:
include/kapi_syscall.h:578:36: warning: 将一个指针转换为大小不同的整数 [-Wpointer-to-int-cast]
  578 | { return kapi_syscall1(SYS_unlink, (long)pathname); }
      |                                    ^
include/kapi_syscall.h: 在函数‘sys_rename’中:
include/kapi_syscall.h:581:36: warning: 将一个指针转换为大小不同的整数 [-Wpointer-to-int-cast]
  581 | { return kapi_syscall2(SYS_rename, (long)oldpath, (long)newpath); }
      |                                    ^
include/kapi_syscall.h:581:51: warning: 将一个指针转换为大小不同的整数 [-Wpointer-to-int-cast]
  581 | { return kapi_syscall2(SYS_rename, (long)oldpath, (long)newpath); }
      |                                                   ^
include/kapi_syscall.h: 在函数‘sys_creat’中:
include/kapi_syscall.h:584:35: warning: 将一个指针转换为大小不同的整数 [-Wpointer-to-int-cast]
  584 | { return kapi_syscall2(SYS_creat, (long)pathname, mode); }
      |                                   ^
include/kapi_syscall.h: 在函数‘sys_link’中:
include/kapi_syscall.h:587:34: warning: 将一个指针转换为大小不同的整数 [-Wpointer-to-int-cast]
  587 | { return kapi_syscall2(SYS_link, (long)oldpath, (long)newpath); }
      |                                  ^
include/kapi_syscall.h:587:49: warning: 将一个指针转换为大小不同的整数 [-Wpointer-to-int-cast]
  587 | { return kapi_syscall2(SYS_link, (long)oldpath, (long)newpath); }
      |                                                 ^
include/kapi_syscall.h: 在函数‘sys_symlink’中:
include/kapi_syscall.h:590:37: warning: 将一个指针转换为大小不同的整数 [-Wpointer-to-int-cast]
  590 | { return kapi_syscall2(SYS_symlink, (long)target, (long)linkpath); }
      |                                     ^
include/kapi_syscall.h:590:51: warning: 将一个指针转换为大小不同的整数 [-Wpointer-to-int-cast]
  590 | { return kapi_syscall2(SYS_symlink, (long)target, (long)linkpath); }
      |                                                   ^
include/kapi_syscall.h: 在函数‘sys_readlink’中:
include/kapi_syscall.h:593:38: warning: 将一个指针转换为大小不同的整数 [-Wpointer-to-int-cast]
  593 | { return kapi_syscall3(SYS_readlink, (long)pathname, (long)buf, bufsiz); }
      |                                      ^
include/kapi_syscall.h:593:54: warning: 将一个指针转换为大小不同的整数 [-Wpointer-to-int-cast]
  593 | { return kapi_syscall3(SYS_readlink, (long)pathname, (long)buf, bufsiz); }
      |                                                      ^
include/kapi_syscall.h:593:65: warning: ‘long int’转换自‘size_t’ {或称 ‘long unsigned int’}时可能会改变结果的符号 [-Wsign-conversion]
  593 | { return kapi_syscall3(SYS_readlink, (long)pathname, (long)buf, bufsiz); }
      |                                                                 ^~~~~~
include/kapi_syscall.h: 在函数‘sys_chmod’中:
include/kapi_syscall.h:596:35: warning: 将一个指针转换为大小不同的整数 [-Wpointer-to-int-cast]
  596 | { return kapi_syscall2(SYS_chmod, (long)pathname, mode); }
      |                                   ^
include/kapi_syscall.h: 在函数‘sys_chown’中:
include/kapi_syscall.h:599:35: warning: 将一个指针转换为大小不同的整数 [-Wpointer-to-int-cast]
  599 | { return kapi_syscall3(SYS_chown, (long)pathname, owner, group); }
      |                                   ^
include/kapi_syscall.h: 在函数‘sys_truncate’中:
include/kapi_syscall.h:602:38: warning: 将一个指针转换为大小不同的整数 [-Wpointer-to-int-cast]
  602 | { return kapi_syscall2(SYS_truncate, (long)path, length); }
      |                                      ^
include/kapi_syscall.h: 在函数‘sys_pipe’中:
include/kapi_syscall.h:626:34: warning: 将一个指针转换为大小不同的整数 [-Wpointer-to-int-cast]
  626 | { return kapi_syscall1(SYS_pipe, (long)pipefd); }
      |                                  ^
include/kapi_syscall.h: 在函数‘sys_pipe2’中:
include/kapi_syscall.h:629:35: warning: 将一个指针转换为大小不同的整数 [-Wpointer-to-int-cast]
  629 | { return kapi_syscall2(SYS_pipe2, (long)pipefd, flags); }
      |                                   ^
include/kapi_syscall.h: 在函数‘sys_mount’中:
include/kapi_syscall.h:634:35: warning: 将一个指针转换为大小不同的整数 [-Wpointer-to-int-cast]
  634 | { return kapi_syscall5(SYS_mount, (long)source, (long)target, (long)filesystemtype, mountflags, (long)data); }
      |                                   ^
include/kapi_syscall.h:634:49: warning: 将一个指针转换为大小不同的整数 [-Wpointer-to-int-cast]
  634 | { return kapi_syscall5(SYS_mount, (long)source, (long)target, (long)filesystemtype, mountflags, (long)data); }
      |                                                 ^
include/kapi_syscall.h:634:63: warning: 将一个指针转换为大小不同的整数 [-Wpointer-to-int-cast]
  634 | { return kapi_syscall5(SYS_mount, (long)source, (long)target, (long)filesystemtype, mountflags, (long)data); }
      |                                                               ^
include/kapi_syscall.h:634:97: warning: 将一个指针转换为大小不同的整数 [-Wpointer-to-int-cast]
  634 | { return kapi_syscall5(SYS_mount, (long)source, (long)target, (long)filesystemtype, mountflags, (long)data); }
      |                                                                                                 ^
include/kapi_syscall.h:634:85: warning: ‘long int’转换自‘long unsigned int’时可能会改变结果的符号 [-Wsign-conversion]
  634 | { return kapi_syscall5(SYS_mount, (long)source, (long)target, (long)filesystemtype, mountflags, (long)data); }
      |                                                                                     ^~~~~~~~~~
include/kapi_syscall.h: 在函数‘sys_umount2’中:
include/kapi_syscall.h:637:37: warning: 将一个指针转换为大小不同的整数 [-Wpointer-to-int-cast]
  637 | { return kapi_syscall2(SYS_umount2, (long)target, flags); }
      |                                     ^
include/kapi_syscall.h: 在函数‘sys_swapon’中:
include/kapi_syscall.h:640:36: warning: 将一个指针转换为大小不同的整数 [-Wpointer-to-int-cast]
  640 | { return kapi_syscall2(SYS_swapon, (long)path, swapflags); }
      |                                    ^
include/kapi_syscall.h: 在函数‘sys_swapoff’中:
include/kapi_syscall.h:643:37: warning: 将一个指针转换为大小不同的整数 [-Wpointer-to-int-cast]
  643 | { return kapi_syscall1(SYS_swapoff, (long)path); }
      |                                     ^
include/kapi_syscall.h: 在函数‘sys_nanosleep’中:
include/kapi_syscall.h:646:39: warning: 将一个指针转换为大小不同的整数 [-Wpointer-to-int-cast]
  646 | { return kapi_syscall2(SYS_nanosleep, (long)req, (long)rem); }
      |                                       ^
include/kapi_syscall.h:646:50: warning: 将一个指针转换为大小不同的整数 [-Wpointer-to-int-cast]
  646 | { return kapi_syscall2(SYS_nanosleep, (long)req, (long)rem); }
      |                                                  ^
include/kapi_syscall.h: 在函数‘sys_gettimeofday’中:
include/kapi_syscall.h:649:42: warning: 将一个指针转换为大小不同的整数 [-Wpointer-to-int-cast]
  649 | { return kapi_syscall2(SYS_gettimeofday, (long)tv, (long)tz); }
      |                                          ^
include/kapi_syscall.h:649:52: warning: 将一个指针转换为大小不同的整数 [-Wpointer-to-int-cast]
  649 | { return kapi_syscall2(SYS_gettimeofday, (long)tv, (long)tz); }
      |                                                    ^
include/kapi_syscall.h: 在函数‘sys_settimeofday’中:
include/kapi_syscall.h:652:42: warning: 将一个指针转换为大小不同的整数 [-Wpointer-to-int-cast]
  652 | { return kapi_syscall2(SYS_settimeofday, (long)tv, (long)tz); }
      |                                          ^
include/kapi_syscall.h:652:52: warning: 将一个指针转换为大小不同的整数 [-Wpointer-to-int-cast]
  652 | { return kapi_syscall2(SYS_settimeofday, (long)tv, (long)tz); }
      |                                                    ^
include/kapi_syscall.h: 在函数‘sys_time’中:
include/kapi_syscall.h:655:34: warning: 将一个指针转换为大小不同的整数 [-Wpointer-to-int-cast]
  655 | { return kapi_syscall1(SYS_time, (long)tloc); }
      |                                  ^
include/kapi_syscall.h: 在函数‘sys_clock_gettime’中:
include/kapi_syscall.h:658:51: warning: 将一个指针转换为大小不同的整数 [-Wpointer-to-int-cast]
  658 | { return kapi_syscall2(SYS_clock_gettime, clk_id, (long)tp); }
      |                                                   ^
include/kapi_syscall.h: 在函数‘sys_clock_settime’中:
include/kapi_syscall.h:661:51: warning: 将一个指针转换为大小不同的整数 [-Wpointer-to-int-cast]
  661 | { return kapi_syscall2(SYS_clock_settime, clk_id, (long)tp); }
      |                                                   ^
include/kapi_syscall.h: 在函数‘sys_clock_nanosleep’中:
include/kapi_syscall.h:664:60: warning: 将一个指针转换为大小不同的整数 [-Wpointer-to-int-cast]
  664 | { return kapi_syscall4(SYS_clock_nanosleep, clk_id, flags, (long)req, (long)rem); }
      |                                                            ^
include/kapi_syscall.h:664:71: warning: 将一个指针转换为大小不同的整数 [-Wpointer-to-int-cast]
  664 | { return kapi_syscall4(SYS_clock_nanosleep, clk_id, flags, (long)req, (long)rem); }
      |                                                                       ^
include/kapi_syscall.h: 在函数‘sys_rt_sigaction’中:
include/kapi_syscall.h:667:47: warning: 将一个指针转换为大小不同的整数 [-Wpointer-to-int-cast]
  667 | { return kapi_syscall4(SYS_rt_sigaction, sig, (long)act, (long)oact, sigsetsize); }
      |                                               ^
include/kapi_syscall.h:667:58: warning: 将一个指针转换为大小不同的整数 [-Wpointer-to-int-cast]
  667 | { return kapi_syscall4(SYS_rt_sigaction, sig, (long)act, (long)oact, sigsetsize); }
      |                                                          ^
include/kapi_syscall.h:667:70: warning: ‘long int’转换自‘size_t’ {或称 ‘long unsigned int’}时可能会改变结果的符号 [-Wsign-conversion]
  667 | { return kapi_syscall4(SYS_rt_sigaction, sig, (long)act, (long)oact, sigsetsize); }
      |                                                                      ^~~~~~~~~~
include/kapi_syscall.h: 在函数‘sys_rt_sigprocmask’中:
include/kapi_syscall.h:670:49: warning: 将一个指针转换为大小不同的整数 [-Wpointer-to-int-cast]
  670 | { return kapi_syscall4(SYS_rt_sigprocmask, how, (long)set, (long)oldset, sigsetsize); }
      |                                                 ^
include/kapi_syscall.h:670:60: warning: 将一个指针转换为大小不同的整数 [-Wpointer-to-int-cast]
  670 | { return kapi_syscall4(SYS_rt_sigprocmask, how, (long)set, (long)oldset, sigsetsize); }
      |                                                            ^
include/kapi_syscall.h:670:74: warning: ‘long int’转换自‘size_t’ {或称 ‘long unsigned int’}时可能会改变结果的符号 [-Wsign-conversion]
  670 | { return kapi_syscall4(SYS_rt_sigprocmask, how, (long)set, (long)oldset, sigsetsize); }
      |                                                                          ^~~~~~~~~~
include/kapi_syscall.h: 在函数‘sys_ioctl’中:
include/kapi_syscall.h:679:39: warning: ‘long int’转换自‘long unsigned int’时可能会改变结果的符号 [-Wsign-conversion]
  679 | { return kapi_syscall3(SYS_ioctl, fd, request, arg); }
      |                                       ^~~~~~~
include/kapi_syscall.h: 在函数‘sys_pread64’中:
include/kapi_syscall.h:682:41: warning: 将一个指针转换为大小不同的整数 [-Wpointer-to-int-cast]
  682 | { return kapi_syscall4(SYS_pread64, fd, (long)buf, count, offset); }
      |                                         ^
include/kapi_syscall.h:682:52: warning: ‘long int’转换自‘size_t’ {或称 ‘long unsigned int’}时可能会改变结果的符号 [-Wsign-conversion]
  682 | { return kapi_syscall4(SYS_pread64, fd, (long)buf, count, offset); }
      |                                                    ^~~~~
include/kapi_syscall.h: 在函数‘sys_pwrite64’中:
include/kapi_syscall.h:685:42: warning: 将一个指针转换为大小不同的整数 [-Wpointer-to-int-cast]
  685 | { return kapi_syscall4(SYS_pwrite64, fd, (long)buf, count, offset); }
      |                                          ^
include/kapi_syscall.h:685:53: warning: ‘long int’转换自‘size_t’ {或称 ‘long unsigned int’}时可能会改变结果的符号 [-Wsign-conversion]
  685 | { return kapi_syscall4(SYS_pwrite64, fd, (long)buf, count, offset); }
      |                                                     ^~~~~
include/kapi_syscall.h: 在函数‘sys_readv’中:
include/kapi_syscall.h:688:39: warning: 将一个指针转换为大小不同的整数 [-Wpointer-to-int-cast]
  688 | { return kapi_syscall3(SYS_readv, fd, (long)iov, iovcnt); }
      |                                       ^
include/kapi_syscall.h: 在函数‘sys_writev’中:
include/kapi_syscall.h:691:40: warning: 将一个指针转换为大小不同的整数 [-Wpointer-to-int-cast]
  691 | { return kapi_syscall3(SYS_writev, fd, (long)iov, iovcnt); }
      |                                        ^
include/kapi_syscall.h: 在函数‘sys_getdents’中:
include/kapi_syscall.h:694:42: warning: 将一个指针转换为大小不同的整数 [-Wpointer-to-int-cast]
  694 | { return kapi_syscall3(SYS_getdents, fd, (long)dirp, count); }
      |                                          ^
include/kapi_syscall.h:694:54: warning: ‘long int’转换自‘unsigned int’时可能会改变结果的符号 [-Wsign-conversion]
  694 | { return kapi_syscall3(SYS_getdents, fd, (long)dirp, count); }
      |                                                      ^~~~~
include/kapi_syscall.h: 在函数‘sys_getdents64’中:
include/kapi_syscall.h:697:44: warning: 将一个指针转换为大小不同的整数 [-Wpointer-to-int-cast]
  697 | { return kapi_syscall3(SYS_getdents64, fd, (long)dirp, count); }
      |                                            ^
include/kapi_syscall.h:697:56: warning: ‘long int’转换自‘unsigned int’时可能会改变结果的符号 [-Wsign-conversion]
  697 | { return kapi_syscall3(SYS_getdents64, fd, (long)dirp, count); }
      |                                                        ^~~~~
include/kapi_syscall.h: 在函数‘sys_getgroups’中:
include/kapi_syscall.h:718:45: warning: 将一个指针转换为大小不同的整数 [-Wpointer-to-int-cast]
  718 | { return kapi_syscall2(SYS_getgroups, size, (long)list); }
      |                                             ^
include/kapi_syscall.h: 在函数‘sys_setgroups’中:
include/kapi_syscall.h:721:45: warning: 将一个指针转换为大小不同的整数 [-Wpointer-to-int-cast]
  721 | { return kapi_syscall2(SYS_setgroups, size, (long)list); }
      |                                             ^
include/kapi_syscall.h: 在函数‘sys_uname’中:
include/kapi_syscall.h:724:35: warning: 将一个指针转换为大小不同的整数 [-Wpointer-to-int-cast]
  724 | { return kapi_syscall1(SYS_uname, (long)buf); }
      |                                   ^
include/kapi_syscall.h: 在函数‘sys_sysinfo’中:
include/kapi_syscall.h:727:37: warning: 将一个指针转换为大小不同的整数 [-Wpointer-to-int-cast]
  727 | { return kapi_syscall1(SYS_sysinfo, (long)info); }
      |                                     ^
include/kapi_syscall.h: 在函数‘sys_getrlimit’中:
include/kapi_syscall.h:730:49: warning: 将一个指针转换为大小不同的整数 [-Wpointer-to-int-cast]
  730 | { return kapi_syscall2(SYS_getrlimit, resource, (long)rlim); }
      |                                                 ^
include/kapi_syscall.h: 在函数‘sys_setrlimit’中:
include/kapi_syscall.h:733:49: warning: 将一个指针转换为大小不同的整数 [-Wpointer-to-int-cast]
  733 | { return kapi_syscall2(SYS_setrlimit, resource, (long)rlim); }
      |                                                 ^
include/kapi_syscall.h: 在函数‘sys_getrusage’中:
include/kapi_syscall.h:736:44: warning: 将一个指针转换为大小不同的整数 [-Wpointer-to-int-cast]
  736 | { return kapi_syscall2(SYS_getrusage, who, (long)usage); }
      |                                            ^
include/kapi_syscall.h: 在函数‘sys_times’中:
include/kapi_syscall.h:739:35: warning: 将一个指针转换为大小不同的整数 [-Wpointer-to-int-cast]
  739 | { return kapi_syscall1(SYS_times, (long)tbuf); }
      |                                   ^
include/kapi_syscall.h: 在函数‘sys_reboot’中:
include/kapi_syscall.h:754:57: warning: 将一个指针转换为大小不同的整数 [-Wpointer-to-int-cast]
  754 | { return kapi_syscall4(SYS_reboot, magic1, magic2, cmd, (long)arg); }
      |                                                         ^
include/kapi_syscall.h: 在函数‘sys_chroot’中:
include/kapi_syscall.h:757:36: warning: 将一个指针转换为大小不同的整数 [-Wpointer-to-int-cast]
  757 | { return kapi_syscall1(SYS_chroot, (long)path); }
      |                                    ^
include/kapi_syscall.h: 在函数‘sys_sethostname’中:
include/kapi_syscall.h:760:41: warning: 将一个指针转换为大小不同的整数 [-Wpointer-to-int-cast]
  760 | { return kapi_syscall2(SYS_sethostname, (long)name, len); }
      |                                         ^
include/kapi_syscall.h: 在函数‘sys_setdomainname’中:
include/kapi_syscall.h:763:43: warning: 将一个指针转换为大小不同的整数 [-Wpointer-to-int-cast]
  763 | { return kapi_syscall2(SYS_setdomainname, (long)name, len); }
      |                                           ^
include/kapi_syscall.h: 在函数‘sys_init_module’中:
include/kapi_syscall.h:766:41: warning: 将一个指针转换为大小不同的整数 [-Wpointer-to-int-cast]
  766 | { return kapi_syscall3(SYS_init_module, (long)module_image, len, (long)param_values); }
      |                                         ^
include/kapi_syscall.h:766:66: warning: 将一个指针转换为大小不同的整数 [-Wpointer-to-int-cast]
  766 | { return kapi_syscall3(SYS_init_module, (long)module_image, len, (long)param_values); }
      |                                                                  ^
include/kapi_syscall.h:766:61: warning: ‘long int’转换自‘long unsigned int’时可能会改变结果的符号 [-Wsign-conversion]
  766 | { return kapi_syscall3(SYS_init_module, (long)module_image, len, (long)param_values); }
      |                                                             ^~~
include/kapi_syscall.h: 在函数‘sys_delete_module’中:
include/kapi_syscall.h:769:43: warning: 将一个指针转换为大小不同的整数 [-Wpointer-to-int-cast]
  769 | { return kapi_syscall2(SYS_delete_module, (long)name, flags); }
      |                                           ^
include/kapi_syscall.h:769:55: warning: ‘long int’转换自‘unsigned int’时可能会改变结果的符号 [-Wsign-conversion]
  769 | { return kapi_syscall2(SYS_delete_module, (long)name, flags); }
      |                                                       ^~~~~
include/kapi_syscall.h: 在函数‘sys_finit_module’中:
include/kapi_syscall.h:772:46: warning: 将一个指针转换为大小不同的整数 [-Wpointer-to-int-cast]
  772 | { return kapi_syscall3(SYS_finit_module, fd, (long)param_values, flags); }
      |                                              ^
<0> Building kernel/api/kapi_string.c
kernel/api/kapi_syscall.c: 在函数‘sys_read_impl’中:
kernel/api/kapi_syscall.c:208:49: warning: 将一个整数转换为大小不同的指针 [-Wint-to-pointer-cast]
  208 |             ret = kapi_read(entry->obj.file_fd, (void*)buf, (size_t)count);
      |                                                 ^
kernel/api/kapi_syscall.c:214:46: warning: 将一个整数转换为大小不同的指针 [-Wint-to-pointer-cast]
  214 |             ret = fifo_read(entry->obj.pipe, (void*)buf, (uint64_t)count);
      |                                              ^
kernel/api/kapi_syscall.c:222:43: warning: conversion from ‘int64_t’ {或称 ‘long long int’} to ‘long int’ may change value [-Wconversion]
  222 |     return ret < 0 ? KENUX_ERR(KENUX_EIO) : ret;
      |            ~~~~~~~~~~~~~~~~~~~~~~~~~~~~~~~^~~~~
kernel/api/kapi_syscall.c: 在函数‘sys_write_impl’中:
kernel/api/kapi_syscall.c:234:21: warning: 将一个整数转换为大小不同的指针 [-Wint-to-pointer-cast]
  234 |         memcpy(tmp, (void*)buf, to_write);
      |                     ^
kernel/api/kapi_syscall.c:249:50: warning: 将一个整数转换为大小不同的指针 [-Wint-to-pointer-cast]
  249 |             ret = kapi_write(entry->obj.file_fd, (void*)buf, (size_t)count);
      |                                                  ^
kernel/api/kapi_syscall.c:255:47: warning: 将一个整数转换为大小不同的指针 [-Wint-to-pointer-cast]
  255 |             ret = fifo_write(entry->obj.pipe, (void*)buf, (uint64_t)count);
      |                                               ^
kernel/api/kapi_syscall.c:263:43: warning: conversion from ‘int64_t’ {或称 ‘long long int’} to ‘long int’ may change value [-Wconversion]
  263 |     return ret < 0 ? KENUX_ERR(KENUX_EIO) : ret;
      |            ~~~~~~~~~~~~~~~~~~~~~~~~~~~~~~~^~~~~
kernel/api/kapi_syscall.c: 在函数‘sys_open_impl’中:
kernel/api/kapi_syscall.c:281:37: warning: 将一个整数转换为大小不同的指针 [-Wint-to-pointer-cast]
  281 |         kapi_dir_t d = kapi_opendir((const char*)pathname);
      |                                     ^
kernel/api/kapi_syscall.c:295:23: warning: 将一个整数转换为大小不同的指针 [-Wint-to-pointer-cast]
  295 |     int f = kapi_open((const char*)pathname, kflags);
      |                       ^
kernel/api/kapi_syscall.c:297:24: warning: 将一个整数转换为大小不同的指针 [-Wint-to-pointer-cast]
  297 |         f = kapi_creat((const char*)pathname, (mode_t)(mode & 07777));
      |                        ^
kernel/api/kapi_syscall.c: 在函数‘sys_stat_impl’中:
kernel/api/kapi_syscall.c:362:25: warning: 将一个整数转换为大小不同的指针 [-Wint-to-pointer-cast]
  362 |     int ret = kapi_stat((const char*)pathname, &kst);
      |                         ^
kernel/api/kapi_syscall.c:365:65: warning: 将一个整数转换为大小不同的指针 [-Wint-to-pointer-cast]
  365 |     struct { uint64_t st_dev, st_ino; uint32_t st_mode; } *st = (void*)statbuf;
      |                                                                 ^
kernel/api/kapi_syscall.c: 在函数‘sys_fstat_impl’中:
kernel/api/kapi_syscall.c:380:12: warning: 将一个整数转换为大小不同的指针 [-Wint-to-pointer-cast]
  380 |     memset((void*)statbuf, 0, 128);
      |            ^
kernel/api/kapi_syscall.c: 在函数‘sys_lseek_impl’中:
kernel/api/kapi_syscall.c:394:45: warning: conversion from ‘int64_t’ {或称 ‘long long int’} to ‘long int’ may change value [-Wconversion]
  394 |     return ret < 0 ? KENUX_ERR(KENUX_EBADF) : ret;
      |            ~~~~~~~~~~~~~~~~~~~~~~~~~~~~~~~~~^~~~~
kernel/api/kapi_syscall.c: 在函数‘sys_rt_sigaction_impl’中:
kernel/api/kapi_syscall.c:471:42: warning: 将一个整数转换为大小不同的指针 [-Wint-to-pointer-cast]
  471 |     int ret = signal_sigaction((int)sig, (const k_sigaction_t*)act, (k_sigaction_t*)oact);
      |                                          ^
kernel/api/kapi_syscall.c:471:69: warning: 将一个整数转换为大小不同的指针 [-Wint-to-pointer-cast]
  471 |     int ret = signal_sigaction((int)sig, (const k_sigaction_t*)act, (k_sigaction_t*)oact);
      |                                                                     ^
kernel/api/kapi_syscall.c: 在函数‘sys_rt_sigprocmask_impl’中:
kernel/api/kapi_syscall.c:482:44: warning: 将一个整数转换为大小不同的指针 [-Wint-to-pointer-cast]
  482 |     int ret = signal_sigprocmask((int)how, (const k_sigset_t*)set, (k_sigset_t*)oset);
      |                                            ^
kernel/api/kapi_syscall.c:482:68: warning: 将一个整数转换为大小不同的指针 [-Wint-to-pointer-cast]
  482 |     int ret = signal_sigprocmask((int)how, (const k_sigset_t*)set, (k_sigset_t*)oset);
      |                                                                    ^
kernel/api/kapi_syscall.c: 在函数‘sys_access_impl’中:
kernel/api/kapi_syscall.c:508:25: warning: 将一个整数转换为大小不同的指针 [-Wint-to-pointer-cast]
  508 |     int ret = kapi_stat((const char*)pathname, &st);
      |                         ^
kernel/api/kapi_syscall.c: 在函数‘sys_pipe_impl’中:
kernel/api/kapi_syscall.c:542:16: warning: 将一个整数转换为大小不同的指针 [-Wint-to-pointer-cast]
  542 |     int* fds = (int*)pipefd;
      |                ^
kernel/api/kapi_syscall.c: 在函数‘sys_nanosleep_impl’中:
kernel/api/kapi_syscall.c:588:49: warning: 将一个整数转换为大小不同的指针 [-Wint-to-pointer-cast]
  588 |     struct { long tv_sec; long tv_nsec; } *ts = (void*)req;
      |                                                 ^
kernel/api/kapi_syscall.c: 在函数‘sys_execve_impl’中:
kernel/api/kapi_syscall.c:722:34: warning: 将一个整数转换为大小不同的指针 [-Wint-to-pointer-cast]
  722 |     int ret = elf_load_from_file((const char*)filename, &info);
      |                                  ^
kernel/api/kapi_syscall.c:727:39: warning: 将一个整数转换为大小不同的指针 [-Wint-to-pointer-cast]
  727 |         const char* dummy_argv[2] = { (const char*)filename, NULL };
      |                                       ^
kernel/api/kapi_syscall.c: 在函数‘sys_wait4_impl’中:
kernel/api/kapi_syscall.c:752:10: warning: 将一个整数转换为大小不同的指针 [-Wint-to-pointer-cast]
  752 |         *(int*)wstatus = status;
      |          ^
kernel/api/kapi_syscall.c: 在函数‘sys_uname_impl’中:
kernel/api/kapi_syscall.c:783:12: warning: 将一个整数转换为大小不同的指针 [-Wint-to-pointer-cast]
  783 |     } *u = (void*)buf;
      |            ^
kernel/api/kapi_syscall.c: 在函数‘sys_getcwd_impl’中:
kernel/api/kapi_syscall.c:825:29: warning: 将一个整数转换为大小不同的指针 [-Wint-to-pointer-cast]
  825 |     char* ret = kapi_getcwd((char*)buf, (size_t)size);
      |                             ^
kernel/api/kapi_syscall.c: 在函数‘sys_chdir_impl’中:
kernel/api/kapi_syscall.c:833:26: warning: 将一个整数转换为大小不同的指针 [-Wint-to-pointer-cast]
  833 |     int ret = kapi_chdir((const char*)path);
      |                          ^
kernel/api/kapi_syscall.c: 在函数‘sys_rename_impl’中:
kernel/api/kapi_syscall.c:841:27: warning: 将一个整数转换为大小不同的指针 [-Wint-to-pointer-cast]
  841 |     int ret = kapi_rename((const char*)oldpath, (const char*)newpath);
      |                           ^
kernel/api/kapi_syscall.c:841:49: warning: 将一个整数转换为大小不同的指针 [-Wint-to-pointer-cast]
  841 |     int ret = kapi_rename((const char*)oldpath, (const char*)newpath);
      |                                                 ^
kernel/api/kapi_syscall.c: 在函数‘sys_mkdir_impl’中:
kernel/api/kapi_syscall.c:849:26: warning: 将一个整数转换为大小不同的指针 [-Wint-to-pointer-cast]
  849 |     int ret = kapi_mkdir((const char*)pathname, (int)mode);
      |                          ^
kernel/api/kapi_syscall.c:849:49: warning: ‘mode_t’ {或称 ‘long long unsigned int’}转换自‘int’时可能会改变结果的符号 [-Wsign-conversion]
  849 |     int ret = kapi_mkdir((const char*)pathname, (int)mode);
      |                                                 ^~~~~~~~~
kernel/api/kapi_syscall.c: 在函数‘sys_rmdir_impl’中:
kernel/api/kapi_syscall.c:857:26: warning: 将一个整数转换为大小不同的指针 [-Wint-to-pointer-cast]
  857 |     int ret = kapi_rmdir((const char*)pathname);
<2> Building kernel/api/kapi_sort.c
kernel/api/kapi_string.c: 在函数‘kapi_vsnprintf’中:
      |                          ^
kernel/api/kapi_syscall.c: 在函数‘sys_unlink_impl’中:
kernel/api/kapi_string.c:78:35: warning: conversion from ‘int’ to ‘char’ may change value [-Wconversion]
kernel/api/kapi_syscall.c:878:27: warning: 将一个整数转换为大小不同的指针 [-Wint-to-pointer-cast]
  878 |     int ret = kapi_unlink((const char*)pathname);
      |                           ^
kernel/api/kapi_syscall.c: 在函数‘sys_chmod_impl’中:
kernel/api/kapi_syscall.c:901:46: warning: 将一个整数转换为大小不同的指针 [-Wint-to-pointer-cast]
  901 |     vfs_node_t* node = syscall_vfs_find_path((const char*)pathname);
      |                                              ^
kernel/api/kapi_syscall.c: 在函数‘sys_chown_impl’中:
kernel/api/kapi_syscall.c:912:46: warning: 将一个整数转换为大小不同的指针 [-Wint-to-pointer-cast]
  912 |     vfs_node_t* node = syscall_vfs_find_path((const char*)pathname);
      |                                              ^
kernel/api/kapi_syscall.c: 在函数‘sys_gettimeofday_impl’中:
kernel/api/kapi_syscall.c:935:52: warning: 将一个整数转换为大小不同的指针 [-Wint-to-pointer-cast]
  935 |         struct { long tv_sec; long tv_usec; } *t = (void*)tv;
   78 |                     buffer[i++] = '0' + (n % 10);
      |                                   ^~~
      |                                                    ^
kernel/api/kapi_syscall.c: 在函数‘sys_getrlimit_impl’中:
kernel/api/kapi_syscall.c:948:51: warning: 将一个整数转换为大小不同的指针 [-Wint-to-pointer-cast]
  948 |     struct { long rlim_cur; long rlim_max; } *r = (void*)rlim;
      |                                                   ^
kernel/api/kapi_syscall.c: 在函数‘sys_getrusage_impl’中:
kernel/api/kapi_syscall.c:958:23: warning: 将一个整数转换为大小不同的指针 [-Wint-to-pointer-cast]
  958 |     if (usage) memset((void*)usage, 0, 144);
      |                       ^
kernel/api/kapi_syscall.c: 在函数‘sys_sysinfo_impl’中:
kernel/api/kapi_syscall.c:981:13: warning: 将一个整数转换为大小不同的指针 [-Wint-to-pointer-cast]
  981 |     } *si = (void*)info;
      |             ^
kernel/api/kapi_syscall.c: 在函数‘sys_times_impl’中:
kernel/api/kapi_syscall.c:997:22: warning: 将一个整数转换为大小不同的指针 [-Wint-to-pointer-cast]
  997 |     if (tbuf) memset((void*)tbuf, 0, 32);
      |                      ^
kernel/api/kapi_syscall.c: 在函数‘sys_getdents64_impl’中:
kernel/api/kapi_syscall.c:1102:32: warning: 将一个整数转换为大小不同的指针 [-Wint-to-pointer-cast]
 1102 |     struct linux_dirent64* d = (struct linux_dirent64*)dirp;
      |                                ^
kernel/api/kapi_syscall.c: 在函数‘sys_clock_gettime_impl’中:
kernel/api/kapi_syscall.c:1120:48: warning: 将一个整数转换为大小不同的指针 [-Wint-to-pointer-cast]
 1120 |     struct { long tv_sec; long tv_nsec; } *t = (void*)tp;
      |                                                ^
kernel/api/kapi_syscall.c: 在函数‘sys_chroot_impl’中:
kernel/api/kapi_syscall.c:1171:46: warning: 将一个整数转换为大小不同的指针 [-Wint-to-pointer-cast]
 1171 |     vfs_node_t* node = syscall_vfs_find_path((const char*)path);
      |                                              ^
kernel/api/kapi_syscall.c:1175:41: warning: 将一个整数转换为大小不同的指针 [-Wint-to-pointer-cast]
 1175 |     strncpy(proc_root[current_process], (const char*)path, sizeof(proc_root[0]) - 1);
      |                                         ^
kernel/api/kapi_syscall.c: 在函数‘sys_sethostname_impl’中:
kernel/api/kapi_syscall.c:1188:28: warning: 将一个整数转换为大小不同的指针 [-Wint-to-pointer-cast]
 1188 |     memcpy(kenux_hostname, (const void*)name, (size_t)len);
      |                            ^
kernel/api/kapi_syscall.c: 在函数‘sys_init_module_impl’中:
kernel/api/kapi_syscall.c:1200:27: warning: 将一个整数转换为大小不同的指针 [-Wint-to-pointer-cast]
 1200 |     int ret = module_load((const void*)module_image, (uint64_t)len, "unknown");
      |                           ^
kernel/api/kapi_syscall.c: 在函数‘sys_delete_module_impl’中:
kernel/api/kapi_syscall.c:1211:29: warning: 将一个整数转换为大小不同的指针 [-Wint-to-pointer-cast]
 1211 |     int ret = module_unload((const char*)name);
      |                             ^
kernel/api/kapi_syscall.c: 在函数‘sys_getrandom_impl’中:
kernel/api/kapi_syscall.c:1247:18: warning: 将一个整数转换为大小不同的指针 [-Wint-to-pointer-cast]
 1247 |     uint8_t* p = (uint8_t*)buf;
      |                  ^
kernel/api/kapi_syscall.c: 在函数‘sys_kenux_info_impl’中:
kernel/api/kapi_syscall.c:1269:15: warning: 将一个整数转换为大小不同的指针 [-Wint-to-pointer-cast]
 1269 |     } *info = (void*)buf;
      |               ^
kernel/api/kapi_syscall.c: 在函数‘sys_kenux_get_loadavg_impl’中:
kernel/api/kapi_syscall.c:1305:15: warning: 将一个整数转换为大小不同的指针 [-Wint-to-pointer-cast]
 1305 |     long* l = (long*)loads;
      |               ^
kernel/api/kapi_syscall.c: 在函数‘sys_futex_impl’中:
kernel/api/kapi_syscall.c:1321:53: warning: 将一个整数转换为大小不同的指针 [-Wint-to-pointer-cast]
 1321 |         struct { long tv_sec; long tv_nsec; } *ts = (void*)timeout;
      |                                                     ^
kernel/api/kapi_syscall.c:1329:34: warning: 将一个整数转换为大小不同的指针 [-Wint-to-pointer-cast]
 1329 |             int ret = futex_wait((void*)uaddr, (uint32_t)val, timeout_ms);
      |                                  ^
kernel/api/kapi_syscall.c:1333:34: warning: 将一个整数转换为大小不同的指针 [-Wint-to-pointer-cast]
 1333 |             int ret = futex_wake((void*)uaddr, (uint32_t)val);
      |                                  ^
kernel/api/kapi_syscall.c:1339:37: warning: 将一个整数转换为大小不同的指针 [-Wint-to-pointer-cast]
 1339 |             int ret = futex_requeue((void*)uaddr, (void*)uaddr2, (uint32_t)val);
      |                                     ^
kernel/api/kapi_syscall.c:1339:51: warning: 将一个整数转换为大小不同的指针 [-Wint-to-pointer-cast]
 1339 |             int ret = futex_requeue((void*)uaddr, (void*)uaddr2, (uint32_t)val);
      |                                                   ^
kernel/api/kapi_syscall.c:1314:47: warning: 未使用的参数‘val3’ [-Wunused-parameter]
 1314 |                             long uaddr2, long val3)
      |                                          ~~~~~^~~~
kernel/api/kapi_syscall.c: 在函数‘sys_prctl_impl’中:
kernel/api/kapi_syscall.c:1355:25: warning: 将一个整数转换为大小不同的指针 [-Wint-to-pointer-cast]
 1355 |                 strncpy((char*)arg2, processes[current_process].name, 15);
      |                         ^
kernel/api/kapi_syscall.c:1356:18: warning: 将一个整数转换为大小不同的指针 [-Wint-to-pointer-cast]
 1356 |                 ((char*)arg2)[15] = '\0';
      |                  ^
kernel/api/kapi_syscall.c:1362:58: warning: 将一个整数转换为大小不同的指针 [-Wint-to-pointer-cast]
 1362 |                 strncpy(processes[current_process].name, (const char*)arg2,
      |                                                          ^
kernel/api/kapi_syscall.c: 在函数‘sys_arch_prctl_impl’中:
kernel/api/kapi_syscall.c:1399:14: warning: 将一个整数转换为大小不同的指针 [-Wint-to-pointer-cast]
 1399 |             *(uint64_t*)addr = current_process < PROCESS_MAX ?
      |              ^
kernel/api/kapi_syscall.c:1404:14: warning: 将一个整数转换为大小不同的指针 [-Wint-to-pointer-cast]
 1404 |             *(uint64_t*)addr = current_process < PROCESS_MAX ?
      |              ^
kernel/api/kapi_syscall.c: 在函数‘sys_truncate_impl’中:
kernel/api/kapi_syscall.c:1526:46: warning: 将一个整数转换为大小不同的指针 [-Wint-to-pointer-cast]
 1526 |     vfs_node_t* node = syscall_vfs_find_path((const char*)path);
      |                                              ^
kernel/api/kapi_syscall.c: 在函数‘sys_pread64_impl’中:
kernel/api/kapi_syscall.c:1596:49: warning: 将一个整数转换为大小不同的指针 [-Wint-to-pointer-cast]
 1596 |     int64_t ret = kapi_read(entry->obj.file_fd, (void*)buf, (size_t)count);
      |                                                 ^
kernel/api/kapi_syscall.c:1598:43: warning: conversion from ‘int64_t’ {或称 ‘long long int’} to ‘long int’ may change value [-Wconversion]
 1598 |     return ret < 0 ? KENUX_ERR(KENUX_EIO) : ret;
      |            ~~~~~~~~~~~~~~~~~~~~~~~~~~~~~~~^~~~~
kernel/api/kapi_syscall.c: 在函数‘sys_pwrite64_impl’中:
kernel/api/kapi_syscall.c:1610:50: warning: 将一个整数转换为大小不同的指针 [-Wint-to-pointer-cast]
 1610 |     int64_t ret = kapi_write(entry->obj.file_fd, (void*)buf, (size_t)count);
      |                                                  ^
kernel/api/kapi_syscall.c:1612:43: warning: conversion from ‘int64_t’ {或称 ‘long long int’} to ‘long int’ may change value [-Wconversion]
 1612 |     return ret < 0 ? KENUX_ERR(KENUX_EIO) : ret;
      |            ~~~~~~~~~~~~~~~~~~~~~~~~~~~~~~~^~~~~
kernel/api/kapi_syscall.c: 在函数‘sys_sendfile_impl’中:
kernel/api/kapi_syscall.c:1628:39: warning: 将一个指针转换为大小不同的整数 [-Wpointer-to-int-cast]
 1628 |         long r = sys_read_impl(in_fd, (long)buf, n, 0, 0, 0);
      |                                       ^
kernel/api/kapi_syscall.c:1630:41: warning: 将一个指针转换为大小不同的整数 [-Wpointer-to-int-cast]
 1630 |         long w = sys_write_impl(out_fd, (long)buf, r, 0, 0, 0);
      |                                         ^
kernel/api/kapi_syscall.c:1633:22: warning: 将一个整数转换为大小不同的指针 [-Wint-to-pointer-cast]
 1633 |         if (offset) *(long*)offset += w;
      |                      ^
kernel/api/kapi_syscall.c: 在函数‘sys_time_impl’中:
kernel/api/kapi_syscall.c:1643:16: warning: 将一个整数转换为大小不同的指针 [-Wint-to-pointer-cast]
 1643 |     if (tloc) *(long*)tloc = t;
      |                ^
kernel/api/kapi_syscall.c: 在函数‘sys_set_tid_address_impl’中:
kernel/api/kapi_syscall.c:1664:51: warning: 将一个整数转换为大小不同的指针 [-Wint-to-pointer-cast]
 1664 |         processes[current_process].kthread_data = (void*)tidptr;
      |                                                   ^
kernel/api/kapi_syscall.c: 在函数‘sys_epoll_ctl_impl’中:
kernel/api/kapi_syscall.c:1694:59: warning: 将一个整数转换为大小不同的指针 [-Wint-to-pointer-cast]
 1694 |     int ret = kapi_epoll_ctl((int)epfd, (int)op, (int)fd, (kapi_epoll_event_t*)event);
      |                                                           ^
kernel/api/kapi_syscall.c: 在函数‘sys_epoll_wait_impl’中:
kernel/api/kapi_syscall.c:1702:42: warning: 将一个整数转换为大小不同的指针 [-Wint-to-pointer-cast]
 1702 |     int ret = kapi_epoll_wait((int)epfd, (kapi_epoll_event_t*)events, (int)maxevents, (int)timeout);
      |                                          ^
kernel/api/kapi_syscall.c: 在函数‘sys_epoll_pwait_impl’中:
kernel/api/kapi_syscall.c:1710:43: warning: 将一个整数转换为大小不同的指针 [-Wint-to-pointer-cast]
 1710 |     int ret = kapi_epoll_pwait((int)epfd, (kapi_epoll_event_t*)events, (int)maxevents,
      |                                           ^
kernel/api/kapi_syscall.c:1711:46: warning: 将一个整数转换为大小不同的指针 [-Wint-to-pointer-cast]
 1711 |                                (int)timeout, (const uint64_t*)sigmask);
      |                                              ^
kernel/api/kapi_syscall.c: 在函数‘sys_poll_impl’中:
kernel/api/kapi_syscall.c:1720:25: warning: 将一个整数转换为大小不同的指针 [-Wint-to-pointer-cast]
 1720 |     int ret = kapi_poll((kapi_pollfd_t*)fds, (uint32_t)nfds, (int)timeout);
      |                         ^
kernel/api/kapi_syscall.c: 在函数‘sys_select_impl’中:
kernel/api/kapi_syscall.c:1727:40: warning: 将一个整数转换为大小不同的指针 [-Wint-to-pointer-cast]
 1727 |     int ret = kapi_pselect6((int)nfds, (kapi_fd_set_t*)readfds, (kapi_fd_set_t*)writefds,
      |                                        ^
kernel/api/kapi_syscall.c:1727:65: warning: 将一个整数转换为大小不同的指针 [-Wint-to-pointer-cast]
 1727 |     int ret = kapi_pselect6((int)nfds, (kapi_fd_set_t*)readfds, (kapi_fd_set_t*)writefds,
      |                                                                 ^
kernel/api/kapi_syscall.c:1728:29: warning: 将一个整数转换为大小不同的指针 [-Wint-to-pointer-cast]
 1728 |                             (kapi_fd_set_t*)exceptfds, (uint64_t*)timeout, NULL);
      |                             ^
kernel/api/kapi_syscall.c:1728:56: warning: 将一个整数转换为大小不同的指针 [-Wint-to-pointer-cast]
 1728 |                             (kapi_fd_set_t*)exceptfds, (uint64_t*)timeout, NULL);
      |                                                        ^
kernel/api/kapi_syscall.c: 在函数‘sys_ppoll_impl’中:
kernel/api/kapi_syscall.c:1736:26: warning: 将一个整数转换为大小不同的指针 [-Wint-to-pointer-cast]
 1736 |     int ret = kapi_ppoll((kapi_pollfd_t*)fds, (uint32_t)nfds, (uint64_t*)timeout, (const uint64_t*)sigmask);
      |                          ^
kernel/api/kapi_syscall.c:1736:63: warning: 将一个整数转换为大小不同的指针 [-Wint-to-pointer-cast]
 1736 |     int ret = kapi_ppoll((kapi_pollfd_t*)fds, (uint32_t)nfds, (uint64_t*)timeout, (const uint64_t*)sigmask);
      |                                                               ^
kernel/api/kapi_syscall.c:1736:83: warning: 将一个整数转换为大小不同的指针 [-Wint-to-pointer-cast]
 1736 |     int ret = kapi_ppoll((kapi_pollfd_t*)fds, (uint32_t)nfds, (uint64_t*)timeout, (const uint64_t*)sigmask);
      |                                                                                   ^
kernel/api/kapi_syscall.c: 在函数‘sys_pselect6_impl’中:
kernel/api/kapi_syscall.c:1742:40: warning: 将一个整数转换为大小不同的指针 [-Wint-to-pointer-cast]
 1742 |     int ret = kapi_pselect6((int)nfds, (kapi_fd_set_t*)readfds, (kapi_fd_set_t*)writefds,
      |                                        ^
kernel/api/kapi_syscall.c:1742:65: warning: 将一个整数转换为大小不同的指针 [-Wint-to-pointer-cast]
 1742 |     int ret = kapi_pselect6((int)nfds, (kapi_fd_set_t*)readfds, (kapi_fd_set_t*)writefds,
      |                                                                 ^
kernel/api/kapi_syscall.c:1743:29: warning: 将一个整数转换为大小不同的指针 [-Wint-to-pointer-cast]
 1743 |                             (kapi_fd_set_t*)exceptfds, (uint64_t*)timeout, (const uint64_t*)sigmask);
      |                             ^
kernel/api/kapi_syscall.c:1743:56: warning: 将一个整数转换为大小不同的指针 [-Wint-to-pointer-cast]
 1743 |                             (kapi_fd_set_t*)exceptfds, (uint64_t*)timeout, (const uint64_t*)sigmask);
      |                                                        ^
kernel/api/kapi_syscall.c:1743:76: warning: 将一个整数转换为大小不同的指针 [-Wint-to-pointer-cast]
 1743 |                             (kapi_fd_set_t*)exceptfds, (uint64_t*)timeout, (const uint64_t*)sigmask);
      |                                                                            ^
kernel/api/kapi_syscall.c: 在函数‘sys_signalfd4_impl’中:
kernel/api/kapi_syscall.c:1752:39: warning: 将一个整数转换为大小不同的指针 [-Wint-to-pointer-cast]
 1752 |     int ret = kapi_signalfd4((int)fd, (const uint64_t*)mask, (size_t)masksize, (int)flags);
      |                                       ^
kernel/api/kapi_syscall.c: 在函数‘sys_signalfd_impl’中:
kernel/api/kapi_syscall.c:1760:38: warning: 将一个整数转换为大小不同的指针 [-Wint-to-pointer-cast]
 1760 |     int ret = kapi_signalfd((int)fd, (const uint64_t*)mask, (size_t)masksize, 0);
      |                                      ^
kernel/api/kapi_syscall.c: 在函数‘sys_timerfd_settime_impl’中:
kernel/api/kapi_syscall.c:1777:36: warning: 将一个整数转换为大小不同的指针 [-Wint-to-pointer-cast]
 1777 |                                    (const kapi_itimerspec_t*)new_value,
      |                                    ^
kernel/api/kapi_syscall.c:1778:36: warning: 将一个整数转换为大小不同的指针 [-Wint-to-pointer-cast]
 1778 |                                    (kapi_itimerspec_t*)old_value);
      |                                    ^
kernel/api/kapi_syscall.c: 在函数‘sys_timerfd_gettime_impl’中:
kernel/api/kapi_syscall.c:1786:45: warning: 将一个整数转换为大小不同的指针 [-Wint-to-pointer-cast]
 1786 |     int ret = kapi_timerfd_gettime((int)fd, (kapi_itimerspec_t*)curr_value);
      |                                             ^
kernel/api/kapi_syscall.c: 在函数‘sys_inotify_add_watch_impl’中:
kernel/api/kapi_syscall.c:1824:47: warning: 将一个整数转换为大小不同的指针 [-Wint-to-pointer-cast]
 1824 |     int ret = kapi_inotify_add_watch((int)fd, (const char*)pathname, (uint32_t)mask);
      |                                               ^
kernel/api/kapi_syscall.c: 在函数‘sys_readv_impl’中:
kernel/api/kapi_syscall.c:1845:58: warning: 将一个整数转换为大小不同的指针 [-Wint-to-pointer-cast]
 1845 |     struct { void* iov_base; size_t iov_len; } *iovecs = (void*)iov;
      |                                                          ^
kernel/api/kapi_syscall.c:1851:18: warning: conversion from ‘int64_t’ {或称 ‘long long int’} to ‘long int’ may change value [-Wconversion]
 1851 |         total += r;
      |                  ^
kernel/api/kapi_syscall.c: 在函数‘sys_writev_impl’中:
kernel/api/kapi_syscall.c:1866:64: warning: 将一个整数转换为大小不同的指针 [-Wint-to-pointer-cast]
 1866 |     struct { const void* iov_base; size_t iov_len; } *iovecs = (void*)iov;
      |                                                                ^
kernel/api/kapi_syscall.c:1872:18: warning: conversion from ‘int64_t’ {或称 ‘long long int’} to ‘long int’ may change value [-Wconversion]
 1872 |         total += r;
      |                  ^
kernel/api/kapi_syscall.c: 在函数‘sys_accept4_impl’中:
kernel/api/kapi_syscall.c:1893:48: warning: 未使用的参数‘addr’ [-Wunused-parameter]
 1893 | static long sys_accept4_impl(long sockfd, long addr, long addrlen, long flags, long a5, long a6)
      |                                           ~~~~~^~~~
kernel/api/kapi_syscall.c:1893:59: warning: 未使用的参数‘addrlen’ [-Wunused-parameter]
 1893 | static long sys_accept4_impl(long sockfd, long addr, long addrlen, long flags, long a5, long a6)
      |                                                      ~~~~~^~~~~~~
kernel/api/kapi_syscall.c: 在函数‘sys_waitid_impl’中:
kernel/api/kapi_syscall.c:1926:16: warning: 将一个整数转换为大小不同的指针 [-Wint-to-pointer-cast]
 1926 |         memset((void*)infop, 0, 32);
      |                ^
kernel/api/kapi_syscall.c:1928:14: warning: 将一个整数转换为大小不同的指针 [-Wint-to-pointer-cast]
 1928 |             ((int*)infop)[0] = ret;
      |              ^
kernel/api/kapi_syscall.c:1929:14: warning: 将一个整数转换为大小不同的指针 [-Wint-to-pointer-cast]
 1929 |             ((int*)infop)[1] = 4;
      |              ^
kernel/api/kapi_syscall.c:1930:14: warning: 将一个整数转换为大小不同的指针 [-Wint-to-pointer-cast]
 1930 |             ((int*)infop)[2] = status;
      |              ^
kernel/api/kapi_syscall.c: 在函数‘sys_mount_impl’中:
kernel/api/kapi_syscall.c:1949:26: warning: 将一个整数转换为大小不同的指针 [-Wint-to-pointer-cast]
 1949 |     int ret = kapi_mount((const char*)dev_name, (const char*)dir_name,
      |                          ^
kernel/api/kapi_syscall.c:1949:49: warning: 将一个整数转换为大小不同的指针 [-Wint-to-pointer-cast]
 1949 |     int ret = kapi_mount((const char*)dev_name, (const char*)dir_name,
      |                                                 ^
kernel/api/kapi_syscall.c:1950:26: warning: 将一个整数转换为大小不同的指针 [-Wint-to-pointer-cast]
 1950 |                          (const char*)type, (unsigned long)flags, NULL);
      |                          ^
kernel/api/kapi_syscall.c: 在函数‘sys_umount2_impl’中:
kernel/api/kapi_syscall.c:1958:27: warning: 将一个整数转换为大小不同的指针 [-Wint-to-pointer-cast]
 1958 |     int ret = kapi_umount((const char*)name);
      |                           ^
kernel/api/kapi_syscall.c: 在函数‘sys_mknod_impl’中:
kernel/api/kapi_syscall.c:1970:28: warning: 将一个整数转换为大小不同的指针 [-Wint-to-pointer-cast]
 1970 |         int f = kapi_creat((const char*)pathname, (mode_t)(m & 07777));
      |                            ^
kernel/api/kapi_syscall.c: 在函数‘sys_setresuid_impl’中:
kernel/api/kapi_syscall.c:2001:59: warning: 未使用的参数‘suid’ [-Wunused-parameter]
 2001 | static long sys_setresuid_impl(long ruid, long euid, long suid, long a4, long a5, long a6)
      |                                                      ~~~~~^~~~
kernel/api/kapi_syscall.c: 在函数‘sys_getresuid_impl’中:
kernel/api/kapi_syscall.c:2014:16: warning: 将一个整数转换为大小不同的指针 [-Wint-to-pointer-cast]
 2014 |     if (ruid) *(uid_t*)ruid = proc_uid[current_process];
      |                ^
kernel/api/kapi_syscall.c:2015:16: warning: 将一个整数转换为大小不同的指针 [-Wint-to-pointer-cast]
 2015 |     if (euid) *(uid_t*)euid = proc_euid[current_process];
      |                ^
kernel/api/kapi_syscall.c:2016:16: warning: 将一个整数转换为大小不同的指针 [-Wint-to-pointer-cast]
 2016 |     if (suid) *(uid_t*)suid = proc_uid[current_process];
      |                ^
kernel/api/kapi_syscall.c: 在函数‘sys_setresgid_impl’中:
kernel/api/kapi_syscall.c:2020:59: warning: 未使用的参数‘sgid’ [-Wunused-parameter]
 2020 | static long sys_setresgid_impl(long rgid, long egid, long sgid, long a4, long a5, long a6)
      |                                                      ~~~~~^~~~
kernel/api/kapi_syscall.c: 在函数‘sys_getresgid_impl’中:
kernel/api/kapi_syscall.c:2033:16: warning: 将一个整数转换为大小不同的指针 [-Wint-to-pointer-cast]
 2033 |     if (rgid) *(uid_t*)rgid = proc_gid[current_process];
      |                ^
kernel/api/kapi_syscall.c:2034:16: warning: 将一个整数转换为大小不同的指针 [-Wint-to-pointer-cast]
 2034 |     if (egid) *(uid_t*)egid = proc_egid[current_process];
      |                ^
kernel/api/kapi_syscall.c:2035:16: warning: 将一个整数转换为大小不同的指针 [-Wint-to-pointer-cast]
 2035 |     if (sgid) *(uid_t*)sgid = proc_gid[current_process];
      |                ^
kernel/api/kapi_syscall.c: 在函数‘sys_rt_sigpending_impl’中:
kernel/api/kapi_syscall.c:2078:12: warning: 将一个整数转换为大小不同的指针 [-Wint-to-pointer-cast]
 2078 |     memset((void*)set, 0, 8);
      |            ^
kernel/api/kapi_syscall.c: 在函数‘sys_sched_getparam_impl’中:
kernel/api/kapi_syscall.c:2119:12: warning: 将一个整数转换为大小不同的指针 [-Wint-to-pointer-cast]
 2119 |     memset((void*)param, 0, 4);
      |            ^
kernel/api/kapi_syscall.c: 在函数‘sys_sched_rr_get_interval_impl’中:
kernel/api/kapi_syscall.c:2151:48: warning: 将一个整数转换为大小不同的指针 [-Wint-to-pointer-cast]
 2151 |     struct { long tv_sec; long tv_nsec; } *t = (void*)interval;
      |                                                ^
kernel/api/kapi_syscall.c: 在函数‘sys_sched_getaffinity_impl’中:
kernel/api/kapi_syscall.c:2169:12: warning: 将一个整数转换为大小不同的指针 [-Wint-to-pointer-cast]
 2169 |     memset((void*)mask, 0xff, sz);
      |            ^
kernel/api/kapi_syscall.c: 在函数‘sys_statfs_impl’中:
kernel/api/kapi_syscall.c:2185:12: warning: 将一个整数转换为大小不同的指针 [-Wint-to-pointer-cast]
 2185 |     memset((void*)buf, 0, 64);
      |            ^
kernel/api/kapi_syscall.c: 在函数‘sys_fstatfs_impl’中:
kernel/api/kapi_syscall.c:2194:12: warning: 将一个整数转换为大小不同的指针 [-Wint-to-pointer-cast]
 2194 |     memset((void*)buf, 0, 64);
      |            ^
kernel/api/kapi_syscall.c: 在函数‘sys_splice_impl’中:
kernel/api/kapi_syscall.c:2375:39: warning: 将一个指针转换为大小不同的整数 [-Wpointer-to-int-cast]
 2375 |         long r = sys_read_impl(fd_in, (long)buf, n, 0, 0, 0);
      |                                       ^
kernel/api/kapi_syscall.c:2377:41: warning: 将一个指针转换为大小不同的整数 [-Wpointer-to-int-cast]
 2377 |         long w = sys_write_impl(fd_out, (long)buf, r, 0, 0, 0);
      |                                         ^
kernel/api/kapi_syscall.c: 在函数‘sys_clock_getres_impl’中:
kernel/api/kapi_syscall.c:2515:48: warning: 将一个整数转换为大小不同的指针 [-Wint-to-pointer-cast]
 2515 |     struct { long tv_sec; long tv_nsec; } *r = (void*)res;
      |                                                ^
kernel/api/kapi_syscall.c: 在函数‘sys_getcpu_impl’中:
kernel/api/kapi_syscall.c:2569:15: warning: 将一个整数转换为大小不同的指针 [-Wint-to-pointer-cast]
 2569 |     if (cpu) *(unsigned int*)cpu = 0;
      |               ^
kernel/api/kapi_syscall.c: 在文件作用域：
kernel/api/kapi_syscall.c:2566:13: warning: ‘sys_getcpu_impl’ 在此处定义 [-Wunused-function]
 2566 | static long sys_getcpu_impl(long cpu, long node, long tcache, long a4, long a5, long a6)
      |             ^~~~~~~~~~~~~~~
kernel/api/kapi_syscall.c:2559:13: warning: ‘sys_kcmp_impl’ 在此处定义 [-Wunused-function]
 2559 | static long sys_kcmp_impl(long pid1, long pid2, long type, long idx1, long idx2, long a6)
      |             ^~~~~~~~~~~~~
kernel/api/kapi_syscall.c:2552:13: warning: ‘sys_process_vm_writev_impl’ 在此处定义 [-Wunused-function]
 2552 | static long sys_process_vm_writev_impl(long pid, long lvec, long liovcnt, long rvec, long riovcnt, long flags)
      |             ^~~~~~~~~~~~~~~~~~~~~~~~~~
kernel/api/kapi_syscall.c:2546:13: warning: ‘sys_process_vm_readv_impl’ 在此处定义 [-Wunused-function]
 2546 | static long sys_process_vm_readv_impl(long pid, long lvec, long liovcnt, long rvec, long riovcnt, long flags)
      |             ^~~~~~~~~~~~~~~~~~~~~~~~~
kernel/api/kapi_syscall.c:2537:13: warning: ‘sys_mincore_impl’ 在此处定义 [-Wunused-function]
 2537 | static long sys_mincore_impl(long start, long len, long vec, long a4, long a5, long a6)
      |             ^~~~~~~~~~~~~~~~
kernel/api/kapi_syscall.c:2530:13: warning: ‘sys_clock_nanosleep_impl’ 在此处定义 [-Wunused-function]
 2530 | static long sys_clock_nanosleep_impl(long clk_id, long flags, long rqtp, long rmtp, long a5, long a6)
      |             ^~~~~~~~~~~~~~~~~~~~~~~~
kernel/api/kapi_syscall.c:2521:13: warning: ‘sys_clock_settime_impl’ 在此处定义 [-Wunused-function]
 2521 | static long sys_clock_settime_impl(long clk_id, long tp, long a3, long a4, long a5, long a6)
      |             ^~~~~~~~~~~~~~~~~~~~~~
kernel/api/kapi_syscall.c:2511:13: warning: ‘sys_clock_getres_impl’ 在此处定义 [-Wunused-function]
 2511 | static long sys_clock_getres_impl(long clk_id, long res, long a3, long a4, long a5, long a6)
      |             ^~~~~~~~~~~~~~~~~~~~~
kernel/api/kapi_syscall.c:2503:13: warning: ‘sys_prlimit64_impl’ 在此处定义 [-Wunused-function]
 2503 | static long sys_prlimit64_impl(long pid, long resource, long new_limit, long old_limit, long a5, long a6)
      |             ^~~~~~~~~~~~~~~~~~
kernel/api/kapi_syscall.c:2492:13: warning: ‘sys_acct_impl’ 在此处定义 [-Wunused-function]
 2492 | static long sys_acct_impl(long filename, long a2, long a3, long a4, long a5, long a6)
      |             ^~~~~~~~~~~~~
kernel/api/kapi_syscall.c:2483:13: warning: ‘sys_adjtimex_impl’ 在此处定义 [-Wunused-function]
 2483 | static long sys_adjtimex_impl(long buf, long a2, long a3, long a4, long a5, long a6)
      |             ^~~~~~~~~~~~~~~~~
kernel/api/kapi_syscall.c:2476:13: warning: ‘sys_getdents_impl’ 在此处定义 [-Wunused-function]
 2476 | static long sys_getdents_impl(long fd, long dirp, long count, long a4, long a9, long a6)
      |             ^~~~~~~~~~~~~~~~~
kernel/api/kapi_syscall.c:2470:13: warning: ‘sys_lchown_impl’ 在此处定义 [-Wunused-function]
 2470 | static long sys_lchown_impl(long pathname, long owner, long group, long a4, long a5, long a6)
      |             ^~~~~~~~~~~~~~~
kernel/api/kapi_syscall.c:2462:13: warning: ‘sys_fchown_impl’ 在此处定义 [-Wunused-function]
 2462 | static long sys_fchown_impl(long fd, long owner, long group, long a4, long a5, long a6)
      |             ^~~~~~~~~~~~~~~
kernel/api/kapi_syscall.c:2454:13: warning: ‘sys_fchmod_impl’ 在此处定义 [-Wunused-function]
 2454 | static long sys_fchmod_impl(long fd, long mode, long a3, long a4, long a5, long a6)
      |             ^~~~~~~~~~~~~~~
kernel/api/kapi_syscall.c:2446:13: warning: ‘sys_fchdir_impl’ 在此处定义 [-Wunused-function]
 2446 | static long sys_fchdir_impl(long fd, long a2, long a3, long a4, long a5, long a6)
      |             ^~~~~~~~~~~~~~~
kernel/api/kapi_syscall.c:2439:13: warning: ‘sys_faccessat_impl’ 在此处定义 [-Wunused-function]
 2439 | static long sys_faccessat_impl(long dirfd, long pathname, long mode, long flags, long a5, long a6)
      |             ^~~~~~~~~~~~~~~~~~
kernel/api/kapi_syscall.c:2433:13: warning: ‘sys_fchmodat_impl’ 在此处定义 [-Wunused-function]
 2433 | static long sys_fchmodat_impl(long dirfd, long pathname, long mode, long flags, long a5, long a6)
      |             ^~~~~~~~~~~~~~~~~
kernel/api/kapi_syscall.c:2427:13: warning: ‘sys_readlinkat_impl’ 在此处定义 [-Wunused-function]
 2427 | static long sys_readlinkat_impl(long dirfd, long pathname, long buf, long bufsiz, long a5, long a6)
      |             ^~~~~~~~~~~~~~~~~~~
kernel/api/kapi_syscall.c:2421:13: warning: ‘sys_symlinkat_impl’ 在此处定义 [-Wunused-function]
 2421 | static long sys_symlinkat_impl(long target, long newdirfd, long linkpath, long a4, long a5, long a6)
      |             ^~~~~~~~~~~~~~~~~~
kernel/api/kapi_syscall.c:2415:13: warning: ‘sys_renameat_impl’ 在此处定义 [-Wunused-function]
 2415 | static long sys_renameat_impl(long olddirfd, long oldpath, long newdirfd, long newpath, long a5, long a6)
      |             ^~~~~~~~~~~~~~~~~
kernel/api/kapi_syscall.c:2409:13: warning: ‘sys_fchownat_impl’ 在此处定义 [-Wunused-function]
 2409 | static long sys_fchownat_impl(long dirfd, long pathname, long owner, long group, long flags, long a6)
      |             ^~~~~~~~~~~~~~~~~
kernel/api/kapi_syscall.c:2403:13: warning: ‘sys_mknodat_impl’ 在此处定义 [-Wunused-function]
 2403 | static long sys_mknodat_impl(long dirfd, long pathname, long mode, long dev, long a5, long a6)
      |             ^~~~~~~~~~~~~~~~
kernel/api/kapi_syscall.c:2397:13: warning: ‘sys_mkdirat_impl’ 在此处定义 [-Wunused-function]
 2397 | static long sys_mkdirat_impl(long dirfd, long pathname, long mode, long a4, long a5, long a6)
      |             ^~~~~~~~~~~~~~~~
kernel/api/kapi_syscall.c:2390:13: warning: ‘sys_vmsplice_impl’ 在此处定义 [-Wunused-function]
 2390 | static long sys_vmsplice_impl(long fd, long iov, long nr_segs, long flags, long a5, long a6)
      |             ^~~~~~~~~~~~~~~~~
kernel/api/kapi_syscall.c:2384:13: warning: ‘sys_tee_impl’ 在此处定义 [-Wunused-function]
 2384 | static long sys_tee_impl(long fd_in, long fd_out, long len, long flags, long a5, long a6)
      |             ^~~~~~~~~~~~
kernel/api/kapi_syscall.c:2365:13: warning: ‘sys_splice_impl’ 在此处定义 [-Wunused-function]
 2365 | static long sys_splice_impl(long fd_in, long off_in, long fd_out, long off_out, long len, long flags)
      |             ^~~~~~~~~~~~~~~
kernel/api/kapi_syscall.c:2358:13: warning: ‘sys_seccomp_impl’ 在此处定义 [-Wunused-function]
 2358 | static long sys_seccomp_impl(long operation, long flags, long args, long a4, long a5, long a6)
      |             ^~~~~~~~~~~~~~~~
kernel/api/kapi_syscall.c:2351:13: warning: ‘sys_bpf_impl’ 在此处定义 [-Wunused-function]
 2351 | static long sys_bpf_impl(long cmd, long attr, long size, long a4, long a5, long a6)
      |             ^~~~~~~~~~~~
kernel/api/kapi_syscall.c:2344:13: warning: ‘sys_memfd_create_impl’ 在此处定义 [-Wunused-function]
 2344 | static long sys_memfd_create_impl(long name, long flags, long a3, long a4, long a5, long a6)
      |             ^~~~~~~~~~~~~~~~~~~~~
kernel/api/kapi_syscall.c:2336:13: warning: ‘sys_fallocate_impl’ 在此处定义 [-Wunused-function]
 2336 | static long sys_fallocate_impl(long fd, long mode, long offset, long length, long a5, long a6)
      |             ^~~~~~~~~~~~~~~~~~
kernel/api/kapi_syscall.c:2329:13: warning: ‘sys_msgctl_impl’ 在此处定义 [-Wunused-function]
 2329 | static long sys_msgctl_impl(long msqid, long cmd, long buf, long a4, long a5, long a6)
      |             ^~~~~~~~~~~~~~~
kernel/api/kapi_syscall.c:2323:13: warning: ‘sys_msgrcv_impl’ 在此处定义 [-Wunused-function]
 2323 | static long sys_msgrcv_impl(long msqid, long msgp, long msgsz, long msgtyp, long msgflg, long a6)
      |             ^~~~~~~~~~~~~~~
kernel/api/kapi_syscall.c:2317:13: warning: ‘sys_msgsnd_impl’ 在此处定义 [-Wunused-function]
 2317 | static long sys_msgsnd_impl(long msqid, long msgp, long msgsz, long msgflg, long a5, long a6)
      |             ^~~~~~~~~~~~~~~
kernel/api/kapi_syscall.c:2311:13: warning: ‘sys_msgget_impl’ 在此处定义 [-Wunused-function]
 2311 | static long sys_msgget_impl(long key, long msgflg, long a3, long a4, long a5, long a6)
      |             ^~~~~~~~~~~~~~~
kernel/api/kapi_syscall.c:2304:13: warning: ‘sys_semctl_impl’ 在此处定义 [-Wunused-function]
 2304 | static long sys_semctl_impl(long semid, long semnum, long cmd, long arg, long a5, long a6)
      |             ^~~~~~~~~~~~~~~
kernel/api/kapi_syscall.c:2298:13: warning: ‘sys_semop_impl’ 在此处定义 [-Wunused-function]
 2298 | static long sys_semop_impl(long semid, long sops, long nsops, long a4, long a5, long a6)
      |             ^~~~~~~~~~~~~~
kernel/api/kapi_syscall.c:2292:13: warning: ‘sys_semget_impl’ 在此处定义 [-Wunused-function]
 2292 | static long sys_semget_impl(long key, long nsems, long semflg, long a4, long a5, long a6)
      |             ^~~~~~~~~~~~~~~
kernel/api/kapi_syscall.c:2285:13: warning: ‘sys_shmdt_impl’ 在此处定义 [-Wunused-function]
 2285 | static long sys_shmdt_impl(long shmaddr, long a2, long a3, long a4, long a5, long a6)
      |             ^~~~~~~~~~~~~~
kernel/api/kapi_syscall.c:2279:13: warning: ‘sys_shmctl_impl’ 在此处定义 [-Wunused-function]
 2279 | static long sys_shmctl_impl(long shmid, long cmd, long buf, long a4, long a5, long a6)
      |             ^~~~~~~~~~~~~~~
kernel/api/kapi_syscall.c:2273:13: warning: ‘sys_shmat_impl’ 在此处定义 [-Wunused-function]
 2273 | static long sys_shmat_impl(long shmid, long shmaddr, long shmflg, long a4, long a5, long a6)
      |             ^~~~~~~~~~~~~~
kernel/api/kapi_syscall.c:2267:13: warning: ‘sys_shmget_impl’ 在此处定义 [-Wunused-function]
 2267 | static long sys_shmget_impl(long key, long size, long shmflg, long a4, long a5, long a6)
      |             ^~~~~~~~~~~~~~~
kernel/api/kapi_syscall.c:2260:13: warning: ‘sys_syslog_impl’ 在此处定义 [-Wunused-function]
 2260 | static long sys_syslog_impl(long type, long buf, long len, long a4, long a5, long a6)
      |             ^~~~~~~~~~~~~~~
kernel/api/kapi_syscall.c:2251:13: warning: ‘sys_pivot_root_impl’ 在此处定义 [-Wunused-function]
 2251 | static long sys_pivot_root_impl(long new_root, long put_old, long a3, long a4, long a5, long a6)
      |             ^~~~~~~~~~~~~~~~~~~
kernel/api/kapi_syscall.c:2242:13: warning: ‘sys_ioperm_impl’ 在此处定义 [-Wunused-function]
 2242 | static long sys_ioperm_impl(long from, long num, long on, long a4, long a5, long a6)
      |             ^~~~~~~~~~~~~~~
kernel/api/kapi_syscall.c:2234:13: warning: ‘sys_iopl_impl’ 在此处定义 [-Wunused-function]
 2234 | static long sys_iopl_impl(long level, long a2, long a3, long a4, long a5, long a6)
      |             ^~~~~~~~~~~~~
kernel/api/kapi_syscall.c:2225:13: warning: ‘sys_swapoff_impl’ 在此处定义 [-Wunused-function]
 2225 | static long sys_swapoff_impl(long specialfile, long swapflags, long a3, long a4, long a5, long a6)
      |             ^~~~~~~~~~~~~~~~
kernel/api/kapi_syscall.c:2217:13: warning: ‘sys_swapon_impl’ 在此处定义 [-Wunused-function]
 2217 | static long sys_swapon_impl(long specialfile, long swapflags, long a3, long a4, long a5, long a6)
      |             ^~~~~~~~~~~~~~~
kernel/api/kapi_syscall.c:2208:13: warning: ‘sys_reboot_impl’ 在此处定义 [-Wunused-function]
 2208 | static long sys_reboot_impl(long magic1, long magic2, long cmd, long arg, long a5, long a6)
      |             ^~~~~~~~~~~~~~~
kernel/api/kapi_syscall.c:2199:13: warning: ‘sys_settimeofday_impl’ 在此处定义 [-Wunused-function]
 2199 | static long sys_settimeofday_impl(long tv, long tz, long a3, long a4, long a5, long a6)
      |             ^~~~~~~~~~~~~~~~~~~~~
kernel/api/kapi_syscall.c:2189:13: warning: ‘sys_fstatfs_impl’ 在此处定义 [-Wunused-function]
 2189 | static long sys_fstatfs_impl(long fd, long buf, long a3, long a4, long a5, long a6)
      |             ^~~~~~~~~~~~~~~~
kernel/api/kapi_syscall.c:2181:13: warning: ‘sys_statfs_impl’ 在此处定义 [-Wunused-function]
 2181 | static long sys_statfs_impl(long pathname, long buf, long a3, long a4, long a5, long a6)
      |             ^~~~~~~~~~~~~~~
kernel/api/kapi_syscall.c:2174:13: warning: ‘sys_personality_impl’ 在此处定义 [-Wunused-function]
 2174 | static long sys_personality_impl(long persona, long a2, long a3, long a4, long a5, long a6)
      |             ^~~~~~~~~~~~~~~~~~~~
kernel/api/kapi_syscall.c:2164:13: warning: ‘sys_sched_getaffinity_impl’ 在此处定义 [-Wunused-function]
 2164 | static long sys_sched_getaffinity_impl(long pid, long len, long mask, long a4, long a5, long a6)
      |             ^~~~~~~~~~~~~~~~~~~~~~~~~~
kernel/api/kapi_syscall.c:2158:13: warning: ‘sys_sched_setaffinity_impl’ 在此处定义 [-Wunused-function]
 2158 | static long sys_sched_setaffinity_impl(long pid, long len, long mask, long a4, long a5, long a6)
      |             ^~~~~~~~~~~~~~~~~~~~~~~~~~
kernel/api/kapi_syscall.c:2147:13: warning: ‘sys_sched_rr_get_interval_impl’ 在此处定义 [-Wunused-function]
 2147 | static long sys_sched_rr_get_interval_impl(long pid, long interval, long a3, long a4, long a5, long a6)
      |             ^~~~~~~~~~~~~~~~~~~~~~~~~~~~~~
kernel/api/kapi_syscall.c:2141:13: warning: ‘sys_sched_get_priority_min_impl’ 在此处定义 [-Wunused-function]
 2141 | static long sys_sched_get_priority_min_impl(long policy, long a2, long a3, long a4, long a5, long a6)
      |             ^~~~~~~~~~~~~~~~~~~~~~~~~~~~~~~
kernel/api/kapi_syscall.c:2135:13: warning: ‘sys_sched_get_priority_max_impl’ 在此处定义 [-Wunused-function]
 2135 | static long sys_sched_get_priority_max_impl(long policy, long a2, long a3, long a4, long a5, long a6)
      |             ^~~~~~~~~~~~~~~~~~~~~~~~~~~~~~~
kernel/api/kapi_syscall.c:2129:13: warning: ‘sys_sched_getscheduler_impl’ 在此处定义 [-Wunused-function]
 2129 | static long sys_sched_getscheduler_impl(long pid, long a2, long a3, long a4, long a5, long a6)
      |             ^~~~~~~~~~~~~~~~~~~~~~~~~~~
kernel/api/kapi_syscall.c:2123:13: warning: ‘sys_sched_setscheduler_impl’ 在此处定义 [-Wunused-function]
 2123 | static long sys_sched_setscheduler_impl(long pid, long policy, long param, long a4, long a5, long a6)
      |             ^~~~~~~~~~~~~~~~~~~~~~~~~~~
kernel/api/kapi_syscall.c:2115:13: warning: ‘sys_sched_getparam_impl’ 在此处定义 [-Wunused-function]
 2115 | static long sys_sched_getparam_impl(long pid, long param, long a3, long a4, long a5, long a6)
      |             ^~~~~~~~~~~~~~~~~~~~~~~
kernel/api/kapi_syscall.c:2109:13: warning: ‘sys_sched_setparam_impl’ 在此处定义 [-Wunused-function]
 2109 | static long sys_sched_setparam_impl(long pid, long param, long a3, long a4, long a5, long a6)
      |             ^~~~~~~~~~~~~~~~~~~~~~~
kernel/api/kapi_syscall.c:2102:13: warning: ‘sys_sigaltstack_impl’ 在此处定义 [-Wunused-function]
 2102 | static long sys_sigaltstack_impl(long ss, long oss, long a3, long a4, long a5, long a6)
      |             ^~~~~~~~~~~~~~~~~~~~
kernel/api/kapi_syscall.c:2094:13: warning: ‘sys_rt_sigsuspend_impl’ 在此处定义 [-Wunused-function]
 2094 | static long sys_rt_sigsuspend_impl(long mask, long sigsetsize, long a3, long a4, long a5, long a6)
      |             ^~~~~~~~~~~~~~~~~~~~~~
kernel/api/kapi_syscall.c:2088:13: warning: ‘sys_rt_sigqueueinfo_impl’ 在此处定义 [-Wunused-function]
 2088 | static long sys_rt_sigqueueinfo_impl(long pid, long sig, long info, long a4, long a5, long a6)
      |             ^~~~~~~~~~~~~~~~~~~~~~~~
kernel/api/kapi_syscall.c:2082:13: warning: ‘sys_rt_sigtimedwait_impl’ 在此处定义 [-Wunused-function]
 2082 | static long sys_rt_sigtimedwait_impl(long set, long info, long timeout, long sigsetsize, long a5, long a6)
      |             ^~~~~~~~~~~~~~~~~~~~~~~~
kernel/api/kapi_syscall.c:2074:13: warning: ‘sys_rt_sigpending_impl’ 在此处定义 [-Wunused-function]
 2074 | static long sys_rt_sigpending_impl(long set, long sigsetsize, long a3, long a4, long a5, long a6)
      |             ^~~~~~~~~~~~~~~~~~~~~~
kernel/api/kapi_syscall.c:2065:13: warning: ‘sys_capset_impl’ 在此处定义 [-Wunused-function]
 2065 | static long sys_capset_impl(long header, long data, long a3, long a4, long a5, long a6)
      |             ^~~~~~~~~~~~~~~
kernel/api/kapi_syscall.c:2059:13: warning: ‘sys_capget_impl’ 在此处定义 [-Wunused-function]
 2059 | static long sys_capget_impl(long header, long dataptr, long a3, long a4, long a5, long a6)
      |             ^~~~~~~~~~~~~~~
kernel/api/kapi_syscall.c:2049:13: warning: ‘sys_setfsgid_impl’ 在此处定义 [-Wunused-function]
 2049 | static long sys_setfsgid_impl(long gid, long a2, long a3, long a4, long a5, long a6)
      |             ^~~~~~~~~~~~~~~~~
kernel/api/kapi_syscall.c:2040:13: warning: ‘sys_setfsuid_impl’ 在此处定义 [-Wunused-function]
 2040 | static long sys_setfsuid_impl(long uid, long a2, long a3, long a4, long a5, long a6)
      |             ^~~~~~~~~~~~~~~~~
kernel/api/kapi_syscall.c:2029:13: warning: ‘sys_getresgid_impl’ 在此处定义 [-Wunused-function]
 2029 | static long sys_getresgid_impl(long rgid, long egid, long sgid, long a4, long a5, long a6)
      |             ^~~~~~~~~~~~~~~~~~
kernel/api/kapi_syscall.c:2020:13: warning: ‘sys_setresgid_impl’ 在此处定义 [-Wunused-function]
 2020 | static long sys_setresgid_impl(long rgid, long egid, long sgid, long a4, long a5, long a6)
      |             ^~~~~~~~~~~~~~~~~~
kernel/api/kapi_syscall.c:2010:13: warning: ‘sys_getresuid_impl’ 在此处定义 [-Wunused-function]
 2010 | static long sys_getresuid_impl(long ruid, long euid, long suid, long a4, long a5, long a6)
      |             ^~~~~~~~~~~~~~~~~~
kernel/api/kapi_syscall.c:2001:13: warning: ‘sys_setresuid_impl’ 在此处定义 [-Wunused-function]
 2001 | static long sys_setresuid_impl(long ruid, long euid, long suid, long a4, long a5, long a6)
      |             ^~~~~~~~~~~~~~~~~~
kernel/api/kapi_syscall.c:1992:13: warning: ‘sys_setgroups_impl’ 在此处定义 [-Wunused-function]
 1992 | static long sys_setgroups_impl(long size, long list, long a3, long a4, long a5, long a6)
      |             ^~~~~~~~~~~~~~~~~~
kernel/api/kapi_syscall.c:1986:13: warning: ‘sys_getgroups_impl’ 在此处定义 [-Wunused-function]
 1986 | static long sys_getgroups_impl(long size, long list, long a3, long a4, long a5, long a6)
      |             ^~~~~~~~~~~~~~~~~~
kernel/api/kapi_syscall.c:1979:13: warning: ‘sys_lstat_impl’ 在此处定义 [-Wunused-function]
 1979 | static long sys_lstat_impl(long pathname, long statbuf, long a3, long a4, long a5, long a6)
      |             ^~~~~~~~~~~~~~
kernel/api/kapi_syscall.c:1954:13: warning: ‘sys_umount2_impl’ 在此处定义 [-Wunused-function]
 1954 | static long sys_umount2_impl(long name, long flags, long a3, long a4, long a5, long a6)
      |             ^~~~~~~~~~~~~~~~
kernel/api/kapi_syscall.c:1945:13: warning: ‘sys_mount_impl’ 在此处定义 [-Wunused-function]
 1945 | static long sys_mount_impl(long dev_name, long dir_name, long type, long flags, long data, long a6)
      |             ^~~~~~~~~~~~~~
kernel/api/kapi_syscall.c:1937:13: warning: ‘sys_setrlimit_impl’ 在此处定义 [-Wunused-function]
 1937 | static long sys_setrlimit_impl(long resource, long rlim, long a3, long a4, long a5, long a6)
      |             ^~~~~~~~~~~~~~~~~~
kernel/api/kapi_syscall.c:1920:13: warning: ‘sys_waitid_impl’ 在此处定义 [-Wunused-function]
 1920 | static long sys_waitid_impl(long idtype, long id, long infop, long options, long a5, long a6)
      |             ^~~~~~~~~~~~~~~
kernel/api/kapi_syscall.c:1893:13: warning: ‘sys_accept4_impl’ 在此处定义 [-Wunused-function]
 1893 | static long sys_accept4_impl(long sockfd, long addr, long addrlen, long flags, long a5, long a6)
      |             ^~~~~~~~~~~~~~~~
kernel/api/kapi_syscall.c:1886:13: warning: ‘sys_dup3_impl’ 在此处定义 [-Wunused-function]
 1886 | static long sys_dup3_impl(long oldfd, long newfd, long flags, long a4, long a5, long a6)
      |             ^~~~~~~~~~~~~
kernel/api/kapi_syscall.c:1879:13: warning: ‘sys_pipe2_impl’ 在此处定义 [-Wunused-function]
 1879 | static long sys_pipe2_impl(long pipefd, long flags, long a3, long a4, long a5, long a6)
      |             ^~~~~~~~~~~~~~
kernel/api/kapi_syscall.c:1857:13: warning: ‘sys_writev_impl’ 在此处定义 [-Wunused-function]
 1857 | static long sys_writev_impl(long fd, long iov, long iovcnt, long a4, long a5, long a6)
      |             ^~~~~~~~~~~~~~~
kernel/api/kapi_syscall.c:1836:13: warning: ‘sys_readv_impl’ 在此处定义 [-Wunused-function]
 1836 | static long sys_readv_impl(long fd, long iov, long iovcnt, long a4, long a5, long a6)
      |             ^~~~~~~~~~~~~~
kernel/api/kapi_syscall.c:1828:13: warning: ‘sys_inotify_rm_watch_impl’ 在此处定义 [-Wunused-function]
 1828 | static long sys_inotify_rm_watch_impl(long fd, long wd, long a3, long a4, long a5, long a6)
      |             ^~~~~~~~~~~~~~~~~~~~~~~~~
kernel/api/kapi_syscall.c:1820:13: warning: ‘sys_inotify_add_watch_impl’ 在此处定义 [-Wunused-function]
 1820 | static long sys_inotify_add_watch_impl(long fd, long pathname, long mask, long a4, long a5, long a6)
      |             ^~~~~~~~~~~~~~~~~~~~~~~~~~
kernel/api/kapi_syscall.c:1813:13: warning: ‘sys_inotify_init1_impl’ 在此处定义 [-Wunused-function]
 1813 | static long sys_inotify_init1_impl(long flags, long a2, long a3, long a4, long a5, long a6)
      |             ^~~~~~~~~~~~~~~~~~~~~~
kernel/api/kapi_syscall.c:1806:13: warning: ‘sys_inotify_init_impl’ 在此处定义 [-Wunused-function]
 1806 | static long sys_inotify_init_impl(long a1, long a2, long a3, long a4, long a5, long a6)
      |             ^~~~~~~~~~~~~~~~~~~~~
kernel/api/kapi_syscall.c:1798:13: warning: ‘sys_eventfd_impl’ 在此处定义 [-Wunused-function]
 1798 | static long sys_eventfd_impl(long initval, long a2, long a3, long a4, long a5, long a6)
      |             ^~~~~~~~~~~~~~~~
kernel/api/kapi_syscall.c:1791:13: warning: ‘sys_eventfd2_impl’ 在此处定义 [-Wunused-function]
 1791 | static long sys_eventfd2_impl(long initval, long flags, long a3, long a4, long a5, long a6)
      |             ^~~~~~~~~~~~~~~~~
kernel/api/kapi_syscall.c:1782:13: warning: ‘sys_timerfd_gettime_impl’ 在此处定义 [-Wunused-function]
 1782 | static long sys_timerfd_gettime_impl(long fd, long curr_value, long a3, long a4, long a5, long a6)
      |             ^~~~~~~~~~~~~~~~~~~~~~~~
kernel/api/kapi_syscall.c:1772:13: warning: ‘sys_timerfd_settime_impl’ 在此处定义 [-Wunused-function]
 1772 | static long sys_timerfd_settime_impl(long fd, long flags, long new_value, long old_value, long a5, long a6)
      |             ^~~~~~~~~~~~~~~~~~~~~~~~
kernel/api/kapi_syscall.c:1765:13: warning: ‘sys_timerfd_create_impl’ 在此处定义 [-Wunused-function]
 1765 | static long sys_timerfd_create_impl(long clockid, long flags, long a3, long a4, long a5, long a6)
      |             ^~~~~~~~~~~~~~~~~~~~~~~
kernel/api/kapi_syscall.c:1756:13: warning: ‘sys_signalfd_impl’ 在此处定义 [-Wunused-function]
 1756 | static long sys_signalfd_impl(long fd, long mask, long masksize, long a4, long a5, long a6)
      |             ^~~~~~~~~~~~~~~~~
kernel/api/kapi_syscall.c:1748:13: warning: ‘sys_signalfd4_impl’ 在此处定义 [-Wunused-function]
 1748 | static long sys_signalfd4_impl(long fd, long mask, long masksize, long flags, long a5, long a6)
      |             ^~~~~~~~~~~~~~~~~~
kernel/api/kapi_syscall.c:1740:13: warning: ‘sys_pselect6_impl’ 在此处定义 [-Wunused-function]
 1740 | static long sys_pselect6_impl(long nfds, long readfds, long writefds, long exceptfds, long timeout, long sigmask)
      |             ^~~~~~~~~~~~~~~~~
kernel/api/kapi_syscall.c:1732:13: warning: ‘sys_ppoll_impl’ 在此处定义 [-Wunused-function]
 1732 | static long sys_ppoll_impl(long fds, long nfds, long timeout, long sigmask, long a5, long a6)
      |             ^~~~~~~~~~~~~~
kernel/api/kapi_syscall.c:1724:13: warning: ‘sys_select_impl’ 在此处定义 [-Wunused-function]
 1724 | static long sys_select_impl(long nfds, long readfds, long writefds, long exceptfds, long timeout, long a6)
      |             ^~~~~~~~~~~~~~~
kernel/api/kapi_syscall.c:1716:13: warning: ‘sys_poll_impl’ 在此处定义 [-Wunused-function]
 1716 | static long sys_poll_impl(long fds, long nfds, long timeout, long a4, long a5, long a6)
      |             ^~~~~~~~~~~~~
kernel/api/kapi_syscall.c:1706:13: warning: ‘sys_epoll_pwait_impl’ 在此处定义 [-Wunused-function]
 1706 | static long sys_epoll_pwait_impl(long epfd, long events, long maxevents, long timeout, long sigmask, long a6)
      |             ^~~~~~~~~~~~~~~~~~~~
kernel/api/kapi_syscall.c:1698:13: warning: ‘sys_epoll_wait_impl’ 在此处定义 [-Wunused-function]
 1698 | static long sys_epoll_wait_impl(long epfd, long events, long maxevents, long timeout, long a5, long a6)
      |             ^~~~~~~~~~~~~~~~~~~
kernel/api/kapi_syscall.c:1690:13: warning: ‘sys_epoll_ctl_impl’ 在此处定义 [-Wunused-function]
 1690 | static long sys_epoll_ctl_impl(long epfd, long op, long fd, long event, long a5, long a6)
      |             ^~~~~~~~~~~~~~~~~~
kernel/api/kapi_syscall.c:1683:13: warning: ‘sys_epoll_create1_impl’ 在此处定义 [-Wunused-function]
 1683 | static long sys_epoll_create1_impl(long flags, long a2, long a3, long a4, long a5, long a6)
      |             ^~~~~~~~~~~~~~~~~~~~~~
kernel/api/kapi_syscall.c:1676:13: warning: ‘sys_epoll_create_impl’ 在此处定义 [-Wunused-function]
 1676 | static long sys_epoll_create_impl(long size, long a2, long a3, long a4, long a5, long a6)
      |             ^~~~~~~~~~~~~~~~~~~~~
kernel/api/kapi_syscall.c:181:13: warning: ‘sys_nosys’ 在此处定义 [-Wunused-function]
  181 | static long sys_nosys(long a1, long a2, long a3, long a4, long a5, long a6)
      |             ^~~~~~~~~
kernel/api/kapi_sort.c: 在函数‘kapi_list_sort’中:
kernel/api/kapi_sort.c:116:27: warning: 未使用的参数‘priv’ [-Wunused-parameter]
  116 | void kapi_list_sort(void* priv, void* head, int (*cmp)(void* priv, void* a, void* b))
      |                     ~~~~~~^~~~
<3> Building kernel/api/kapi_socket.c
<0> Building kernel/api/kapi_smp.c
<2> Building kernel/api/kapi_skbuff.c
<0> Building kernel/api/kapi_signalfd.c
kernel/api/kapi_skbuff.c: 在函数‘kapi_skb_alloc’中:
kernel/api/kapi_skbuff.c:17:20: warning: conversion from ‘long long unsigned int’ to ‘size_t’ {或称 ‘long unsigned int’} may change value [-Wconversion]
   17 |     size_t total = sizeof(kapi_skb_t) + headroom + size;
      |                    ^~~~~~
<0> Building kernel/api/kapi_seq_file.c
<2> Building kernel/api/kapi_security.c
<3> Building kernel/api/kapi_sched.c
<0> Building kernel/api/kapi_rcu.c
<3> Building kernel/api/kapi_rbtree.c
<0> Building kernel/api/kapi_random.c
<3> Building kernel/api/kapi_raid.c
<0> Building kernel/api/kapi_profiler.c
<0> Building kernel/api/kapi_process.c
<2> Building kernel/api/kapi_poll.c
kernel/api/kapi_process.c: 在函数‘kapi_proc_create’中:
kernel/api/kapi_process.c:58:26: warning: ISO C 不允许将一个函数指针转换为一个对象指针 [-Wpedantic]
   58 |     process_create(name, (void*)entry, kernel_prio);
      |                          ^
kernel/api/kapi_process.c:43:76: warning: 未使用的参数‘arg’ [-Wunused-parameter]
   43 | kapi_proc_t kapi_proc_create(const char* name, void (*entry)(void*), void* arg, int prio)
      |                                                                      ~~~~~~^~~
kernel/api/kapi_process.c: 在函数‘kapi_proc_kill’中:
kernel/api/kapi_process.c:77:42: warning: 未使用的参数‘force’ [-Wunused-parameter]
   77 | int kapi_proc_kill(kapi_proc_t proc, int force)
      |                                      ~~~~^~~~~
kernel/api/kapi_process.c: 在函数‘kapi_proc_kill_by_pid’中:
kernel/api/kapi_process.c:92:40: warning: 未使用的参数‘force’ [-Wunused-parameter]
   92 | int kapi_proc_kill_by_pid(int pid, int force)
      |                                    ~~~~^~~~~
kernel/api/kapi_process.c: 在函数‘kapi_thread_create’中:
kernel/api/kapi_process.c:214:29: warning: ISO C 不允许将一个函数指针转换为一个对象指针 [-Wpedantic]
  214 |     int tid = thread_create((void*)entry, arg);
      |                             ^
kernel/api/kapi_process.c: 在函数‘kapi_ipc_recv’中:
kernel/api/kapi_process.c:260:24: warning: conversion from ‘uint64_t’ {或称 ‘long long unsigned int’} to ‘size_t’ {或称 ‘long unsigned int’} may change value [-Wconversion]
  260 |     size_t copy_size = size > rsize ? rsize : size;
      |                        ^~~~
kernel/api/kapi_process.c:249:52: warning: 未使用的参数‘timeout_ms’ [-Wunused-parameter]
  249 | int kapi_ipc_recv(void* msg, size_t size, uint64_t timeout_ms)
      |                                           ~~~~~~~~~^~~~~~~~~~
<1> Building kernel/api/kapi_pci.c
<2> Building kernel/api/kapi_params.c
kernel/api/kapi_pci.c: 在函数‘kapi_pci_disable_device’中:
<3> Building kernel/api/kapi_notifier.c
kernel/api/kapi_pci.c:104:12: warning: unsigned conversion from ‘int’ to ‘uint16_t’ {或称 ‘short unsigned int’} changes the value of ‘-8’ [-Wsign-conversion]
  104 |     cmd &= ~(KAPI_PCI_COMMAND_IO | KAPI_PCI_COMMAND_MEMORY | KAPI_PCI_COMMAND_MASTER);
      |            ^
kernel/api/kapi_pci.c: 在函数‘kapi_pci_get_device_info’中:
kernel/api/kapi_pci.c:182:13: warning: 由于数据类型范围限制，比较结果永远为假 [-Wtype-limits]
  182 |     if (bus >= KAPI_PCI_MAX_BUSES || dev >= KAPI_PCI_MAX_DEVICES || func >= KAPI_PCI_MAX_FUNCTIONS) {
      |             ^~
<0> Building kernel/api/kapi_netstat.c
<3> Building kernel/api/kapi_netlink.c
<1> Building kernel/api/kapi_netdevice.c
kernel/api/kapi_netstat.c: 在函数‘kapi_netstat_list_ifaces’中:
kernel/api/kapi_netstat.c:59:66: warning: 未使用的参数‘max’ [-Wunused-parameter]
   59 | int kapi_netstat_list_ifaces(kapi_netstat_iface_t *out, uint32_t max,
      |                                                         ~~~~~~~~~^~~
kernel/api/kapi_netstat.c: 在文件作用域：
kernel/api/kapi_netstat.c:20:30: warning: ‘netstat_find_iface’ 在此处定义 [-Wunused-function]
   20 | static kapi_netstat_iface_t *netstat_find_iface(const char *name)
      |                              ^~~~~~~~~~~~~~~~~~
kernel/api/kapi_netlink.c: 在函数‘nl_align’中:
kernel/api/kapi_netlink.c:29:45: warning: unsigned conversion from ‘int’ to ‘uint32_t’ {或称 ‘unsigned int’} changes value from ‘-4’ to ‘4294967292’ [-Wsign-conversion]
   29 |     return (value + KAPI_NLMSG_ALIGNTO - 1) & ~(KAPI_NLMSG_ALIGNTO - 1);
      |                                             ^
kernel/api/kapi_netdevice.c: 在函数‘kapi_netdev_down’中:
kernel/api/kapi_netdevice.c:134:16: warning: unsigned conversion from ‘int’ to ‘uint32_t’ {或称 ‘unsigned int’} changes value from ‘-2’ to ‘4294967294’ [-Wsign-conversion]
  134 |     dev->flags &= ~KAPI_NETDEV_UP;
      |                ^~
kernel/api/kapi_netdevice.c: 在函数‘kapi_netdev_set_promiscuous’中:
kernel/api/kapi_netdevice.c:185:21: warning: unsigned conversion from ‘int’ to ‘uint32_t’ {或称 ‘unsigned int’} changes value from ‘-33’ to ‘4294967263’ [-Wsign-conversion]
  185 |     else dev->flags &= ~KAPI_NETDEV_PROMISC;
      |                     ^~
<0> Building kernel/api/kapi_namespace.c
<2> Building kernel/api/kapi_mutex.c
<3> Building kernel/api/kapi_module.c
<2> Building kernel/api/kapi_mempool.c
<3> Building kernel/api/kapi_memory.c
<1> Building kernel/api/kapi_lvm.c
kernel/api/kapi_mempool.c: 在函数‘kapi_mempool_create’中:
kernel/api/kapi_mempool.c:70:38: warning: cast between incompatible function types from ‘void * (*)(uint64_t)’ {或称 ‘void * (*)(long long unsigned int)’} to ‘void * (*)(size_t)’ {或称 ‘void * (*)(long unsigned int)’} [-Wcast-function-type]
   70 |     pool->alloc_fn = alloc ? alloc : (kapi_mempool_alloc_fn)memory_alloc;
      |                                      ^
<0> Building kernel/api/kapi_lseek.c
<0> Building kernel/api/kapi_list.c
<3> Building kernel/api/kapi_kthread.c
<2> Building kernel/api/kapi_kprobe.c
<0> Building kernel/api/kapi_kobject.c
<3> Building kernel/api/kapi_kfifo.c
<1> Building kernel/api/kapi_irq.c
<2> Building kernel/api/kapi_iommu.c
<0> Building kernel/api/kapi_io.c
<1> Building kernel/api/kapi_inotify.c
<3> Building kernel/api/kapi_init.c
kernel/api/kapi_iommu.c: 在函数‘kapi_iommu_group_remove_device’中:
kernel/api/kapi_iommu.c:86:23: warning: comparison of integer expressions of different signedness: ‘int’ and ‘uint32_t’ {或称 ‘unsigned int’} [-Wsign-compare]
   86 |     for (int i = 0; i < group->num_devices; i++) {
      |                       ^
<1> Building kernel/api/kapi_idr.c
<0> Building kernel/api/kapi_hash.c
<2> Building kernel/api/kapi_full_disk_encryption.c
kernel/api/kapi_idr.c: 在函数‘kapi_idr_alloc’中:
kernel/api/kapi_idr.c:41:28: warning: ‘long long unsigned int’转换自‘int’时可能会改变结果的符号 [-Wsign-conversion]
   41 |             idr->bitmap[id / (sizeof(unsigned long) * 8)] |= (1UL << (id % (sizeof(unsigned long) * 8)));
<3> Building kernel/api/kapi_ftrace.c
      |                            ^
kernel/api/kapi_idr.c:41:74: warning: ‘long long unsigned int’转换自‘int’时可能会改变结果的符号 [-Wsign-conversion]
   41 |             idr->bitmap[id / (sizeof(unsigned long) * 8)] |= (1UL << (id % (sizeof(unsigned long) * 8)));
      |                                                                          ^
kernel/api/kapi_idr.c: 在函数‘kapi_idr_free’中:
kernel/api/kapi_idr.c:57:20: warning: ‘long long unsigned int’转换自‘int’时可能会改变结果的符号 [-Wsign-conversion]
   57 |     idr->bitmap[id / (sizeof(unsigned long) * 8)] &= ~(1UL << (id % (sizeof(unsigned long) * 8)));
      |                    ^
kernel/api/kapi_idr.c:57:67: warning: ‘long long unsigned int’转换自‘int’时可能会改变结果的符号 [-Wsign-conversion]
   57 |     idr->bitmap[id / (sizeof(unsigned long) * 8)] &= ~(1UL << (id % (sizeof(unsigned long) * 8)));
      |                                                                   ^
kernel/api/kapi_idr.c: 在函数‘kapi_idr_alloc_fixed’中:
kernel/api/kapi_idr.c:80:20: warning: ‘long long unsigned int’转换自‘int’时可能会改变结果的符号 [-Wsign-conversion]
   80 |     idr->bitmap[id / (sizeof(unsigned long) * 8)] |= (1UL << (id % (sizeof(unsigned long) * 8)));
      |                    ^
kernel/api/kapi_idr.c:80:66: warning: ‘long long unsigned int’转换自‘int’时可能会改变结果的符号 [-Wsign-conversion]
   80 |     idr->bitmap[id / (sizeof(unsigned long) * 8)] |= (1UL << (id % (sizeof(unsigned long) * 8)));
      |                                                                  ^
In file included from kernel/api/kapi_hash.c:1:
kernel/api/kapi_hash.c: 在函数‘kapi_hash_resize’中:
include/kapi_hash.h:107:38: warning: ISO C 不允许在表达式中使用花括号组 [-Wpedantic]
  107 |     for (pos = (head)->first; pos && ({ n = pos->next; 1; }); pos = n)
      |                                      ^
kernel/api/kapi_hash.c:185:9: note: in expansion of macro ‘kapi_hlist_for_each_safe’
  185 |         kapi_hlist_for_each_safe(pos, n, &ht->buckets[i]) {
      |         ^~~~~~~~~~~~~~~~~~~~~~~~
<1> Building kernel/api/kapi_fs.c
kernel/api/kapi_fs.c: 在函数‘kapi_open’中:
kernel/api/kapi_fs.c:77:37: warning: 未使用的参数‘flags’ [-Wunused-parameter]
   77 | int kapi_open(const char* path, int flags)
      |                                 ~~~~^~~~~
kernel/api/kapi_fs.c: 在函数‘kapi_creat’中:
kernel/api/kapi_fs.c:118:45: warning: 未使用的参数‘mode’ [-Wunused-parameter]
  118 | int kapi_creat(const char* pathname, mode_t mode)
      |                                      ~~~~~~~^~~~
kernel/api/kapi_fs.c: 在函数‘kapi_stat’中:
kernel/api/kapi_fs.c:157:21: warning: ‘kapi_off_t’ {或称 ‘long long int’}转换自‘uint64_t’ {或称 ‘long long unsigned int’}时可能会改变结果的符号 [-Wsign-conversion]
  157 |     stat->st_size = node->size;
      |                     ^~~~
kernel/api/kapi_fs.c:158:22: warning: ‘int64_t’ {或称 ‘long long int’}转换自‘uint64_t’ {或称 ‘long long unsigned int’}时可能会改变结果的符号 [-Wsign-conversion]
  158 |     stat->st_atime = node->atime;
      |                      ^~~~
kernel/api/kapi_fs.c:159:22: warning: ‘int64_t’ {或称 ‘long long int’}转换自‘uint64_t’ {或称 ‘long long unsigned int’}时可能会改变结果的符号 [-Wsign-conversion]
  159 |     stat->st_mtime = node->mtime;
      |                      ^~~~
kernel/api/kapi_fs.c:160:22: warning: ‘int64_t’ {或称 ‘long long int’}转换自‘uint64_t’ {或称 ‘long long unsigned int’}时可能会改变结果的符号 [-Wsign-conversion]
  160 |     stat->st_ctime = node->ctime;
      |                      ^~~~
kernel/api/kapi_fs.c:161:23: warning: ‘int64_t’ {或称 ‘long long int’}转换自‘uint64_t’ {或称 ‘long long unsigned int’}时可能会改变结果的符号 [-Wsign-conversion]
  161 |     stat->st_blocks = node->blocks;
      |                       ^~~~
kernel/api/kapi_fs.c: 在函数‘kapi_readdir’中:
kernel/api/kapi_fs.c:322:24: warning: ‘kapi_off_t’ {或称 ‘long long int’}转换自‘uint64_t’ {或称 ‘long long unsigned int’}时可能会改变结果的符号 [-Wsign-conversion]
  322 |         entry.d_size = child->size;
      |                        ^~~~~
<0> Building kernel/api/kapi_eventfd.c
<2> Building kernel/api/kapi_epoll.c
<3> Building kernel/api/kapi_ebpf.c
<0> Building kernel/api/kapi_dma.c
kernel/api/kapi_ebpf.c: 在函数‘ebpf_serial_hex’中:
kernel/api/kapi_ebpf.c:139:23: warning: conversion from ‘int’ to ‘char’ may change value [-Wconversion]
  139 |         buf[15 - i] = (n < 10) ? ('0' + n) : ('a' + n - 10);
      |                       ^
<2> Building kernel/api/kapi_device.c
<1> Building kernel/api/kapi_debugfs.c
kernel/api/kapi_device.c: 在函数‘kapi_dev_open’中:
kernel/api/kapi_device.c:129:48: warning: 未使用的参数‘mode’ [-Wunused-parameter]
  129 | kapi_dev_t kapi_dev_open(const char* name, int mode)
      |                                            ~~~~^~~~
kernel/api/kapi_device.c: 在函数‘kapi_dev_ioctl’中:
kernel/api/kapi_device.c:277:45: warning: 未使用的参数‘cmd’ [-Wunused-parameter]
  277 | int kapi_dev_ioctl(kapi_dev_t dev, uint32_t cmd, void* arg)
      |                                    ~~~~~~~~~^~~
kernel/api/kapi_device.c:277:56: warning: 未使用的参数‘arg’ [-Wunused-parameter]
  277 | int kapi_dev_ioctl(kapi_dev_t dev, uint32_t cmd, void* arg)
      |                                                  ~~~~~~^~~
kernel/api/kapi_device.c: 在函数‘kapi_dma_wait’中:
kernel/api/kapi_device.c:361:28: warning: 未使用的参数‘timeout_ms’ [-Wunused-parameter]
  361 | int kapi_dma_wait(uint64_t timeout_ms)
      |                   ~~~~~~~~~^~~~~~~~~~
<3> Building kernel/api/kapi_crypto_fs.c
<0> Building kernel/api/kapi_crc.c
<0> Building kernel/api/kapi_cpumask.c
<2> Building kernel/api/kapi_cpufreq.c
<3> Building kernel/api/kapi_container.c
<1> Building kernel/api/kapi_completion.c
<0> Building kernel/api/kapi_cdev.c
<2> Building kernel/api/kapi_blkdev.c
<1> Building kernel/api/kapi_bitmap.c
<3> Building kernel/api/kapi_atomic.c
-- Enter folder kal/src --
<1> Building kal/src/kal_ssi.c
kal/src/kal_ssi.c: 在函数‘kal_read’中:
kal/src/kal_ssi.c:77:57: warning: 将一个指针转换为大小不同的整数 [-Wpointer-to-int-cast]
   77 |         return b->syscall ? b->syscall(KAL_NR_READ, fd, (long)buf, (long)n, 0,0,0)
      |                                                         ^
kal/src/kal_ssi.c: 在函数‘kal_write’中:
kal/src/kal_ssi.c:90:58: warning: 将一个指针转换为大小不同的整数 [-Wpointer-to-int-cast]
   90 |         return b->syscall ? b->syscall(KAL_NR_WRITE, fd, (long)buf, (long)n, 0,0,0)
      |                                                          ^
kal/src/kal_ssi.c: 在函数‘kal_sched_setaffinity’中:
kal/src/kal_ssi.c:173:69: warning: 将一个指针转换为大小不同的整数 [-Wpointer-to-int-cast]
  173 |     long r = b->syscall(KAL_NR_SCHED_SETAFF, pid, (long)cpusetsize, (long)mask, 0,0,0);
      |                                                                     ^
kal/src/kal_ssi.c: 在函数‘kal_ioctl’中:
kal/src/kal_ssi.c:183:58: warning: 将一个指针转换为大小不同的整数 [-Wpointer-to-int-cast]
  183 |     long r = b->syscall(KAL_NR_IOCTL, fd, (long)request, (long)arg, 0,0,0);
      |                                                          ^
kal/src/kal_ssi.c: 在函数‘kal_sendmsg’中:
kal/src/kal_ssi.c:221:43: warning: 将一个指针转换为大小不同的整数 [-Wpointer-to-int-cast]
  221 |     return b->syscall(KAL_NR_SENDMSG, fd, (long)msg, flags, 0,0,0);
      |                                           ^
kal/src/kal_ssi.c: 在函数‘kal_recvmsg’中:
kal/src/kal_ssi.c:228:43: warning: 将一个指针转换为大小不同的整数 [-Wpointer-to-int-cast]
  228 |     return b->syscall(KAL_NR_RECVMSG, fd, (long)msg, flags, 0,0,0);
      |                                           ^
kal/src/kal_ssi.c: 在函数‘kal_ipc_send’中:
kal/src/kal_ssi.c:245:46: warning: 将一个指针转换为大小不同的整数 [-Wpointer-to-int-cast]
  245 |         long r = b->syscall(KAL_NR_IPC_SEND, (long)ch, (long)data, (long)n, 0,0,0);
      |                                              ^
kal/src/kal_ssi.c:245:56: warning: 将一个指针转换为大小不同的整数 [-Wpointer-to-int-cast]
  245 |         long r = b->syscall(KAL_NR_IPC_SEND, (long)ch, (long)data, (long)n, 0,0,0);
      |                                                        ^
<0> Building kal/src/kal_governance.c
-- Enter folder kal/adapters --
<3> Building kal/adapters/kenux_adapter.c
kal/adapters/kenux_adapter.c: 在函数‘ke_syscall’中:
kal/adapters/kenux_adapter.c:44:38: warning: 未使用的参数‘a0’ [-Wunused-parameter]
   44 | static long ke_syscall(long nr, long a0, long a1, long a2,
      |                                 ~~~~~^~
kal/adapters/kenux_adapter.c:44:47: warning: 未使用的参数‘a1’ [-Wunused-parameter]
   44 | static long ke_syscall(long nr, long a0, long a1, long a2,
      |                                          ~~~~~^~
-- Enter folder apps --
<2> Building apps/tetris.c
In file included from kernel/lib/libc/include/unistd.h:4,
                 from include/vga_impl.h:10,
                 from include/vga.h:8,
                 from apps/tetris.c:5:
kernel/arch/x86_64/include/arch/types.h:29:17: error: conflicting types for ‘time_t’; have ‘int64_t’ {或称 ‘long long int’}
   29 | typedef int64_t time_t;
      |                 ^~~~~~
In file included from apps/tetris.c:4:
include/time.h:7:14: note: previous declaration of ‘time_t’ with type ‘time_t’ {或称 ‘long int’}
    7 | typedef long time_t;
      |              ^~~~~~
include/vga_impl.h: 在函数‘vga_clear’中:
include/vga_impl.h:28:5: error: 隐式声明函数‘fflush’ [-Wimplicit-function-declaration]
   28 |     fflush(stdout);
      |     ^~~~~~
include/vga_impl.h: 在函数‘kbhit’中:
include/vga_impl.h:62:12: error: 变量‘tv’有初始值设定但类型不完全
   62 |     struct timeval tv = {0, 0};
      |            ^~~~~~~
include/vga_impl.h:62:26: warning: 结构初始值设定项中有多余元素
   62 |     struct timeval tv = {0, 0};
      |                          ^
include/vga_impl.h:62:26: note: (在‘tv’的初始化附近)
include/vga_impl.h:62:29: warning: 结构初始值设定项中有多余元素
   62 |     struct timeval tv = {0, 0};
      |                             ^
include/vga_impl.h:62:29: note: (在‘tv’的初始化附近)
include/vga_impl.h:62:20: error: ‘tv’的存储大小未知
   62 |     struct timeval tv = {0, 0};
      |                    ^~
include/vga_impl.h:63:5: error: 未知的类型名‘fd_set’
   63 |     fd_set fds;
      |     ^~~~~~
include/vga_impl.h:64:5: error: 隐式声明函数‘FD_ZERO’ [-Wimplicit-function-declaration]
   64 |     FD_ZERO(&fds);
      |     ^~~~~~~
include/vga_impl.h:65:5: error: 隐式声明函数‘FD_SET’ [-Wimplicit-function-declaration]
   65 |     FD_SET(0, &fds);
      |     ^~~~~~
include/vga_impl.h:66:12: error: 隐式声明函数‘select’ [-Wimplicit-function-declaration]
   66 |     return select(1, &fds, NULL, NULL, &tv);
      |            ^~~~~~
include/vga_impl.h:62:20: warning: 未使用的变量‘tv’ [-Wunused-variable]
   62 |     struct timeval tv = {0, 0};
      |                    ^~
include/vga_impl.h: 在函数‘vga_init’中:
include/vga_impl.h:70:20: error: ‘new_termios’的存储大小未知
   70 |     struct termios new_termios;
      |                    ^~~~~~~~~~~
include/vga_impl.h:71:5: error: 隐式声明函数‘tcgetattr’ [-Wimplicit-function-declaration]
   71 |     tcgetattr(STDIN_FILENO, &orig_termios);
      |     ^~~~~~~~~
include/vga_impl.h:72:19: error: ‘orig_termios’ has an incomplete type ‘struct termios’
   72 |     new_termios = orig_termios;
      |                   ^~~~~~~~~~~~
include/vga_impl.h:73:30: error: ‘ICANON’未声明(在此函数内第一次使用)
   73 |     new_termios.c_lflag &= ~(ICANON | ECHO);
      |                              ^~~~~~
include/vga_impl.h:73:30: note: 每个未声明的标识符在其出现的函数内只报告一次
include/vga_impl.h:73:39: error: ‘ECHO’未声明(在此函数内第一次使用)
   73 |     new_termios.c_lflag &= ~(ICANON | ECHO);
      |                                       ^~~~
include/vga_impl.h:74:5: error: 隐式声明函数‘tcsetattr’ [-Wimplicit-function-declaration]
   74 |     tcsetattr(STDIN_FILENO, TCSANOW, &new_termios);
      |     ^~~~~~~~~
include/vga_impl.h:74:29: error: ‘TCSANOW’未声明(在此函数内第一次使用)
   74 |     tcsetattr(STDIN_FILENO, TCSANOW, &new_termios);
      |                             ^~~~~~~
include/vga_impl.h:70:20: warning: 未使用的变量‘new_termios’ [-Wunused-variable]
   70 |     struct termios new_termios;
      |                    ^~~~~~~~~~~
include/vga_impl.h: 在函数‘vga_cleanup’中:
include/vga_impl.h:82:29: error: ‘TCSANOW’未声明(在此函数内第一次使用)
   82 |     tcsetattr(STDIN_FILENO, TCSANOW, &orig_termios);
      |                             ^~~~~~~
apps/tetris.c: 在函数‘tetris_init’中:
apps/tetris.c:55:11: warning: ‘unsigned int’转换自‘time_t’ {或称 ‘long int’}时可能会改变结果的符号 [-Wsign-conversion]
   55 |     srand(time(NULL));
      |           ^~~~~~~~~~
apps/tetris.c: 在函数‘create_tetromino’中:
apps/tetris.c:60:15: warning: ‘int’转换自‘unsigned int’时可能会改变结果的符号 [-Wsign-conversion]
   60 |     t.color = (shape % 7) + 1;
      |               ^
apps/tetris.c: 在函数‘main’中:
apps/tetris.c:366:14: warning: 未使用的参数‘argc’ [-Wunused-parameter]
  366 | int main(int argc, char** argv) {
      |          ~~~~^~~~
apps/tetris.c:366:27: warning: 未使用的参数‘argv’ [-Wunused-parameter]
  366 | int main(int argc, char** argv) {
      |                    ~~~~~~~^~~~
include/vga_impl.h: 在文件作用域：
include/vga_impl.h:24:23: error: ‘orig_termios’的存储大小未知
   24 | static struct termios orig_termios;
      |                       ^~~~~~~~~~~~
<2> Building apps/snake_game.c
In file included from kernel/lib/libc/include/unistd.h:4,
                 from include/vga_impl.h:10,
                 from include/vga.h:8,
                 from apps/snake_game.c:5:
kernel/arch/x86_64/include/arch/types.h:29:17: error: conflicting types for ‘time_t’; have ‘int64_t’ {或称 ‘long long int’}
   29 | typedef int64_t time_t;
      |                 ^~~~~~
In file included from apps/snake_game.c:4:
include/time.h:7:14: note: previous declaration of ‘time_t’ with type ‘time_t’ {或称 ‘long int’}
    7 | typedef long time_t;
      |              ^~~~~~
include/vga_impl.h: 在函数‘vga_clear’中:
include/vga_impl.h:28:5: error: 隐式声明函数‘fflush’ [-Wimplicit-function-declaration]
   28 |     fflush(stdout);
      |     ^~~~~~
include/vga_impl.h: 在函数‘kbhit’中:
include/vga_impl.h:62:12: error: 变量‘tv’有初始值设定但类型不完全
   62 |     struct timeval tv = {0, 0};
      |            ^~~~~~~
include/vga_impl.h:62:26: warning: 结构初始值设定项中有多余元素
   62 |     struct timeval tv = {0, 0};
      |                          ^
include/vga_impl.h:62:26: note: (在‘tv’的初始化附近)
include/vga_impl.h:62:29: warning: 结构初始值设定项中有多余元素
   62 |     struct timeval tv = {0, 0};
      |                             ^
include/vga_impl.h:62:29: note: (在‘tv’的初始化附近)
include/vga_impl.h:62:20: error: ‘tv’的存储大小未知
   62 |     struct timeval tv = {0, 0};
      |                    ^~
include/vga_impl.h:63:5: error: 未知的类型名‘fd_set’
   63 |     fd_set fds;
      |     ^~~~~~
include/vga_impl.h:64:5: error: 隐式声明函数‘FD_ZERO’ [-Wimplicit-function-declaration]
   64 |     FD_ZERO(&fds);
      |     ^~~~~~~
include/vga_impl.h:65:5: error: 隐式声明函数‘FD_SET’ [-Wimplicit-function-declaration]
   65 |     FD_SET(0, &fds);
      |     ^~~~~~
include/vga_impl.h:66:12: error: 隐式声明函数‘select’ [-Wimplicit-function-declaration]
   66 |     return select(1, &fds, NULL, NULL, &tv);
      |            ^~~~~~
include/vga_impl.h:62:20: warning: 未使用的变量‘tv’ [-Wunused-variable]
   62 |     struct timeval tv = {0, 0};
      |                    ^~
include/vga_impl.h: 在函数‘vga_init’中:
include/vga_impl.h:70:20: error: ‘new_termios’的存储大小未知
   70 |     struct termios new_termios;
      |                    ^~~~~~~~~~~
include/vga_impl.h:71:5: error: 隐式声明函数‘tcgetattr’ [-Wimplicit-function-declaration]
   71 |     tcgetattr(STDIN_FILENO, &orig_termios);
      |     ^~~~~~~~~
include/vga_impl.h:72:19: error: ‘orig_termios’ has an incomplete type ‘struct termios’
   72 |     new_termios = orig_termios;
      |                   ^~~~~~~~~~~~
include/vga_impl.h:73:30: error: ‘ICANON’未声明(在此函数内第一次使用)
   73 |     new_termios.c_lflag &= ~(ICANON | ECHO);
      |                              ^~~~~~
include/vga_impl.h:73:30: note: 每个未声明的标识符在其出现的函数内只报告一次
include/vga_impl.h:73:39: error: ‘ECHO’未声明(在此函数内第一次使用)
   73 |     new_termios.c_lflag &= ~(ICANON | ECHO);
      |                                       ^~~~
include/vga_impl.h:74:5: error: 隐式声明函数‘tcsetattr’ [-Wimplicit-function-declaration]
   74 |     tcsetattr(STDIN_FILENO, TCSANOW, &new_termios);
      |     ^~~~~~~~~
include/vga_impl.h:74:29: error: ‘TCSANOW’未声明(在此函数内第一次使用)
   74 |     tcsetattr(STDIN_FILENO, TCSANOW, &new_termios);
      |                             ^~~~~~~
include/vga_impl.h:70:20: warning: 未使用的变量‘new_termios’ [-Wunused-variable]
   70 |     struct termios new_termios;
      |                    ^~~~~~~~~~~
include/vga_impl.h: 在函数‘vga_cleanup’中:
include/vga_impl.h:82:29: error: ‘TCSANOW’未声明(在此函数内第一次使用)
   82 |     tcsetattr(STDIN_FILENO, TCSANOW, &orig_termios);
      |                             ^~~~~~~
apps/snake_game.c: 在函数‘snake_run’中:
apps/snake_game.c:206:11: warning: ‘unsigned int’转换自‘time_t’ {或称 ‘long int’}时可能会改变结果的符号 [-Wsign-conversion]
  206 |     srand(time(NULL));
      |           ^~~~~~~~~~
apps/snake_game.c: 在函数‘main’中:
apps/snake_game.c:232:14: warning: 未使用的参数‘argc’ [-Wunused-parameter]
  232 | int main(int argc, char** argv) {
      |          ~~~~^~~~
apps/snake_game.c:232:27: warning: 未使用的参数‘argv’ [-Wunused-parameter]
  232 | int main(int argc, char** argv) {
      |                    ~~~~~~~^~~~
include/vga_impl.h: 在文件作用域：
include/vga_impl.h:24:23: error: ‘orig_termios’的存储大小未知
   24 | static struct termios orig_termios;
      |                       ^~~~~~~~~~~~
FAILED TASK run all: command failed with exit 1: x86_64-w64-mingw32-gcc -Wall -Wextra -Wpedantic -Wshadow -Wcast-align -Wconversion -Wsign-conversion -Wnull-dereference -Wdouble-promotion -Wformat=2 -std=c17 -O2 -m64 -mcmodel=large -ffreestanding -fno-pic -nostdlib -nostartfiles -nodefaultlibs -mno-stack-arg-probe -fno-asynchronous-unwind-tables -fno-unwind-tables -DKAL_KERNEL -DVGA_NATIVE -Iinclude -Ikernel -Ikernel/include -Ikernel/kernel -Ikernel/arch/x86_64/include -Ikernel/lib/libc/include -Ikernel/systemd/include -Iapps/container-os/include -Ikernel/gui/include -Ikernel/compat -Ikal/include -MMD -MF build/obj/apps/snake_game.c.o.d -c apps/snake_game.c -o build/obj/apps/snake_game.c.o
