-- Start building task run all -- (354142211)
-- Start building task all -- (0)
-- Start building task kernel -- (1)
-- Enter folder kernel/arch/x86_64 --
<1> Building kernel/arch/x86_64/kvm.c
<0> Building kernel/arch/x86_64/memory.c
<2> Building kernel/arch/x86_64/ldso.c
<3> Building kernel/arch/x86_64/keyboard.c
kernel/arch/x86_64/memory.c: 在函数‘memory_init’中:
kernel/arch/x86_64/memory.c:17:41: warning: unsigned conversion from ‘int’ to ‘uint64_t’ {或称 ‘long long unsigned int’} changes value from ‘-4096’ to ‘18446744073709547520’ [-Wsign-conversion]
   17 |     heap_start = (kend + PAGE_SIZE - 1) & ~(PAGE_SIZE - 1);
      |                                         ^
kernel/arch/x86_64/memory.c: 在函数‘kmalloc’中:
kernel/arch/x86_64/memory.c:38:45: warning: unsigned conversion from ‘int’ to ‘long unsigned int’ changes value from ‘-4096’ to ‘4294963200’ [-Wsign-conversion]
   38 |     size_t aligned = (size + PAGE_SIZE - 1) & ~(PAGE_SIZE - 1);
      |                                             ^
kernel/arch/x86_64/memory.c:39:33: warning: comparison of integer expressions of different signedness: ‘int’ and ‘size_t’ {或称 ‘long unsigned int’} [-Wsign-compare]
   39 |     while ((PAGE_SIZE << order) < aligned && order < BUDDY_MAX_ORDER) {
      |                                 ^
kernel/arch/x86_64/memory.c: 在函数‘krealloc’中:
kernel/arch/x86_64/memory.c:70:30: warning: conversion from ‘uint64_t’ {或称 ‘long long unsigned int’} to ‘size_t’ {或称 ‘long unsigned int’} may change value [-Wconversion]
   70 |     if (!ptr) return kmalloc(new_size);
      |                              ^~~~~~~~
kernel/arch/x86_64/memory.c:73:29: warning: conversion from ‘uint64_t’ {或称 ‘long long unsigned int’} to ‘size_t’ {或称 ‘long unsigned int’} may change value [-Wconversion]
   73 |     void* new_ptr = kmalloc(new_size);
      |                             ^~~~~~~~
kernel/arch/x86_64/memory.c:75:30: warning: conversion from ‘uint64_t’ {或称 ‘long long unsigned int’} to ‘size_t’ {或称 ‘long unsigned int’} may change value [-Wconversion]
   75 |         memcpy(new_ptr, ptr, new_size);
      |                              ^~~~~~~~
kernel/arch/x86_64/memory.c: 在函数‘memory_alloc_physical’中:
kernel/arch/x86_64/kvm.c: 在函数‘alloc_page_aligned’中:
kernel/arch/x86_64/memory.c:81:41: warning: 未使用的参数‘count’ [-Wunused-parameter]
kernel/arch/x86_64/kvm.c:32:23: warning: conversion from ‘u64’ {或称 ‘long long unsigned int’} to ‘size_t’ {或称 ‘long unsigned int’} may change value [-Wconversion]
   32 |     void *p = kzalloc(size);
      |                       ^~~~
   81 | uint64_t memory_alloc_physical(uint64_t count)
      |                                ~~~~~~~~~^~~~~
kernel/arch/x86_64/memory.c: 在函数‘memory_alloc’中:
kernel/arch/x86_64/memory.c:113:20: warning: conversion from ‘uint64_t’ {或称 ‘long long unsigned int’} to ‘size_t’ {或称 ‘long unsigned int’} may change value [-Wconversion]
  113 |     return kmalloc(size);
      |                    ^~~~
kernel/arch/x86_64/memory.c: 在函数‘memory_zalloc’中:
kernel/arch/x86_64/memory.c:123:20: warning: conversion from ‘uint64_t’ {或称 ‘long long unsigned int’} to ‘size_t’ {或称 ‘long unsigned int’} may change value [-Wconversion]
  123 |     return kzalloc(size);
      |                    ^~~~
kernel/arch/x86_64/memory.c: 在函数‘memory_alloc_aligned’中:
kernel/arch/x86_64/memory.c:134:48: warning: conversion from ‘uint64_t’ {或称 ‘long long unsigned int’} to ‘size_t’ {或称 ‘long unsigned int’} may change value [-Wconversion]
  134 |     if (alignment <= PAGE_SIZE) return kmalloc(size);
      |                                                ^~~~
kernel/arch/x86_64/memory.c:137:38: warning: conversion from ‘uint64_t’ {或称 ‘long long unsigned int’} to ‘size_t’ {或称 ‘long unsigned int’} may change value [-Wconversion]
  137 |     uint8_t* raw = (uint8_t*)kmalloc(extra);
      |                                      ^~~~~
kernel/arch/x86_64/keyboard.c: 在函数‘__kbd_handle_key’中:
kernel/arch/x86_64/keyboard.c:129:44: warning: unsigned conversion from ‘int’ to ‘uint32_t’ {或称 ‘unsigned int’} changes value from ‘-2’ to ‘4294967294’ [-Wsign-conversion]
  129 |                 if (release) kbd_modifiers &= ~KEYMOD_LSHIFT;
      |                                            ^~
kernel/arch/x86_64/keyboard.c:133:44: warning: unsigned conversion from ‘int’ to ‘uint32_t’ {或称 ‘unsigned int’} changes value from ‘-3’ to ‘4294967293’ [-Wsign-conversion]
  133 |                 if (release) kbd_modifiers &= ~KEYMOD_RSHIFT;
      |                                            ^~
kernel/arch/x86_64/keyboard.c:138:48: warning: unsigned conversion from ‘int’ to ‘uint32_t’ {或称 ‘unsigned int’} changes value from ‘-9’ to ‘4294967287’ [-Wsign-conversion]
  138 |                     if (release) kbd_modifiers &= ~KEYMOD_RCTRL;
      |                                                ^~
kernel/arch/x86_64/keyboard.c:141:48: warning: unsigned conversion from ‘int’ to ‘uint32_t’ {或称 ‘unsigned int’} changes value from ‘-5’ to ‘4294967291’ [-Wsign-conversion]
  141 |                     if (release) kbd_modifiers &= ~KEYMOD_LCTRL;
      |                                                ^~
kernel/arch/x86_64/keyboard.c:148:48: warning: unsigned conversion from ‘int’ to ‘uint32_t’ {或称 ‘unsigned int’} changes value from ‘-33’ to ‘4294967263’ [-Wsign-conversion]
  148 |                     if (release) kbd_modifiers &= ~KEYMOD_RALT;
kernel/arch/x86_64/ldso.c: 在函数‘ldso_read_at’中:
      |                                                ^~
kernel/arch/x86_64/keyboard.c:151:48: warning: unsigned conversion from ‘int’ to ‘uint32_t’ {或称 ‘unsigned int’} changes value from ‘-17’ to ‘4294967279’ [-Wsign-conversion]
  151 |                     if (release) kbd_modifiers &= ~KEYMOD_LALT;
      |                                                ^~
kernel/arch/x86_64/keyboard.c:159:31: warning: unsigned conversion from ‘int’ to ‘uint8_t’ {或称 ‘unsigned char’} changes the value of ‘-5’ [-Wsign-conversion]
  159 |                     kbd_led = (kbd_modifiers & KEYMOD_CAPSLOCK) ? (kbd_led | KBD_LED_CAPS) : (kbd_led & ~KBD_LED_CAPS);
      |                               ^
kernel/arch/x86_64/keyboard.c:166:31: warning: unsigned conversion from ‘int’ to ‘uint8_t’ {或称 ‘unsigned char’} changes the value of ‘-3’ [-Wsign-conversion]
kernel/arch/x86_64/ldso.c:24:23: warning: ‘int64_t’ {或称 ‘long long int’}转换自‘uint64_t’ {或称 ‘long long unsigned int’}时可能会改变结果的符号 [-Wsign-conversion]
  166 |                     kbd_led = (kbd_modifiers & KEYMOD_NUMLOCK) ? (kbd_led | KBD_LED_NUM) : (kbd_led & ~KBD_LED_NUM);
      |                               ^
kernel/arch/x86_64/keyboard.c:173:31: warning: unsigned conversion from ‘int’ to ‘uint8_t’ {或称 ‘unsigned char’} changes the value of ‘-2’ [-Wsign-conversion]
  173 |                     kbd_led = (kbd_modifiers & KEYMOD_SCROLLLOCK) ? (kbd_led | KBD_LED_SCROLL) : (kbd_led & ~KBD_LED_SCROLL);
      |                               ^
   24 |     if (vfs_lseek(fd, offset, 0) != (int64_t)offset)
kernel/arch/x86_64/keyboard.c:183:40: warning: unsigned conversion from ‘int’ to ‘uint32_t’ {或称 ‘unsigned int’} changes value from ‘-513’ to ‘4294966783’ [-Wsign-conversion]
  183 |             if (release) kbd_modifiers &= ~KEYMOD_LWIN;
      |                       ^~~~~~
      |                                        ^~
kernel/arch/x86_64/keyboard.c:186:40: warning: unsigned conversion from ‘int’ to ‘uint32_t’ {或称 ‘unsigned int’} changes value from ‘-1025’ to ‘4294966271’ [-Wsign-conversion]
  186 |             if (release) kbd_modifiers &= ~KEYMOD_RWIN;
      |                                        ^~
kernel/arch/x86_64/kvm.c: 在函数‘vmx_handle_cr_access’中:
kernel/arch/x86_64/ldso.c: 在函数‘ldso_elf_hash’中:
kernel/arch/x86_64/keyboard.c:207:24: warning: ‘char’转换自‘uint8_t’ {或称 ‘unsigned char’}时可能会改变结果的符号 [-Wsign-conversion]
  207 |             ev.ascii = scancode_set1_shift[scancode];
      |                        ^~~~~~~~~~~~~~~~~~~
kernel/arch/x86_64/keyboard.c:209:24: warning: ‘char’转换自‘uint8_t’ {或称 ‘unsigned char’}时可能会改变结果的符号 [-Wsign-conversion]
kernel/arch/x86_64/ldso.c:38:16: warning: conversion from ‘uint32_t’ {或称 ‘unsigned int’} to ‘uint8_t’ {或称 ‘unsigned char’} may change value [-Wconversion]
   38 |         high = h & 0xF0000000U;
      |                ^
kernel/arch/x86_64/kvm.c:405:9: warning: 未使用的变量‘gpr’ [-Wunused-variable]
  405 |     u32 gpr = (exit_qual >> 8) & 0xF;
      |         ^~~
kernel/arch/x86_64/kvm.c:404:9: warning: 未使用的变量‘access_type’ [-Wunused-variable]
  404 |     u32 access_type = (exit_qual >> 4) & 0x3;
  209 |             ev.ascii = scancode_set1_normal[scancode];
      |                        ^~~~~~~~~~~~~~~~~~~~
kernel/arch/x86_64/keyboard.c: 在函数‘keyboard_init’中:
kernel/arch/x86_64/keyboard.c:249:27: warning: ISO C 不允许将一个函数指针转换为一个对象指针 [-Wpedantic]
  249 |     interrupt_register(1, (void*)keyboard_irq_handler);
      |                           ^
      |         ^~~~~~~~~~~
kernel/arch/x86_64/kvm.c: 在函数‘ept_map_page’中:
kernel/arch/x86_64/kvm.c:510:58: warning: conversion from ‘u64’ {或称 ‘long long unsigned int’} to ‘u32’ {或称 ‘unsigned int’} may change value [-Wconversion]
  510 |         u64 *entry = ept_get_entry(ept_root, level_offset[level]);
      |                                              ~~~~~~~~~~~~^~~~~~~
kernel/arch/x86_64/kvm.c:520:53: warning: conversion from ‘u64’ {或称 ‘long long unsigned int’} to ‘u32’ {或称 ‘unsigned int’} may change value [-Wconversion]
  520 |     u64 *leaf = ept_get_entry(ept_root, level_offset[0]);
      |                                         ~~~~~~~~~~~~^~~
kernel/arch/x86_64/ldso.c: 在函数‘ldso_load_library’中:
kernel/arch/x86_64/ldso.c:375:35: warning: conversion from ‘uint64_t’ {或称 ‘long long unsigned int’} to ‘size_t’ {或称 ‘long unsigned int’} may change value [-Wconversion]
  375 |     memset((void*)map_base, 0, lib->load_size);
      |                                ~~~^~~~~~~~~~~
kernel/arch/x86_64/ldso.c: 在函数‘ldso_relocate’中:
kernel/arch/x86_64/ldso.c:582:32: warning: ‘long long unsigned int’转换自‘int64_t’ {或称 ‘long long int’}时可能会改变结果的符号 [-Wsign-conversion]
  582 |                 *target = base + rel->r_addend;
      |                                ^
kernel/arch/x86_64/ldso.c:591:36: warning: ‘long long unsigned int’转换自‘int64_t’ {或称 ‘long long int’}时可能会改变结果的符号 [-Wsign-conversion]
  591 |                 *target = sym_addr + rel->r_addend;
      |                                    ^
kernel/arch/x86_64/ldso.c:601:49: warning: ‘long long unsigned int’转换自‘int64_t’ {或称 ‘long long int’}时可能会改变结果的符号 [-Wsign-conversion]
  601 |                 *target32 = (uint32_t)(sym_addr + rel->r_addend - (uint64_t)target);
      |                                                 ^
kernel/arch/x86_64/ldso.c:632:32: warning: ‘long long unsigned int’转换自‘int64_t’ {或称 ‘long long int’}时可能会改变结果的符号 [-Wsign-conversion]
  632 |                 *target = base + rel->r_addend;
      |                                ^
kernel/arch/x86_64/ldso.c:640:36: warning: ‘long long unsigned int’转换自‘int64_t’ {或称 ‘long long int’}时可能会改变结果的符号 [-Wsign-conversion]
  640 |                 *target = sym_addr + rel->r_addend;
      |                                    ^
kernel/arch/x86_64/ldso.c:649:49: warning: ‘long long unsigned int’转换自‘int64_t’ {或称 ‘long long int’}时可能会改变结果的符号 [-Wsign-conversion]
  649 |                 *target32 = (uint32_t)(sym_addr + rel->r_addend - (uint64_t)target);
      |                                                 ^
kernel/arch/x86_64/ldso.c: 在函数‘ldso_call_init’中:
kernel/arch/x86_64/ldso.c:690:36: warning: ISO C 不允许将一个对象指针转换为一个函数指针 [-Wpedantic]
  690 |                 void (*fn)(void) = (void(*)(void))lib->init_array[j];
      |                                    ^
kernel/arch/x86_64/ldso.c: 在函数‘ldso_call_fini’中:
kernel/arch/x86_64/ldso.c:715:36: warning: ISO C 不允许将一个对象指针转换为一个函数指针 [-Wpedantic]
  715 |                 void (*fn)(void) = (void(*)(void))lib->fini_array[j];
      |                                    ^
kernel/arch/x86_64/ldso.c: 在函数‘ldso_unload_library’中:
kernel/arch/x86_64/ldso.c:760:36: warning: ISO C 不允许将一个对象指针转换为一个函数指针 [-Wpedantic]
  760 |                 void (*fn)(void) = (void(*)(void))lib->fini_array[j];
      |                                    ^
<3> Building kernel/arch/x86_64/jbd2.c
kernel/arch/x86_64/jbd2.c: 在函数‘jbd2_journal_load’中:
kernel/arch/x86_64/jbd2.c:302:59: warning: conversion from ‘long long unsigned int’ to ‘size_t’ {或称 ‘long unsigned int’} may change value [-Wconversion]
  302 |     uint64_t* recovery_blk_nos = kmalloc(sizeof(uint64_t) * max_scanned);
      |                                          ~~~~~~~~~~~~~~~~~^~~~~~~~~~~~~
kernel/arch/x86_64/jbd2.c:303:59: warning: conversion from ‘long long unsigned int’ to ‘size_t’ {或称 ‘long unsigned int’} may change value [-Wconversion]
  303 |     uint64_t* recovery_tids    = kmalloc(sizeof(uint64_t) * max_scanned);
      |                                          ~~~~~~~~~~~~~~~~~^~~~~~~~~~~~~
kernel/arch/x86_64/jbd2.c:304:59: warning: conversion from ‘long long unsigned int’ to ‘size_t’ {或称 ‘long unsigned int’} may change value [-Wconversion]
  304 |     uint32_t* recovery_types   = kmalloc(sizeof(uint32_t) * max_scanned);
      |                                          ~~~~~~~~~~~~~~~~~^~~~~~~~~~~~~
kernel/arch/x86_64/jbd2.c:398:56: warning: ‘void *’型指针用在了算术表达式中 [-Wpointer-arith]
  398 |             uint64_t* block_nos = (uint64_t*)(scan_buf + sizeof(jbd2_block_header_t));
      |                                                        ^
kernel/arch/x86_64/jbd2.c: 在函数‘jbd2_trans_commit’中:
kernel/arch/x86_64/jbd2.c:627:52: warning: ‘void *’型指针用在了算术表达式中 [-Wpointer-arith]
  627 |         uint64_t* block_nos = (uint64_t*)(desc_buf + sizeof(jbd2_block_header_t));
      |                                                    ^
kernel/arch/x86_64/jbd2.c: 在函数‘jbd2_trans_abort’中:
kernel/arch/x86_64/jbd2.c:759:20: warning: unsigned conversion from ‘int’ to ‘uint32_t’ {或称 ‘unsigned int’} changes value from ‘-2’ to ‘4294967294’ [-Wsign-conversion]
  759 |         blk->flags &= ~JBD2_BLOCK_DIRTY;
      |                    ^~
kernel/arch/x86_64/jbd2.c: 在函数‘jbd2_journal_checkpoint’中:
kernel/arch/x86_64/jbd2.c:867:32: warning: unsigned conversion from ‘int’ to ‘uint32_t’ {或称 ‘unsigned int’} changes value from ‘-2’ to ‘4294967294’ [-Wsign-conversion]
  867 |                     blk->flags &= ~JBD2_BLOCK_DIRTY;
      |                                ^~
kernel/arch/x86_64/jbd2.c:875:24: warning: unsigned conversion from ‘int’ to ‘uint32_t’ {或称 ‘unsigned int’} changes value from ‘-9’ to ‘4294967287’ [-Wsign-conversion]
  875 |             blk->flags &= ~JBD2_BLOCK_IN_LOG;
      |                        ^~
<0> Building kernel/arch/x86_64/ioapic.c
In file included from kernel/arch/x86_64/ioapic.c:3:
kernel/arch/x86_64/ioapic.c: 在函数‘ioapic_set_redirect’中:
kernel/arch/x86_64/include/arch/ioapic.h:15:32: warning: ‘uint32_t’ {或称 ‘unsigned int’}转换自‘int’时可能会改变结果的符号 [-Wsign-conversion]
   15 | #define IOAPIC_REG_REDIR_BASE  0x10
      |                                ^~~~
kernel/arch/x86_64/ioapic.c:70:20: note: in expansion of macro ‘IOAPIC_REG_REDIR_BASE’
   70 |     uint32_t reg = IOAPIC_REG_REDIR_BASE + irq_num * 2;
      |                    ^~~~~~~~~~~~~~~~~~~~~
kernel/arch/x86_64/ioapic.c: 在函数‘ioapic_mask_irq’中:
kernel/arch/x86_64/include/arch/ioapic.h:15:32: warning: ‘uint32_t’ {或称 ‘unsigned int’}转换自‘int’时可能会改变结果的符号 [-Wsign-conversion]
   15 | #define IOAPIC_REG_REDIR_BASE  0x10
      |                                ^~~~
kernel/arch/x86_64/ioapic.c:111:20: note: in expansion of macro ‘IOAPIC_REG_REDIR_BASE’
  111 |     uint32_t reg = IOAPIC_REG_REDIR_BASE + irq_num * 2;
      |                    ^~~~~~~~~~~~~~~~~~~~~
kernel/arch/x86_64/ioapic.c: 在函数‘ioapic_unmask_irq’中:
kernel/arch/x86_64/include/arch/ioapic.h:15:32: warning: ‘uint32_t’ {或称 ‘unsigned int’}转换自‘int’时可能会改变结果的符号 [-Wsign-conversion]
   15 | #define IOAPIC_REG_REDIR_BASE  0x10
      |                                ^~~~
kernel/arch/x86_64/ioapic.c:120:20: note: in expansion of macro ‘IOAPIC_REG_REDIR_BASE’
  120 |     uint32_t reg = IOAPIC_REG_REDIR_BASE + irq_num * 2;
      |                    ^~~~~~~~~~~~~~~~~~~~~
kernel/arch/x86_64/ioapic.c:123:9: warning: unsigned conversion from ‘int’ to ‘uint32_t’ {或称 ‘unsigned int’} changes value from ‘-65537’ to ‘4294901759’ [-Wsign-conversion]
  123 |     low &= ~IOAPIC_MASKED;
      |         ^~
kernel/arch/x86_64/ioapic.c: 在函数‘ioapic_get_redirect_entry’中:
kernel/arch/x86_64/include/arch/ioapic.h:15:32: warning: ‘uint32_t’ {或称 ‘unsigned int’}转换自‘int’时可能会改变结果的符号 [-Wsign-conversion]
   15 | #define IOAPIC_REG_REDIR_BASE  0x10
      |                                ^~~~
kernel/arch/x86_64/ioapic.c:129:20: note: in expansion of macro ‘IOAPIC_REG_REDIR_BASE’
  129 |     uint32_t reg = IOAPIC_REG_REDIR_BASE + irq_num * 2;
      |                    ^~~~~~~~~~~~~~~~~~~~~
<1> Building kernel/arch/x86_64/idt.c
kernel/arch/x86_64/idt.c: 在函数‘idt_init’中:
kernel/arch/x86_64/idt.c:39:26: warning: conversion from ‘int’ to ‘uint8_t’ {或称 ‘unsigned char’} may change value [-Wconversion]
   39 |             idt_set_gate(i, (uint64_t)interrupt_handler_err, 0x08, 0x8E, 0);
      |                          ^
kernel/arch/x86_64/idt.c:41:26: warning: conversion from ‘int’ to ‘uint8_t’ {或称 ‘unsigned char’} may change value [-Wconversion]
   41 |             idt_set_gate(i, (uint64_t)interrupt_handler, 0x08, 0x8E, 0);
      |                          ^
kernel/arch/x86_64/idt.c: 在函数‘idt_set_gate’中:
kernel/arch/x86_64/idt.c:60:28: warning: conversion from ‘uint64_t’ {或称 ‘long long unsigned int’} to ‘uint32_t’ {或称 ‘unsigned int’} may change value [-Wconversion]
   60 |     idt[index].base_high = (handler >> 32) & 0xFFFFFFFF;
      |                            ^
<1> Building kernel/arch/x86_64/i2c.c
<0> Building kernel/arch/x86_64/hpet.c
kernel/arch/x86_64/i2c.c: 在函数‘i2c_smbus_wait_until_done’中:
kernel/arch/x86_64/i2c.c:55:13: warning: 未使用的变量‘status’ [-Wunused-variable]
   55 |     uint8_t status = i2c_smbus_read(bus->base_io, I2C_SMBUS_HST_STS);
      |             ^~~~~~
kernel/arch/x86_64/i2c.c: 在函数‘i2c_smbus_init’中:
kernel/arch/x86_64/i2c.c:118:54: warning: conversion from ‘int’ to ‘uint8_t’ {或称 ‘unsigned char’} may change value [-Wconversion]
  118 |                 uint32_t class_reg = pci_read_config(b, d, f, 0x08);
      |                                                      ^
kernel/arch/x86_64/i2c.c:118:57: warning: conversion from ‘int’ to ‘uint8_t’ {或称 ‘unsigned char’} may change value [-Wconversion]
  118 |                 uint32_t class_reg = pci_read_config(b, d, f, 0x08);
      |                                                         ^
kernel/arch/x86_64/i2c.c:118:60: warning: conversion from ‘int’ to ‘uint8_t’ {或称 ‘unsigned char’} may change value [-Wconversion]
  118 |                 uint32_t class_reg = pci_read_config(b, d, f, 0x08);
      |                                                            ^
kernel/arch/x86_64/i2c.c:121:38: warning: conversion from ‘uint32_t’ {或称 ‘unsigned int’} to ‘uint8_t’ {或称 ‘unsigned char’} may change value [-Wconversion]
  121 |                 uint8_t class_code = (class_reg >> 24) & 0xFF;
      |                                      ^
kernel/arch/x86_64/i2c.c:126:51: warning: conversion from ‘int’ to ‘uint8_t’ {或称 ‘unsigned char’} may change value [-Wconversion]
  126 |                 uint32_t id_reg = pci_read_config(b, d, f, 0x00);
      |                                                   ^
kernel/arch/x86_64/i2c.c:126:54: warning: conversion from ‘int’ to ‘uint8_t’ {或称 ‘unsigned char’} may change value [-Wconversion]
  126 |                 uint32_t id_reg = pci_read_config(b, d, f, 0x00);
      |                                                      ^
kernel/arch/x86_64/i2c.c:126:57: warning: conversion from ‘int’ to ‘uint8_t’ {或称 ‘unsigned char’} may change value [-Wconversion]
  126 |                 uint32_t id_reg = pci_read_config(b, d, f, 0x00);
      |                                                         ^
kernel/arch/x86_64/i2c.c:128:32: warning: conversion from ‘uint32_t’ {或称 ‘unsigned int’} to ‘uint16_t’ {或称 ‘short unsigned int’} may change value [-Wconversion]
  128 |                 uint16_t did = (id_reg >> 16) & 0xFFFF;
      |                                ^
kernel/arch/x86_64/i2c.c:130:62: warning: conversion from ‘int’ to ‘uint8_t’ {或称 ‘unsigned char’} may change value [-Wconversion]
  130 |                 uint16_t cmd_reg = (uint16_t)pci_read_config(b, d, f, 0x04);
      |                                                              ^
kernel/arch/x86_64/i2c.c:130:65: warning: conversion from ‘int’ to ‘uint8_t’ {或称 ‘unsigned char’} may change value [-Wconversion]
  130 |                 uint16_t cmd_reg = (uint16_t)pci_read_config(b, d, f, 0x04);
      |                                                                 ^
kernel/arch/x86_64/i2c.c:130:68: warning: conversion from ‘int’ to ‘uint8_t’ {或称 ‘unsigned char’} may change value [-Wconversion]
  130 |                 uint16_t cmd_reg = (uint16_t)pci_read_config(b, d, f, 0x04);
      |                                                                    ^
kernel/arch/x86_64/i2c.c:132:34: warning: conversion from ‘int’ to ‘uint8_t’ {或称 ‘unsigned char’} may change value [-Wconversion]
  132 |                 pci_write_config(b, d, f, 0x04, cmd_reg);
      |                                  ^
kernel/arch/x86_64/i2c.c:132:37: warning: conversion from ‘int’ to ‘uint8_t’ {或称 ‘unsigned char’} may change value [-Wconversion]
  132 |                 pci_write_config(b, d, f, 0x04, cmd_reg);
      |                                     ^
kernel/arch/x86_64/i2c.c:132:40: warning: conversion from ‘int’ to ‘uint8_t’ {或称 ‘unsigned char’} may change value [-Wconversion]
  132 |                 pci_write_config(b, d, f, 0x04, cmd_reg);
      |                                        ^
kernel/arch/x86_64/i2c.c:135:65: warning: conversion from ‘int’ to ‘uint8_t’ {或称 ‘unsigned char’} may change value [-Wconversion]
  135 |                 uint8_t header_type = (uint8_t)(pci_read_config(b, d, f, 0x0C) & 0xFF);
      |                                                                 ^
kernel/arch/x86_64/i2c.c:135:68: warning: conversion from ‘int’ to ‘uint8_t’ {或称 ‘unsigned char’} may change value [-Wconversion]
  135 |                 uint8_t header_type = (uint8_t)(pci_read_config(b, d, f, 0x0C) & 0xFF);
      |                                                                    ^
kernel/arch/x86_64/i2c.c:135:71: warning: conversion from ‘int’ to ‘uint8_t’ {或称 ‘unsigned char’} may change value [-Wconversion]
  135 |                 uint8_t header_type = (uint8_t)(pci_read_config(b, d, f, 0x0C) & 0xFF);
      |                                                                       ^
kernel/arch/x86_64/i2c.c:137:53: warning: conversion from ‘int’ to ‘uint8_t’ {或称 ‘unsigned char’} may change value [-Wconversion]
  137 |                     uint32_t bar4 = pci_read_config(b, d, f, 0x20);
      |                                                     ^
kernel/arch/x86_64/i2c.c:137:56: warning: conversion from ‘int’ to ‘uint8_t’ {或称 ‘unsigned char’} may change value [-Wconversion]
  137 |                     uint32_t bar4 = pci_read_config(b, d, f, 0x20);
      |                                                        ^
kernel/arch/x86_64/i2c.c:137:59: warning: conversion from ‘int’ to ‘uint8_t’ {或称 ‘unsigned char’} may change value [-Wconversion]
  137 |                     uint32_t bar4 = pci_read_config(b, d, f, 0x20);
      |                                                           ^
kernel/arch/x86_64/i2c.c:155:51: warning: conversion from ‘int’ to ‘uint8_t’ {或称 ‘unsigned char’} may change value [-Wconversion]
  155 |                 bus->pci_config = pci_read_config(b, d, f, 0x90);
      |                                                   ^
kernel/arch/x86_64/i2c.c:155:54: warning: conversion from ‘int’ to ‘uint8_t’ {或称 ‘unsigned char’} may change value [-Wconversion]
  155 |                 bus->pci_config = pci_read_config(b, d, f, 0x90);
      |                                                      ^
kernel/arch/x86_64/i2c.c:155:57: warning: conversion from ‘int’ to ‘uint8_t’ {或称 ‘unsigned char’} may change value [-Wconversion]
  155 |                 bus->pci_config = pci_read_config(b, d, f, 0x90);
      |                                                         ^
kernel/arch/x86_64/i2c.c: 在函数‘i2c_smbus_block_read’中:
kernel/arch/x86_64/i2c.c:230:67: warning: conversion from ‘uint32_t’ {或称 ‘unsigned int’} to ‘uint8_t’ {或称 ‘unsigned char’} may change value [-Wconversion]
  230 |         buf[i] = i2c_smbus_read(bus->base_io, I2C_SMBUS_HST_BLOCK + i);
kernel/arch/x86_64/i2c.c: 在函数‘i2c_smbus_block_write’中:
kernel/arch/x86_64/i2c.c:256:59: warning: conversion from ‘uint32_t’ {或称 ‘unsigned int’} to ‘uint8_t’ {或称 ‘unsigned char’} may change value [-Wconversion]
  256 |         i2c_smbus_write(bus->base_io, I2C_SMBUS_HST_BLOCK + i, buf[i]);
<0> Building kernel/arch/x86_64/hda.c
kernel/arch/x86_64/hda.c: 在函数‘hda_reset’中:
<2> Building kernel/arch/x86_64/gdt.c
kernel/arch/x86_64/hda.c:66:37: warning: unsigned conversion from ‘int’ to ‘uint32_t’ {或称 ‘unsigned int’} changes value from ‘-2’ to ‘4294967294’ [-Wsign-conversion]
   66 |         hda_write32(dev, 0x08, gctl & ~0x01);
      |                                     ^
kernel/arch/x86_64/hda.c: 在函数‘hda_init’中:
kernel/arch/x86_64/hda.c:189:47: warning: conversion from ‘int’ to ‘uint8_t’ {或称 ‘unsigned char’} may change value [-Wconversion]
  189 |                 uint32_t id = pci_read_config(b, d, f, 0x00);
      |                                               ^
kernel/arch/x86_64/hda.c:189:50: warning: conversion from ‘int’ to ‘uint8_t’ {或称 ‘unsigned char’} may change value [-Wconversion]
  189 |                 uint32_t id = pci_read_config(b, d, f, 0x00);
      |                                                  ^
kernel/arch/x86_64/hda.c:189:53: warning: conversion from ‘int’ to ‘uint8_t’ {或称 ‘unsigned char’} may change value [-Wconversion]
  189 |                 uint32_t id = pci_read_config(b, d, f, 0x00);
      |                                                     ^
kernel/arch/x86_64/hda.c:191:35: warning: conversion from ‘uint32_t’ {或称 ‘unsigned int’} to ‘uint16_t’ {或称 ‘short unsigned int’} may change value [-Wconversion]
  191 |                 uint16_t device = (id >> 16) & 0xFFFF;
      |                                   ^
kernel/arch/x86_64/hda.c:202:44: warning: conversion from ‘int’ to ‘uint8_t’ {或称 ‘unsigned char’} may change value [-Wconversion]
  202 |                 dev->irq = pci_read_config(b, d, f, 0x3C) & 0xFF;
      |                                            ^
kernel/arch/x86_64/hda.c:202:47: warning: conversion from ‘int’ to ‘uint8_t’ {或称 ‘unsigned char’} may change value [-Wconversion]
  202 |                 dev->irq = pci_read_config(b, d, f, 0x3C) & 0xFF;
      |                                               ^
kernel/arch/x86_64/hda.c:202:50: warning: conversion from ‘int’ to ‘uint8_t’ {或称 ‘unsigned char’} may change value [-Wconversion]
  202 |                 dev->irq = pci_read_config(b, d, f, 0x3C) & 0xFF;
      |                                                  ^
kernel/arch/x86_64/hda.c:205:48: warning: conversion from ‘int’ to ‘uint8_t’ {或称 ‘unsigned char’} may change value [-Wconversion]
  205 |                 uint32_t bar = pci_read_config(b, d, f, 0x10);
      |                                                ^
kernel/arch/x86_64/hda.c:205:51: warning: conversion from ‘int’ to ‘uint8_t’ {或称 ‘unsigned char’} may change value [-Wconversion]
  205 |                 uint32_t bar = pci_read_config(b, d, f, 0x10);
      |                                                   ^
kernel/arch/x86_64/hda.c:205:54: warning: conversion from ‘int’ to ‘uint8_t’ {或称 ‘unsigned char’} may change value [-Wconversion]
  205 |                 uint32_t bar = pci_read_config(b, d, f, 0x10);
      |                                                      ^
kernel/arch/x86_64/hda.c:207:51: warning: conversion from ‘int’ to ‘uint8_t’ {或称 ‘unsigned char’} may change value [-Wconversion]
  207 |                 uint32_t bar_hi = pci_read_config(b, d, f, 0x14);
      |                                                   ^
kernel/arch/x86_64/hda.c:207:54: warning: conversion from ‘int’ to ‘uint8_t’ {或称 ‘unsigned char’} may change value [-Wconversion]
  207 |                 uint32_t bar_hi = pci_read_config(b, d, f, 0x14);
      |                                                      ^
kernel/arch/x86_64/hda.c:207:57: warning: conversion from ‘int’ to ‘uint8_t’ {或称 ‘unsigned char’} may change value [-Wconversion]
  207 |                 uint32_t bar_hi = pci_read_config(b, d, f, 0x14);
      |                                                         ^
<3> Building kernel/arch/x86_64/framebuffer.c
<2> Building kernel/arch/x86_64/ext4.c
kernel/arch/x86_64/framebuffer.c: 在函数‘fb_init_from_gop’中:
kernel/arch/x86_64/framebuffer.c:335:63: warning: unsigned conversion from ‘int’ to ‘uint64_t’ {或称 ‘long long unsigned int’} changes value from ‘-4096’ to ‘18446744073709547520’ [-Wsign-conversion]
  335 |     fb_info.total_size = (fb_info.total_size + PAGE_SIZE - 1) & ~(PAGE_SIZE - 1);
      |                                                               ^
kernel/arch/x86_64/framebuffer.c: 在函数‘fb_puts’中:
kernel/arch/x86_64/framebuffer.c:548:49: warning: unsigned conversion from ‘int’ to ‘uint32_t’ {或称 ‘unsigned int’} changes value from ‘-64’ to ‘4294967232’ [-Wsign-conversion]
  548 |             cur_x = (cur_x + FB_CHAR_WIDTH * 8) & ~(FB_CHAR_WIDTH * 8 - 1);
      |                                                 ^
kernel/arch/x86_64/framebuffer.c: 在函数‘fb_resolution_set’中:
kernel/arch/x86_64/framebuffer.c:580:63: warning: unsigned conversion from ‘int’ to ‘uint64_t’ {或称 ‘long long unsigned int’} changes value from ‘-4096’ to ‘18446744073709547520’ [-Wsign-conversion]
  580 |     fb_info.total_size = (fb_info.total_size + PAGE_SIZE - 1) & ~(PAGE_SIZE - 1);
      |                                                               ^
<1> Building kernel/arch/x86_64/ext3_stubs.c
<1> Building kernel/arch/x86_64/ext2.c
kernel/arch/x86_64/ext2.c: 在函数‘ext2_block_to_lba’中:
kernel/arch/x86_64/ext2.c:11:46: warning: 未使用的参数‘fs’ [-Wunused-parameter]
   11 | static uint32_t ext2_block_to_lba(ext2_fs_t* fs, uint32_t block)
      |                                   ~~~~~~~~~~~^~
kernel/arch/x86_64/ext2.c: 在函数‘ext2_read_file’中:
kernel/arch/x86_64/ext2.c:120:30: warning: conversion from ‘uint64_t’ {或称 ‘long long unsigned int’} to ‘uint32_t’ {或称 ‘unsigned int’} may change value [-Wconversion]
  120 |         uint32_t block_num = current_offset / EXT2_BLOCK_SIZE;
      |                              ^~~~~~~~~~~~~~
kernel/arch/x86_64/ext2.c:125:25: warning: conversion from ‘uint64_t’ {或称 ‘long long unsigned int’} to ‘uint32_t’ {或称 ‘unsigned int’} may change value [-Wconversion]
  125 |             read_size = size - bytes_read;
      |                         ^~~~
kernel/arch/x86_64/ext2.c:144:12: warning: conversion from ‘uint64_t’ {或称 ‘long long unsigned int’} to ‘int’ may change value [-Wconversion]
  144 |     return bytes_read;
      |            ^~~~~~~~~~
kernel/arch/x86_64/ext2.c: 在函数‘ext2_read’中:
kernel/arch/x86_64/ext2.c:306:28: warning: ‘uint64_t’ {或称 ‘long long unsigned int’}转换自‘int’时可能会改变结果的符号 [-Wsign-conversion]
  306 |     if (ret > 0) f->offset += ret;
      |                            ^~
kernel/arch/x86_64/ext2.c: 在文件作用域：
kernel/arch/x86_64/ext2.c:22:12: warning: ‘ext2_write_block’ 在此处定义 [-Wunused-function]
   22 | static int ext2_write_block(ext2_fs_t* fs, uint32_t block, const void* buffer)
      |            ^~~~~~~~~~~~~~~~
<0> Building kernel/arch/x86_64/elf.c
kernel/arch/x86_64/elf.c: 在函数‘elf_load_from_memory’中:
kernel/arch/x86_64/elf.c:74:57: warning: conversion from ‘uint64_t’ {或称 ‘long long unsigned int’} to ‘size_t’ {或称 ‘long unsigned int’} may change value [-Wconversion]
   74 |                    (const uint8_t*)data + ph->p_offset, len);
      |                                                         ^~~
kernel/arch/x86_64/elf.c:91:38: warning: unsigned conversion from ‘int’ to ‘uint64_t’ {或称 ‘long long unsigned int’} changes value from ‘-4096’ to ‘18446744073709547520’ [-Wsign-conversion]
   91 |         uint64_t vaddr = ph->p_vaddr & ~(PAGE_SIZE - 1);
      |                                      ^
kernel/arch/x86_64/elf.c:92:40: warning: unsigned conversion from ‘int’ to ‘uint64_t’ {或称 ‘long long unsigned int’} changes value from ‘-4096’ to ‘18446744073709547520’ [-Wsign-conversion]
   92 |         uint64_t offset = ph->p_offset & ~(PAGE_SIZE - 1);
      |                                        ^
kernel/arch/x86_64/elf.c:95:55: warning: unsigned conversion from ‘int’ to ‘uint64_t’ {或称 ‘long long unsigned int’} changes value from ‘-4096’ to ‘18446744073709547520’ [-Wsign-conversion]
   95 |         uint64_t page_end = (mem_end + PAGE_SIZE - 1) & ~(PAGE_SIZE - 1);
      |                                                       ^
kernel/arch/x86_64/elf.c:111:28: warning: conversion from ‘uint64_t’ {或称 ‘long long unsigned int’} to ‘size_t’ {或称 ‘long unsigned int’} may change value [-Wconversion]
  111 |                            copy_size);
      |                            ^~~~~~~~~
kernel/arch/x86_64/elf.c: 在函数‘elf_load_from_file’中:
kernel/arch/x86_64/elf.c:158:41: warning: ‘uint64_t’ {或称 ‘long long unsigned int’}转换自‘int’时可能会改变结果的符号 [-Wsign-conversion]
  158 |     int ret = elf_load_from_memory(buf, total, info);
      |                                         ^~~~~
kernel/arch/x86_64/elf.c: 在函数‘elf_setup_stack’中:
kernel/arch/x86_64/elf.c:180:36: warning: conversion from ‘uint64_t’ {或称 ‘long long unsigned int’} to ‘size_t’ {或称 ‘long unsigned int’} may change value [-Wconversion]
  180 |         memcpy((void*)sp, envp[i], len);
      |                                    ^~~
kernel/arch/x86_64/elf.c:186:36: warning: conversion from ‘uint64_t’ {或称 ‘long long unsigned int’} to ‘size_t’ {或称 ‘long unsigned int’} may change value [-Wconversion]
  186 |         memcpy((void*)sp, argv[i], len);
      |                                    ^~~
<3> Building kernel/arch/x86_64/ehci.c
<2> Building kernel/arch/x86_64/efi_runtime.c
kernel/arch/x86_64/ehci.c: 在函数‘ehci_init’中:
kernel/arch/x86_64/ehci.c:17:59: warning: conversion from ‘int’ to ‘uint8_t’ {或称 ‘unsigned char’} may change value [-Wconversion]
   17 |                 uint32_t class_code_reg = pci_read_config(b, d, f, 0x08);
      |                                                           ^
kernel/arch/x86_64/ehci.c:17:62: warning: conversion from ‘int’ to ‘uint8_t’ {或称 ‘unsigned char’} may change value [-Wconversion]
   17 |                 uint32_t class_code_reg = pci_read_config(b, d, f, 0x08);
      |                                                              ^
kernel/arch/x86_64/ehci.c:17:65: warning: conversion from ‘int’ to ‘uint8_t’ {或称 ‘unsigned char’} may change value [-Wconversion]
   17 |                 uint32_t class_code_reg = pci_read_config(b, d, f, 0x08);
      |                                                                 ^
kernel/arch/x86_64/ehci.c:21:38: warning: conversion from ‘uint32_t’ {或称 ‘unsigned int’} to ‘uint8_t’ {或称 ‘unsigned char’} may change value [-Wconversion]
   21 |                 uint8_t class_code = (class_code_reg >> 24) & 0xFF;
      |                                      ^
kernel/arch/x86_64/ehci.c:27:37: warning: conversion from ‘int’ to ‘uint8_t’ {或称 ‘unsigned char’} may change value [-Wconversion]
   27 |                         ctrl->bus = b;
      |                                     ^
kernel/arch/x86_64/ehci.c:28:40: warning: conversion from ‘int’ to ‘uint8_t’ {或称 ‘unsigned char’} may change value [-Wconversion]
   28 |                         ctrl->device = d;
      |                                        ^
kernel/arch/x86_64/ehci.c:29:42: warning: conversion from ‘int’ to ‘uint8_t’ {或称 ‘unsigned char’} may change value [-Wconversion]
   29 |                         ctrl->function = f;
      |                                          ^
kernel/arch/x86_64/ehci.c:30:54: warning: conversion from ‘int’ to ‘uint8_t’ {或称 ‘unsigned char’} may change value [-Wconversion]
   30 |                         ctrl->base = pci_read_config(b, d, f, 0x10) & 0xFFFFFFF0;
      |                                                      ^
kernel/arch/x86_64/ehci.c:30:57: warning: conversion from ‘int’ to ‘uint8_t’ {或称 ‘unsigned char’} may change value [-Wconversion]
   30 |                         ctrl->base = pci_read_config(b, d, f, 0x10) & 0xFFFFFFF0;
      |                                                         ^
kernel/arch/x86_64/ehci.c:30:60: warning: conversion from ‘int’ to ‘uint8_t’ {或称 ‘unsigned char’} may change value [-Wconversion]
   30 |                         ctrl->base = pci_read_config(b, d, f, 0x10) & 0xFFFFFFF0;
      |                                                            ^
<3> Building kernel/arch/x86_64/efi_entry.c
kernel/arch/x86_64/efi_entry.c: 在函数‘efi_print_dec’中:
kernel/arch/x86_64/efi_entry.c:47:24: warning: conversion from ‘uint64_t’ {或称 ‘long long unsigned int’} to ‘char’ may change value [-Wconversion]
<1> Building kernel/arch/x86_64/efi.c
   47 |             buf[i--] = '0' + (value % 10);
      |                        ^~~
<0> Building kernel/arch/x86_64/dns.c
kernel/arch/x86_64/efi.c: 在函数‘efi_get_memory_map_and_exit’中:
kernel/arch/x86_64/efi.c:202:26: warning: conversion from ‘uint64_t’ {或称 ‘long long unsigned int’} to ‘size_t’ {或称 ‘long unsigned int’} may change value [-Wconversion]
  202 |     memset(local_map, 0, local_map_size);
      |                          ^~~~~~~~~~~~~~
kernel/arch/x86_64/efi.c:227:34: warning: conversion from ‘uint64_t’ {或称 ‘long long unsigned int’} to ‘size_t’ {或称 ‘long unsigned int’} may change value [-Wconversion]
  227 |             memset(local_map, 0, local_map_size);
      |                                  ^~~~~~~~~~~~~~
<2> Building kernel/arch/x86_64/cpuidle.c
kernel/arch/x86_64/dns.c:42:17: warning: ‘dns_ntohl’ 在此处定义 [-Wunused-function]
   42 | static uint32_t dns_ntohl(uint32_t v) { return dns_htonl(v); }
      |                 ^~~~~~~~~
<3> Building kernel/arch/x86_64/cpufreq.c
kernel/arch/x86_64/cpufreq.c:111:12: warning: ‘conservative_sampling_rate’ 在此处定义 [-Wunused-variable]
  111 | static u32 conservative_sampling_rate = 200;
      |            ^~~~~~~~~~~~~~~~~~~~~~~~~~
kernel/arch/x86_64/cpufreq.c:110:12: warning: ‘conservative_step’ 在此处定义 [-Wunused-variable]
  110 | static int conservative_step = 5;
      |            ^~~~~~~~~~~~~~~~~
kernel/arch/x86_64/cpufreq.c:109:12: warning: ‘conservative_down_threshold’ 在此处定义 [-Wunused-variable]
  109 | static int conservative_down_threshold = 20;
      |            ^~~~~~~~~~~~~~~~~~~~~~~~~~~
kernel/arch/x86_64/cpufreq.c:108:12: warning: ‘conservative_up_threshold’ 在此处定义 [-Wunused-variable]
  108 | static int conservative_up_threshold = 80;
      |            ^~~~~~~~~~~~~~~~~~~~~~~~~
kernel/arch/x86_64/cpufreq.c:89:12: warning: ‘ondemand_sampling_down_factor’ 在此处定义 [-Wunused-variable]
   89 | static u32 ondemand_sampling_down_factor = ONDEMAND_SAMPLING_DOWN_FACTOR;
      |            ^~~~~~~~~~~~~~~~~~~~~~~~~~~~~
kernel/arch/x86_64/cpufreq.c:88:12: warning: ‘ondemand_sampling_rate’ 在此处定义 [-Wunused-variable]
   88 | static u32 ondemand_sampling_rate = ONDEMAND_SAMPLING_RATE_MS;
      |            ^~~~~~~~~~~~~~~~~~~~~~
kernel/arch/x86_64/cpufreq.c:87:12: warning: ‘ondemand_up_threshold’ 在此处定义 [-Wunused-variable]
   87 | static u32 ondemand_up_threshold = ONDEMAND_UP_THRESHOLD;
      |            ^~~~~~~~~~~~~~~~~~~~~
kernel/arch/x86_64/cpufreq.c:22:13: warning: ‘wrmsr’ 在此处定义 [-Wunused-function]
   22 | static void wrmsr(u32 msr, u64 val)
      |             ^~~~~
<1> Building kernel/arch/x86_64/conntrack.c
kernel/arch/x86_64/conntrack.c:6:17: warning: ‘conntrack_jiffies_base’ 在此处定义 [-Wunused-variable]
    6 | static uint64_t conntrack_jiffies_base = 0;
      |                 ^~~~~~~~~~~~~~~~~~~~~~
<2> Building kernel/arch/x86_64/cfs.c
In file included from kernel/arch/x86_64/include/arch/types.h:5,
                 from kernel/arch/x86_64/include/arch/cfs.h:6,
                 from kernel/arch/x86_64/cfs.c:3:
kernel/arch/x86_64/cfs.c: 在函数‘__node_key’中:
include/stddef.h:10:33: warning: 将一个指针转换为大小不同的整数 [-Wpointer-to-int-cast]
   10 | #define offsetof(type, member) ((size_t)&((type*)0)->member)
      |                                 ^
kernel/arch/x86_64/cfs.c:112:55: note: in expansion of macro ‘offsetof’
  112 |     cfs_task_t* task = (cfs_task_t*)((uint8_t*)node - offsetof(cfs_task_t, rb_node));
      |                                                       ^~~~~~~~
kernel/arch/x86_64/cfs.c: 在函数‘cfs_pick_next_task’中:
include/stddef.h:10:33: warning: 将一个指针转换为大小不同的整数 [-Wpointer-to-int-cast]
   10 | #define offsetof(type, member) ((size_t)&((type*)0)->member)
      |                                 ^
kernel/arch/x86_64/cfs.c:346:55: note: in expansion of macro ‘offsetof’
  346 |     cfs_task_t* task = (cfs_task_t*)((uint8_t*)node - offsetof(cfs_task_t, rb_node));
      |                                                       ^~~~~~~~
kernel/arch/x86_64/cfs.c: 在函数‘cfs_update_min_vruntime’中:
include/stddef.h:10:33: warning: 将一个指针转换为大小不同的整数 [-Wpointer-to-int-cast]
   10 | #define offsetof(type, member) ((size_t)&((type*)0)->member)
      |                                 ^
kernel/arch/x86_64/cfs.c:369:59: note: in expansion of macro ‘offsetof’
  369 |         cfs_task_t* task = (cfs_task_t*)((uint8_t*)node - offsetof(cfs_task_t, rb_node));
      |                                                           ^~~~~~~~
<0> Building kernel/arch/x86_64/buddy.c
kernel/arch/x86_64/buddy.c: 在函数‘buddy_init’中:
kernel/arch/x86_64/buddy.c:81:45: warning: conversion from ‘uint64_t’ {或称 ‘long long unsigned int’} to ‘size_t’ {或称 ‘long unsigned int’} may change value [-Wconversion]
   81 |     memset(zone->page_array, 0, array_pages * PAGE_SIZE);
kernel/arch/x86_64/buddy.c: 在函数‘buddy_free_pages’中:
kernel/arch/x86_64/buddy.c:239:17: warning: unsigned conversion from ‘int’ to ‘uint32_t’ {或称 ‘unsigned int’} changes value from ‘-2’ to ‘4294967294’ [-Wsign-conversion]
  239 |     page->flags &= ~PAGE_FLAG_USED;
      |                 ^~
kernel/arch/x86_64/buddy.c: 在函数‘buddy_defragment’中:
kernel/arch/x86_64/buddy.c:425:58: warning: ‘uint32_t’ {或称 ‘unsigned int’}转换自‘int’时可能会改变结果的符号 [-Wsign-conversion]
  425 |             uint64_t buddy_pfn_val = __buddy_pfn(p->pfn, order);
      |                                                          ^~~~~
kernel/arch/x86_64/buddy.c:429:30: warning: comparison of integer expressions of different signedness: ‘uint32_t’ {或称 ‘unsigned int’} and ‘int’ [-Wsign-compare]
  429 |                 buddy->order == order && __in_freelist(zone, order, buddy)) {
      |                              ^~
kernel/arch/x86_64/buddy.c:429:62: warning: ‘uint32_t’ {或称 ‘unsigned int’}转换自‘int’时可能会改变结果的符号 [-Wsign-conversion]
  429 |                 buddy->order == order && __in_freelist(zone, order, buddy)) {
      |                                                              ^~~~~
kernel/arch/x86_64/buddy.c:435:38: warning: ‘uint32_t’ {或称 ‘unsigned int’}转换自‘int’时可能会改变结果的符号 [-Wsign-conversion]
  435 |                 merged_page->order = order + 1;
      |                                      ^~~~~
kernel/arch/x86_64/buddy.c:436:40: warning: ‘uint32_t’ {或称 ‘unsigned int’}转换自‘int’时可能会改变结果的符号 [-Wsign-conversion]
  436 |                 __list_add(zone, order + 1, merged_page);
      |                                  ~~~~~~^~~
kernel/arch/x86_64/buddy.c: 在文件作用域：
kernel/arch/x86_64/buddy.c:59:12: warning: ‘__phys_to_zone_type’ 在此处定义 [-Wunused-function]
   59 | static int __phys_to_zone_type(uint64_t phys)
      |            ^~~~~~~~~~~~~~~~~~~
<3> Building kernel/arch/x86_64/bpf.c
<1> Building kernel/arch/x86_64/apic.c
kernel/arch/x86_64/bpf.c:135:8: warning: ISO C 不允许大小为 0 的数组‘data’ [-Wpedantic]
  135 |     u8 data[0];
      |        ^~~~
kernel/arch/x86_64/bpf.c: 在函数‘hash_map_update_impl’中:
kernel/arch/x86_64/bpf.c:254:20: warning: conversion from ‘long long unsigned int’ to ‘u32’ {或称 ‘unsigned int’} may change value [-Wconversion]
  254 |     u32 entry_sz = sizeof(bpf_hash_entry_t) + hdata->key_size + hdata->value_size;
      |                    ^~~~~~
kernel/arch/x86_64/bpf.c: 在函数‘array_map_alloc’中:
kernel/arch/x86_64/bpf.c:346:34: warning: 未使用的参数‘key_size’ [-Wunused-parameter]
  346 | static void *array_map_alloc(u32 key_size, u32 value_size, u32 max_entries)
      |                              ~~~~^~~~~~~~
kernel/arch/x86_64/apic.c: 在函数‘lapic_send_ipi’中:
kernel/arch/x86_64/apic.c:86:38: warning: unsigned conversion from ‘int’ to ‘uint32_t’ {或称 ‘unsigned int’} changes value from ‘-16777216’ to ‘4278190080’ [-Wsign-conversion]
   86 |         lapic_write(LAPIC_ICR1, 0xFF << 24);
      |                                 ~~~~~^~~~~
kernel/arch/x86_64/apic.c: 在函数‘lapic_timer_calibrate’中:
kernel/arch/x86_64/apic.c:128:44: warning: unsigned conversion from ‘int’ to ‘uint8_t’ {或称 ‘unsigned char’} changes the value of ‘-2’ [-Wsign-conversion]
  128 |         outb(PIT_SPEAKER_PORT, speaker_val & ~0x01);
      |                                ~~~~~~~~~~~~^~~~~~~
kernel/arch/x86_64/apic.c: 在函数‘lapic_lvt_unmask’中:
kernel/arch/x86_64/apic.c:172:26: warning: unsigned conversion from ‘int’ to ‘uint32_t’ {或称 ‘unsigned int’} changes value from ‘-65537’ to ‘4294901759’ [-Wsign-conversion]
  172 |     lapic_write(reg, val & ~LAPIC_TIMER_MASKED);
      |                          ^
kernel/arch/x86_64/apic.c: 在函数‘lapic_mask_irq’中:
kernel/arch/x86_64/apic.c:180:30: warning: 未使用的参数‘vector’ [-Wunused-parameter]
  180 | void lapic_mask_irq(uint32_t vector)
      |                     ~~~~~~~~~^~~~~~
kernel/arch/x86_64/apic.c: 在函数‘lapic_unmask_irq’中:
kernel/arch/x86_64/apic.c:189:38: warning: unsigned conversion from ‘int’ to ‘uint32_t’ {或称 ‘unsigned int’} changes value from ‘-65537’ to ‘4294901759’ [-Wsign-conversion]
  189 |     lapic_write(LAPIC_LVT_TIMER, val & ~LAPIC_TIMER_MASKED);
      |                                      ^
kernel/arch/x86_64/apic.c:186:32: warning: 未使用的参数‘vector’ [-Wunused-parameter]
  186 | void lapic_unmask_irq(uint32_t vector)
      |                       ~~~~~~~~~^~~~~~
kernel/arch/x86_64/bpf.c: 在函数‘bpf_prog_run’中:
kernel/arch/x86_64/bpf.c:583:17: warning: 未使用的变量‘ssv’ [-Wunused-variable]
  583 |             s64 ssv = (s64)sv;
      |                 ^~~
kernel/arch/x86_64/bpf.c:646:29: warning: ‘u32’ {或称 ‘unsigned int’}转换自‘int’时可能会改变结果的符号 [-Wsign-conversion]
  646 |             case BPF_JA: pc += insn->off + 1; continue;
      |                             ^~
kernel/arch/x86_64/bpf.c:718:20: warning: ‘u32’ {或称 ‘unsigned int’}转换自‘int’时可能会改变结果的符号 [-Wsign-conversion]
  718 |                 pc += insn->off + 1;
      |                    ^~
kernel/arch/x86_64/bpf.c:727:27: warning: ‘long long unsigned int’转换自‘long long int’时可能会改变结果的符号 [-Wsign-conversion]
  727 |             u64 addr = sv + (s64)insn->off;
      |                           ^
kernel/arch/x86_64/bpf.c:725:17: warning: 未使用的变量‘dv’ [-Wunused-variable]
  725 |             u64 dv = get_reg(&ctx, dst);
      |                 ^~
kernel/arch/x86_64/bpf.c:746:43: warning: ‘long long unsigned int’转换自‘long long int’时可能会改变结果的符号 [-Wsign-conversion]
  746 |                 addr = get_reg(&ctx, dst) + (s64)insn->off;
      |                                           ^
kernel/arch/x86_64/bpf.c:749:43: warning: ‘long long unsigned int’转换自‘long long int’时可能会改变结果的符号 [-Wsign-conversion]
  749 |                 addr = get_reg(&ctx, dst) + (s64)insn->off;
      |                                           ^
kernel/arch/x86_64/bpf.c: 在函数‘bpf_verifier’中:
kernel/arch/x86_64/bpf.c:838:33: warning: ‘u32’ {或称 ‘unsigned int’}转换自‘int’时可能会改变结果的符号 [-Wsign-conversion]
  838 |                 s32 target = pc + insn->off + 1;
      |                                 ^
kernel/arch/x86_64/bpf.c:838:30: warning: ‘s32’ {或称 ‘int’}转换自‘u32’ {或称 ‘unsigned int’}时可能会改变结果的符号 [-Wsign-conversion]
  838 |                 s32 target = pc + insn->off + 1;
      |                              ^~
kernel/arch/x86_64/bpf.c: 在函数‘emit_dword’中:
kernel/arch/x86_64/bpf.c:866:27: warning: conversion from ‘u32’ {或称 ‘unsigned int’} to ‘u8’ {或称 ‘unsigned char’} may change value [-Wconversion]
  866 |     emit_byte((val >> 24) & 0xFF);
      |               ~~~~~~~~~~~~^~~~~~
kernel/arch/x86_64/bpf.c: 在文件作用域：
kernel/arch/x86_64/bpf.c:869:13: warning: ‘emit_qword’ 在此处定义 [-Wunused-function]
  869 | static void emit_qword(u64 val)
      |             ^~~~~~~~~~
<2> Building kernel/arch/x86_64/ahci.c
kernel/arch/x86_64/ahci.c: 在函数‘ahci_init’中:
kernel/arch/x86_64/ahci.c:152:59: warning: conversion from ‘int’ to ‘uint8_t’ {或称 ‘unsigned char’} may change value [-Wconversion]
  152 |                 uint32_t class_code_reg = pci_read_config(b, d, f, 0x08);
      |                                                           ^
kernel/arch/x86_64/ahci.c:152:62: warning: conversion from ‘int’ to ‘uint8_t’ {或称 ‘unsigned char’} may change value [-Wconversion]
  152 |                 uint32_t class_code_reg = pci_read_config(b, d, f, 0x08);
      |                                                              ^
kernel/arch/x86_64/ahci.c:152:65: warning: conversion from ‘int’ to ‘uint8_t’ {或称 ‘unsigned char’} may change value [-Wconversion]
  152 |                 uint32_t class_code_reg = pci_read_config(b, d, f, 0x08);
      |                                                                 ^
kernel/arch/x86_64/ahci.c:156:38: warning: conversion from ‘uint32_t’ {或称 ‘unsigned int’} to ‘uint8_t’ {或称 ‘unsigned char’} may change value [-Wconversion]
  156 |                 uint8_t class_code = (class_code_reg >> 24) & 0xFF;
      |                                      ^
kernel/arch/x86_64/ahci.c:161:37: warning: conversion from ‘int’ to ‘uint8_t’ {或称 ‘unsigned char’} may change value [-Wconversion]
  161 |                         ctrl->bus = b;
      |                                     ^
kernel/arch/x86_64/ahci.c:162:40: warning: conversion from ‘int’ to ‘uint8_t’ {或称 ‘unsigned char’} may change value [-Wconversion]
  162 |                         ctrl->device = d;
      |                                        ^
kernel/arch/x86_64/ahci.c:163:42: warning: conversion from ‘int’ to ‘uint8_t’ {或称 ‘unsigned char’} may change value [-Wconversion]
  163 |                         ctrl->function = f;
      |                                          ^
kernel/arch/x86_64/ahci.c:164:54: warning: conversion from ‘int’ to ‘uint8_t’ {或称 ‘unsigned char’} may change value [-Wconversion]
  164 |                         ctrl->base = pci_read_config(b, d, f, 0x24) & 0xFFFFFFF0;
      |                                                      ^
kernel/arch/x86_64/ahci.c:164:57: warning: conversion from ‘int’ to ‘uint8_t’ {或称 ‘unsigned char’} may change value [-Wconversion]
  164 |                         ctrl->base = pci_read_config(b, d, f, 0x24) & 0xFFFFFFF0;
      |                                                         ^
kernel/arch/x86_64/ahci.c:164:60: warning: conversion from ‘int’ to ‘uint8_t’ {或称 ‘unsigned char’} may change value [-Wconversion]
  164 |                         ctrl->base = pci_read_config(b, d, f, 0x24) & 0xFFFFFFF0;
      |                                                            ^
kernel/arch/x86_64/ahci.c:22:22: warning: ‘uint32_t’ {或称 ‘unsigned int’}转换自‘int’时可能会改变结果的符号 [-Wsign-conversion]
   22 | #define AHCI_POFF    0x100
      |                      ^~~~~
kernel/arch/x86_64/ahci.c:175:52: note: in expansion of macro ‘AHCI_POFF’
  175 |                                 uint32_t cmd_off = AHCI_POFF + p * AHCI_PSIZE + AHCI_PCMD;
      |                                                    ^~~~~~~~~
kernel/arch/x86_64/ahci.c:178:71: warning: unsigned conversion from ‘int’ to ‘uint32_t’ {或称 ‘unsigned int’} changes value from ‘-2’ to ‘4294967294’ [-Wsign-conversion]
  178 |                                     ahci_w32(ctrl->base, cmd_off, cmd & ~CMD_ST);
      |                                                                       ^
kernel/arch/x86_64/ahci.c:182:71: warning: unsigned conversion from ‘int’ to ‘uint32_t’ {或称 ‘unsigned int’} changes value from ‘-17’ to ‘4294967279’ [-Wsign-conversion]
  182 |                                     ahci_w32(ctrl->base, cmd_off, cmd & ~CMD_FRE);
      |                                                                       ^
kernel/arch/x86_64/ahci.c:191:81: warning: ‘uint32_t’ {或称 ‘unsigned int’}转换自‘int’时可能会改变结果的符号 [-Wsign-conversion]
  191 |                                 ahci_w32(ctrl->base, AHCI_POFF + p * AHCI_PSIZE + 0x00, (uint32_t)phys);
      |                                                                                 ^
kernel/arch/x86_64/ahci.c:192:81: warning: ‘uint32_t’ {或称 ‘unsigned int’}转换自‘int’时可能会改变结果的符号 [-Wsign-conversion]
  192 |                                 ahci_w32(ctrl->base, AHCI_POFF + p * AHCI_PSIZE + 0x04, (uint32_t)(phys >> 32));
      |                                                                                 ^
kernel/arch/x86_64/ahci.c:193:81: warning: ‘uint32_t’ {或称 ‘unsigned int’}转换自‘int’时可能会改变结果的符号 [-Wsign-conversion]
  193 |                                 ahci_w32(ctrl->base, AHCI_POFF + p * AHCI_PSIZE + 0x08, (uint32_t)(phys + 0x400));
      |                                                                                 ^
kernel/arch/x86_64/ahci.c:194:81: warning: ‘uint32_t’ {或称 ‘unsigned int’}转换自‘int’时可能会改变结果的符号 [-Wsign-conversion]
  194 |                                 ahci_w32(ctrl->base, AHCI_POFF + p * AHCI_PSIZE + 0x0C, 0);
      |                                                                                 ^
kernel/arch/x86_64/ahci.c:195:81: warning: ‘uint32_t’ {或称 ‘unsigned int’}转换自‘int’时可能会改变结果的符号 [-Wsign-conversion]
  195 |                                 ahci_w32(ctrl->base, AHCI_POFF + p * AHCI_PSIZE + AHCI_PIS, 0xFFFFFFFF);
      |                                                                                 ^
kernel/arch/x86_64/ahci.c:198:99: warning: ‘uint32_t’ {或称 ‘unsigned int’}转换自‘int’时可能会改变结果的符号 [-Wsign-conversion]
  198 |                                 ctrl->ports[p] = (ahci_port_t*)(uintptr_t)(ctrl->base + AHCI_POFF + p * AHCI_PSIZE);
      |                                                                                                   ^
<1> Building kernel/arch/x86_64/acpi_pm.c
kernel/arch/x86_64/acpi_pm.c: 在函数‘acpi_pm_write_sleep’中:
kernel/arch/x86_64/acpi_pm.c:137:16: warning: conversion from ‘unsigned int’ to ‘uint16_t’ {或称 ‘short unsigned int’} changes the value of ‘4294965488’ [-Wconversion]
  137 |         cnt &= ~(0x070FU);
      |                ^
kernel/arch/x86_64/acpi_pm.c:145:19: warning: conversion from ‘uint32_t’ {或称 ‘unsigned int’} to ‘uint16_t’ {或称 ‘short unsigned int’} may change value [-Wconversion]
  145 |         cnt = inw(pm1_cnt_port);
      |                   ^~~~~~~~~~~~
kernel/arch/x86_64/acpi_pm.c:146:16: warning: conversion from ‘unsigned int’ to ‘uint16_t’ {或称 ‘short unsigned int’} changes the value of ‘4294965488’ [-Wconversion]
  146 |         cnt &= ~(0x070FU);
      |                ^
kernel/arch/x86_64/acpi_pm.c:150:14: warning: conversion from ‘uint32_t’ {或称 ‘unsigned int’} to ‘uint16_t’ {或称 ‘short unsigned int’} may change value [-Wconversion]
  150 |         outw(pm1_cnt_port, cnt);
      |              ^~~~~~~~~~~~
kernel/arch/x86_64/acpi_pm.c: 在函数‘acpi_pm_init’中:
kernel/arch/x86_64/acpi_pm.c:187:35: warning: conversion from ‘uint32_t’ {或称 ‘unsigned int’} to ‘uint16_t’ {或称 ‘short unsigned int’} may change value [-Wconversion]
  187 |         uint16_t cnt = inw(pm_fadt->pm1a_cnt_blk);
      |                            ~~~~~~~^~~~~~~~~~~~~~
kernel/arch/x86_64/acpi_pm.c:190:25: warning: conversion from ‘uint32_t’ {或称 ‘unsigned int’} to ‘uint16_t’ {或称 ‘short unsigned int’} may change value [-Wconversion]
  190 |             outw(pm_fadt->pm1a_cnt_blk, cnt);
      |                  ~~~~~~~^~~~~~~~~~~~~~
kernel/arch/x86_64/acpi_pm.c: 在函数‘acpi_pm_suspend’中:
kernel/arch/x86_64/acpi_pm.c:215:35: warning: conversion from ‘uint32_t’ {或称 ‘unsigned int’} to ‘uint16_t’ {或称 ‘short unsigned int’} may change value [-Wconversion]
  215 |         pm_saved_cnt = inw(pm_fadt->pm1a_cnt_blk);
      |                            ~~~~~~~^~~~~~~~~~~~~~
kernel/arch/x86_64/acpi_pm.c: 在函数‘acpi_pm_get_timer’中:
kernel/arch/x86_64/acpi_pm.c:328:32: warning: conversion from ‘uint32_t’ {或称 ‘unsigned int’} to ‘uint16_t’ {或称 ‘short unsigned int’} may change value [-Wconversion]
  328 |         timer_val = inl(pm_fadt->pm_tmr_blk) & ACPI_PM_TIMER_MAX;
      |                         ~~~~~~~^~~~~~~~~~~~
kernel/arch/x86_64/acpi_pm.c: 在文件作用域：
kernel/arch/x86_64/acpi_pm.c:154:17: warning: ‘acpi_pm_get_slp_typ’ 在此处定义 [-Wunused-function]
  154 | static uint16_t acpi_pm_get_slp_typ(uint8_t* fadt_raw, uint32_t offset)
      |                 ^~~~~~~~~~~~~~~~~~~
<2> Building kernel/arch/x86_64/acpi_madt.c
kernel/arch/x86_64/acpi_madt.c: 在函数‘__find_acpi_table’中:
kernel/arch/x86_64/acpi_madt.c:52:23: warning: conversion from ‘long long unsigned int’ to ‘uint32_t’ {或称 ‘unsigned int’} may change value [-Wconversion]
   52 |         entry_count = (rsdt_len - sizeof(acpi_rsdt_t)) / 8;
      |                       ^
kernel/arch/x86_64/acpi_madt.c:54:23: warning: conversion from ‘long long unsigned int’ to ‘uint32_t’ {或称 ‘unsigned int’} may change value [-Wconversion]
   54 |         entry_count = (rsdt_len - sizeof(acpi_rsdt_t)) / 4;
      |                       ^
kernel/arch/x86_64/acpi_madt.c: 在函数‘acpi_madt_parse’中:
kernel/arch/x86_64/acpi_madt.c:102:59: warning: ISO C 不允许大小为 0 的数组 [-Wpedantic]
  102 |     uint32_t offset = sizeof(acpi_madt_t) - sizeof(uint8_t[0]);
      |                                                           ^
kernel/arch/x86_64/acpi_madt.c: 在函数‘acpi_find_rsdp’中:
kernel/arch/x86_64/acpi_madt.c:30:37: warning: array subscript 0 is outside array bounds of ‘uint16_t[0]’ {或称 ‘short unsigned int[]’} [-Warray-bounds=]
   30 |     uint64_t ebda_base = (uint64_t)(*ebda_seg) << 4;
      |                                    ~^~~~~~~~~~
cc1: note: source object is likely at address zero
<1> Building kernel/arch/x86_64/acpi.c
kernel/arch/x86_64/acpi.c:21:17: warning: ‘scan_for_rsdp’ 在此处定义 [-Wunused-function]
   21 | static uint8_t* scan_for_rsdp(uint32_t start, uint32_t end)
      |                 ^~~~~~~~~~~~~
<1> Building kernel/arch/x86_64/ac97.c
-- Enter folder kernel/api --
<0> Building kernel/api/kapi_wireless.c
<2> Building kernel/api/kapi_window.c
kernel/arch/x86_64/ac97.c: 在函数‘ac97_init’中:
kernel/arch/x86_64/ac97.c:54:59: warning: conversion from ‘int’ to ‘uint8_t’ {或称 ‘unsigned char’} may change value [-Wconversion]
   54 |                 uint32_t class_code_reg = pci_read_config(b, d, f, 0x08);
      |                                                           ^
kernel/arch/x86_64/ac97.c:54:62: warning: conversion from ‘int’ to ‘uint8_t’ {或称 ‘unsigned char’} may change value [-Wconversion]
   54 |                 uint32_t class_code_reg = pci_read_config(b, d, f, 0x08);
      |                                                              ^
kernel/arch/x86_64/ac97.c:54:65: warning: conversion from ‘int’ to ‘uint8_t’ {或称 ‘unsigned char’} may change value [-Wconversion]
   54 |                 uint32_t class_code_reg = pci_read_config(b, d, f, 0x08);
      |                                                                 ^
kernel/arch/x86_64/ac97.c:58:38: warning: conversion from ‘uint32_t’ {或称 ‘unsigned int’} to ‘uint8_t’ {或称 ‘unsigned char’} may change value [-Wconversion]
   58 |                 uint8_t class_code = (class_code_reg >> 24) & 0xFF;
      |                                      ^
kernel/arch/x86_64/ac97.c:67:37: warning: conversion from ‘int’ to ‘uint8_t’ {或称 ‘unsigned char’} may change value [-Wconversion]
   67 |                         ctrl->bus = b;
      |                                     ^
kernel/arch/x86_64/ac97.c:68:40: warning: conversion from ‘int’ to ‘uint8_t’ {或称 ‘unsigned char’} may change value [-Wconversion]
   68 |                         ctrl->device = d;
      |                                        ^
kernel/arch/x86_64/ac97.c:69:42: warning: conversion from ‘int’ to ‘uint8_t’ {或称 ‘unsigned char’} may change value [-Wconversion]
   69 |                         ctrl->function = f;
      |                                          ^
kernel/arch/x86_64/ac97.c:70:62: warning: conversion from ‘int’ to ‘uint8_t’ {或称 ‘unsigned char’} may change value [-Wconversion]
   70 |                         ctrl->base_address = pci_read_config(b, d, f, 0x10) & 0xFFFFFFF0;
      |                                                              ^
kernel/arch/x86_64/ac97.c:70:65: warning: conversion from ‘int’ to ‘uint8_t’ {或称 ‘unsigned char’} may change value [-Wconversion]
   70 |                         ctrl->base_address = pci_read_config(b, d, f, 0x10) & 0xFFFFFFF0;
      |                                                                 ^
kernel/arch/x86_64/ac97.c:70:68: warning: conversion from ‘int’ to ‘uint8_t’ {或称 ‘unsigned char’} may change value [-Wconversion]
   70 |                         ctrl->base_address = pci_read_config(b, d, f, 0x10) & 0xFFFFFFF0;
      |                                                                    ^
kernel/arch/x86_64/ac97.c:71:58: warning: conversion from ‘int’ to ‘uint8_t’ {或称 ‘unsigned char’} may change value [-Wconversion]
   71 |                         ctrl->dma_base = pci_read_config(b, d, f, 0x14) & 0xFFFFFFF0;
      |                                                          ^
kernel/arch/x86_64/ac97.c:71:61: warning: conversion from ‘int’ to ‘uint8_t’ {或称 ‘unsigned char’} may change value [-Wconversion]
   71 |                         ctrl->dma_base = pci_read_config(b, d, f, 0x14) & 0xFFFFFFF0;
      |                                                             ^
kernel/arch/x86_64/ac97.c:71:64: warning: conversion from ‘int’ to ‘uint8_t’ {或称 ‘unsigned char’} may change value [-Wconversion]
   71 |                         ctrl->dma_base = pci_read_config(b, d, f, 0x14) & 0xFFFFFFF0;
      |                                                                ^
kernel/arch/x86_64/ac97.c:72:59: warning: conversion from ‘int’ to ‘uint8_t’ {或称 ‘unsigned char’} may change value [-Wconversion]
   72 |                         ctrl->vendor_id = pci_read_config(b, d, f, 0x00) & 0xFFFF;
      |                                                           ^
kernel/arch/x86_64/ac97.c:72:62: warning: conversion from ‘int’ to ‘uint8_t’ {或称 ‘unsigned char’} may change value [-Wconversion]
   72 |                         ctrl->vendor_id = pci_read_config(b, d, f, 0x00) & 0xFFFF;
      |                                                              ^
kernel/arch/x86_64/ac97.c:72:65: warning: conversion from ‘int’ to ‘uint8_t’ {或称 ‘unsigned char’} may change value [-Wconversion]
   72 |                         ctrl->vendor_id = pci_read_config(b, d, f, 0x00) & 0xFFFF;
      |                                                                 ^
kernel/arch/x86_64/ac97.c:73:60: warning: conversion from ‘int’ to ‘uint8_t’ {或称 ‘unsigned char’} may change value [-Wconversion]
   73 |                         ctrl->device_id = (pci_read_config(b, d, f, 0x00) >> 16) & 0xFFFF;
      |                                                            ^
kernel/arch/x86_64/ac97.c:73:63: warning: conversion from ‘int’ to ‘uint8_t’ {或称 ‘unsigned char’} may change value [-Wconversion]
   73 |                         ctrl->device_id = (pci_read_config(b, d, f, 0x00) >> 16) & 0xFFFF;
      |                                                               ^
kernel/arch/x86_64/ac97.c:73:66: warning: conversion from ‘int’ to ‘uint8_t’ {或称 ‘unsigned char’} may change value [-Wconversion]
   73 |                         ctrl->device_id = (pci_read_config(b, d, f, 0x00) >> 16) & 0xFFFF;
      |                                                                  ^
kernel/arch/x86_64/ac97.c:74:59: warning: conversion from ‘int’ to ‘uint8_t’ {或称 ‘unsigned char’} may change value [-Wconversion]
   74 |                         ctrl->interrupt = pci_read_config(b, d, f, 0x3C) & 0xFF;
      |                                                           ^
kernel/arch/x86_64/ac97.c:74:62: warning: conversion from ‘int’ to ‘uint8_t’ {或称 ‘unsigned char’} may change value [-Wconversion]
   74 |                         ctrl->interrupt = pci_read_config(b, d, f, 0x3C) & 0xFF;
      |                                                              ^
kernel/arch/x86_64/ac97.c:74:65: warning: conversion from ‘int’ to ‘uint8_t’ {或称 ‘unsigned char’} may change value [-Wconversion]
   74 |                         ctrl->interrupt = pci_read_config(b, d, f, 0x3C) & 0xFF;
      |                                                                 ^
kernel/arch/x86_64/ac97.c:50:26: warning: 未使用的变量‘function’ [-Wunused-variable]
   50 |     uint8_t bus, device, function;
      |                          ^~~~~~~~
kernel/arch/x86_64/ac97.c:50:18: warning: 未使用的变量‘device’ [-Wunused-variable]
   50 |     uint8_t bus, device, function;
      |                  ^~~~~~
kernel/arch/x86_64/ac97.c:50:13: warning: 未使用的变量‘bus’ [-Wunused-variable]
   50 |     uint8_t bus, device, function;
      |             ^~~
kernel/arch/x86_64/ac97.c:80:41: warning: ‘vendor1’ may be used uninitialized [-Wmaybe-uninitialized]
   80 |                         ctrl->vendor_id = vendor1;
      |                         ~~~~~~~~~~~~~~~~^~~~~~~~~
kernel/arch/x86_64/ac97.c:77:34: note: ‘vendor1’在此声明
   77 |                         uint16_t vendor1, vendor2;
      |                                  ^~~~~~~
kernel/arch/x86_64/ac97.c:81:41: warning: ‘vendor2’ may be used uninitialized [-Wmaybe-uninitialized]
   81 |                         ctrl->device_id = vendor2;
      |                         ~~~~~~~~~~~~~~~~^~~~~~~~~
kernel/arch/x86_64/ac97.c:77:43: note: ‘vendor2’在此声明
   77 |                         uint16_t vendor1, vendor2;
      |                                           ^~~~~~~
<0> Building kernel/api/kapi_wait.c
<2> Building kernel/api/kapi_vpn.c
<1> Building kernel/api/kapi_vfs.c
<0> Building kernel/api/kapi_timerfd.c
<0> Building kernel/api/kapi_time.c
<2> Building kernel/api/kapi_syscall.c
In file included from kernel/api/kapi_syscall.c:3:
include/kapi_syscall.h: 在函数‘sys_read’中:
include/kapi_syscall.h:494:38: warning: 将一个指针转换为大小不同的整数 [-Wpointer-to-int-cast]
  494 | { return kapi_syscall3(SYS_read, fd, (long)buf, count); }
      |                                      ^
include/kapi_syscall.h:494:49: warning: ‘long int’转换自‘size_t’ {或称 ‘long unsigned int’}时可能会改变结果的符号 [-Wsign-conversion]
  494 | { return kapi_syscall3(SYS_read, fd, (long)buf, count); }
      |                                                 ^~~~~
include/kapi_syscall.h: 在函数‘sys_write’中:
include/kapi_syscall.h:497:39: warning: 将一个指针转换为大小不同的整数 [-Wpointer-to-int-cast]
  497 | { return kapi_syscall3(SYS_write, fd, (long)buf, count); }
      |                                       ^
include/kapi_syscall.h:497:50: warning: ‘long int’转换自‘size_t’ {或称 ‘long unsigned int’}时可能会改变结果的符号 [-Wsign-conversion]
  497 | { return kapi_syscall3(SYS_write, fd, (long)buf, count); }
      |                                                  ^~~~~
include/kapi_syscall.h: 在函数‘sys_open’中:
include/kapi_syscall.h:500:34: warning: 将一个指针转换为大小不同的整数 [-Wpointer-to-int-cast]
  500 | { return kapi_syscall3(SYS_open, (long)pathname, flags, mode); }
      |                                  ^
include/kapi_syscall.h: 在函数‘sys_mmap’中:
include/kapi_syscall.h:509:34: warning: 将一个指针转换为大小不同的整数 [-Wpointer-to-int-cast]
  509 | { return kapi_syscall6(SYS_mmap, (long)addr, length, prot, flags, fd, offset); }
      |                                  ^
include/kapi_syscall.h:509:46: warning: ‘long int’转换自‘size_t’ {或称 ‘long unsigned int’}时可能会改变结果的符号 [-Wsign-conversion]
  509 | { return kapi_syscall6(SYS_mmap, (long)addr, length, prot, flags, fd, offset); }
      |                                              ^~~~~~
include/kapi_syscall.h: 在函数‘sys_munmap’中:
include/kapi_syscall.h:512:36: warning: 将一个指针转换为大小不同的整数 [-Wpointer-to-int-cast]
  512 | { return kapi_syscall2(SYS_munmap, (long)addr, length); }
      |                                    ^
include/kapi_syscall.h:512:48: warning: ‘long int’转换自‘size_t’ {或称 ‘long unsigned int’}时可能会改变结果的符号 [-Wsign-conversion]
  512 | { return kapi_syscall2(SYS_munmap, (long)addr, length); }
      |                                                ^~~~~~
include/kapi_syscall.h: 在函数‘sys_mprotect’中:
include/kapi_syscall.h:515:38: warning: 将一个指针转换为大小不同的整数 [-Wpointer-to-int-cast]
  515 | { return kapi_syscall3(SYS_mprotect, (long)addr, len, prot); }
      |                                      ^
include/kapi_syscall.h:515:50: warning: ‘long int’转换自‘size_t’ {或称 ‘long unsigned int’}时可能会改变结果的符号 [-Wsign-conversion]
  515 | { return kapi_syscall3(SYS_mprotect, (long)addr, len, prot); }
      |                                                  ^~~
include/kapi_syscall.h: 在函数‘sys_brk’中:
include/kapi_syscall.h:518:33: warning: 将一个指针转换为大小不同的整数 [-Wpointer-to-int-cast]
  518 | { return kapi_syscall1(SYS_brk, (long)addr); }
      |                                 ^
include/kapi_syscall.h: 在函数‘sys_clone’中:
include/kapi_syscall.h:527:42: warning: 将一个指针转换为大小不同的整数 [-Wpointer-to-int-cast]
  527 | { return kapi_syscall5(SYS_clone, flags, (long)stack, (long)ptid, (long)ctid, tls); }
      |                                          ^
include/kapi_syscall.h:527:55: warning: 将一个指针转换为大小不同的整数 [-Wpointer-to-int-cast]
  527 | { return kapi_syscall5(SYS_clone, flags, (long)stack, (long)ptid, (long)ctid, tls); }
      |                                                       ^
include/kapi_syscall.h:527:67: warning: 将一个指针转换为大小不同的整数 [-Wpointer-to-int-cast]
  527 | { return kapi_syscall5(SYS_clone, flags, (long)stack, (long)ptid, (long)ctid, tls); }
      |                                                                   ^
include/kapi_syscall.h:527:35: warning: ‘long int’转换自‘long unsigned int’时可能会改变结果的符号 [-Wsign-conversion]
  527 | { return kapi_syscall5(SYS_clone, flags, (long)stack, (long)ptid, (long)ctid, tls); }
      |                                   ^~~~~
include/kapi_syscall.h:527:79: warning: ‘long int’转换自‘long unsigned int’时可能会改变结果的符号 [-Wsign-conversion]
  527 | { return kapi_syscall5(SYS_clone, flags, (long)stack, (long)ptid, (long)ctid, tls); }
      |                                                                               ^~~
include/kapi_syscall.h: 在函数‘sys_execve’中:
include/kapi_syscall.h:530:36: warning: 将一个指针转换为大小不同的整数 [-Wpointer-to-int-cast]
  530 | { return kapi_syscall3(SYS_execve, (long)filename, (long)argv, (long)envp); }
      |                                    ^
include/kapi_syscall.h:530:52: warning: 将一个指针转换为大小不同的整数 [-Wpointer-to-int-cast]
  530 | { return kapi_syscall3(SYS_execve, (long)filename, (long)argv, (long)envp); }
      |                                                    ^
include/kapi_syscall.h:530:64: warning: 将一个指针转换为大小不同的整数 [-Wpointer-to-int-cast]
  530 | { return kapi_syscall3(SYS_execve, (long)filename, (long)argv, (long)envp); }
      |                                                                ^
include/kapi_syscall.h: 在函数‘sys_wait4’中:
include/kapi_syscall.h:539:40: warning: 将一个指针转换为大小不同的整数 [-Wpointer-to-int-cast]
  539 | { return kapi_syscall4(SYS_wait4, pid, (long)wstatus, options, (long)rusage); }
      |                                        ^
include/kapi_syscall.h:539:64: warning: 将一个指针转换为大小不同的整数 [-Wpointer-to-int-cast]
  539 | { return kapi_syscall4(SYS_wait4, pid, (long)wstatus, options, (long)rusage); }
      |                                                                ^
include/kapi_syscall.h: 在函数‘sys_stat’中:
include/kapi_syscall.h:554:34: warning: 将一个指针转换为大小不同的整数 [-Wpointer-to-int-cast]
  554 | { return kapi_syscall2(SYS_stat, (long)pathname, (long)statbuf); }
      |                                  ^
include/kapi_syscall.h:554:50: warning: 将一个指针转换为大小不同的整数 [-Wpointer-to-int-cast]
  554 | { return kapi_syscall2(SYS_stat, (long)pathname, (long)statbuf); }
      |                                                  ^
include/kapi_syscall.h: 在函数‘sys_fstat’中:
include/kapi_syscall.h:557:39: warning: 将一个指针转换为大小不同的整数 [-Wpointer-to-int-cast]
  557 | { return kapi_syscall2(SYS_fstat, fd, (long)statbuf); }
      |                                       ^
include/kapi_syscall.h: 在函数‘sys_lstat’中:
include/kapi_syscall.h:560:35: warning: 将一个指针转换为大小不同的整数 [-Wpointer-to-int-cast]
  560 | { return kapi_syscall2(SYS_lstat, (long)pathname, (long)statbuf); }
      |                                   ^
include/kapi_syscall.h:560:51: warning: 将一个指针转换为大小不同的整数 [-Wpointer-to-int-cast]
  560 | { return kapi_syscall2(SYS_lstat, (long)pathname, (long)statbuf); }
      |                                                   ^
include/kapi_syscall.h: 在函数‘sys_access’中:
include/kapi_syscall.h:563:36: warning: 将一个指针转换为大小不同的整数 [-Wpointer-to-int-cast]
  563 | { return kapi_syscall2(SYS_access, (long)pathname, mode); }
      |                                    ^
include/kapi_syscall.h: 在函数‘sys_chdir’中:
include/kapi_syscall.h:566:35: warning: 将一个指针转换为大小不同的整数 [-Wpointer-to-int-cast]
  566 | { return kapi_syscall1(SYS_chdir, (long)path); }
      |                                   ^
include/kapi_syscall.h: 在函数‘sys_getcwd’中:
include/kapi_syscall.h:569:36: warning: 将一个指针转换为大小不同的整数 [-Wpointer-to-int-cast]
  569 | { return kapi_syscall2(SYS_getcwd, (long)buf, size); }
      |                                    ^
include/kapi_syscall.h:569:47: warning: ‘long int’转换自‘size_t’ {或称 ‘long unsigned int’}时可能会改变结果的符号 [-Wsign-conversion]
  569 | { return kapi_syscall2(SYS_getcwd, (long)buf, size); }
      |                                               ^~~~
include/kapi_syscall.h: 在函数‘sys_mkdir’中:
include/kapi_syscall.h:572:35: warning: 将一个指针转换为大小不同的整数 [-Wpointer-to-int-cast]
  572 | { return kapi_syscall2(SYS_mkdir, (long)pathname, mode); }
      |                                   ^
include/kapi_syscall.h: 在函数‘sys_rmdir’中:
include/kapi_syscall.h:575:35: warning: 将一个指针转换为大小不同的整数 [-Wpointer-to-int-cast]
  575 | { return kapi_syscall1(SYS_rmdir, (long)pathname); }
      |                                   ^
include/kapi_syscall.h: 在函数‘sys_unlink’中:
include/kapi_syscall.h:578:36: warning: 将一个指针转换为大小不同的整数 [-Wpointer-to-int-cast]
  578 | { return kapi_syscall1(SYS_unlink, (long)pathname); }
      |                                    ^
include/kapi_syscall.h: 在函数‘sys_rename’中:
include/kapi_syscall.h:581:36: warning: 将一个指针转换为大小不同的整数 [-Wpointer-to-int-cast]
  581 | { return kapi_syscall2(SYS_rename, (long)oldpath, (long)newpath); }
      |                                    ^
include/kapi_syscall.h:581:51: warning: 将一个指针转换为大小不同的整数 [-Wpointer-to-int-cast]
  581 | { return kapi_syscall2(SYS_rename, (long)oldpath, (long)newpath); }
      |                                                   ^
include/kapi_syscall.h: 在函数‘sys_creat’中:
include/kapi_syscall.h:584:35: warning: 将一个指针转换为大小不同的整数 [-Wpointer-to-int-cast]
  584 | { return kapi_syscall2(SYS_creat, (long)pathname, mode); }
      |                                   ^
include/kapi_syscall.h: 在函数‘sys_link’中:
include/kapi_syscall.h:587:34: warning: 将一个指针转换为大小不同的整数 [-Wpointer-to-int-cast]
  587 | { return kapi_syscall2(SYS_link, (long)oldpath, (long)newpath); }
      |                                  ^
include/kapi_syscall.h:587:49: warning: 将一个指针转换为大小不同的整数 [-Wpointer-to-int-cast]
  587 | { return kapi_syscall2(SYS_link, (long)oldpath, (long)newpath); }
      |                                                 ^
include/kapi_syscall.h: 在函数‘sys_symlink’中:
include/kapi_syscall.h:590:37: warning: 将一个指针转换为大小不同的整数 [-Wpointer-to-int-cast]
  590 | { return kapi_syscall2(SYS_symlink, (long)target, (long)linkpath); }
      |                                     ^
include/kapi_syscall.h:590:51: warning: 将一个指针转换为大小不同的整数 [-Wpointer-to-int-cast]
  590 | { return kapi_syscall2(SYS_symlink, (long)target, (long)linkpath); }
      |                                                   ^
include/kapi_syscall.h: 在函数‘sys_readlink’中:
include/kapi_syscall.h:593:38: warning: 将一个指针转换为大小不同的整数 [-Wpointer-to-int-cast]
  593 | { return kapi_syscall3(SYS_readlink, (long)pathname, (long)buf, bufsiz); }
      |                                      ^
include/kapi_syscall.h:593:54: warning: 将一个指针转换为大小不同的整数 [-Wpointer-to-int-cast]
  593 | { return kapi_syscall3(SYS_readlink, (long)pathname, (long)buf, bufsiz); }
      |                                                      ^
include/kapi_syscall.h:593:65: warning: ‘long int’转换自‘size_t’ {或称 ‘long unsigned int’}时可能会改变结果的符号 [-Wsign-conversion]
  593 | { return kapi_syscall3(SYS_readlink, (long)pathname, (long)buf, bufsiz); }
      |                                                                 ^~~~~~
include/kapi_syscall.h: 在函数‘sys_chmod’中:
include/kapi_syscall.h:596:35: warning: 将一个指针转换为大小不同的整数 [-Wpointer-to-int-cast]
  596 | { return kapi_syscall2(SYS_chmod, (long)pathname, mode); }
      |                                   ^
include/kapi_syscall.h: 在函数‘sys_chown’中:
include/kapi_syscall.h:599:35: warning: 将一个指针转换为大小不同的整数 [-Wpointer-to-int-cast]
  599 | { return kapi_syscall3(SYS_chown, (long)pathname, owner, group); }
      |                                   ^
include/kapi_syscall.h: 在函数‘sys_truncate’中:
include/kapi_syscall.h:602:38: warning: 将一个指针转换为大小不同的整数 [-Wpointer-to-int-cast]
  602 | { return kapi_syscall2(SYS_truncate, (long)path, length); }
      |                                      ^
include/kapi_syscall.h: 在函数‘sys_pipe’中:
include/kapi_syscall.h:626:34: warning: 将一个指针转换为大小不同的整数 [-Wpointer-to-int-cast]
  626 | { return kapi_syscall1(SYS_pipe, (long)pipefd); }
      |                                  ^
include/kapi_syscall.h: 在函数‘sys_pipe2’中:
include/kapi_syscall.h:629:35: warning: 将一个指针转换为大小不同的整数 [-Wpointer-to-int-cast]
  629 | { return kapi_syscall2(SYS_pipe2, (long)pipefd, flags); }
      |                                   ^
include/kapi_syscall.h: 在函数‘sys_mount’中:
include/kapi_syscall.h:634:35: warning: 将一个指针转换为大小不同的整数 [-Wpointer-to-int-cast]
  634 | { return kapi_syscall5(SYS_mount, (long)source, (long)target, (long)filesystemtype, mountflags, (long)data); }
      |                                   ^
include/kapi_syscall.h:634:49: warning: 将一个指针转换为大小不同的整数 [-Wpointer-to-int-cast]
  634 | { return kapi_syscall5(SYS_mount, (long)source, (long)target, (long)filesystemtype, mountflags, (long)data); }
      |                                                 ^
include/kapi_syscall.h:634:63: warning: 将一个指针转换为大小不同的整数 [-Wpointer-to-int-cast]
  634 | { return kapi_syscall5(SYS_mount, (long)source, (long)target, (long)filesystemtype, mountflags, (long)data); }
      |                                                               ^
include/kapi_syscall.h:634:97: warning: 将一个指针转换为大小不同的整数 [-Wpointer-to-int-cast]
  634 | { return kapi_syscall5(SYS_mount, (long)source, (long)target, (long)filesystemtype, mountflags, (long)data); }
      |                                                                                                 ^
include/kapi_syscall.h:634:85: warning: ‘long int’转换自‘long unsigned int’时可能会改变结果的符号 [-Wsign-conversion]
  634 | { return kapi_syscall5(SYS_mount, (long)source, (long)target, (long)filesystemtype, mountflags, (long)data); }
      |                                                                                     ^~~~~~~~~~
include/kapi_syscall.h: 在函数‘sys_umount2’中:
include/kapi_syscall.h:637:37: warning: 将一个指针转换为大小不同的整数 [-Wpointer-to-int-cast]
  637 | { return kapi_syscall2(SYS_umount2, (long)target, flags); }
      |                                     ^
include/kapi_syscall.h: 在函数‘sys_swapon’中:
include/kapi_syscall.h:640:36: warning: 将一个指针转换为大小不同的整数 [-Wpointer-to-int-cast]
  640 | { return kapi_syscall2(SYS_swapon, (long)path, swapflags); }
      |                                    ^
include/kapi_syscall.h: 在函数‘sys_swapoff’中:
include/kapi_syscall.h:643:37: warning: 将一个指针转换为大小不同的整数 [-Wpointer-to-int-cast]
  643 | { return kapi_syscall1(SYS_swapoff, (long)path); }
      |                                     ^
include/kapi_syscall.h: 在函数‘sys_nanosleep’中:
include/kapi_syscall.h:646:39: warning: 将一个指针转换为大小不同的整数 [-Wpointer-to-int-cast]
  646 | { return kapi_syscall2(SYS_nanosleep, (long)req, (long)rem); }
      |                                       ^
include/kapi_syscall.h:646:50: warning: 将一个指针转换为大小不同的整数 [-Wpointer-to-int-cast]
  646 | { return kapi_syscall2(SYS_nanosleep, (long)req, (long)rem); }
      |                                                  ^
include/kapi_syscall.h: 在函数‘sys_gettimeofday’中:
include/kapi_syscall.h:649:42: warning: 将一个指针转换为大小不同的整数 [-Wpointer-to-int-cast]
  649 | { return kapi_syscall2(SYS_gettimeofday, (long)tv, (long)tz); }
      |                                          ^
include/kapi_syscall.h:649:52: warning: 将一个指针转换为大小不同的整数 [-Wpointer-to-int-cast]
  649 | { return kapi_syscall2(SYS_gettimeofday, (long)tv, (long)tz); }
      |                                                    ^
include/kapi_syscall.h: 在函数‘sys_settimeofday’中:
include/kapi_syscall.h:652:42: warning: 将一个指针转换为大小不同的整数 [-Wpointer-to-int-cast]
  652 | { return kapi_syscall2(SYS_settimeofday, (long)tv, (long)tz); }
      |                                          ^
include/kapi_syscall.h:652:52: warning: 将一个指针转换为大小不同的整数 [-Wpointer-to-int-cast]
  652 | { return kapi_syscall2(SYS_settimeofday, (long)tv, (long)tz); }
      |                                                    ^
include/kapi_syscall.h: 在函数‘sys_time’中:
include/kapi_syscall.h:655:34: warning: 将一个指针转换为大小不同的整数 [-Wpointer-to-int-cast]
  655 | { return kapi_syscall1(SYS_time, (long)tloc); }
      |                                  ^
include/kapi_syscall.h: 在函数‘sys_clock_gettime’中:
include/kapi_syscall.h:658:51: warning: 将一个指针转换为大小不同的整数 [-Wpointer-to-int-cast]
  658 | { return kapi_syscall2(SYS_clock_gettime, clk_id, (long)tp); }
      |                                                   ^
include/kapi_syscall.h: 在函数‘sys_clock_settime’中:
include/kapi_syscall.h:661:51: warning: 将一个指针转换为大小不同的整数 [-Wpointer-to-int-cast]
  661 | { return kapi_syscall2(SYS_clock_settime, clk_id, (long)tp); }
      |                                                   ^
include/kapi_syscall.h: 在函数‘sys_clock_nanosleep’中:
include/kapi_syscall.h:664:60: warning: 将一个指针转换为大小不同的整数 [-Wpointer-to-int-cast]
  664 | { return kapi_syscall4(SYS_clock_nanosleep, clk_id, flags, (long)req, (long)rem); }
      |                                                            ^
include/kapi_syscall.h:664:71: warning: 将一个指针转换为大小不同的整数 [-Wpointer-to-int-cast]
  664 | { return kapi_syscall4(SYS_clock_nanosleep, clk_id, flags, (long)req, (long)rem); }
      |                                                                       ^
include/kapi_syscall.h: 在函数‘sys_rt_sigaction’中:
include/kapi_syscall.h:667:47: warning: 将一个指针转换为大小不同的整数 [-Wpointer-to-int-cast]
  667 | { return kapi_syscall4(SYS_rt_sigaction, sig, (long)act, (long)oact, sigsetsize); }
      |                                               ^
include/kapi_syscall.h:667:58: warning: 将一个指针转换为大小不同的整数 [-Wpointer-to-int-cast]
  667 | { return kapi_syscall4(SYS_rt_sigaction, sig, (long)act, (long)oact, sigsetsize); }
      |                                                          ^
include/kapi_syscall.h:667:70: warning: ‘long int’转换自‘size_t’ {或称 ‘long unsigned int’}时可能会改变结果的符号 [-Wsign-conversion]
  667 | { return kapi_syscall4(SYS_rt_sigaction, sig, (long)act, (long)oact, sigsetsize); }
      |                                                                      ^~~~~~~~~~
include/kapi_syscall.h: 在函数‘sys_rt_sigprocmask’中:
include/kapi_syscall.h:670:49: warning: 将一个指针转换为大小不同的整数 [-Wpointer-to-int-cast]
  670 | { return kapi_syscall4(SYS_rt_sigprocmask, how, (long)set, (long)oldset, sigsetsize); }
      |                                                 ^
include/kapi_syscall.h:670:60: warning: 将一个指针转换为大小不同的整数 [-Wpointer-to-int-cast]
  670 | { return kapi_syscall4(SYS_rt_sigprocmask, how, (long)set, (long)oldset, sigsetsize); }
      |                                                            ^
include/kapi_syscall.h:670:74: warning: ‘long int’转换自‘size_t’ {或称 ‘long unsigned int’}时可能会改变结果的符号 [-Wsign-conversion]
  670 | { return kapi_syscall4(SYS_rt_sigprocmask, how, (long)set, (long)oldset, sigsetsize); }
      |                                                                          ^~~~~~~~~~
include/kapi_syscall.h: 在函数‘sys_ioctl’中:
include/kapi_syscall.h:679:39: warning: ‘long int’转换自‘long unsigned int’时可能会改变结果的符号 [-Wsign-conversion]
  679 | { return kapi_syscall3(SYS_ioctl, fd, request, arg); }
      |                                       ^~~~~~~
include/kapi_syscall.h: 在函数‘sys_pread64’中:
include/kapi_syscall.h:682:41: warning: 将一个指针转换为大小不同的整数 [-Wpointer-to-int-cast]
  682 | { return kapi_syscall4(SYS_pread64, fd, (long)buf, count, offset); }
      |                                         ^
include/kapi_syscall.h:682:52: warning: ‘long int’转换自‘size_t’ {或称 ‘long unsigned int’}时可能会改变结果的符号 [-Wsign-conversion]
  682 | { return kapi_syscall4(SYS_pread64, fd, (long)buf, count, offset); }
      |                                                    ^~~~~
include/kapi_syscall.h: 在函数‘sys_pwrite64’中:
include/kapi_syscall.h:685:42: warning: 将一个指针转换为大小不同的整数 [-Wpointer-to-int-cast]
  685 | { return kapi_syscall4(SYS_pwrite64, fd, (long)buf, count, offset); }
      |                                          ^
include/kapi_syscall.h:685:53: warning: ‘long int’转换自‘size_t’ {或称 ‘long unsigned int’}时可能会改变结果的符号 [-Wsign-conversion]
  685 | { return kapi_syscall4(SYS_pwrite64, fd, (long)buf, count, offset); }
      |                                                     ^~~~~
include/kapi_syscall.h: 在函数‘sys_readv’中:
include/kapi_syscall.h:688:39: warning: 将一个指针转换为大小不同的整数 [-Wpointer-to-int-cast]
  688 | { return kapi_syscall3(SYS_readv, fd, (long)iov, iovcnt); }
      |                                       ^
include/kapi_syscall.h: 在函数‘sys_writev’中:
include/kapi_syscall.h:691:40: warning: 将一个指针转换为大小不同的整数 [-Wpointer-to-int-cast]
  691 | { return kapi_syscall3(SYS_writev, fd, (long)iov, iovcnt); }
      |                                        ^
include/kapi_syscall.h: 在函数‘sys_getdents’中:
include/kapi_syscall.h:694:42: warning: 将一个指针转换为大小不同的整数 [-Wpointer-to-int-cast]
  694 | { return kapi_syscall3(SYS_getdents, fd, (long)dirp, count); }
      |                                          ^
include/kapi_syscall.h:694:54: warning: ‘long int’转换自‘unsigned int’时可能会改变结果的符号 [-Wsign-conversion]
  694 | { return kapi_syscall3(SYS_getdents, fd, (long)dirp, count); }
      |                                                      ^~~~~
include/kapi_syscall.h: 在函数‘sys_getdents64’中:
include/kapi_syscall.h:697:44: warning: 将一个指针转换为大小不同的整数 [-Wpointer-to-int-cast]
  697 | { return kapi_syscall3(SYS_getdents64, fd, (long)dirp, count); }
      |                                            ^
include/kapi_syscall.h:697:56: warning: ‘long int’转换自‘unsigned int’时可能会改变结果的符号 [-Wsign-conversion]
  697 | { return kapi_syscall3(SYS_getdents64, fd, (long)dirp, count); }
      |                                                        ^~~~~
include/kapi_syscall.h: 在函数‘sys_getgroups’中:
include/kapi_syscall.h:718:45: warning: 将一个指针转换为大小不同的整数 [-Wpointer-to-int-cast]
  718 | { return kapi_syscall2(SYS_getgroups, size, (long)list); }
      |                                             ^
include/kapi_syscall.h: 在函数‘sys_setgroups’中:
include/kapi_syscall.h:721:45: warning: 将一个指针转换为大小不同的整数 [-Wpointer-to-int-cast]
  721 | { return kapi_syscall2(SYS_setgroups, size, (long)list); }
      |                                             ^
include/kapi_syscall.h: 在函数‘sys_uname’中:
include/kapi_syscall.h:724:35: warning: 将一个指针转换为大小不同的整数 [-Wpointer-to-int-cast]
  724 | { return kapi_syscall1(SYS_uname, (long)buf); }
      |                                   ^
include/kapi_syscall.h: 在函数‘sys_sysinfo’中:
include/kapi_syscall.h:727:37: warning: 将一个指针转换为大小不同的整数 [-Wpointer-to-int-cast]
  727 | { return kapi_syscall1(SYS_sysinfo, (long)info); }
      |                                     ^
include/kapi_syscall.h: 在函数‘sys_getrlimit’中:
include/kapi_syscall.h:730:49: warning: 将一个指针转换为大小不同的整数 [-Wpointer-to-int-cast]
  730 | { return kapi_syscall2(SYS_getrlimit, resource, (long)rlim); }
      |                                                 ^
include/kapi_syscall.h: 在函数‘sys_setrlimit’中:
include/kapi_syscall.h:733:49: warning: 将一个指针转换为大小不同的整数 [-Wpointer-to-int-cast]
  733 | { return kapi_syscall2(SYS_setrlimit, resource, (long)rlim); }
      |                                                 ^
include/kapi_syscall.h: 在函数‘sys_getrusage’中:
include/kapi_syscall.h:736:44: warning: 将一个指针转换为大小不同的整数 [-Wpointer-to-int-cast]
  736 | { return kapi_syscall2(SYS_getrusage, who, (long)usage); }
      |                                            ^
include/kapi_syscall.h: 在函数‘sys_times’中:
include/kapi_syscall.h:739:35: warning: 将一个指针转换为大小不同的整数 [-Wpointer-to-int-cast]
  739 | { return kapi_syscall1(SYS_times, (long)tbuf); }
      |                                   ^
include/kapi_syscall.h: 在函数‘sys_reboot’中:
include/kapi_syscall.h:754:57: warning: 将一个指针转换为大小不同的整数 [-Wpointer-to-int-cast]
  754 | { return kapi_syscall4(SYS_reboot, magic1, magic2, cmd, (long)arg); }
      |                                                         ^
include/kapi_syscall.h: 在函数‘sys_chroot’中:
include/kapi_syscall.h:757:36: warning: 将一个指针转换为大小不同的整数 [-Wpointer-to-int-cast]
  757 | { return kapi_syscall1(SYS_chroot, (long)path); }
      |                                    ^
include/kapi_syscall.h: 在函数‘sys_sethostname’中:
include/kapi_syscall.h:760:41: warning: 将一个指针转换为大小不同的整数 [-Wpointer-to-int-cast]
  760 | { return kapi_syscall2(SYS_sethostname, (long)name, len); }
      |                                         ^
include/kapi_syscall.h: 在函数‘sys_setdomainname’中:
include/kapi_syscall.h:763:43: warning: 将一个指针转换为大小不同的整数 [-Wpointer-to-int-cast]
  763 | { return kapi_syscall2(SYS_setdomainname, (long)name, len); }
      |                                           ^
include/kapi_syscall.h: 在函数‘sys_init_module’中:
include/kapi_syscall.h:766:41: warning: 将一个指针转换为大小不同的整数 [-Wpointer-to-int-cast]
  766 | { return kapi_syscall3(SYS_init_module, (long)module_image, len, (long)param_values); }
      |                                         ^
include/kapi_syscall.h:766:66: warning: 将一个指针转换为大小不同的整数 [-Wpointer-to-int-cast]
  766 | { return kapi_syscall3(SYS_init_module, (long)module_image, len, (long)param_values); }
      |                                                                  ^
include/kapi_syscall.h:766:61: warning: ‘long int’转换自‘long unsigned int’时可能会改变结果的符号 [-Wsign-conversion]
  766 | { return kapi_syscall3(SYS_init_module, (long)module_image, len, (long)param_values); }
      |                                                             ^~~
include/kapi_syscall.h: 在函数‘sys_delete_module’中:
include/kapi_syscall.h:769:43: warning: 将一个指针转换为大小不同的整数 [-Wpointer-to-int-cast]
  769 | { return kapi_syscall2(SYS_delete_module, (long)name, flags); }
      |                                           ^
include/kapi_syscall.h:769:55: warning: ‘long int’转换自‘unsigned int’时可能会改变结果的符号 [-Wsign-conversion]
  769 | { return kapi_syscall2(SYS_delete_module, (long)name, flags); }
      |                                                       ^~~~~
include/kapi_syscall.h: 在函数‘sys_finit_module’中:
include/kapi_syscall.h:772:46: warning: 将一个指针转换为大小不同的整数 [-Wpointer-to-int-cast]
  772 | { return kapi_syscall3(SYS_finit_module, fd, (long)param_values, flags); }
      |                                              ^
kernel/api/kapi_syscall.c: 在函数‘sys_read_impl’中:
kernel/api/kapi_syscall.c:208:49: warning: 将一个整数转换为大小不同的指针 [-Wint-to-pointer-cast]
  208 |             ret = kapi_read(entry->obj.file_fd, (void*)buf, (size_t)count);
      |                                                 ^
kernel/api/kapi_syscall.c:214:46: warning: 将一个整数转换为大小不同的指针 [-Wint-to-pointer-cast]
  214 |             ret = fifo_read(entry->obj.pipe, (void*)buf, (uint64_t)count);
      |                                              ^
kernel/api/kapi_syscall.c:222:43: warning: conversion from ‘int64_t’ {或称 ‘long long int’} to ‘long int’ may change value [-Wconversion]
  222 |     return ret < 0 ? KENUX_ERR(KENUX_EIO) : ret;
      |            ~~~~~~~~~~~~~~~~~~~~~~~~~~~~~~~^~~~~
kernel/api/kapi_syscall.c: 在函数‘sys_write_impl’中:
kernel/api/kapi_syscall.c:234:21: warning: 将一个整数转换为大小不同的指针 [-Wint-to-pointer-cast]
  234 |         memcpy(tmp, (void*)buf, to_write);
      |                     ^
kernel/api/kapi_syscall.c:249:50: warning: 将一个整数转换为大小不同的指针 [-Wint-to-pointer-cast]
  249 |             ret = kapi_write(entry->obj.file_fd, (void*)buf, (size_t)count);
      |                                                  ^
kernel/api/kapi_syscall.c:255:47: warning: 将一个整数转换为大小不同的指针 [-Wint-to-pointer-cast]
  255 |             ret = fifo_write(entry->obj.pipe, (void*)buf, (uint64_t)count);
      |                                               ^
kernel/api/kapi_syscall.c:263:43: warning: conversion from ‘int64_t’ {或称 ‘long long int’} to ‘long int’ may change value [-Wconversion]
  263 |     return ret < 0 ? KENUX_ERR(KENUX_EIO) : ret;
      |            ~~~~~~~~~~~~~~~~~~~~~~~~~~~~~~~^~~~~
kernel/api/kapi_syscall.c: 在函数‘sys_open_impl’中:
kernel/api/kapi_syscall.c:281:37: warning: 将一个整数转换为大小不同的指针 [-Wint-to-pointer-cast]
  281 |         kapi_dir_t d = kapi_opendir((const char*)pathname);
      |                                     ^
kernel/api/kapi_syscall.c:295:23: warning: 将一个整数转换为大小不同的指针 [-Wint-to-pointer-cast]
  295 |     int f = kapi_open((const char*)pathname, kflags);
      |                       ^
kernel/api/kapi_syscall.c:297:24: warning: 将一个整数转换为大小不同的指针 [-Wint-to-pointer-cast]
  297 |         f = kapi_creat((const char*)pathname, (mode_t)(mode & 07777));
      |                        ^
kernel/api/kapi_syscall.c: 在函数‘sys_stat_impl’中:
kernel/api/kapi_syscall.c:362:25: warning: 将一个整数转换为大小不同的指针 [-Wint-to-pointer-cast]
  362 |     int ret = kapi_stat((const char*)pathname, &kst);
      |                         ^
kernel/api/kapi_syscall.c:365:65: warning: 将一个整数转换为大小不同的指针 [-Wint-to-pointer-cast]
  365 |     struct { uint64_t st_dev, st_ino; uint32_t st_mode; } *st = (void*)statbuf;
      |                                                                 ^
kernel/api/kapi_syscall.c: 在函数‘sys_fstat_impl’中:
kernel/api/kapi_syscall.c:380:12: warning: 将一个整数转换为大小不同的指针 [-Wint-to-pointer-cast]
  380 |     memset((void*)statbuf, 0, 128);
      |            ^
kernel/api/kapi_syscall.c: 在函数‘sys_lseek_impl’中:
kernel/api/kapi_syscall.c:394:45: warning: conversion from ‘int64_t’ {或称 ‘long long int’} to ‘long int’ may change value [-Wconversion]
  394 |     return ret < 0 ? KENUX_ERR(KENUX_EBADF) : ret;
      |            ~~~~~~~~~~~~~~~~~~~~~~~~~~~~~~~~~^~~~~
kernel/api/kapi_syscall.c: 在函数‘sys_rt_sigaction_impl’中:
kernel/api/kapi_syscall.c:471:42: warning: 将一个整数转换为大小不同的指针 [-Wint-to-pointer-cast]
  471 |     int ret = signal_sigaction((int)sig, (const k_sigaction_t*)act, (k_sigaction_t*)oact);
      |                                          ^
kernel/api/kapi_syscall.c:471:69: warning: 将一个整数转换为大小不同的指针 [-Wint-to-pointer-cast]
  471 |     int ret = signal_sigaction((int)sig, (const k_sigaction_t*)act, (k_sigaction_t*)oact);
      |                                                                     ^
kernel/api/kapi_syscall.c: 在函数‘sys_rt_sigprocmask_impl’中:
kernel/api/kapi_syscall.c:482:44: warning: 将一个整数转换为大小不同的指针 [-Wint-to-pointer-cast]
  482 |     int ret = signal_sigprocmask((int)how, (const k_sigset_t*)set, (k_sigset_t*)oset);
      |                                            ^
kernel/api/kapi_syscall.c:482:68: warning: 将一个整数转换为大小不同的指针 [-Wint-to-pointer-cast]
  482 |     int ret = signal_sigprocmask((int)how, (const k_sigset_t*)set, (k_sigset_t*)oset);
      |                                                                    ^
kernel/api/kapi_syscall.c: 在函数‘sys_access_impl’中:
kernel/api/kapi_syscall.c:508:25: warning: 将一个整数转换为大小不同的指针 [-Wint-to-pointer-cast]
  508 |     int ret = kapi_stat((const char*)pathname, &st);
      |                         ^
kernel/api/kapi_syscall.c: 在函数‘sys_pipe_impl’中:
kernel/api/kapi_syscall.c:542:16: warning: 将一个整数转换为大小不同的指针 [-Wint-to-pointer-cast]
  542 |     int* fds = (int*)pipefd;
      |                ^
kernel/api/kapi_syscall.c: 在函数‘sys_nanosleep_impl’中:
kernel/api/kapi_syscall.c:588:49: warning: 将一个整数转换为大小不同的指针 [-Wint-to-pointer-cast]
  588 |     struct { long tv_sec; long tv_nsec; } *ts = (void*)req;
      |                                                 ^
kernel/api/kapi_syscall.c: 在函数‘sys_execve_impl’中:
kernel/api/kapi_syscall.c:722:34: warning: 将一个整数转换为大小不同的指针 [-Wint-to-pointer-cast]
  722 |     int ret = elf_load_from_file((const char*)filename, &info);
      |                                  ^
kernel/api/kapi_syscall.c:727:39: warning: 将一个整数转换为大小不同的指针 [-Wint-to-pointer-cast]
  727 |         const char* dummy_argv[2] = { (const char*)filename, NULL };
      |                                       ^
kernel/api/kapi_syscall.c: 在函数‘sys_wait4_impl’中:
kernel/api/kapi_syscall.c:752:10: warning: 将一个整数转换为大小不同的指针 [-Wint-to-pointer-cast]
  752 |         *(int*)wstatus = status;
      |          ^
kernel/api/kapi_syscall.c: 在函数‘sys_uname_impl’中:
kernel/api/kapi_syscall.c:783:12: warning: 将一个整数转换为大小不同的指针 [-Wint-to-pointer-cast]
  783 |     } *u = (void*)buf;
      |            ^
kernel/api/kapi_syscall.c: 在函数‘sys_getcwd_impl’中:
kernel/api/kapi_syscall.c:825:29: warning: 将一个整数转换为大小不同的指针 [-Wint-to-pointer-cast]
  825 |     char* ret = kapi_getcwd((char*)buf, (size_t)size);
      |                             ^
kernel/api/kapi_syscall.c: 在函数‘sys_chdir_impl’中:
kernel/api/kapi_syscall.c:833:26: warning: 将一个整数转换为大小不同的指针 [-Wint-to-pointer-cast]
  833 |     int ret = kapi_chdir((const char*)path);
      |                          ^
kernel/api/kapi_syscall.c: 在函数‘sys_rename_impl’中:
kernel/api/kapi_syscall.c:841:27: warning: 将一个整数转换为大小不同的指针 [-Wint-to-pointer-cast]
  841 |     int ret = kapi_rename((const char*)oldpath, (const char*)newpath);
      |                           ^
kernel/api/kapi_syscall.c:841:49: warning: 将一个整数转换为大小不同的指针 [-Wint-to-pointer-cast]
  841 |     int ret = kapi_rename((const char*)oldpath, (const char*)newpath);
      |                                                 ^
kernel/api/kapi_syscall.c: 在函数‘sys_mkdir_impl’中:
kernel/api/kapi_syscall.c:849:26: warning: 将一个整数转换为大小不同的指针 [-Wint-to-pointer-cast]
  849 |     int ret = kapi_mkdir((const char*)pathname, (int)mode);
      |                          ^
kernel/api/kapi_syscall.c:849:49: warning: ‘mode_t’ {或称 ‘long long unsigned int’}转换自‘int’时可能会改变结果的符号 [-Wsign-conversion]
  849 |     int ret = kapi_mkdir((const char*)pathname, (int)mode);
      |                                                 ^~~~~~~~~
kernel/api/kapi_syscall.c: 在函数‘sys_rmdir_impl’中:
kernel/api/kapi_syscall.c:857:26: warning: 将一个整数转换为大小不同的指针 [-Wint-to-pointer-cast]
  857 |     int ret = kapi_rmdir((const char*)pathname);
      |                          ^
kernel/api/kapi_syscall.c: 在函数‘sys_unlink_impl’中:
kernel/api/kapi_syscall.c:878:27: warning: 将一个整数转换为大小不同的指针 [-Wint-to-pointer-cast]
  878 |     int ret = kapi_unlink((const char*)pathname);
      |                           ^
kernel/api/kapi_syscall.c: 在函数‘sys_chmod_impl’中:
kernel/api/kapi_syscall.c:901:46: warning: 将一个整数转换为大小不同的指针 [-Wint-to-pointer-cast]
  901 |     vfs_node_t* node = syscall_vfs_find_path((const char*)pathname);
      |                                              ^
kernel/api/kapi_syscall.c: 在函数‘sys_chown_impl’中:
kernel/api/kapi_syscall.c:912:46: warning: 将一个整数转换为大小不同的指针 [-Wint-to-pointer-cast]
  912 |     vfs_node_t* node = syscall_vfs_find_path((const char*)pathname);
      |                                              ^
kernel/api/kapi_syscall.c: 在函数‘sys_gettimeofday_impl’中:
kernel/api/kapi_syscall.c:935:52: warning: 将一个整数转换为大小不同的指针 [-Wint-to-pointer-cast]
  935 |         struct { long tv_sec; long tv_usec; } *t = (void*)tv;
      |                                                    ^
kernel/api/kapi_syscall.c: 在函数‘sys_getrlimit_impl’中:
kernel/api/kapi_syscall.c:948:51: warning: 将一个整数转换为大小不同的指针 [-Wint-to-pointer-cast]
  948 |     struct { long rlim_cur; long rlim_max; } *r = (void*)rlim;
      |                                                   ^
kernel/api/kapi_syscall.c: 在函数‘sys_getrusage_impl’中:
kernel/api/kapi_syscall.c:958:23: warning: 将一个整数转换为大小不同的指针 [-Wint-to-pointer-cast]
  958 |     if (usage) memset((void*)usage, 0, 144);
      |                       ^
kernel/api/kapi_syscall.c: 在函数‘sys_sysinfo_impl’中:
kernel/api/kapi_syscall.c:981:13: warning: 将一个整数转换为大小不同的指针 [-Wint-to-pointer-cast]
  981 |     } *si = (void*)info;
      |             ^
kernel/api/kapi_syscall.c: 在函数‘sys_times_impl’中:
kernel/api/kapi_syscall.c:997:22: warning: 将一个整数转换为大小不同的指针 [-Wint-to-pointer-cast]
  997 |     if (tbuf) memset((void*)tbuf, 0, 32);
      |                      ^
kernel/api/kapi_syscall.c: 在函数‘sys_getdents64_impl’中:
kernel/api/kapi_syscall.c:1102:32: warning: 将一个整数转换为大小不同的指针 [-Wint-to-pointer-cast]
 1102 |     struct linux_dirent64* d = (struct linux_dirent64*)dirp;
      |                                ^
kernel/api/kapi_syscall.c: 在函数‘sys_clock_gettime_impl’中:
kernel/api/kapi_syscall.c:1120:48: warning: 将一个整数转换为大小不同的指针 [-Wint-to-pointer-cast]
 1120 |     struct { long tv_sec; long tv_nsec; } *t = (void*)tp;
      |                                                ^
kernel/api/kapi_syscall.c: 在函数‘sys_chroot_impl’中:
kernel/api/kapi_syscall.c:1171:46: warning: 将一个整数转换为大小不同的指针 [-Wint-to-pointer-cast]
 1171 |     vfs_node_t* node = syscall_vfs_find_path((const char*)path);
      |                                              ^
kernel/api/kapi_syscall.c:1175:41: warning: 将一个整数转换为大小不同的指针 [-Wint-to-pointer-cast]
 1175 |     strncpy(proc_root[current_process], (const char*)path, sizeof(proc_root[0]) - 1);
      |                                         ^
kernel/api/kapi_syscall.c: 在函数‘sys_sethostname_impl’中:
kernel/api/kapi_syscall.c:1188:28: warning: 将一个整数转换为大小不同的指针 [-Wint-to-pointer-cast]
 1188 |     memcpy(kenux_hostname, (const void*)name, (size_t)len);
      |                            ^
kernel/api/kapi_syscall.c: 在函数‘sys_init_module_impl’中:
kernel/api/kapi_syscall.c:1200:27: warning: 将一个整数转换为大小不同的指针 [-Wint-to-pointer-cast]
 1200 |     int ret = module_load((const void*)module_image, (uint64_t)len, "unknown");
      |                           ^
kernel/api/kapi_syscall.c: 在函数‘sys_delete_module_impl’中:
kernel/api/kapi_syscall.c:1211:29: warning: 将一个整数转换为大小不同的指针 [-Wint-to-pointer-cast]
 1211 |     int ret = module_unload((const char*)name);
      |                             ^
kernel/api/kapi_syscall.c: 在函数‘sys_getrandom_impl’中:
kernel/api/kapi_syscall.c:1247:18: warning: 将一个整数转换为大小不同的指针 [-Wint-to-pointer-cast]
 1247 |     uint8_t* p = (uint8_t*)buf;
      |                  ^
kernel/api/kapi_syscall.c: 在函数‘sys_kenux_info_impl’中:
kernel/api/kapi_syscall.c:1269:15: warning: 将一个整数转换为大小不同的指针 [-Wint-to-pointer-cast]
 1269 |     } *info = (void*)buf;
      |               ^
kernel/api/kapi_syscall.c: 在函数‘sys_kenux_get_loadavg_impl’中:
kernel/api/kapi_syscall.c:1305:15: warning: 将一个整数转换为大小不同的指针 [-Wint-to-pointer-cast]
 1305 |     long* l = (long*)loads;
      |               ^
kernel/api/kapi_syscall.c: 在函数‘sys_futex_impl’中:
kernel/api/kapi_syscall.c:1321:53: warning: 将一个整数转换为大小不同的指针 [-Wint-to-pointer-cast]
 1321 |         struct { long tv_sec; long tv_nsec; } *ts = (void*)timeout;
      |                                                     ^
kernel/api/kapi_syscall.c:1329:34: warning: 将一个整数转换为大小不同的指针 [-Wint-to-pointer-cast]
 1329 |             int ret = futex_wait((void*)uaddr, (uint32_t)val, timeout_ms);
      |                                  ^
kernel/api/kapi_syscall.c:1333:34: warning: 将一个整数转换为大小不同的指针 [-Wint-to-pointer-cast]
 1333 |             int ret = futex_wake((void*)uaddr, (uint32_t)val);
      |                                  ^
kernel/api/kapi_syscall.c:1339:37: warning: 将一个整数转换为大小不同的指针 [-Wint-to-pointer-cast]
 1339 |             int ret = futex_requeue((void*)uaddr, (void*)uaddr2, (uint32_t)val);
      |                                     ^
kernel/api/kapi_syscall.c:1339:51: warning: 将一个整数转换为大小不同的指针 [-Wint-to-pointer-cast]
 1339 |             int ret = futex_requeue((void*)uaddr, (void*)uaddr2, (uint32_t)val);
      |                                                   ^
kernel/api/kapi_syscall.c:1314:47: warning: 未使用的参数‘val3’ [-Wunused-parameter]
 1314 |                             long uaddr2, long val3)
      |                                          ~~~~~^~~~
kernel/api/kapi_syscall.c: 在函数‘sys_prctl_impl’中:
kernel/api/kapi_syscall.c:1355:25: warning: 将一个整数转换为大小不同的指针 [-Wint-to-pointer-cast]
 1355 |                 strncpy((char*)arg2, processes[current_process].name, 15);
      |                         ^
kernel/api/kapi_syscall.c:1356:18: warning: 将一个整数转换为大小不同的指针 [-Wint-to-pointer-cast]
 1356 |                 ((char*)arg2)[15] = '\0';
      |                  ^
kernel/api/kapi_syscall.c:1362:58: warning: 将一个整数转换为大小不同的指针 [-Wint-to-pointer-cast]
 1362 |                 strncpy(processes[current_process].name, (const char*)arg2,
      |                                                          ^
kernel/api/kapi_syscall.c: 在函数‘sys_arch_prctl_impl’中:
kernel/api/kapi_syscall.c:1399:14: warning: 将一个整数转换为大小不同的指针 [-Wint-to-pointer-cast]
 1399 |             *(uint64_t*)addr = current_process < PROCESS_MAX ?
      |              ^
kernel/api/kapi_syscall.c:1404:14: warning: 将一个整数转换为大小不同的指针 [-Wint-to-pointer-cast]
 1404 |             *(uint64_t*)addr = current_process < PROCESS_MAX ?
      |              ^
kernel/api/kapi_syscall.c: 在函数‘sys_truncate_impl’中:
kernel/api/kapi_syscall.c:1526:46: warning: 将一个整数转换为大小不同的指针 [-Wint-to-pointer-cast]
 1526 |     vfs_node_t* node = syscall_vfs_find_path((const char*)path);
      |                                              ^
kernel/api/kapi_syscall.c: 在函数‘sys_pread64_impl’中:
kernel/api/kapi_syscall.c:1596:49: warning: 将一个整数转换为大小不同的指针 [-Wint-to-pointer-cast]
 1596 |     int64_t ret = kapi_read(entry->obj.file_fd, (void*)buf, (size_t)count);
      |                                                 ^
kernel/api/kapi_syscall.c:1598:43: warning: conversion from ‘int64_t’ {或称 ‘long long int’} to ‘long int’ may change value [-Wconversion]
 1598 |     return ret < 0 ? KENUX_ERR(KENUX_EIO) : ret;
      |            ~~~~~~~~~~~~~~~~~~~~~~~~~~~~~~~^~~~~
kernel/api/kapi_syscall.c: 在函数‘sys_pwrite64_impl’中:
kernel/api/kapi_syscall.c:1610:50: warning: 将一个整数转换为大小不同的指针 [-Wint-to-pointer-cast]
 1610 |     int64_t ret = kapi_write(entry->obj.file_fd, (void*)buf, (size_t)count);
      |                                                  ^
kernel/api/kapi_syscall.c:1612:43: warning: conversion from ‘int64_t’ {或称 ‘long long int’} to ‘long int’ may change value [-Wconversion]
 1612 |     return ret < 0 ? KENUX_ERR(KENUX_EIO) : ret;
      |            ~~~~~~~~~~~~~~~~~~~~~~~~~~~~~~~^~~~~
kernel/api/kapi_syscall.c: 在函数‘sys_sendfile_impl’中:
kernel/api/kapi_syscall.c:1628:39: warning: 将一个指针转换为大小不同的整数 [-Wpointer-to-int-cast]
 1628 |         long r = sys_read_impl(in_fd, (long)buf, n, 0, 0, 0);
      |                                       ^
kernel/api/kapi_syscall.c:1630:41: warning: 将一个指针转换为大小不同的整数 [-Wpointer-to-int-cast]
 1630 |         long w = sys_write_impl(out_fd, (long)buf, r, 0, 0, 0);
      |                                         ^
kernel/api/kapi_syscall.c:1633:22: warning: 将一个整数转换为大小不同的指针 [-Wint-to-pointer-cast]
 1633 |         if (offset) *(long*)offset += w;
      |                      ^
kernel/api/kapi_syscall.c: 在函数‘sys_time_impl’中:
kernel/api/kapi_syscall.c:1643:16: warning: 将一个整数转换为大小不同的指针 [-Wint-to-pointer-cast]
 1643 |     if (tloc) *(long*)tloc = t;
      |                ^
kernel/api/kapi_syscall.c: 在函数‘sys_set_tid_address_impl’中:
kernel/api/kapi_syscall.c:1664:51: warning: 将一个整数转换为大小不同的指针 [-Wint-to-pointer-cast]
 1664 |         processes[current_process].kthread_data = (void*)tidptr;
      |                                                   ^
kernel/api/kapi_syscall.c: 在函数‘sys_epoll_ctl_impl’中:
kernel/api/kapi_syscall.c:1694:59: warning: 将一个整数转换为大小不同的指针 [-Wint-to-pointer-cast]
 1694 |     int ret = kapi_epoll_ctl((int)epfd, (int)op, (int)fd, (kapi_epoll_event_t*)event);
      |                                                           ^
kernel/api/kapi_syscall.c: 在函数‘sys_epoll_wait_impl’中:
kernel/api/kapi_syscall.c:1702:42: warning: 将一个整数转换为大小不同的指针 [-Wint-to-pointer-cast]
 1702 |     int ret = kapi_epoll_wait((int)epfd, (kapi_epoll_event_t*)events, (int)maxevents, (int)timeout);
      |                                          ^
kernel/api/kapi_syscall.c: 在函数‘sys_epoll_pwait_impl’中:
kernel/api/kapi_syscall.c:1710:43: warning: 将一个整数转换为大小不同的指针 [-Wint-to-pointer-cast]
 1710 |     int ret = kapi_epoll_pwait((int)epfd, (kapi_epoll_event_t*)events, (int)maxevents,
      |                                           ^
kernel/api/kapi_syscall.c:1711:46: warning: 将一个整数转换为大小不同的指针 [-Wint-to-pointer-cast]
 1711 |                                (int)timeout, (const uint64_t*)sigmask);
      |                                              ^
kernel/api/kapi_syscall.c: 在函数‘sys_poll_impl’中:
kernel/api/kapi_syscall.c:1720:25: warning: 将一个整数转换为大小不同的指针 [-Wint-to-pointer-cast]
 1720 |     int ret = kapi_poll((kapi_pollfd_t*)fds, (uint32_t)nfds, (int)timeout);
      |                         ^
kernel/api/kapi_syscall.c: 在函数‘sys_select_impl’中:
kernel/api/kapi_syscall.c:1727:40: warning: 将一个整数转换为大小不同的指针 [-Wint-to-pointer-cast]
 1727 |     int ret = kapi_pselect6((int)nfds, (kapi_fd_set_t*)readfds, (kapi_fd_set_t*)writefds,
      |                                        ^
kernel/api/kapi_syscall.c:1727:65: warning: 将一个整数转换为大小不同的指针 [-Wint-to-pointer-cast]
 1727 |     int ret = kapi_pselect6((int)nfds, (kapi_fd_set_t*)readfds, (kapi_fd_set_t*)writefds,
      |                                                                 ^
kernel/api/kapi_syscall.c:1728:29: warning: 将一个整数转换为大小不同的指针 [-Wint-to-pointer-cast]
 1728 |                             (kapi_fd_set_t*)exceptfds, (uint64_t*)timeout, NULL);
      |                             ^
kernel/api/kapi_syscall.c:1728:56: warning: 将一个整数转换为大小不同的指针 [-Wint-to-pointer-cast]
 1728 |                             (kapi_fd_set_t*)exceptfds, (uint64_t*)timeout, NULL);
      |                                                        ^
kernel/api/kapi_syscall.c: 在函数‘sys_ppoll_impl’中:
kernel/api/kapi_syscall.c:1736:26: warning: 将一个整数转换为大小不同的指针 [-Wint-to-pointer-cast]
 1736 |     int ret = kapi_ppoll((kapi_pollfd_t*)fds, (uint32_t)nfds, (uint64_t*)timeout, (const uint64_t*)sigmask);
      |                          ^
kernel/api/kapi_syscall.c:1736:63: warning: 将一个整数转换为大小不同的指针 [-Wint-to-pointer-cast]
 1736 |     int ret = kapi_ppoll((kapi_pollfd_t*)fds, (uint32_t)nfds, (uint64_t*)timeout, (const uint64_t*)sigmask);
      |                                                               ^
kernel/api/kapi_syscall.c:1736:83: warning: 将一个整数转换为大小不同的指针 [-Wint-to-pointer-cast]
 1736 |     int ret = kapi_ppoll((kapi_pollfd_t*)fds, (uint32_t)nfds, (uint64_t*)timeout, (const uint64_t*)sigmask);
      |                                                                                   ^
kernel/api/kapi_syscall.c: 在函数‘sys_pselect6_impl’中:
kernel/api/kapi_syscall.c:1742:40: warning: 将一个整数转换为大小不同的指针 [-Wint-to-pointer-cast]
 1742 |     int ret = kapi_pselect6((int)nfds, (kapi_fd_set_t*)readfds, (kapi_fd_set_t*)writefds,
      |                                        ^
kernel/api/kapi_syscall.c:1742:65: warning: 将一个整数转换为大小不同的指针 [-Wint-to-pointer-cast]
 1742 |     int ret = kapi_pselect6((int)nfds, (kapi_fd_set_t*)readfds, (kapi_fd_set_t*)writefds,
      |                                                                 ^
kernel/api/kapi_syscall.c:1743:29: warning: 将一个整数转换为大小不同的指针 [-Wint-to-pointer-cast]
 1743 |                             (kapi_fd_set_t*)exceptfds, (uint64_t*)timeout, (const uint64_t*)sigmask);
      |                             ^
kernel/api/kapi_syscall.c:1743:56: warning: 将一个整数转换为大小不同的指针 [-Wint-to-pointer-cast]
 1743 |                             (kapi_fd_set_t*)exceptfds, (uint64_t*)timeout, (const uint64_t*)sigmask);
      |                                                        ^
kernel/api/kapi_syscall.c:1743:76: warning: 将一个整数转换为大小不同的指针 [-Wint-to-pointer-cast]
 1743 |                             (kapi_fd_set_t*)exceptfds, (uint64_t*)timeout, (const uint64_t*)sigmask);
      |                                                                            ^
kernel/api/kapi_syscall.c: 在函数‘sys_signalfd4_impl’中:
kernel/api/kapi_syscall.c:1752:39: warning: 将一个整数转换为大小不同的指针 [-Wint-to-pointer-cast]
 1752 |     int ret = kapi_signalfd4((int)fd, (const uint64_t*)mask, (size_t)masksize, (int)flags);
      |                                       ^
kernel/api/kapi_syscall.c: 在函数‘sys_signalfd_impl’中:
kernel/api/kapi_syscall.c:1760:38: warning: 将一个整数转换为大小不同的指针 [-Wint-to-pointer-cast]
 1760 |     int ret = kapi_signalfd((int)fd, (const uint64_t*)mask, (size_t)masksize, 0);
      |                                      ^
kernel/api/kapi_syscall.c: 在函数‘sys_timerfd_settime_impl’中:
kernel/api/kapi_syscall.c:1777:36: warning: 将一个整数转换为大小不同的指针 [-Wint-to-pointer-cast]
 1777 |                                    (const kapi_itimerspec_t*)new_value,
      |                                    ^
kernel/api/kapi_syscall.c:1778:36: warning: 将一个整数转换为大小不同的指针 [-Wint-to-pointer-cast]
 1778 |                                    (kapi_itimerspec_t*)old_value);
      |                                    ^
kernel/api/kapi_syscall.c: 在函数‘sys_timerfd_gettime_impl’中:
kernel/api/kapi_syscall.c:1786:45: warning: 将一个整数转换为大小不同的指针 [-Wint-to-pointer-cast]
 1786 |     int ret = kapi_timerfd_gettime((int)fd, (kapi_itimerspec_t*)curr_value);
      |                                             ^
kernel/api/kapi_syscall.c: 在函数‘sys_inotify_add_watch_impl’中:
kernel/api/kapi_syscall.c:1824:47: warning: 将一个整数转换为大小不同的指针 [-Wint-to-pointer-cast]
 1824 |     int ret = kapi_inotify_add_watch((int)fd, (const char*)pathname, (uint32_t)mask);
      |                                               ^
kernel/api/kapi_syscall.c: 在函数‘sys_readv_impl’中:
kernel/api/kapi_syscall.c:1845:58: warning: 将一个整数转换为大小不同的指针 [-Wint-to-pointer-cast]
 1845 |     struct { void* iov_base; size_t iov_len; } *iovecs = (void*)iov;
      |                                                          ^
kernel/api/kapi_syscall.c:1851:18: warning: conversion from ‘int64_t’ {或称 ‘long long int’} to ‘long int’ may change value [-Wconversion]
 1851 |         total += r;
      |                  ^
kernel/api/kapi_syscall.c: 在函数‘sys_writev_impl’中:
kernel/api/kapi_syscall.c:1866:64: warning: 将一个整数转换为大小不同的指针 [-Wint-to-pointer-cast]
 1866 |     struct { const void* iov_base; size_t iov_len; } *iovecs = (void*)iov;
      |                                                                ^
kernel/api/kapi_syscall.c:1872:18: warning: conversion from ‘int64_t’ {或称 ‘long long int’} to ‘long int’ may change value [-Wconversion]
 1872 |         total += r;
      |                  ^
kernel/api/kapi_syscall.c: 在函数‘sys_accept4_impl’中:
kernel/api/kapi_syscall.c:1893:48: warning: 未使用的参数‘addr’ [-Wunused-parameter]
 1893 | static long sys_accept4_impl(long sockfd, long addr, long addrlen, long flags, long a5, long a6)
      |                                           ~~~~~^~~~
kernel/api/kapi_syscall.c:1893:59: warning: 未使用的参数‘addrlen’ [-Wunused-parameter]
 1893 | static long sys_accept4_impl(long sockfd, long addr, long addrlen, long flags, long a5, long a6)
      |                                                      ~~~~~^~~~~~~
kernel/api/kapi_syscall.c: 在函数‘sys_waitid_impl’中:
kernel/api/kapi_syscall.c:1926:16: warning: 将一个整数转换为大小不同的指针 [-Wint-to-pointer-cast]
 1926 |         memset((void*)infop, 0, 32);
      |                ^
kernel/api/kapi_syscall.c:1928:14: warning: 将一个整数转换为大小不同的指针 [-Wint-to-pointer-cast]
 1928 |             ((int*)infop)[0] = ret;
      |              ^
kernel/api/kapi_syscall.c:1929:14: warning: 将一个整数转换为大小不同的指针 [-Wint-to-pointer-cast]
 1929 |             ((int*)infop)[1] = 4;
      |              ^
kernel/api/kapi_syscall.c:1930:14: warning: 将一个整数转换为大小不同的指针 [-Wint-to-pointer-cast]
 1930 |             ((int*)infop)[2] = status;
      |              ^
kernel/api/kapi_syscall.c: 在函数‘sys_mount_impl’中:
kernel/api/kapi_syscall.c:1949:26: warning: 将一个整数转换为大小不同的指针 [-Wint-to-pointer-cast]
 1949 |     int ret = kapi_mount((const char*)dev_name, (const char*)dir_name,
      |                          ^
kernel/api/kapi_syscall.c:1949:49: warning: 将一个整数转换为大小不同的指针 [-Wint-to-pointer-cast]
 1949 |     int ret = kapi_mount((const char*)dev_name, (const char*)dir_name,
      |                                                 ^
kernel/api/kapi_syscall.c:1950:26: warning: 将一个整数转换为大小不同的指针 [-Wint-to-pointer-cast]
 1950 |                          (const char*)type, (unsigned long)flags, NULL);
      |                          ^
kernel/api/kapi_syscall.c: 在函数‘sys_umount2_impl’中:
kernel/api/kapi_syscall.c:1958:27: warning: 将一个整数转换为大小不同的指针 [-Wint-to-pointer-cast]
 1958 |     int ret = kapi_umount((const char*)name);
      |                           ^
kernel/api/kapi_syscall.c: 在函数‘sys_mknod_impl’中:
kernel/api/kapi_syscall.c:1970:28: warning: 将一个整数转换为大小不同的指针 [-Wint-to-pointer-cast]
 1970 |         int f = kapi_creat((const char*)pathname, (mode_t)(m & 07777));
      |                            ^
kernel/api/kapi_syscall.c: 在函数‘sys_setresuid_impl’中:
kernel/api/kapi_syscall.c:2001:59: warning: 未使用的参数‘suid’ [-Wunused-parameter]
 2001 | static long sys_setresuid_impl(long ruid, long euid, long suid, long a4, long a5, long a6)
      |                                                      ~~~~~^~~~
kernel/api/kapi_syscall.c: 在函数‘sys_getresuid_impl’中:
kernel/api/kapi_syscall.c:2014:16: warning: 将一个整数转换为大小不同的指针 [-Wint-to-pointer-cast]
 2014 |     if (ruid) *(uid_t*)ruid = proc_uid[current_process];
      |                ^
kernel/api/kapi_syscall.c:2015:16: warning: 将一个整数转换为大小不同的指针 [-Wint-to-pointer-cast]
 2015 |     if (euid) *(uid_t*)euid = proc_euid[current_process];
      |                ^
kernel/api/kapi_syscall.c:2016:16: warning: 将一个整数转换为大小不同的指针 [-Wint-to-pointer-cast]
 2016 |     if (suid) *(uid_t*)suid = proc_uid[current_process];
      |                ^
kernel/api/kapi_syscall.c: 在函数‘sys_setresgid_impl’中:
kernel/api/kapi_syscall.c:2020:59: warning: 未使用的参数‘sgid’ [-Wunused-parameter]
 2020 | static long sys_setresgid_impl(long rgid, long egid, long sgid, long a4, long a5, long a6)
      |                                                      ~~~~~^~~~
kernel/api/kapi_syscall.c: 在函数‘sys_getresgid_impl’中:
kernel/api/kapi_syscall.c:2033:16: warning: 将一个整数转换为大小不同的指针 [-Wint-to-pointer-cast]
 2033 |     if (rgid) *(uid_t*)rgid = proc_gid[current_process];
      |                ^
kernel/api/kapi_syscall.c:2034:16: warning: 将一个整数转换为大小不同的指针 [-Wint-to-pointer-cast]
 2034 |     if (egid) *(uid_t*)egid = proc_egid[current_process];
      |                ^
kernel/api/kapi_syscall.c:2035:16: warning: 将一个整数转换为大小不同的指针 [-Wint-to-pointer-cast]
 2035 |     if (sgid) *(uid_t*)sgid = proc_gid[current_process];
      |                ^
kernel/api/kapi_syscall.c: 在函数‘sys_rt_sigpending_impl’中:
kernel/api/kapi_syscall.c:2078:12: warning: 将一个整数转换为大小不同的指针 [-Wint-to-pointer-cast]
 2078 |     memset((void*)set, 0, 8);
      |            ^
kernel/api/kapi_syscall.c: 在函数‘sys_sched_getparam_impl’中:
kernel/api/kapi_syscall.c:2119:12: warning: 将一个整数转换为大小不同的指针 [-Wint-to-pointer-cast]
 2119 |     memset((void*)param, 0, 4);
      |            ^
kernel/api/kapi_syscall.c: 在函数‘sys_sched_rr_get_interval_impl’中:
kernel/api/kapi_syscall.c:2151:48: warning: 将一个整数转换为大小不同的指针 [-Wint-to-pointer-cast]
 2151 |     struct { long tv_sec; long tv_nsec; } *t = (void*)interval;
      |                                                ^
kernel/api/kapi_syscall.c: 在函数‘sys_sched_getaffinity_impl’中:
kernel/api/kapi_syscall.c:2169:12: warning: 将一个整数转换为大小不同的指针 [-Wint-to-pointer-cast]
 2169 |     memset((void*)mask, 0xff, sz);
      |            ^
kernel/api/kapi_syscall.c: 在函数‘sys_statfs_impl’中:
kernel/api/kapi_syscall.c:2185:12: warning: 将一个整数转换为大小不同的指针 [-Wint-to-pointer-cast]
 2185 |     memset((void*)buf, 0, 64);
      |            ^
kernel/api/kapi_syscall.c: 在函数‘sys_fstatfs_impl’中:
kernel/api/kapi_syscall.c:2194:12: warning: 将一个整数转换为大小不同的指针 [-Wint-to-pointer-cast]
 2194 |     memset((void*)buf, 0, 64);
      |            ^
kernel/api/kapi_syscall.c: 在函数‘sys_splice_impl’中:
kernel/api/kapi_syscall.c:2375:39: warning: 将一个指针转换为大小不同的整数 [-Wpointer-to-int-cast]
 2375 |         long r = sys_read_impl(fd_in, (long)buf, n, 0, 0, 0);
      |                                       ^
kernel/api/kapi_syscall.c:2377:41: warning: 将一个指针转换为大小不同的整数 [-Wpointer-to-int-cast]
 2377 |         long w = sys_write_impl(fd_out, (long)buf, r, 0, 0, 0);
      |                                         ^
kernel/api/kapi_syscall.c: 在函数‘sys_clock_getres_impl’中:
kernel/api/kapi_syscall.c:2515:48: warning: 将一个整数转换为大小不同的指针 [-Wint-to-pointer-cast]
 2515 |     struct { long tv_sec; long tv_nsec; } *r = (void*)res;
      |                                                ^
kernel/api/kapi_syscall.c: 在函数‘sys_getcpu_impl’中:
kernel/api/kapi_syscall.c:2569:15: warning: 将一个整数转换为大小不同的指针 [-Wint-to-pointer-cast]
 2569 |     if (cpu) *(unsigned int*)cpu = 0;
      |               ^
<3> Building kernel/api/kapi_string.c
kernel/api/kapi_syscall.c: 在文件作用域：
kernel/api/kapi_syscall.c:2566:13: warning: ‘sys_getcpu_impl’ 在此处定义 [-Wunused-function]
 2566 | static long sys_getcpu_impl(long cpu, long node, long tcache, long a4, long a5, long a6)
      |             ^~~~~~~~~~~~~~~
kernel/api/kapi_syscall.c:2559:13: warning: ‘sys_kcmp_impl’ 在此处定义 [-Wunused-function]
 2559 | static long sys_kcmp_impl(long pid1, long pid2, long type, long idx1, long idx2, long a6)
      |             ^~~~~~~~~~~~~
kernel/api/kapi_syscall.c:2552:13: warning: ‘sys_process_vm_writev_impl’ 在此处定义 [-Wunused-function]
 2552 | static long sys_process_vm_writev_impl(long pid, long lvec, long liovcnt, long rvec, long riovcnt, long flags)
      |             ^~~~~~~~~~~~~~~~~~~~~~~~~~
kernel/api/kapi_syscall.c:2546:13: warning: ‘sys_process_vm_readv_impl’ 在此处定义 [-Wunused-function]
 2546 | static long sys_process_vm_readv_impl(long pid, long lvec, long liovcnt, long rvec, long riovcnt, long flags)
      |             ^~~~~~~~~~~~~~~~~~~~~~~~~
kernel/api/kapi_syscall.c:2537:13: warning: ‘sys_mincore_impl’ 在此处定义 [-Wunused-function]
 2537 | static long sys_mincore_impl(long start, long len, long vec, long a4, long a5, long a6)
      |             ^~~~~~~~~~~~~~~~
kernel/api/kapi_syscall.c:2530:13: warning: ‘sys_clock_nanosleep_impl’ 在此处定义 [-Wunused-function]
 2530 | static long sys_clock_nanosleep_impl(long clk_id, long flags, long rqtp, long rmtp, long a5, long a6)
      |             ^~~~~~~~~~~~~~~~~~~~~~~~
kernel/api/kapi_syscall.c:2521:13: warning: ‘sys_clock_settime_impl’ 在此处定义 [-Wunused-function]
 2521 | static long sys_clock_settime_impl(long clk_id, long tp, long a3, long a4, long a5, long a6)
      |             ^~~~~~~~~~~~~~~~~~~~~~
kernel/api/kapi_syscall.c:2511:13: warning: ‘sys_clock_getres_impl’ 在此处定义 [-Wunused-function]
 2511 | static long sys_clock_getres_impl(long clk_id, long res, long a3, long a4, long a5, long a6)
      |             ^~~~~~~~~~~~~~~~~~~~~
kernel/api/kapi_syscall.c:2503:13: warning: ‘sys_prlimit64_impl’ 在此处定义 [-Wunused-function]
 2503 | static long sys_prlimit64_impl(long pid, long resource, long new_limit, long old_limit, long a5, long a6)
      |             ^~~~~~~~~~~~~~~~~~
kernel/api/kapi_syscall.c:2492:13: warning: ‘sys_acct_impl’ 在此处定义 [-Wunused-function]
 2492 | static long sys_acct_impl(long filename, long a2, long a3, long a4, long a5, long a6)
      |             ^~~~~~~~~~~~~
kernel/api/kapi_syscall.c:2483:13: warning: ‘sys_adjtimex_impl’ 在此处定义 [-Wunused-function]
 2483 | static long sys_adjtimex_impl(long buf, long a2, long a3, long a4, long a5, long a6)
      |             ^~~~~~~~~~~~~~~~~
kernel/api/kapi_syscall.c:2476:13: warning: ‘sys_getdents_impl’ 在此处定义 [-Wunused-function]
 2476 | static long sys_getdents_impl(long fd, long dirp, long count, long a4, long a9, long a6)
      |             ^~~~~~~~~~~~~~~~~
kernel/api/kapi_syscall.c:2470:13: warning: ‘sys_lchown_impl’ 在此处定义 [-Wunused-function]
 2470 | static long sys_lchown_impl(long pathname, long owner, long group, long a4, long a5, long a6)
      |             ^~~~~~~~~~~~~~~
kernel/api/kapi_syscall.c:2462:13: warning: ‘sys_fchown_impl’ 在此处定义 [-Wunused-function]
 2462 | static long sys_fchown_impl(long fd, long owner, long group, long a4, long a5, long a6)
      |             ^~~~~~~~~~~~~~~
kernel/api/kapi_syscall.c:2454:13: warning: ‘sys_fchmod_impl’ 在此处定义 [-Wunused-function]
 2454 | static long sys_fchmod_impl(long fd, long mode, long a3, long a4, long a5, long a6)
      |             ^~~~~~~~~~~~~~~
kernel/api/kapi_syscall.c:2446:13: warning: ‘sys_fchdir_impl’ 在此处定义 [-Wunused-function]
 2446 | static long sys_fchdir_impl(long fd, long a2, long a3, long a4, long a5, long a6)
      |             ^~~~~~~~~~~~~~~
kernel/api/kapi_syscall.c:2439:13: warning: ‘sys_faccessat_impl’ 在此处定义 [-Wunused-function]
 2439 | static long sys_faccessat_impl(long dirfd, long pathname, long mode, long flags, long a5, long a6)
      |             ^~~~~~~~~~~~~~~~~~
kernel/api/kapi_syscall.c:2433:13: warning: ‘sys_fchmodat_impl’ 在此处定义 [-Wunused-function]
 2433 | static long sys_fchmodat_impl(long dirfd, long pathname, long mode, long flags, long a5, long a6)
      |             ^~~~~~~~~~~~~~~~~
kernel/api/kapi_syscall.c:2427:13: warning: ‘sys_readlinkat_impl’ 在此处定义 [-Wunused-function]
 2427 | static long sys_readlinkat_impl(long dirfd, long pathname, long buf, long bufsiz, long a5, long a6)
      |             ^~~~~~~~~~~~~~~~~~~
kernel/api/kapi_syscall.c:2421:13: warning: ‘sys_symlinkat_impl’ 在此处定义 [-Wunused-function]
 2421 | static long sys_symlinkat_impl(long target, long newdirfd, long linkpath, long a4, long a5, long a6)
      |             ^~~~~~~~~~~~~~~~~~
kernel/api/kapi_syscall.c:2415:13: warning: ‘sys_renameat_impl’ 在此处定义 [-Wunused-function]
 2415 | static long sys_renameat_impl(long olddirfd, long oldpath, long newdirfd, long newpath, long a5, long a6)
      |             ^~~~~~~~~~~~~~~~~
kernel/api/kapi_syscall.c:2409:13: warning: ‘sys_fchownat_impl’ 在此处定义 [-Wunused-function]
 2409 | static long sys_fchownat_impl(long dirfd, long pathname, long owner, long group, long flags, long a6)
      |             ^~~~~~~~~~~~~~~~~
kernel/api/kapi_syscall.c:2403:13: warning: ‘sys_mknodat_impl’ 在此处定义 [-Wunused-function]
 2403 | static long sys_mknodat_impl(long dirfd, long pathname, long mode, long dev, long a5, long a6)
      |             ^~~~~~~~~~~~~~~~
kernel/api/kapi_syscall.c:2397:13: warning: ‘sys_mkdirat_impl’ 在此处定义 [-Wunused-function]
 2397 | static long sys_mkdirat_impl(long dirfd, long pathname, long mode, long a4, long a5, long a6)
      |             ^~~~~~~~~~~~~~~~
kernel/api/kapi_syscall.c:2390:13: warning: ‘sys_vmsplice_impl’ 在此处定义 [-Wunused-function]
 2390 | static long sys_vmsplice_impl(long fd, long iov, long nr_segs, long flags, long a5, long a6)
      |             ^~~~~~~~~~~~~~~~~
kernel/api/kapi_syscall.c:2384:13: warning: ‘sys_tee_impl’ 在此处定义 [-Wunused-function]
 2384 | static long sys_tee_impl(long fd_in, long fd_out, long len, long flags, long a5, long a6)
      |             ^~~~~~~~~~~~
kernel/api/kapi_syscall.c:2365:13: warning: ‘sys_splice_impl’ 在此处定义 [-Wunused-function]
 2365 | static long sys_splice_impl(long fd_in, long off_in, long fd_out, long off_out, long len, long flags)
      |             ^~~~~~~~~~~~~~~
kernel/api/kapi_syscall.c:2358:13: warning: ‘sys_seccomp_impl’ 在此处定义 [-Wunused-function]
 2358 | static long sys_seccomp_impl(long operation, long flags, long args, long a4, long a5, long a6)
      |             ^~~~~~~~~~~~~~~~
kernel/api/kapi_syscall.c:2351:13: warning: ‘sys_bpf_impl’ 在此处定义 [-Wunused-function]
 2351 | static long sys_bpf_impl(long cmd, long attr, long size, long a4, long a5, long a6)
      |             ^~~~~~~~~~~~
kernel/api/kapi_syscall.c:2344:13: warning: ‘sys_memfd_create_impl’ 在此处定义 [-Wunused-function]
 2344 | static long sys_memfd_create_impl(long name, long flags, long a3, long a4, long a5, long a6)
      |             ^~~~~~~~~~~~~~~~~~~~~
kernel/api/kapi_syscall.c:2336:13: warning: ‘sys_fallocate_impl’ 在此处定义 [-Wunused-function]
 2336 | static long sys_fallocate_impl(long fd, long mode, long offset, long length, long a5, long a6)
      |             ^~~~~~~~~~~~~~~~~~
kernel/api/kapi_syscall.c:2329:13: warning: ‘sys_msgctl_impl’ 在此处定义 [-Wunused-function]
 2329 | static long sys_msgctl_impl(long msqid, long cmd, long buf, long a4, long a5, long a6)
      |             ^~~~~~~~~~~~~~~
kernel/api/kapi_syscall.c:2323:13: warning: ‘sys_msgrcv_impl’ 在此处定义 [-Wunused-function]
 2323 | static long sys_msgrcv_impl(long msqid, long msgp, long msgsz, long msgtyp, long msgflg, long a6)
      |             ^~~~~~~~~~~~~~~
kernel/api/kapi_syscall.c:2317:13: warning: ‘sys_msgsnd_impl’ 在此处定义 [-Wunused-function]
 2317 | static long sys_msgsnd_impl(long msqid, long msgp, long msgsz, long msgflg, long a5, long a6)
      |             ^~~~~~~~~~~~~~~
kernel/api/kapi_syscall.c:2311:13: warning: ‘sys_msgget_impl’ 在此处定义 [-Wunused-function]
 2311 | static long sys_msgget_impl(long key, long msgflg, long a3, long a4, long a5, long a6)
      |             ^~~~~~~~~~~~~~~
kernel/api/kapi_syscall.c:2304:13: warning: ‘sys_semctl_impl’ 在此处定义 [-Wunused-function]
 2304 | static long sys_semctl_impl(long semid, long semnum, long cmd, long arg, long a5, long a6)
      |             ^~~~~~~~~~~~~~~
kernel/api/kapi_syscall.c:2298:13: warning: ‘sys_semop_impl’ 在此处定义 [-Wunused-function]
 2298 | static long sys_semop_impl(long semid, long sops, long nsops, long a4, long a5, long a6)
      |             ^~~~~~~~~~~~~~
kernel/api/kapi_syscall.c:2292:13: warning: ‘sys_semget_impl’ 在此处定义 [-Wunused-function]
 2292 | static long sys_semget_impl(long key, long nsems, long semflg, long a4, long a5, long a6)
      |             ^~~~~~~~~~~~~~~
kernel/api/kapi_syscall.c:2285:13: warning: ‘sys_shmdt_impl’ 在此处定义 [-Wunused-function]
 2285 | static long sys_shmdt_impl(long shmaddr, long a2, long a3, long a4, long a5, long a6)
      |             ^~~~~~~~~~~~~~
kernel/api/kapi_syscall.c:2279:13: warning: ‘sys_shmctl_impl’ 在此处定义 [-Wunused-function]
 2279 | static long sys_shmctl_impl(long shmid, long cmd, long buf, long a4, long a5, long a6)
      |             ^~~~~~~~~~~~~~~
kernel/api/kapi_syscall.c:2273:13: warning: ‘sys_shmat_impl’ 在此处定义 [-Wunused-function]
 2273 | static long sys_shmat_impl(long shmid, long shmaddr, long shmflg, long a4, long a5, long a6)
      |             ^~~~~~~~~~~~~~
kernel/api/kapi_syscall.c:2267:13: warning: ‘sys_shmget_impl’ 在此处定义 [-Wunused-function]
 2267 | static long sys_shmget_impl(long key, long size, long shmflg, long a4, long a5, long a6)
      |             ^~~~~~~~~~~~~~~
kernel/api/kapi_syscall.c:2260:13: warning: ‘sys_syslog_impl’ 在此处定义 [-Wunused-function]
 2260 | static long sys_syslog_impl(long type, long buf, long len, long a4, long a5, long a6)
      |             ^~~~~~~~~~~~~~~
kernel/api/kapi_syscall.c:2251:13: warning: ‘sys_pivot_root_impl’ 在此处定义 [-Wunused-function]
 2251 | static long sys_pivot_root_impl(long new_root, long put_old, long a3, long a4, long a5, long a6)
      |             ^~~~~~~~~~~~~~~~~~~
kernel/api/kapi_syscall.c:2242:13: warning: ‘sys_ioperm_impl’ 在此处定义 [-Wunused-function]
 2242 | static long sys_ioperm_impl(long from, long num, long on, long a4, long a5, long a6)
      |             ^~~~~~~~~~~~~~~
kernel/api/kapi_syscall.c:2234:13: warning: ‘sys_iopl_impl’ 在此处定义 [-Wunused-function]
 2234 | static long sys_iopl_impl(long level, long a2, long a3, long a4, long a5, long a6)
      |             ^~~~~~~~~~~~~
kernel/api/kapi_syscall.c:2225:13: warning: ‘sys_swapoff_impl’ 在此处定义 [-Wunused-function]
 2225 | static long sys_swapoff_impl(long specialfile, long swapflags, long a3, long a4, long a5, long a6)
      |             ^~~~~~~~~~~~~~~~
kernel/api/kapi_syscall.c:2217:13: warning: ‘sys_swapon_impl’ 在此处定义 [-Wunused-function]
 2217 | static long sys_swapon_impl(long specialfile, long swapflags, long a3, long a4, long a5, long a6)
      |             ^~~~~~~~~~~~~~~
kernel/api/kapi_syscall.c:2208:13: warning: ‘sys_reboot_impl’ 在此处定义 [-Wunused-function]
 2208 | static long sys_reboot_impl(long magic1, long magic2, long cmd, long arg, long a5, long a6)
      |             ^~~~~~~~~~~~~~~
kernel/api/kapi_syscall.c:2199:13: warning: ‘sys_settimeofday_impl’ 在此处定义 [-Wunused-function]
 2199 | static long sys_settimeofday_impl(long tv, long tz, long a3, long a4, long a5, long a6)
      |             ^~~~~~~~~~~~~~~~~~~~~
kernel/api/kapi_syscall.c:2189:13: warning: ‘sys_fstatfs_impl’ 在此处定义 [-Wunused-function]
 2189 | static long sys_fstatfs_impl(long fd, long buf, long a3, long a4, long a5, long a6)
      |             ^~~~~~~~~~~~~~~~
kernel/api/kapi_syscall.c:2181:13: warning: ‘sys_statfs_impl’ 在此处定义 [-Wunused-function]
 2181 | static long sys_statfs_impl(long pathname, long buf, long a3, long a4, long a5, long a6)
      |             ^~~~~~~~~~~~~~~
kernel/api/kapi_syscall.c:2174:13: warning: ‘sys_personality_impl’ 在此处定义 [-Wunused-function]
 2174 | static long sys_personality_impl(long persona, long a2, long a3, long a4, long a5, long a6)
      |             ^~~~~~~~~~~~~~~~~~~~
kernel/api/kapi_syscall.c:2164:13: warning: ‘sys_sched_getaffinity_impl’ 在此处定义 [-Wunused-function]
 2164 | static long sys_sched_getaffinity_impl(long pid, long len, long mask, long a4, long a5, long a6)
      |             ^~~~~~~~~~~~~~~~~~~~~~~~~~
kernel/api/kapi_syscall.c:2158:13: warning: ‘sys_sched_setaffinity_impl’ 在此处定义 [-Wunused-function]
 2158 | static long sys_sched_setaffinity_impl(long pid, long len, long mask, long a4, long a5, long a6)
      |             ^~~~~~~~~~~~~~~~~~~~~~~~~~
kernel/api/kapi_syscall.c:2147:13: warning: ‘sys_sched_rr_get_interval_impl’ 在此处定义 [-Wunused-function]
 2147 | static long sys_sched_rr_get_interval_impl(long pid, long interval, long a3, long a4, long a5, long a6)
      |             ^~~~~~~~~~~~~~~~~~~~~~~~~~~~~~
kernel/api/kapi_syscall.c:2141:13: warning: ‘sys_sched_get_priority_min_impl’ 在此处定义 [-Wunused-function]
 2141 | static long sys_sched_get_priority_min_impl(long policy, long a2, long a3, long a4, long a5, long a6)
      |             ^~~~~~~~~~~~~~~~~~~~~~~~~~~~~~~
kernel/api/kapi_syscall.c:2135:13: warning: ‘sys_sched_get_priority_max_impl’ 在此处定义 [-Wunused-function]
 2135 | static long sys_sched_get_priority_max_impl(long policy, long a2, long a3, long a4, long a5, long a6)
      |             ^~~~~~~~~~~~~~~~~~~~~~~~~~~~~~~
kernel/api/kapi_syscall.c:2129:13: warning: ‘sys_sched_getscheduler_impl’ 在此处定义 [-Wunused-function]
 2129 | static long sys_sched_getscheduler_impl(long pid, long a2, long a3, long a4, long a5, long a6)
      |             ^~~~~~~~~~~~~~~~~~~~~~~~~~~
kernel/api/kapi_syscall.c:2123:13: warning: ‘sys_sched_setscheduler_impl’ 在此处定义 [-Wunused-function]
 2123 | static long sys_sched_setscheduler_impl(long pid, long policy, long param, long a4, long a5, long a6)
      |             ^~~~~~~~~~~~~~~~~~~~~~~~~~~
kernel/api/kapi_syscall.c:2115:13: warning: ‘sys_sched_getparam_impl’ 在此处定义 [-Wunused-function]
 2115 | static long sys_sched_getparam_impl(long pid, long param, long a3, long a4, long a5, long a6)
      |             ^~~~~~~~~~~~~~~~~~~~~~~
kernel/api/kapi_syscall.c:2109:13: warning: ‘sys_sched_setparam_impl’ 在此处定义 [-Wunused-function]
 2109 | static long sys_sched_setparam_impl(long pid, long param, long a3, long a4, long a5, long a6)
      |             ^~~~~~~~~~~~~~~~~~~~~~~
kernel/api/kapi_syscall.c:2102:13: warning: ‘sys_sigaltstack_impl’ 在此处定义 [-Wunused-function]
 2102 | static long sys_sigaltstack_impl(long ss, long oss, long a3, long a4, long a5, long a6)
      |             ^~~~~~~~~~~~~~~~~~~~
kernel/api/kapi_syscall.c:2094:13: warning: ‘sys_rt_sigsuspend_impl’ 在此处定义 [-Wunused-function]
 2094 | static long sys_rt_sigsuspend_impl(long mask, long sigsetsize, long a3, long a4, long a5, long a6)
      |             ^~~~~~~~~~~~~~~~~~~~~~
kernel/api/kapi_syscall.c:2088:13: warning: ‘sys_rt_sigqueueinfo_impl’ 在此处定义 [-Wunused-function]
 2088 | static long sys_rt_sigqueueinfo_impl(long pid, long sig, long info, long a4, long a5, long a6)
      |             ^~~~~~~~~~~~~~~~~~~~~~~~
kernel/api/kapi_syscall.c:2082:13: warning: ‘sys_rt_sigtimedwait_impl’ 在此处定义 [-Wunused-function]
 2082 | static long sys_rt_sigtimedwait_impl(long set, long info, long timeout, long sigsetsize, long a5, long a6)
      |             ^~~~~~~~~~~~~~~~~~~~~~~~
kernel/api/kapi_syscall.c:2074:13: warning: ‘sys_rt_sigpending_impl’ 在此处定义 [-Wunused-function]
 2074 | static long sys_rt_sigpending_impl(long set, long sigsetsize, long a3, long a4, long a5, long a6)
      |             ^~~~~~~~~~~~~~~~~~~~~~
kernel/api/kapi_syscall.c:2065:13: warning: ‘sys_capset_impl’ 在此处定义 [-Wunused-function]
 2065 | static long sys_capset_impl(long header, long data, long a3, long a4, long a5, long a6)
      |             ^~~~~~~~~~~~~~~
kernel/api/kapi_syscall.c:2059:13: warning: ‘sys_capget_impl’ 在此处定义 [-Wunused-function]
 2059 | static long sys_capget_impl(long header, long dataptr, long a3, long a4, long a5, long a6)
      |             ^~~~~~~~~~~~~~~
kernel/api/kapi_syscall.c:2049:13: warning: ‘sys_setfsgid_impl’ 在此处定义 [-Wunused-function]
 2049 | static long sys_setfsgid_impl(long gid, long a2, long a3, long a4, long a5, long a6)
      |             ^~~~~~~~~~~~~~~~~
kernel/api/kapi_syscall.c:2040:13: warning: ‘sys_setfsuid_impl’ 在此处定义 [-Wunused-function]
 2040 | static long sys_setfsuid_impl(long uid, long a2, long a3, long a4, long a5, long a6)
      |             ^~~~~~~~~~~~~~~~~
kernel/api/kapi_syscall.c:2029:13: warning: ‘sys_getresgid_impl’ 在此处定义 [-Wunused-function]
 2029 | static long sys_getresgid_impl(long rgid, long egid, long sgid, long a4, long a5, long a6)
      |             ^~~~~~~~~~~~~~~~~~
kernel/api/kapi_syscall.c:2020:13: warning: ‘sys_setresgid_impl’ 在此处定义 [-Wunused-function]
 2020 | static long sys_setresgid_impl(long rgid, long egid, long sgid, long a4, long a5, long a6)
      |             ^~~~~~~~~~~~~~~~~~
kernel/api/kapi_syscall.c:2010:13: warning: ‘sys_getresuid_impl’ 在此处定义 [-Wunused-function]
 2010 | static long sys_getresuid_impl(long ruid, long euid, long suid, long a4, long a5, long a6)
      |             ^~~~~~~~~~~~~~~~~~
kernel/api/kapi_syscall.c:2001:13: warning: ‘sys_setresuid_impl’ 在此处定义 [-Wunused-function]
 2001 | static long sys_setresuid_impl(long ruid, long euid, long suid, long a4, long a5, long a6)
      |             ^~~~~~~~~~~~~~~~~~
kernel/api/kapi_syscall.c:1992:13: warning: ‘sys_setgroups_impl’ 在此处定义 [-Wunused-function]
 1992 | static long sys_setgroups_impl(long size, long list, long a3, long a4, long a5, long a6)
      |             ^~~~~~~~~~~~~~~~~~
kernel/api/kapi_syscall.c:1986:13: warning: ‘sys_getgroups_impl’ 在此处定义 [-Wunused-function]
 1986 | static long sys_getgroups_impl(long size, long list, long a3, long a4, long a5, long a6)
      |             ^~~~~~~~~~~~~~~~~~
kernel/api/kapi_syscall.c:1979:13: warning: ‘sys_lstat_impl’ 在此处定义 [-Wunused-function]
 1979 | static long sys_lstat_impl(long pathname, long statbuf, long a3, long a4, long a5, long a6)
      |             ^~~~~~~~~~~~~~
kernel/api/kapi_syscall.c:1954:13: warning: ‘sys_umount2_impl’ 在此处定义 [-Wunused-function]
 1954 | static long sys_umount2_impl(long name, long flags, long a3, long a4, long a5, long a6)
      |             ^~~~~~~~~~~~~~~~
kernel/api/kapi_syscall.c:1945:13: warning: ‘sys_mount_impl’ 在此处定义 [-Wunused-function]
 1945 | static long sys_mount_impl(long dev_name, long dir_name, long type, long flags, long data, long a6)
      |             ^~~~~~~~~~~~~~
kernel/api/kapi_syscall.c:1937:13: warning: ‘sys_setrlimit_impl’ 在此处定义 [-Wunused-function]
 1937 | static long sys_setrlimit_impl(long resource, long rlim, long a3, long a4, long a5, long a6)
      |             ^~~~~~~~~~~~~~~~~~
kernel/api/kapi_syscall.c:1920:13: warning: ‘sys_waitid_impl’ 在此处定义 [-Wunused-function]
 1920 | static long sys_waitid_impl(long idtype, long id, long infop, long options, long a5, long a6)
      |             ^~~~~~~~~~~~~~~
kernel/api/kapi_syscall.c:1893:13: warning: ‘sys_accept4_impl’ 在此处定义 [-Wunused-function]
 1893 | static long sys_accept4_impl(long sockfd, long addr, long addrlen, long flags, long a5, long a6)
      |             ^~~~~~~~~~~~~~~~
kernel/api/kapi_syscall.c:1886:13: warning: ‘sys_dup3_impl’ 在此处定义 [-Wunused-function]
 1886 | static long sys_dup3_impl(long oldfd, long newfd, long flags, long a4, long a5, long a6)
      |             ^~~~~~~~~~~~~
kernel/api/kapi_syscall.c:1879:13: warning: ‘sys_pipe2_impl’ 在此处定义 [-Wunused-function]
 1879 | static long sys_pipe2_impl(long pipefd, long flags, long a3, long a4, long a5, long a6)
      |             ^~~~~~~~~~~~~~
kernel/api/kapi_syscall.c:1857:13: warning: ‘sys_writev_impl’ 在此处定义 [-Wunused-function]
 1857 | static long sys_writev_impl(long fd, long iov, long iovcnt, long a4, long a5, long a6)
      |             ^~~~~~~~~~~~~~~
kernel/api/kapi_syscall.c:1836:13: warning: ‘sys_readv_impl’ 在此处定义 [-Wunused-function]
 1836 | static long sys_readv_impl(long fd, long iov, long iovcnt, long a4, long a5, long a6)
      |             ^~~~~~~~~~~~~~
kernel/api/kapi_syscall.c:1828:13: warning: ‘sys_inotify_rm_watch_impl’ 在此处定义 [-Wunused-function]
 1828 | static long sys_inotify_rm_watch_impl(long fd, long wd, long a3, long a4, long a5, long a6)
      |             ^~~~~~~~~~~~~~~~~~~~~~~~~
kernel/api/kapi_syscall.c:1820:13: warning: ‘sys_inotify_add_watch_impl’ 在此处定义 [-Wunused-function]
 1820 | static long sys_inotify_add_watch_impl(long fd, long pathname, long mask, long a4, long a5, long a6)
      |             ^~~~~~~~~~~~~~~~~~~~~~~~~~
kernel/api/kapi_syscall.c:1813:13: warning: ‘sys_inotify_init1_impl’ 在此处定义 [-Wunused-function]
 1813 | static long sys_inotify_init1_impl(long flags, long a2, long a3, long a4, long a5, long a6)
      |             ^~~~~~~~~~~~~~~~~~~~~~
kernel/api/kapi_syscall.c:1806:13: warning: ‘sys_inotify_init_impl’ 在此处定义 [-Wunused-function]
 1806 | static long sys_inotify_init_impl(long a1, long a2, long a3, long a4, long a5, long a6)
      |             ^~~~~~~~~~~~~~~~~~~~~
kernel/api/kapi_syscall.c:1798:13: warning: ‘sys_eventfd_impl’ 在此处定义 [-Wunused-function]
 1798 | static long sys_eventfd_impl(long initval, long a2, long a3, long a4, long a5, long a6)
      |             ^~~~~~~~~~~~~~~~
kernel/api/kapi_syscall.c:1791:13: warning: ‘sys_eventfd2_impl’ 在此处定义 [-Wunused-function]
 1791 | static long sys_eventfd2_impl(long initval, long flags, long a3, long a4, long a5, long a6)
      |             ^~~~~~~~~~~~~~~~~
kernel/api/kapi_syscall.c:1782:13: warning: ‘sys_timerfd_gettime_impl’ 在此处定义 [-Wunused-function]
 1782 | static long sys_timerfd_gettime_impl(long fd, long curr_value, long a3, long a4, long a5, long a6)
      |             ^~~~~~~~~~~~~~~~~~~~~~~~
kernel/api/kapi_syscall.c:1772:13: warning: ‘sys_timerfd_settime_impl’ 在此处定义 [-Wunused-function]
 1772 | static long sys_timerfd_settime_impl(long fd, long flags, long new_value, long old_value, long a5, long a6)
      |             ^~~~~~~~~~~~~~~~~~~~~~~~
kernel/api/kapi_syscall.c:1765:13: warning: ‘sys_timerfd_create_impl’ 在此处定义 [-Wunused-function]
 1765 | static long sys_timerfd_create_impl(long clockid, long flags, long a3, long a4, long a5, long a6)
      |             ^~~~~~~~~~~~~~~~~~~~~~~
kernel/api/kapi_syscall.c:1756:13: warning: ‘sys_signalfd_impl’ 在此处定义 [-Wunused-function]
 1756 | static long sys_signalfd_impl(long fd, long mask, long masksize, long a4, long a5, long a6)
      |             ^~~~~~~~~~~~~~~~~
kernel/api/kapi_syscall.c:1748:13: warning: ‘sys_signalfd4_impl’ 在此处定义 [-Wunused-function]
 1748 | static long sys_signalfd4_impl(long fd, long mask, long masksize, long flags, long a5, long a6)
      |             ^~~~~~~~~~~~~~~~~~
kernel/api/kapi_syscall.c:1740:13: warning: ‘sys_pselect6_impl’ 在此处定义 [-Wunused-function]
 1740 | static long sys_pselect6_impl(long nfds, long readfds, long writefds, long exceptfds, long timeout, long sigmask)
      |             ^~~~~~~~~~~~~~~~~
kernel/api/kapi_syscall.c:1732:13: warning: ‘sys_ppoll_impl’ 在此处定义 [-Wunused-function]
 1732 | static long sys_ppoll_impl(long fds, long nfds, long timeout, long sigmask, long a5, long a6)
      |             ^~~~~~~~~~~~~~
kernel/api/kapi_syscall.c:1724:13: warning: ‘sys_select_impl’ 在此处定义 [-Wunused-function]
 1724 | static long sys_select_impl(long nfds, long readfds, long writefds, long exceptfds, long timeout, long a6)
      |             ^~~~~~~~~~~~~~~
kernel/api/kapi_syscall.c:1716:13: warning: ‘sys_poll_impl’ 在此处定义 [-Wunused-function]
 1716 | static long sys_poll_impl(long fds, long nfds, long timeout, long a4, long a5, long a6)
      |             ^~~~~~~~~~~~~
kernel/api/kapi_syscall.c:1706:13: warning: ‘sys_epoll_pwait_impl’ 在此处定义 [-Wunused-function]
 1706 | static long sys_epoll_pwait_impl(long epfd, long events, long maxevents, long timeout, long sigmask, long a6)
      |             ^~~~~~~~~~~~~~~~~~~~
kernel/api/kapi_syscall.c:1698:13: warning: ‘sys_epoll_wait_impl’ 在此处定义 [-Wunused-function]
 1698 | static long sys_epoll_wait_impl(long epfd, long events, long maxevents, long timeout, long a5, long a6)
      |             ^~~~~~~~~~~~~~~~~~~
kernel/api/kapi_syscall.c:1690:13: warning: ‘sys_epoll_ctl_impl’ 在此处定义 [-Wunused-function]
 1690 | static long sys_epoll_ctl_impl(long epfd, long op, long fd, long event, long a5, long a6)
      |             ^~~~~~~~~~~~~~~~~~
kernel/api/kapi_syscall.c:1683:13: warning: ‘sys_epoll_create1_impl’ 在此处定义 [-Wunused-function]
 1683 | static long sys_epoll_create1_impl(long flags, long a2, long a3, long a4, long a5, long a6)
      |             ^~~~~~~~~~~~~~~~~~~~~~
kernel/api/kapi_syscall.c:1676:13: warning: ‘sys_epoll_create_impl’ 在此处定义 [-Wunused-function]
 1676 | static long sys_epoll_create_impl(long size, long a2, long a3, long a4, long a5, long a6)
      |             ^~~~~~~~~~~~~~~~~~~~~
kernel/api/kapi_syscall.c:181:13: warning: ‘sys_nosys’ 在此处定义 [-Wunused-function]
  181 | static long sys_nosys(long a1, long a2, long a3, long a4, long a5, long a6)
      |             ^~~~~~~~~
<0> Building kernel/api/kapi_sort.c
kernel/api/kapi_string.c: 在函数‘kapi_vsnprintf’中:
kernel/api/kapi_string.c:78:35: warning: conversion from ‘int’ to ‘char’ may change value [-Wconversion]
   78 |                     buffer[i++] = '0' + (n % 10);
      |                                   ^~~
kernel/api/kapi_sort.c: 在函数‘kapi_list_sort’中:
kernel/api/kapi_sort.c:116:27: warning: 未使用的参数‘priv’ [-Wunused-parameter]
  116 | void kapi_list_sort(void* priv, void* head, int (*cmp)(void* priv, void* a, void* b))
      |                     ~~~~~~^~~~
<1> Building kernel/api/kapi_socket.c
<0> Building kernel/api/kapi_smp.c
<3> Building kernel/api/kapi_skbuff.c
kernel/api/kapi_skbuff.c: 在函数‘kapi_skb_alloc’中:
kernel/api/kapi_skbuff.c:17:20: warning: conversion from ‘long long unsigned int’ to ‘size_t’ {或称 ‘long unsigned int’} may change value [-Wconversion]
   17 |     size_t total = sizeof(kapi_skb_t) + headroom + size;
      |                    ^~~~~~
<0> Building kernel/api/kapi_signalfd.c
<0> Building kernel/api/kapi_seq_file.c
<3> Building kernel/api/kapi_security.c
kernel/api/kapi_seq_file.c: 在函数‘kapi_seq_printf’中:
kernel/api/kapi_seq_file.c:151:15: error: implicit declaration of function ‘vsprintf’; did you mean ‘sprintf’? [-Wimplicit-function-declaration]
  151 |     int ret = vsprintf(seq->buf + seq->count, fmt, args);
      |               ^~~~~~~~
      |               sprintf
<0> Building kernel/api/kapi_sched.c
FAILED TASK run all: 
