-- Start building task run rebuild -- (369982532)
-- Start building task rebuild -- (0)
-- Start building task all -- (1)
-- Start building task kernel -- (2)
-- Enter folder kernel/gui/src --
<3> Building kernel/gui/src/textedit.c
<2> Building kernel/gui/src/terminal.c
-- Enter folder kernel/kernel --
<0> Building kernel/kernel/kernel.c
<1> Building kernel/gui/src/main.c
kernel/gui/src/terminal.c: In function 'term_int_to_str':
kernel/gui/src/terminal.c:95:34: warning: conversion from 'uint32_t' {aka 'unsigned int'} to 'char' may change value [-Wconversion]
   95 |     while (val > 0) { tmp[i++] = '0' + (val % 10); val /= 10; }
      |                                  ^~~
kernel/gui/src/main.c: In function 'int_to_string':
kernel/gui/src/textedit.c: In function 'te_int_to_str':
kernel/gui/src/main.c:69:34: warning: conversion from 'uint32_t' {aka 'unsigned int'} to 'char' may change value [-Wconversion]
kernel/gui/src/textedit.c:84:34: warning: conversion from 'uint32_t' {aka 'unsigned int'} to 'char' may change value [-Wconversion]
   69 |     while (val > 0) { tmp[i++] = '0' + (val % 10); val /= 10; }
   84 |     while (val > 0) { tmp[i++] = '0' + (val % 10); val /= 10; }
      |                                  ^~~
      |                                  ^~~
kernel/gui/src/main.c: In function 'button_ok_click':
kernel/gui/src/main.c:81:39: warning: unused parameter 'wgt' [-Wunused-parameter]
   81 | static void button_ok_click(widget_t* wgt, void* user_data) {
      |                             ~~~~~~~~~~^~~
kernel/gui/src/main.c:81:50: warning: unused parameter 'user_data' [-Wunused-parameter]
   81 | static void button_ok_click(widget_t* wgt, void* user_data) {
      |                                            ~~~~~~^~~~~~~~~
kernel/gui/src/main.c: In function 'button_clear_click':
kernel/gui/src/main.c:98:42: warning: unused parameter 'wgt' [-Wunused-parameter]
   98 | static void button_clear_click(widget_t* wgt, void* user_data) {
      |                                ~~~~~~~~~~^~~
kernel/gui/src/main.c:98:53: warning: unused parameter 'user_data' [-Wunused-parameter]
   98 | static void button_clear_click(widget_t* wgt, void* user_data) {
      |                                               ~~~~~~^~~~~~~~~
kernel/gui/src/main.c: In function 'button_about_click':
kernel/gui/src/main.c:106:42: warning: unused parameter 'wgt' [-Wunused-parameter]
  106 | static void button_about_click(widget_t* wgt, void* user_data) {
      |                                ~~~~~~~~~~^~~
kernel/gui/src/main.c:106:53: warning: unused parameter 'user_data' [-Wunused-parameter]
  106 | static void button_about_click(widget_t* wgt, void* user_data) {
      |                                               ~~~~~~^~~~~~~~~
kernel/gui/src/main.c: In function 'theme_light_click':
kernel/gui/src/main.c:205:41: warning: unused parameter 'wgt' [-Wunused-parameter]
  205 | static void theme_light_click(widget_t* wgt, void* user_data) {
      |                               ~~~~~~~~~~^~~
kernel/gui/src/main.c:205:52: warning: unused parameter 'user_data' [-Wunused-parameter]
  205 | static void theme_light_click(widget_t* wgt, void* user_data) {
      |                                              ~~~~~~^~~~~~~~~
kernel/gui/src/main.c: In function 'theme_dark_click':
kernel/gui/src/main.c:211:40: warning: unused parameter 'wgt' [-Wunused-parameter]
  211 | static void theme_dark_click(widget_t* wgt, void* user_data) {
      |                              ~~~~~~~~~~^~~
kernel/gui/src/main.c:211:51: warning: unused parameter 'user_data' [-Wunused-parameter]
  211 | static void theme_dark_click(widget_t* wgt, void* user_data) {
      |                                             ~~~~~~^~~~~~~~~
kernel/gui/src/main.c: In function 'theme_blue_click':
kernel/gui/src/main.c:217:40: warning: unused parameter 'wgt' [-Wunused-parameter]
  217 | static void theme_blue_click(widget_t* wgt, void* user_data) {
      |                              ~~~~~~~~~~^~~
kernel/gui/src/main.c:217:51: warning: unused parameter 'user_data' [-Wunused-parameter]
  217 | static void theme_blue_click(widget_t* wgt, void* user_data) {
      |                                             ~~~~~~^~~~~~~~~
kernel/gui/src/main.c: In function 'theme_green_click':
kernel/gui/src/main.c:223:41: warning: unused parameter 'wgt' [-Wunused-parameter]
  223 | static void theme_green_click(widget_t* wgt, void* user_data) {
      |                               ~~~~~~~~~~^~~
kernel/gui/src/main.c:223:52: warning: unused parameter 'user_data' [-Wunused-parameter]
  223 | static void theme_green_click(widget_t* wgt, void* user_data) {
      |                                              ~~~~~~^~~~~~~~~
kernel/gui/src/main.c: In function 'theme_sunset_click':
kernel/gui/src/main.c:229:42: warning: unused parameter 'wgt' [-Wunused-parameter]
  229 | static void theme_sunset_click(widget_t* wgt, void* user_data) {
      |                                ~~~~~~~~~~^~~
kernel/gui/src/main.c:229:53: warning: unused parameter 'user_data' [-Wunused-parameter]
  229 | static void theme_sunset_click(widget_t* wgt, void* user_data) {
      |                                               ~~~~~~^~~~~~~~~
kernel/gui/src/main.c: In function 'theme_ocean_click':
kernel/gui/src/main.c:235:41: warning: unused parameter 'wgt' [-Wunused-parameter]
  235 | static void theme_ocean_click(widget_t* wgt, void* user_data) {
      |                               ~~~~~~~~~~^~~
kernel/gui/src/main.c:235:52: warning: unused parameter 'user_data' [-Wunused-parameter]
  235 | static void theme_ocean_click(widget_t* wgt, void* user_data) {
      |                                              ~~~~~~^~~~~~~~~
kernel/gui/src/main.c: In function 'theme_forest_click':
kernel/gui/src/main.c:241:42: warning: unused parameter 'wgt' [-Wunused-parameter]
  241 | static void theme_forest_click(widget_t* wgt, void* user_data) {
      |                                ~~~~~~~~~~^~~
kernel/gui/src/main.c:241:53: warning: unused parameter 'user_data' [-Wunused-parameter]
  241 | static void theme_forest_click(widget_t* wgt, void* user_data) {
      |                                               ~~~~~~^~~~~~~~~
kernel/gui/src/main.c: In function 'theme_aurora_click':
kernel/gui/src/main.c:247:42: warning: unused parameter 'wgt' [-Wunused-parameter]
  247 | static void theme_aurora_click(widget_t* wgt, void* user_data) {
      |                                ~~~~~~~~~~^~~
kernel/gui/src/main.c:247:53: warning: unused parameter 'user_data' [-Wunused-parameter]
  247 | static void theme_aurora_click(widget_t* wgt, void* user_data) {
      |                                               ~~~~~~^~~~~~~~~
kernel/gui/src/main.c: In function 'theme_rose_click':
kernel/gui/src/main.c:253:40: warning: unused parameter 'wgt' [-Wunused-parameter]
  253 | static void theme_rose_click(widget_t* wgt, void* user_data) {
      |                              ~~~~~~~~~~^~~
kernel/gui/src/main.c:253:51: warning: unused parameter 'user_data' [-Wunused-parameter]
  253 | static void theme_rose_click(widget_t* wgt, void* user_data) {
      |                                             ~~~~~~^~~~~~~~~
kernel/gui/src/main.c: In function 'theme_gold_click':
kernel/gui/src/main.c:259:40: warning: unused parameter 'wgt' [-Wunused-parameter]
  259 | static void theme_gold_click(widget_t* wgt, void* user_data) {
      |                              ~~~~~~~~~~^~~
kernel/gui/src/main.c:259:51: warning: unused parameter 'user_data' [-Wunused-parameter]
  259 | static void theme_gold_click(widget_t* wgt, void* user_data) {
      |                                             ~~~~~~^~~~~~~~~
kernel/gui/src/main.c: In function 'theme_midnight_click':
kernel/gui/src/main.c:265:44: warning: unused parameter 'wgt' [-Wunused-parameter]
  265 | static void theme_midnight_click(widget_t* wgt, void* user_data) {
      |                                  ~~~~~~~~~~^~~
kernel/gui/src/main.c:265:55: warning: unused parameter 'user_data' [-Wunused-parameter]
  265 | static void theme_midnight_click(widget_t* wgt, void* user_data) {
      |                                                 ~~~~~~^~~~~~~~~
kernel/gui/src/main.c: In function 'theme_lavender_click':
kernel/gui/src/main.c:271:44: warning: unused parameter 'wgt' [-Wunused-parameter]
  271 | static void theme_lavender_click(widget_t* wgt, void* user_data) {
      |                                  ~~~~~~~~~~^~~
kernel/gui/src/main.c:271:55: warning: unused parameter 'user_data' [-Wunused-parameter]
  271 | static void theme_lavender_click(widget_t* wgt, void* user_data) {
      |                                                 ~~~~~~^~~~~~~~~
kernel/gui/src/main.c: In function 'accent_blue_click':
kernel/gui/src/main.c:277:41: warning: unused parameter 'wgt' [-Wunused-parameter]
  277 | static void accent_blue_click(widget_t* wgt, void* user_data) {
      |                               ~~~~~~~~~~^~~
kernel/gui/src/main.c:277:52: warning: unused parameter 'user_data' [-Wunused-parameter]
  277 | static void accent_blue_click(widget_t* wgt, void* user_data) {
      |                                              ~~~~~~^~~~~~~~~
kernel/gui/src/main.c: In function 'accent_red_click':
kernel/gui/src/main.c:282:40: warning: unused parameter 'wgt' [-Wunused-parameter]
  282 | static void accent_red_click(widget_t* wgt, void* user_data) {
      |                              ~~~~~~~~~~^~~
kernel/gui/src/main.c:282:51: warning: unused parameter 'user_data' [-Wunused-parameter]
  282 | static void accent_red_click(widget_t* wgt, void* user_data) {
      |                                             ~~~~~~^~~~~~~~~
kernel/gui/src/main.c: In function 'accent_green_click':
kernel/gui/src/main.c:287:42: warning: unused parameter 'wgt' [-Wunused-parameter]
  287 | static void accent_green_click(widget_t* wgt, void* user_data) {
      |                                ~~~~~~~~~~^~~
kernel/gui/src/main.c:287:53: warning: unused parameter 'user_data' [-Wunused-parameter]
  287 | static void accent_green_click(widget_t* wgt, void* user_data) {
      |                                               ~~~~~~^~~~~~~~~
kernel/gui/src/main.c: In function 'accent_purple_click':
kernel/gui/src/main.c:292:43: warning: unused parameter 'wgt' [-Wunused-parameter]
  292 | static void accent_purple_click(widget_t* wgt, void* user_data) {
      |                                 ~~~~~~~~~~^~~
kernel/gui/src/main.c:292:54: warning: unused parameter 'user_data' [-Wunused-parameter]
  292 | static void accent_purple_click(widget_t* wgt, void* user_data) {
      |                                                ~~~~~~^~~~~~~~~
kernel/gui/src/main.c: In function 'accent_orange_click':
kernel/gui/src/main.c:297:43: warning: unused parameter 'wgt' [-Wunused-parameter]
  297 | static void accent_orange_click(widget_t* wgt, void* user_data) {
      |                                 ~~~~~~~~~~^~~
kernel/gui/src/main.c:297:54: warning: unused parameter 'user_data' [-Wunused-parameter]
  297 | static void accent_orange_click(widget_t* wgt, void* user_data) {
      |                                                ~~~~~~^~~~~~~~~
kernel/gui/src/main.c: In function 'accent_pink_click':
kernel/gui/src/main.c:302:41: warning: unused parameter 'wgt' [-Wunused-parameter]
  302 | static void accent_pink_click(widget_t* wgt, void* user_data) {
      |                               ~~~~~~~~~~^~~
kernel/gui/src/main.c:302:52: warning: unused parameter 'user_data' [-Wunused-parameter]
  302 | static void accent_pink_click(widget_t* wgt, void* user_data) {
      |                                              ~~~~~~^~~~~~~~~
kernel/gui/src/main.c: In function 'accent_teal_click':
kernel/gui/src/main.c:307:41: warning: unused parameter 'wgt' [-Wunused-parameter]
  307 | static void accent_teal_click(widget_t* wgt, void* user_data) {
      |                               ~~~~~~~~~~^~~
kernel/gui/src/main.c:307:52: warning: unused parameter 'user_data' [-Wunused-parameter]
  307 | static void accent_teal_click(widget_t* wgt, void* user_data) {
      |                                              ~~~~~~^~~~~~~~~
kernel/gui/src/main.c: In function 'accent_indigo_click':
kernel/gui/src/main.c:312:43: warning: unused parameter 'wgt' [-Wunused-parameter]
  312 | static void accent_indigo_click(widget_t* wgt, void* user_data) {
      |                                 ~~~~~~~~~~^~~
kernel/gui/src/main.c:312:54: warning: unused parameter 'user_data' [-Wunused-parameter]
  312 | static void accent_indigo_click(widget_t* wgt, void* user_data) {
      |                                                ~~~~~~^~~~~~~~~
kernel/gui/src/main.c: In function 'accent_rose_click':
kernel/gui/src/main.c:317:41: warning: unused parameter 'wgt' [-Wunused-parameter]
  317 | static void accent_rose_click(widget_t* wgt, void* user_data) {
      |                               ~~~~~~~~~~^~~
kernel/gui/src/main.c:317:52: warning: unused parameter 'user_data' [-Wunused-parameter]
  317 | static void accent_rose_click(widget_t* wgt, void* user_data) {
      |                                              ~~~~~~^~~~~~~~~
kernel/gui/src/main.c: In function 'accent_amber_click':
kernel/gui/src/main.c:322:42: warning: unused parameter 'wgt' [-Wunused-parameter]
  322 | static void accent_amber_click(widget_t* wgt, void* user_data) {
      |                                ~~~~~~~~~~^~~
kernel/gui/src/main.c:322:53: warning: unused parameter 'user_data' [-Wunused-parameter]
  322 | static void accent_amber_click(widget_t* wgt, void* user_data) {
      |                                               ~~~~~~^~~~~~~~~
kernel/gui/src/main.c: In function 'accent_emerald_click':
kernel/gui/src/main.c:327:44: warning: unused parameter 'wgt' [-Wunused-parameter]
  327 | static void accent_emerald_click(widget_t* wgt, void* user_data) {
      |                                  ~~~~~~~~~~^~~
kernel/gui/src/main.c:327:55: warning: unused parameter 'user_data' [-Wunused-parameter]
  327 | static void accent_emerald_click(widget_t* wgt, void* user_data) {
      |                                                 ~~~~~~^~~~~~~~~
kernel/gui/src/main.c: In function 'accent_violet_click':
kernel/gui/src/main.c:332:43: warning: unused parameter 'wgt' [-Wunused-parameter]
  332 | static void accent_violet_click(widget_t* wgt, void* user_data) {
      |                                 ~~~~~~~~~~^~~
kernel/gui/src/main.c:332:54: warning: unused parameter 'user_data' [-Wunused-parameter]
  332 | static void accent_violet_click(widget_t* wgt, void* user_data) {
      |                                                ~~~~~~^~~~~~~~~
kernel/gui/src/main.c: In function 'accent_fuchsia_click':
kernel/gui/src/main.c:337:44: warning: unused parameter 'wgt' [-Wunused-parameter]
  337 | static void accent_fuchsia_click(widget_t* wgt, void* user_data) {
      |                                  ~~~~~~~~~~^~~
kernel/gui/src/main.c:337:55: warning: unused parameter 'user_data' [-Wunused-parameter]
  337 | static void accent_fuchsia_click(widget_t* wgt, void* user_data) {
      |                                                 ~~~~~~^~~~~~~~~
kernel/gui/src/main.c: In function 'accent_sky_click':
kernel/gui/src/main.c:342:40: warning: unused parameter 'wgt' [-Wunused-parameter]
  342 | static void accent_sky_click(widget_t* wgt, void* user_data) {
      |                              ~~~~~~~~~~^~~
kernel/gui/src/main.c:342:51: warning: unused parameter 'user_data' [-Wunused-parameter]
  342 | static void accent_sky_click(widget_t* wgt, void* user_data) {
      |                                             ~~~~~~^~~~~~~~~
kernel/gui/src/main.c: In function 'accent_lime_click':
kernel/gui/src/main.c:347:41: warning: unused parameter 'wgt' [-Wunused-parameter]
  347 | static void accent_lime_click(widget_t* wgt, void* user_data) {
      |                               ~~~~~~~~~~^~~
kernel/gui/src/main.c:347:52: warning: unused parameter 'user_data' [-Wunused-parameter]
  347 | static void accent_lime_click(widget_t* wgt, void* user_data) {
      |                                              ~~~~~~^~~~~~~~~
kernel/gui/src/main.c: In function 'wall_default_click':
kernel/gui/src/main.c:352:42: warning: unused parameter 'wgt' [-Wunused-parameter]
  352 | static void wall_default_click(widget_t* wgt, void* user_data) {
      |                                ~~~~~~~~~~^~~
kernel/gui/src/main.c:352:53: warning: unused parameter 'user_data' [-Wunused-parameter]
  352 | static void wall_default_click(widget_t* wgt, void* user_data) {
      |                                               ~~~~~~^~~~~~~~~
kernel/gui/src/main.c: In function 'wall_sunset_click':
kernel/gui/src/main.c:356:41: warning: unused parameter 'wgt' [-Wunused-parameter]
  356 | static void wall_sunset_click(widget_t* wgt, void* user_data) {
      |                               ~~~~~~~~~~^~~
kernel/gui/src/main.c:356:52: warning: unused parameter 'user_data' [-Wunused-parameter]
  356 | static void wall_sunset_click(widget_t* wgt, void* user_data) {
      |                                              ~~~~~~^~~~~~~~~
kernel/gui/src/main.c: In function 'wall_forest_click':
kernel/gui/src/main.c:360:41: warning: unused parameter 'wgt' [-Wunused-parameter]
  360 | static void wall_forest_click(widget_t* wgt, void* user_data) {
      |                               ~~~~~~~~~~^~~
kernel/gui/src/main.c:360:52: warning: unused parameter 'user_data' [-Wunused-parameter]
  360 | static void wall_forest_click(widget_t* wgt, void* user_data) {
      |                                              ~~~~~~^~~~~~~~~
kernel/gui/src/main.c: In function 'wall_night_click':
kernel/gui/src/main.c:364:40: warning: unused parameter 'wgt' [-Wunused-parameter]
kernel/gui/src/textedit.c: In function 'te_draw_line_numbers':
  364 | static void wall_night_click(widget_t* wgt, void* user_data) {
kernel/gui/src/textedit.c:274:69: warning: unused parameter 'cw' [-Wunused-parameter]
      |                              ~~~~~~~~~~^~~
  274 | static void te_draw_line_numbers(uint32_t cx, uint32_t cy, uint32_t cw, uint32_t ch) {
kernel/gui/src/main.c:364:51: warning: unused parameter 'user_data' [-Wunused-parameter]
      |                                                            ~~~~~~~~~^~
  364 | static void wall_night_click(widget_t* wgt, void* user_data) {
      |                                             ~~~~~~^~~~~~~~~
kernel/gui/src/main.c: In function 'wall_ocean_click':
kernel/gui/src/main.c:368:40: warning: unused parameter 'wgt' [-Wunused-parameter]
  368 | static void wall_ocean_click(widget_t* wgt, void* user_data) {
      |                              ~~~~~~~~~~^~~
kernel/gui/src/main.c:368:51: warning: unused parameter 'user_data' [-Wunused-parameter]
  368 | static void wall_ocean_click(widget_t* wgt, void* user_data) {
      |                                             ~~~~~~^~~~~~~~~
kernel/gui/src/main.c: In function 'wall_aurora_click':
kernel/gui/src/main.c:372:41: warning: unused parameter 'wgt' [-Wunused-parameter]
  372 | static void wall_aurora_click(widget_t* wgt, void* user_data) {
      |                               ~~~~~~~~~~^~~
kernel/gui/src/main.c:372:52: warning: unused parameter 'user_data' [-Wunused-parameter]
  372 | static void wall_aurora_click(widget_t* wgt, void* user_data) {
      |                                              ~~~~~~^~~~~~~~~
kernel/gui/src/main.c: In function 'wall_rose_click':
kernel/gui/src/main.c:376:39: warning: unused parameter 'wgt' [-Wunused-parameter]
  376 | static void wall_rose_click(widget_t* wgt, void* user_data) {
      |                             ~~~~~~~~~~^~~
kernel/gui/src/main.c:376:50: warning: unused parameter 'user_data' [-Wunused-parameter]
  376 | static void wall_rose_click(widget_t* wgt, void* user_data) {
      |                                            ~~~~~~^~~~~~~~~
kernel/gui/src/main.c: In function 'wall_gold_click':
kernel/gui/src/main.c:380:39: warning: unused parameter 'wgt' [-Wunused-parameter]
  380 | static void wall_gold_click(widget_t* wgt, void* user_data) {
      |                             ~~~~~~~~~~^~~
kernel/gui/src/main.c:380:50: warning: unused parameter 'user_data' [-Wunused-parameter]
  380 | static void wall_gold_click(widget_t* wgt, void* user_data) {
      |                                            ~~~~~~^~~~~~~~~
In file included from kernel/kernel/kernel.c:32:
kernel/arch/x86_64/include/arch/netfilter.h: In function 'nf_hook_slow_eval':
kernel/arch/x86_64/include/arch/netfilter.h:56:16: warning: conversion from 'int' to 'uint16_t' {aka 'short unsigned int'} may change value [-Wconversion]
   56 |         return verdict;
      |                ^~~~~~~
kernel/gui/src/main.c: At top level:
kernel/gui/src/main.c:122:13: warning: 'menu_open_main' defined but not used [-Wunused-function]
  122 | static void menu_open_main(void) {
      |             ^~~~~~~~~~~~~~
kernel/gui/src/main.c:55:18: warning: 'color_gallery_win' defined but not used [-Wunused-variable]
   55 | static window_t* color_gallery_win = NULL;
      |                  ^~~~~~~~~~~~~~~~~
kernel/gui/src/main.c:50:13: warning: 'test_pattern_active' defined but not used [-Wunused-variable]
   50 | static bool test_pattern_active = false;  /* 颜色测试界面激活标志 */
      |             ^~~~~~~~~~~~~~~~~~~
In file included from kernel/kernel/kernel.c:40:
kernel/arch/x86_64/include/arch/ext4.h: At top level:
kernel/arch/x86_64/include/arch/ext4.h:275:7: warning: ISO C forbids zero-size array 'dx_entry' [-Wpedantic]
  275 |     } dx_entry[0];
      |       ^~~~~~~~
kernel/arch/x86_64/include/arch/ext4.h:289:7: warning: ISO C forbids zero-size array 'dx_entry' [-Wpedantic]
  289 |     } dx_entry[0];
      |       ^~~~~~~~
In file included from kernel/kernel/kernel.c:54:
kernel/arch/x86_64/include/arch/registry.h:144:17: warning: invalid use of structure with flexible array member [-Wpedantic]
  144 |     lf_entry_t  entries[];
      |                 ^~~~~~~
kernel/arch/x86_64/include/arch/registry.h:157:17: warning: invalid use of structure with flexible array member [-Wpedantic]
  157 |     lh_entry_t  entries[];
      |                 ^~~~~~~
In file included from include/kapi.h:23,
                 from kernel/kernel/kernel.c:72:
include/kapi_bitmap.h: In function 'kapi_bitmap_set_all':
include/kapi_bitmap.h:33:26: warning: conversion from 'long long unsigned int' to 'unsigned int' may change value [-Wconversion]
   33 |     unsigned int longs = (nbits + KAPI_BITS_PER_LONG - 1) / KAPI_BITS_PER_LONG;
      |                          ^
include/kapi_bitmap.h: In function 'kapi_bitmap_clear_all':
include/kapi_bitmap.h:41:26: warning: conversion from 'long long unsigned int' to 'unsigned int' may change value [-Wconversion]
   41 |     unsigned int longs = (nbits + KAPI_BITS_PER_LONG - 1) / KAPI_BITS_PER_LONG;
      |                          ^
include/kapi_bitmap.h: In function 'kapi_bitmap_find_first':
include/kapi_bitmap.h:49:26: warning: conversion from 'long long unsigned int' to 'unsigned int' may change value [-Wconversion]
   49 |     unsigned int longs = (nbits + KAPI_BITS_PER_LONG - 1) / KAPI_BITS_PER_LONG;
      |                          ^
include/kapi_bitmap.h:56:35: warning: conversion to 'int' from 'unsigned int' may change the sign of the result [-Wsign-conversion]
   56 |                     return offset + j;
      |                            ~~~~~~~^~~
include/kapi_bitmap.h: In function 'kapi_bitmap_find_first_zero':
include/kapi_bitmap.h:66:26: warning: conversion from 'long long unsigned int' to 'unsigned int' may change value [-Wconversion]
   66 |     unsigned int longs = (nbits + KAPI_BITS_PER_LONG - 1) / KAPI_BITS_PER_LONG;
      |                          ^
include/kapi_bitmap.h:73:35: warning: conversion to 'int' from 'unsigned int' may change the sign of the result [-Wsign-conversion]
   73 |                     return offset + j;
      |                            ~~~~~~~^~~
include/kapi_bitmap.h: In function 'kapi_bitmap_count':
include/kapi_bitmap.h:84:26: warning: conversion from 'long long unsigned int' to 'unsigned int' may change value [-Wconversion]
   84 |     unsigned int longs = (nbits + KAPI_BITS_PER_LONG - 1) / KAPI_BITS_PER_LONG;
      |                          ^
In file included from include/kapi.h:59:
include/kapi_netlink.h: In function 'kapi_nlmsg_next':
include/kapi_netlink.h:19:37: warning: conversion to 'int' from 'uint32_t' {aka 'unsigned int'} may change the sign of the result [-Wsign-conversion]
   19 | #define KAPI_NLMSG_ALIGNTO          4
      |                                     ^
include/kapi_netlink.h:75:18: note: in expansion of macro 'KAPI_NLMSG_ALIGNTO'
   75 |     int totlen = KAPI_NLMSG_ALIGNTO * ((nlh->nlmsg_len + KAPI_NLMSG_ALIGNTO - 1) / KAPI_NLMSG_ALIGNTO);
      |                  ^~~~~~~~~~~~~~~~~~
kernel/kernel/kernel.c: In function 'kernel_main':
kernel/kernel/kernel.c:96:71: warning: unused parameter 'mmi' [-Wunused-parameter]
   96 | void kernel_main(struct FrameBufferConfig *fbc, struct MemoryMapInfo *mmi)
      |                                                 ~~~~~~~~~~~~~~~~~~~~~~^~~
<0> Building kernel/gui/src/kenux_render.c
<3> Building kernel/gui/src/framebuffer.c
kernel/gui/src/framebuffer.c: In function 'gui_fb_init':
kernel/gui/src/framebuffer.c:46:14: warning: conversion from 'uint32_t' {aka 'unsigned int'} to 'uint8_t' {aka 'unsigned char'} may change value [-Wconversion]
   46 |     fb.bpp = info->bpp;
      |              ^~~~
kernel/gui/src/framebuffer.c: In function 'fb_convert_color':
kernel/gui/src/framebuffer.c:87:17: warning: conversion from 'uint32_t' {aka 'unsigned int'} to 'uint8_t' {aka 'unsigned char'} may change value [-Wconversion]
   87 |     uint8_t a = (rgb_color >> 24) & 0xFF;
      |                 ^
kernel/gui/src/framebuffer.c: In function 'fb_blit_alpha':
kernel/gui/src/framebuffer.c:464:25: warning: conversion from 'uint32_t' {aka 'unsigned int'} to 'uint8_t' {aka 'unsigned char'} may change value [-Wconversion]
  464 |             uint8_t a = (pixel >> 24) & 0xFF;
      |                         ^
kernel/gui/src/framebuffer.c: In function 'fb_fill_rounded_rect':
kernel/gui/src/framebuffer.c:509:36: warning: conversion to 'uint32_t' {aka 'unsigned int'} from 'int32_t' {aka 'int'} may change the sign of the result [-Wsign-conversion]
  509 |                 set_pixel_direct(x + dx, y + dy, color);               /* TL */
      |                                    ^
kernel/gui/src/framebuffer.c:509:44: warning: conversion to 'uint32_t' {aka 'unsigned int'} from 'int32_t' {aka 'int'} may change the sign of the result [-Wsign-conversion]
  509 |                 set_pixel_direct(x + dx, y + dy, color);               /* TL */
      |                                            ^
kernel/gui/src/framebuffer.c:510:44: warning: conversion to 'uint32_t' {aka 'unsigned int'} from 'int32_t' {aka 'int'} may change the sign of the result [-Wsign-conversion]
  510 |                 set_pixel_direct(x + w - 1 - dx, y + dy, color);       /* TR */
      |                                            ^
kernel/gui/src/framebuffer.c:510:52: warning: conversion to 'uint32_t' {aka 'unsigned int'} from 'int32_t' {aka 'int'} may change the sign of the result [-Wsign-conversion]
  510 |                 set_pixel_direct(x + w - 1 - dx, y + dy, color);       /* TR */
      |                                                    ^
kernel/gui/src/framebuffer.c:511:36: warning: conversion to 'uint32_t' {aka 'unsigned int'} from 'int32_t' {aka 'int'} may change the sign of the result [-Wsign-conversion]
  511 |                 set_pixel_direct(x + dx, y + h - 1 - dy, color);       /* BL */
      |                                    ^
kernel/gui/src/framebuffer.c:511:52: warning: conversion to 'uint32_t' {aka 'unsigned int'} from 'int32_t' {aka 'int'} may change the sign of the result [-Wsign-conversion]
  511 |                 set_pixel_direct(x + dx, y + h - 1 - dy, color);       /* BL */
      |                                                    ^
kernel/gui/src/framebuffer.c:512:44: warning: conversion to 'uint32_t' {aka 'unsigned int'} from 'int32_t' {aka 'int'} may change the sign of the result [-Wsign-conversion]
  512 |                 set_pixel_direct(x + w - 1 - dx, y + h - 1 - dy, color); /* BR */
      |                                            ^
kernel/gui/src/framebuffer.c:512:60: warning: conversion to 'uint32_t' {aka 'unsigned int'} from 'int32_t' {aka 'int'} may change the sign of the result [-Wsign-conversion]
  512 |                 set_pixel_direct(x + w - 1 - dx, y + h - 1 - dy, color); /* BR */
      |                                                            ^
kernel/gui/src/framebuffer.c: In function 'fb_fill_rounded_top_rect':
kernel/gui/src/framebuffer.c:537:36: warning: conversion to 'uint32_t' {aka 'unsigned int'} from 'int32_t' {aka 'int'} may change the sign of the result [-Wsign-conversion]
  537 |                 set_pixel_direct(x + dx, y + dy, color);
      |                                    ^
kernel/gui/src/framebuffer.c:537:44: warning: conversion to 'uint32_t' {aka 'unsigned int'} from 'int32_t' {aka 'int'} may change the sign of the result [-Wsign-conversion]
  537 |                 set_pixel_direct(x + dx, y + dy, color);
      |                                            ^
kernel/gui/src/framebuffer.c:538:44: warning: conversion to 'uint32_t' {aka 'unsigned int'} from 'int32_t' {aka 'int'} may change the sign of the result [-Wsign-conversion]
  538 |                 set_pixel_direct(x + w - 1 - dx, y + dy, color);
      |                                            ^
kernel/gui/src/framebuffer.c:538:52: warning: conversion to 'uint32_t' {aka 'unsigned int'} from 'int32_t' {aka 'int'} may change the sign of the result [-Wsign-conversion]
  538 |                 set_pixel_direct(x + w - 1 - dx, y + dy, color);
      |                                                    ^
kernel/gui/src/framebuffer.c: In function 'fb_blit_scaled':
kernel/gui/src/framebuffer.c:607:25: warning: conversion from 'uint32_t' {aka 'unsigned int'} to 'uint8_t' {aka 'unsigned char'} may change value [-Wconversion]
  607 |             uint8_t a = (pixel >> 24) & 0xFF;
      |                         ^
kernel/gui/src/kenux_render.c: In function 'KENUX_Render_DrawDashboardCard':
kernel/gui/src/kenux_render.c:362:36: warning: conversion from 'uint32_t' {aka 'unsigned int'} to 'char' may change value [-Wconversion]
  362 |         while (v > 0) { tmp[i++] = '0' + (v % 10); v /= 10; }
      |                                    ^~~
<1> Building kernel/gui/src/filemgr.c
-- Enter folder kernel/arch/x86_64 --
<2> Building kernel/arch/x86_64/wmi.c
kernel/gui/src/filemgr.c: In function 'fm_int_to_str':
kernel/gui/src/filemgr.c:154:34: warning: conversion from 'uint32_t' {aka 'unsigned int'} to 'char' may change value [-Wconversion]
  154 |     while (val > 0) { tmp[i++] = '0' + (val % 10); val /= 10; }
      |                                  ^~~
kernel/gui/src/filemgr.c: In function 'fm_format_size':
kernel/gui/src/filemgr.c:173:19: warning: conversion from 'uint32_t' {aka 'unsigned int'} to 'char' may change value [-Wconversion]
  173 |         frac[1] = '0' + mb_frac;
      |                   ^~~
In file included from kernel/arch/x86_64/wmi.c:3:
kernel/arch/x86_64/include/arch/registry.h:144:17: warning: invalid use of structure with flexible array member [-Wpedantic]
  144 |     lf_entry_t  entries[];
      |                 ^~~~~~~
kernel/arch/x86_64/include/arch/registry.h:157:17: warning: invalid use of structure with flexible array member [-Wpedantic]
  157 |     lh_entry_t  entries[];
      |                 ^~~~~~~
kernel/arch/x86_64/wmi.c: In function 'wmi_exec_query':
kernel/arch/x86_64/wmi.c:498:21: warning: multi-character character constant [-Wmultichar]
  498 |     en->signature = 'ENUM';
      |                     ^~~~~~
kernel/arch/x86_64/wmi.c: In function 'wmi_enum_get':
kernel/arch/x86_64/wmi.c:531:36: warning: multi-character character constant [-Wmultichar]
  531 |     if (en->signature != (uint32_t)'ENUM') return WBEM_E_INVALID_PARAMETER;
      |                                    ^~~~~~
<0> Building kernel/arch/x86_64/win32_stubs.c
<3> Building kernel/arch/x86_64/win32_shell.c
In file included from kernel/arch/x86_64/win32_shell.c:7:
kernel/arch/x86_64/include/arch/registry.h:144:17: warning: invalid use of structure with flexible array member [-Wpedantic]
  144 |     lf_entry_t  entries[];
      |                 ^~~~~~~
kernel/arch/x86_64/include/arch/registry.h:157:17: warning: invalid use of structure with flexible array member [-Wpedantic]
  157 |     lh_entry_t  entries[];
      |                 ^~~~~~~
kernel/arch/x86_64/win32_shell.c: In function 'ShellExecuteA':
kernel/arch/x86_64/win32_shell.c:207:30: warning: unused variable 'tmp' [-Wunused-variable]
  207 |                         char tmp[512];
      |                              ^~~
kernel/arch/x86_64/win32_shell.c: In function 'PathCanonicalizeA':
kernel/arch/x86_64/win32_shell.c:728:34: warning: conversion to 'size_t' {aka 'long long unsigned int'} from 'int' may change the sign of the result [-Wsign-conversion]
  728 |             memcpy(tmp + ti, sp, ci);
      |                                  ^~
kernel/arch/x86_64/win32_shell.c: In function 'cmd_builtin_dir':
kernel/arch/x86_64/win32_shell.c:1598:9: warning: variable 'found' set but not used [-Wunused-but-set-variable=]
 1598 |     int found;
      |         ^~~~~
kernel/arch/x86_64/win32_shell.c: In function 'cmd_builtin_set':
kernel/arch/x86_64/win32_shell.c:1795:9: warning: variable 'expr_mode' set but not used [-Wunused-but-set-variable=]
 1795 |     int expr_mode = 0;
      |         ^~~~~~~~~
kernel/arch/x86_64/win32_shell.c: In function 'cmd_builtin_sort':
kernel/arch/x86_64/win32_shell.c:2065:22: warning: conversion to 'size_t' {aka 'long long unsigned int'} from 'int' may change the sign of the result [-Wsign-conversion]
 2065 |         qsort(lines, count, sizeof(char*), strcmp_void);
      |                      ^~~~~
kernel/arch/x86_64/win32_shell.c: In function 'cmd_builtin_help':
kernel/arch/x86_64/win32_shell.c:2116:42: warning: unused parameter 'cmd' [-Wunused-parameter]
 2116 | static int cmd_builtin_help(cmd_state_t* cmd, int argc, char** argv) {
      |                             ~~~~~~~~~~~~~^~~
kernel/arch/x86_64/win32_shell.c: In function 'cmd_resolve_and_run':
kernel/arch/x86_64/win32_shell.c:2224:23: warning: comparison between pointer and integer
 2224 |         if (fn && *fn != cmdname) {
      |                       ^~
kernel/arch/x86_64/win32_shell.c: In function 'cmd_execute_line':
kernel/arch/x86_64/win32_shell.c:2373:13: warning: variable 'match_idx' set but not used [-Wunused-but-set-variable=]
 2373 |         int match_idx;
      |             ^~~~~~~~~
<0> Building kernel/arch/x86_64/win32_security.c
<1> Building kernel/arch/x86_64/win32_process.c
<2> Building kernel/arch/x86_64/win32_ntdll.c
kernel/arch/x86_64/win32_security.c: In function 'CreateWellKnownSid':
kernel/arch/x86_64/win32_security.c:8:43: warning: missing braces around initializer [-Wmissing-braces]
    8 | #define SECURITY_WORLD_SID_AUTHORITY      {0,0,0,0,0,1}
      |                                           ^
kernel/arch/x86_64/win32_security.c:397:43: note: in expansion of macro 'SECURITY_WORLD_SID_AUTHORITY'
  397 |     SID_IDENTIFIER_AUTHORITY world_auth = SECURITY_WORLD_SID_AUTHORITY;
      |                                           ^~~~~~~~~~~~~~~~~~~~~~~~~~~~
kernel/arch/x86_64/win32_security.c:9:43: warning: missing braces around initializer [-Wmissing-braces]
    9 | #define SECURITY_LOCAL_SID_AUTHORITY      {0,0,0,0,0,2}
      |                                           ^
kernel/arch/x86_64/win32_security.c:398:43: note: in expansion of macro 'SECURITY_LOCAL_SID_AUTHORITY'
  398 |     SID_IDENTIFIER_AUTHORITY local_auth = SECURITY_LOCAL_SID_AUTHORITY;
      |                                           ^~~~~~~~~~~~~~~~~~~~~~~~~~~~
kernel/arch/x86_64/win32_security.c:10:43: warning: missing braces around initializer [-Wmissing-braces]
   10 | #define SECURITY_CREATOR_SID_AUTHORITY    {0,0,0,0,0,3}
      |                                           ^
kernel/arch/x86_64/win32_security.c:399:45: note: in expansion of macro 'SECURITY_CREATOR_SID_AUTHORITY'
  399 |     SID_IDENTIFIER_AUTHORITY creator_auth = SECURITY_CREATOR_SID_AUTHORITY;
      |                                             ^~~~~~~~~~~~~~~~~~~~~~~~~~~~~~
kernel/arch/x86_64/win32_security.c:12:43: warning: missing braces around initializer [-Wmissing-braces]
   12 | #define SECURITY_NT_AUTHORITY             {0,0,0,0,0,5}
      |                                           ^
kernel/arch/x86_64/win32_security.c:400:40: note: in expansion of macro 'SECURITY_NT_AUTHORITY'
  400 |     SID_IDENTIFIER_AUTHORITY nt_auth = SECURITY_NT_AUTHORITY;
      |                                        ^~~~~~~~~~~~~~~~~~~~~
kernel/arch/x86_64/win32_security.c: In function 'sid_is_world_or_auth':
kernel/arch/x86_64/win32_security.c:8:43: warning: missing braces around initializer [-Wmissing-braces]
    8 | #define SECURITY_WORLD_SID_AUTHORITY      {0,0,0,0,0,1}
      |                                           ^
kernel/arch/x86_64/win32_security.c:591:43: note: in expansion of macro 'SECURITY_WORLD_SID_AUTHORITY'
  591 |     SID_IDENTIFIER_AUTHORITY world_auth = SECURITY_WORLD_SID_AUTHORITY;
      |                                           ^~~~~~~~~~~~~~~~~~~~~~~~~~~~
kernel/arch/x86_64/win32_security.c:12:43: warning: missing braces around initializer [-Wmissing-braces]
   12 | #define SECURITY_NT_AUTHORITY             {0,0,0,0,0,5}
      |                                           ^
kernel/arch/x86_64/win32_security.c:592:40: note: in expansion of macro 'SECURITY_NT_AUTHORITY'
  592 |     SID_IDENTIFIER_AUTHORITY nt_auth = SECURITY_NT_AUTHORITY;
      |                                        ^~~~~~~~~~~~~~~~~~~~~
kernel/arch/x86_64/win32_security.c: In function 'create_system_token':
kernel/arch/x86_64/win32_security.c:12:43: warning: missing braces around initializer [-Wmissing-braces]
   12 | #define SECURITY_NT_AUTHORITY             {0,0,0,0,0,5}
      |                                           ^
kernel/arch/x86_64/win32_security.c:662:40: note: in expansion of macro 'SECURITY_NT_AUTHORITY'
  662 |     SID_IDENTIFIER_AUTHORITY nt_auth = SECURITY_NT_AUTHORITY;
      |                                        ^~~~~~~~~~~~~~~~~~~~~
kernel/arch/x86_64/win32_security.c:8:43: warning: missing braces around initializer [-Wmissing-braces]
    8 | #define SECURITY_WORLD_SID_AUTHORITY      {0,0,0,0,0,1}
      |                                           ^
kernel/arch/x86_64/win32_security.c:663:43: note: in expansion of macro 'SECURITY_WORLD_SID_AUTHORITY'
  663 |     SID_IDENTIFIER_AUTHORITY world_auth = SECURITY_WORLD_SID_AUTHORITY;
      |                                           ^~~~~~~~~~~~~~~~~~~~~~~~~~~~
kernel/arch/x86_64/win32_security.c: In function 'LookupAccountNameA':
kernel/arch/x86_64/win32_security.c:12:43: warning: missing braces around initializer [-Wmissing-braces]
   12 | #define SECURITY_NT_AUTHORITY             {0,0,0,0,0,5}
      |                                           ^
kernel/arch/x86_64/win32_security.c:886:44: note: in expansion of macro 'SECURITY_NT_AUTHORITY'
  886 |         SID_IDENTIFIER_AUTHORITY nt_auth = SECURITY_NT_AUTHORITY;
      |                                            ^~~~~~~~~~~~~~~~~~~~~
kernel/arch/x86_64/win32_security.c: At top level:
kernel/arch/x86_64/win32_security.c:175:13: warning: 'set_last_error' defined but not used [-Wunused-function]
  175 | static void set_last_error(uint32_t err) {
      |             ^~~~~~~~~~~~~~
kernel/arch/x86_64/win32_process.c: In function 'ZwClose':
kernel/arch/x86_64/win32_process.c:1137:12: warning: conversion to 'uint32_t' {aka 'unsigned int'} from 'NTSTATUS' {aka 'long int'} may change the sign of the result [-Wsign-conversion]
 1137 |     return NtClose(Handle);
      |            ^~~~~~~~~~~~~~~
kernel/arch/x86_64/win32_process.c: In function 'ZwAllocateVirtualMemory':
kernel/arch/x86_64/win32_process.c:1148:12: warning: conversion to 'uint32_t' {aka 'unsigned int'} from 'NTSTATUS' {aka 'long int'} may change the sign of the result [-Wsign-conversion]
 1148 |     return NtAllocateVirtualMemory(ProcessHandle, BaseAddress, ZeroBits, RegionSize, AllocationType, Protect);
      |            ^~~~~~~~~~~~~~~~~~~~~~~~~~~~~~~~~~~~~~~~~~~~~~~~~~~~~~~~~~~~~~~~~~~~~~~~~~~~~~~~~~~~~~~~~~~~~~~~~~
kernel/arch/x86_64/win32_process.c: In function 'ZwFreeVirtualMemory':
kernel/arch/x86_64/win32_process.c:1157:12: warning: conversion to 'uint32_t' {aka 'unsigned int'} from 'NTSTATUS' {aka 'long int'} may change the sign of the result [-Wsign-conversion]
 1157 |     return NtFreeVirtualMemory(ProcessHandle, BaseAddress, RegionSize, FreeType);
      |            ^~~~~~~~~~~~~~~~~~~~~~~~~~~~~~~~~~~~~~~~~~~~~~~~~~~~~~~~~~~~~~~~~~~~~
kernel/arch/x86_64/win32_process.c: In function 'ZwQueryInformationProcess':
kernel/arch/x86_64/win32_process.c:1167:12: warning: conversion to 'uint32_t' {aka 'unsigned int'} from 'NTSTATUS' {aka 'long int'} may change the sign of the result [-Wsign-conversion]
 1167 |     return NtQueryInformationProcess(ProcessHandle, ProcessInformationClass, ProcessInformation, ProcessInformationLength, ReturnLength);
      |            ^~~~~~~~~~~~~~~~~~~~~~~~~~~~~~~~~~~~~~~~~~~~~~~~~~~~~~~~~~~~~~~~~~~~~~~~~~~~~~~~~~~~~~~~~~~~~~~~~~~~~~~~~~~~~~~~~~~~~~~~~~~~~
kernel/arch/x86_64/win32_process.c: In function 'ZwQueryInformationThread':
kernel/arch/x86_64/win32_process.c:1177:12: warning: conversion to 'uint32_t' {aka 'unsigned int'} from 'NTSTATUS' {aka 'long int'} may change the sign of the result [-Wsign-conversion]
 1177 |     return NtQueryInformationThread(ThreadHandle, ThreadInformationClass, ThreadInformation, ThreadInformationLength, ReturnLength);
      |            ^~~~~~~~~~~~~~~~~~~~~~~~~~~~~~~~~~~~~~~~~~~~~~~~~~~~~~~~~~~~~~~~~~~~~~~~~~~~~~~~~~~~~~~~~~~~~~~~~~~~~~~~~~~~~~~~~~~~~~~~
kernel/arch/x86_64/win32_process.c: In function 'ZwCreateFile':
kernel/arch/x86_64/win32_process.c:1193:12: warning: conversion to 'uint32_t' {aka 'unsigned int'} from 'NTSTATUS' {aka 'long int'} may change the sign of the result [-Wsign-conversion]
 1193 |     return NtCreateFile(FileHandle, DesiredAccess, ObjectAttributes, IoStatusBlock, AllocationSize, FileAttributes, ShareAccess, CreateDisposition, CreateOptions, EaBuffer, EaLength);
      |            ^~~~~~~~~~~~~~~~~~~~~~~~~~~~~~~~~~~~~~~~~~~~~~~~~~~~~~~~~~~~~~~~~~~~~~~~~~~~~~~~~~~~~~~~~~~~~~~~~~~~~~~~~~~~~~~~~~~~~~~~~~~~~~~~~~~~~~~~~~~~~~~~~~~~~~~~~~~~~~~~~~~~~~~~~~~
kernel/arch/x86_64/win32_process.c: In function 'ZwReadFile':
kernel/arch/x86_64/win32_process.c:1207:12: warning: conversion to 'uint32_t' {aka 'unsigned int'} from 'NTSTATUS' {aka 'long int'} may change the sign of the result [-Wsign-conversion]
 1207 |     return NtReadFile(FileHandle, Event, ApcRoutine, ApcContext, IoStatusBlock, Buffer, Length, ByteOffset, Key);
      |            ^~~~~~~~~~~~~~~~~~~~~~~~~~~~~~~~~~~~~~~~~~~~~~~~~~~~~~~~~~~~~~~~~~~~~~~~~~~~~~~~~~~~~~~~~~~~~~~~~~~~~
kernel/arch/x86_64/win32_process.c: In function 'ZwWriteFile':
kernel/arch/x86_64/win32_process.c:1221:12: warning: conversion to 'uint32_t' {aka 'unsigned int'} from 'NTSTATUS' {aka 'long int'} may change the sign of the result [-Wsign-conversion]
 1221 |     return NtWriteFile(FileHandle, Event, ApcRoutine, ApcContext, IoStatusBlock, Buffer, Length, ByteOffset, Key);
      |            ^~~~~~~~~~~~~~~~~~~~~~~~~~~~~~~~~~~~~~~~~~~~~~~~~~~~~~~~~~~~~~~~~~~~~~~~~~~~~~~~~~~~~~~~~~~~~~~~~~~~~~
kernel/arch/x86_64/win32_process.c: In function 'ZwQueryAttributesFile':
kernel/arch/x86_64/win32_process.c:1228:12: warning: conversion to 'uint32_t' {aka 'unsigned int'} from 'NTSTATUS' {aka 'long int'} may change the sign of the result [-Wsign-conversion]
 1228 |     return NtQueryAttributesFile(ObjectAttributes, FileInformation);
      |            ^~~~~~~~~~~~~~~~~~~~~~~~~~~~~~~~~~~~~~~~~~~~~~~~~~~~~~~~
kernel/arch/x86_64/win32_process.c: At top level:
kernel/arch/x86_64/win32_process.c:291:13: warning: 'process_slot_cleanup' defined but not used [-Wunused-function]
  291 | static void process_slot_cleanup(win32_process_t* proc) {
      |             ^~~~~~~~~~~~~~~~~~~~
kernel/arch/x86_64/win32_ntdll.c: In function 'NtCreateFile':
kernel/arch/x86_64/win32_ntdll.c:391:55: warning: unused parameter 'DesiredAccess' [-Wunused-parameter]
  391 | NTSTATUS NtCreateFile(PHANDLE FileHandle, ACCESS_MASK DesiredAccess,
      |                                           ~~~~~~~~~~~~^~~~~~~~~~~~~
kernel/arch/x86_64/win32_shell.c: In function 'PathCanonicalizeA.part.0':
kernel/arch/x86_64/win32_shell.c:724:40: warning: array subscript 128 is above array bounds of 'char *[64]' [-Warray-bounds=]
  724 |             ci = (int)((uintptr_t)comps[i + 128]);
      |                                   ~~~~~^~~~~~~~~
kernel/arch/x86_64/win32_shell.c:650:11: note: while referencing 'comps'
  650 |     char* comps[64];
      |           ^~~~~
<0> Building kernel/arch/x86_64/win32_msvcrt.c
<1> Building kernel/arch/x86_64/win32_kernel32.c
kernel/arch/x86_64/win32_msvcrt.c: In function 'output_char':
kernel/arch/x86_64/win32_msvcrt.c:47:9: warning: the address of 'vga_putc' will always evaluate as 'true' [-Waddress]
   47 |     if (vga_putc) vga_putc(c);
      |         ^~~~~~~~
kernel/arch/x86_64/win32_msvcrt.c: In function 'output_string':
kernel/arch/x86_64/win32_msvcrt.c:55:9: warning: the address of 'vga_print' will always evaluate as 'true' [-Waddress]
   55 |     if (vga_print) vga_print(s);
      |         ^~~~~~~~~
kernel/arch/x86_64/win32_msvcrt.c: In function 'fputs':
kernel/arch/x86_64/win32_msvcrt.c:739:12: warning: conversion from 'size_t' {aka 'long long unsigned int'} to 'int' may change value [-Wconversion]
  739 |     return strlen(s);
      |            ^~~~~~~~~
In file included from kernel/arch/x86_64/win32_kernel32.c:2:
kernel/arch/x86_64/include/arch/registry.h:144:17: warning: invalid use of structure with flexible array member [-Wpedantic]
  144 |     lf_entry_t  entries[];
      |                 ^~~~~~~
kernel/arch/x86_64/include/arch/registry.h:157:17: warning: invalid use of structure with flexible array member [-Wpedantic]
  157 |     lh_entry_t  entries[];
      |                 ^~~~~~~
<2> Building kernel/arch/x86_64/win32_gdi_and_msg.c
kernel/arch/x86_64/win32_kernel32.c: In function 'SetFilePointer':
kernel/arch/x86_64/win32_kernel32.c:663:48: warning: conversion to 'long long unsigned int' from 'long long int' may change the sign of the result [-Wsign-conversion]
  663 |         offset = (int64_t)((uint64_t)hi << 32) | (uint64_t)(uint32_t)lDistanceToMove;
      |                                                ^
kernel/arch/x86_64/win32_kernel32.c:663:18: warning: conversion to 'int64_t' {aka 'long long int'} from 'long long unsigned int' may change the sign of the result [-Wsign-conversion]
  663 |         offset = (int64_t)((uint64_t)hi << 32) | (uint64_t)(uint32_t)lDistanceToMove;
      |                  ^
kernel/arch/x86_64/win32_kernel32.c: At top level:
kernel/arch/x86_64/win32_kernel32.c:1017:23: warning: cast between incompatible function types from 'uint32_t (*)(void)' {aka 'unsigned int (*)(void)'} to 'intptr_t (*)()' {aka 'long long int (*)()'} [-Wcast-function-type]
 1017 |     { "GetTickCount", (FARPROC)GetTickCount },
      |                       ^
kernel/arch/x86_64/win32_kernel32.c:1019:16: warning: cast between incompatible function types from 'void (*)(uint32_t)' {aka 'void (*)(unsigned int)'} to 'intptr_t (*)()' {aka 'long long int (*)()'} [-Wcast-function-type]
 1019 |     { "Sleep", (FARPROC)Sleep },
      |                ^
kernel/arch/x86_64/win32_kernel32.c:1020:23: warning: cast between incompatible function types from 'void * (*)(void *, uint64_t,  uint32_t (*)(void *), void *, uint32_t,  uint32_t *)' {aka 'void * (*)(void *, long long unsigned int,  unsigned int (*)(void *), void *, unsigned int,  unsigned int *)'} to 'intptr_t (*)()' {aka 'long long int (*)()'} [-Wcast-function-type]
 1020 |     { "CreateThread", (FARPROC)CreateThread },
      |                       ^
kernel/arch/x86_64/win32_kernel32.c:1021:26: warning: cast between incompatible function types from 'BOOL (*)(void *, uint32_t)' {aka 'int (*)(void *, unsigned int)'} to 'intptr_t (*)()' {aka 'long long int (*)()'} [-Wcast-function-type]
 1021 |     { "TerminateThread", (FARPROC)TerminateThread },
      |                          ^
kernel/arch/x86_64/win32_kernel32.c:1022:22: warning: cast between incompatible function types from 'BOOL (*)(void *)' {aka 'int (*)(void *)'} to 'intptr_t (*)()' {aka 'long long int (*)()'} [-Wcast-function-type]
 1022 |     { "CloseHandle", (FARPROC)CloseHandle },
      |                      ^
kernel/arch/x86_64/win32_kernel32.c:1023:30: warning: cast between incompatible function types from 'uint32_t (*)(void *, uint32_t)' {aka 'unsigned int (*)(void *, unsigned int)'} to 'intptr_t (*)()' {aka 'long long int (*)()'} [-Wcast-function-type]
 1023 |     { "WaitForSingleObject", (FARPROC)WaitForSingleObject },
      |                              ^
kernel/arch/x86_64/win32_kernel32.c:1024:23: warning: cast between incompatible function types from 'uint32_t (*)(void)' {aka 'unsigned int (*)(void)'} to 'intptr_t (*)()' {aka 'long long int (*)()'} [-Wcast-function-type]
 1024 |     { "GetLastError", (FARPROC)GetLastError },
      |                       ^
kernel/arch/x86_64/win32_kernel32.c:1025:23: warning: cast between incompatible function types from 'void (*)(uint32_t)' {aka 'void (*)(unsigned int)'} to 'intptr_t (*)()' {aka 'long long int (*)()'} [-Wcast-function-type]
 1025 |     { "SetLastError", (FARPROC)SetLastError },
      |                       ^
kernel/arch/x86_64/win32_kernel32.c:1026:30: warning: cast between incompatible function types from 'uint32_t (*)(void)' {aka 'unsigned int (*)(void)'} to 'intptr_t (*)()' {aka 'long long int (*)()'} [-Wcast-function-type]
 1026 |     { "GetCurrentProcessId", (FARPROC)GetCurrentProcessId },
      |                              ^
kernel/arch/x86_64/win32_kernel32.c:1027:29: warning: cast between incompatible function types from 'uint32_t (*)(void)' {aka 'unsigned int (*)(void)'} to 'intptr_t (*)()' {aka 'long long int (*)()'} [-Wcast-function-type]
 1027 |     { "GetCurrentThreadId", (FARPROC)GetCurrentThreadId },
      |                             ^
kernel/arch/x86_64/win32_kernel32.c:1028:28: warning: cast between incompatible function types from 'void * (*)(void)' to 'intptr_t (*)()' {aka 'long long int (*)()'} [-Wcast-function-type]
 1028 |     { "GetCurrentProcess", (FARPROC)GetCurrentProcess },
      |                            ^
kernel/arch/x86_64/win32_kernel32.c:1029:27: warning: cast between incompatible function types from 'void * (*)(void)' to 'intptr_t (*)()' {aka 'long long int (*)()'} [-Wcast-function-type]
 1029 |     { "GetCurrentThread", (FARPROC)GetCurrentThread },
      |                           ^
kernel/arch/x86_64/win32_kernel32.c:1030:34: warning: cast between incompatible function types from 'BOOL (*)(void *, BOOL)' {aka 'int (*)(void *, int)'} to 'intptr_t (*)()' {aka 'long long int (*)()'} [-Wcast-function-type]
 1030 |     { "SetProcessPriorityBoost", (FARPROC)SetProcessPriorityBoost },
      |                                  ^
kernel/arch/x86_64/win32_kernel32.c:1031:29: warning: cast between incompatible function types from 'BOOL (*)(void *, uint32_t *)' {aka 'int (*)(void *, unsigned int *)'} to 'intptr_t (*)()' {aka 'long long int (*)()'} [-Wcast-function-type]
 1031 |     { "GetExitCodeProcess", (FARPROC)GetExitCodeProcess },
      |                             ^
kernel/arch/x86_64/win32_kernel32.c:1032:19: warning: cast between incompatible function types from 'BOOL (*)(void *, void *, uint32_t,  uint32_t *, void *)' {aka 'int (*)(void *, void *, unsigned int,  unsigned int *, void *)'} to 'intptr_t (*)()' {aka 'long long int (*)()'} [-Wcast-function-type]
 1032 |     { "ReadFile", (FARPROC)ReadFile },
      |                   ^
kernel/arch/x86_64/win32_kernel32.c:1033:20: warning: cast between incompatible function types from 'BOOL (*)(void *, const void *, uint32_t,  uint32_t *, void *)' {aka 'int (*)(void *, const void *, unsigned int,  unsigned int *, void *)'} to 'intptr_t (*)()' {aka 'long long int (*)()'} [-Wcast-function-type]
 1033 |     { "WriteFile", (FARPROC)WriteFile },
      |                    ^
kernel/arch/x86_64/win32_kernel32.c:1034:22: warning: cast between incompatible function types from 'void * (*)(const char *, uint32_t,  uint32_t,  void *, uint32_t,  uint32_t,  void *)' {aka 'void * (*)(const char *, unsigned int,  unsigned int,  void *, unsigned int,  unsigned int,  void *)'} to 'intptr_t (*)()' {aka 'long long int (*)()'} [-Wcast-function-type]
 1034 |     { "CreateFileA", (FARPROC)CreateFileA },
      |                      ^
kernel/arch/x86_64/win32_kernel32.c:1035:25: warning: cast between incompatible function types from 'BOOL (*)(void *, int32_t,  int32_t *, uint32_t)' {aka 'int (*)(void *, int,  int *, unsigned int)'} to 'intptr_t (*)()' {aka 'long long int (*)()'} [-Wcast-function-type]
 1035 |     { "SetFilePointer", (FARPROC)SetFilePointer },
      |                         ^
kernel/arch/x86_64/win32_kernel32.c:1036:23: warning: cast between incompatible function types from 'BOOL (*)(void *)' {aka 'int (*)(void *)'} to 'intptr_t (*)()' {aka 'long long int (*)()'} [-Wcast-function-type]
 1036 |     { "SetEndOfFile", (FARPROC)SetEndOfFile },
      |                       ^
kernel/arch/x86_64/win32_kernel32.c:1037:27: warning: cast between incompatible function types from 'BOOL (*)(void *)' {aka 'int (*)(void *)'} to 'intptr_t (*)()' {aka 'long long int (*)()'} [-Wcast-function-type]
 1037 |     { "FlushFileBuffers", (FARPROC)FlushFileBuffers },
      |                           ^
kernel/arch/x86_64/win32_kernel32.c:1038:25: warning: cast between incompatible function types from 'void * (*)(const char *, void *)' to 'intptr_t (*)()' {aka 'long long int (*)()'} [-Wcast-function-type]
 1038 |     { "FindFirstFileA", (FARPROC)FindFirstFileA },
      |                         ^
kernel/arch/x86_64/win32_kernel32.c:1039:24: warning: cast between incompatible function types from 'BOOL (*)(void *, void *)' {aka 'int (*)(void *, void *)'} to 'intptr_t (*)()' {aka 'long long int (*)()'} [-Wcast-function-type]
 1039 |     { "FindNextFileA", (FARPROC)FindNextFileA },
      |                        ^
kernel/arch/x86_64/win32_kernel32.c:1040:20: warning: cast between incompatible function types from 'BOOL (*)(void *)' {aka 'int (*)(void *)'} to 'intptr_t (*)()' {aka 'long long int (*)()'} [-Wcast-function-type]
 1040 |     { "FindClose", (FARPROC)FindClose },
      |                    ^
kernel/arch/x86_64/win32_kernel32.c:1041:27: warning: cast between incompatible function types from 'BOOL (*)(const char *, void *)' {aka 'int (*)(const char *, void *)'} to 'intptr_t (*)()' {aka 'long long int (*)()'} [-Wcast-function-type]
 1041 |     { "CreateDirectoryA", (FARPROC)CreateDirectoryA },
      |                           ^
kernel/arch/x86_64/win32_kernel32.c:1042:27: warning: cast between incompatible function types from 'BOOL (*)(const char *)' {aka 'int (*)(const char *)'} to 'intptr_t (*)()' {aka 'long long int (*)()'} [-Wcast-function-type]
 1042 |     { "RemoveDirectoryA", (FARPROC)RemoveDirectoryA },
      |                           ^
kernel/arch/x86_64/win32_kernel32.c:1043:22: warning: cast between incompatible function types from 'BOOL (*)(const char *)' {aka 'int (*)(const char *)'} to 'intptr_t (*)()' {aka 'long long int (*)()'} [-Wcast-function-type]
 1043 |     { "DeleteFileA", (FARPROC)DeleteFileA },
      |                      ^
kernel/arch/x86_64/win32_kernel32.c:1044:20: warning: cast between incompatible function types from 'BOOL (*)(const char *, const char *)' {aka 'int (*)(const char *, const char *)'} to 'intptr_t (*)()' {aka 'long long int (*)()'} [-Wcast-function-type]
 1044 |     { "MoveFileA", (FARPROC)MoveFileA },
      |                    ^
kernel/arch/x86_64/win32_kernel32.c:1045:20: warning: cast between incompatible function types from 'BOOL (*)(const char *, const char *, BOOL)' {aka 'int (*)(const char *, const char *, int)'} to 'intptr_t (*)()' {aka 'long long int (*)()'} [-Wcast-function-type]
 1045 |     { "CopyFileA", (FARPROC)CopyFileA },
      |                    ^
kernel/arch/x86_64/win32_kernel32.c:1046:29: warning: cast between incompatible function types from 'uint32_t (*)(const char *)' {aka 'unsigned int (*)(const char *)'} to 'intptr_t (*)()' {aka 'long long int (*)()'} [-Wcast-function-type]
 1046 |     { "GetFileAttributesA", (FARPROC)GetFileAttributesA },
      |                             ^
kernel/arch/x86_64/win32_kernel32.c:1047:24: warning: cast between incompatible function types from 'BOOL (*)(void *, int64_t *)' {aka 'int (*)(void *, long long int *)'} to 'intptr_t (*)()' {aka 'long long int (*)()'} [-Wcast-function-type]
 1047 |     { "GetFileSizeEx", (FARPROC)GetFileSizeEx },
      |                        ^
kernel/arch/x86_64/win32_kernel32.c:1048:29: warning: cast between incompatible function types from 'uint32_t (*)(void *, char *, uint32_t)' {aka 'unsigned int (*)(void *, char *, unsigned int)'} to 'intptr_t (*)()' {aka 'long long int (*)()'} [-Wcast-function-type]
 1048 |     { "GetModuleFileNameA", (FARPROC)GetModuleFileNameA },
      |                             ^
kernel/arch/x86_64/win32_kernel32.c:1049:27: warning: cast between incompatible function types from 'void * (*)(const char *)' to 'intptr_t (*)()' {aka 'long long int (*)()'} [-Wcast-function-type]
 1049 |     { "GetModuleHandleA", (FARPROC)GetModuleHandleA },
      |                           ^
kernel/arch/x86_64/win32_kernel32.c:1050:25: warning: cast between incompatible function types from 'intptr_t (* (*)(void *, const char *))()' {aka 'long long int (* (*)(void *, const char *))()'} to 'intptr_t (*)()' {aka 'long long int (*)()'} [-Wcast-function-type]
 1050 |     { "GetProcAddress", (FARPROC)GetProcAddress },
      |                         ^
kernel/arch/x86_64/win32_kernel32.c:1051:23: warning: cast between incompatible function types from 'void * (*)(const char *)' to 'intptr_t (*)()' {aka 'long long int (*)()'} [-Wcast-function-type]
 1051 |     { "LoadLibraryA", (FARPROC)LoadLibraryA },
      |                       ^
kernel/arch/x86_64/win32_kernel32.c:1052:22: warning: cast between incompatible function types from 'BOOL (*)(void *)' {aka 'int (*)(void *)'} to 'intptr_t (*)()' {aka 'long long int (*)()'} [-Wcast-function-type]
 1052 |     { "FreeLibrary", (FARPROC)FreeLibrary },
      |                      ^
kernel/arch/x86_64/win32_kernel32.c:1053:22: warning: cast between incompatible function types from 'void * (*)(UINT,  uint64_t)' {aka 'void * (*)(unsigned int,  long long unsigned int)'} to 'intptr_t (*)()' {aka 'long long int (*)()'} [-Wcast-function-type]
 1053 |     { "GlobalAlloc", (FARPROC)GlobalAlloc },
      |                      ^
kernel/arch/x86_64/win32_kernel32.c:1054:21: warning: cast between incompatible function types from 'void * (*)(void *)' to 'intptr_t (*)()' {aka 'long long int (*)()'} [-Wcast-function-type]
 1054 |     { "GlobalFree", (FARPROC)GlobalFree },
      |                     ^
kernel/arch/x86_64/win32_kernel32.c:1055:21: warning: cast between incompatible function types from 'void * (*)(void *)' to 'intptr_t (*)()' {aka 'long long int (*)()'} [-Wcast-function-type]
 1055 |     { "GlobalLock", (FARPROC)GlobalLock },
      |                     ^
kernel/arch/x86_64/win32_kernel32.c:1056:23: warning: cast between incompatible function types from 'BOOL (*)(void *)' {aka 'int (*)(void *)'} to 'intptr_t (*)()' {aka 'long long int (*)()'} [-Wcast-function-type]
 1056 |     { "GlobalUnlock", (FARPROC)GlobalUnlock },
      |                       ^
kernel/arch/x86_64/win32_kernel32.c:1058:21: warning: cast between incompatible function types from 'void * (*)(UINT,  uint64_t)' {aka 'void * (*)(unsigned int,  long long unsigned int)'} to 'intptr_t (*)()' {aka 'long long int (*)()'} [-Wcast-function-type]
 1058 |     { "LocalAlloc", (FARPROC)LocalAlloc },
      |                     ^
kernel/arch/x86_64/win32_kernel32.c:1059:20: warning: cast between incompatible function types from 'void * (*)(void *)' to 'intptr_t (*)()' {aka 'long long int (*)()'} [-Wcast-function-type]
 1059 |     { "LocalFree", (FARPROC)LocalFree },
      |                    ^
kernel/arch/x86_64/win32_kernel32.c:1060:20: warning: cast between incompatible function types from 'void * (*)(void *)' to 'intptr_t (*)()' {aka 'long long int (*)()'} [-Wcast-function-type]
 1060 |     { "LocalLock", (FARPROC)LocalLock },
      |                    ^
kernel/arch/x86_64/win32_kernel32.c:1061:22: warning: cast between incompatible function types from 'BOOL (*)(void *)' {aka 'int (*)(void *)'} to 'intptr_t (*)()' {aka 'long long int (*)()'} [-Wcast-function-type]
 1061 |     { "LocalUnlock", (FARPROC)LocalUnlock },
      |                      ^
kernel/arch/x86_64/win32_kernel32.c:1063:23: warning: cast between incompatible function types from 'void * (*)(void *, uint64_t,  DWORD,  DWORD)' {aka 'void * (*)(void *, long long unsigned int,  unsigned int,  unsigned int)'} to 'intptr_t (*)()' {aka 'long long int (*)()'} [-Wcast-function-type]
 1063 |     { "VirtualAlloc", (FARPROC)VirtualAlloc },
      |                       ^
kernel/arch/x86_64/win32_kernel32.c:1064:22: warning: cast between incompatible function types from 'BOOL (*)(void *, uint64_t,  DWORD)' {aka 'int (*)(void *, long long unsigned int,  unsigned int)'} to 'intptr_t (*)()' {aka 'long long int (*)()'} [-Wcast-function-type]
 1064 |     { "VirtualFree", (FARPROC)VirtualFree },
      |                      ^
kernel/arch/x86_64/win32_kernel32.c:1065:25: warning: cast between incompatible function types from 'BOOL (*)(void *, uint64_t,  DWORD,  DWORD *)' {aka 'int (*)(void *, long long unsigned int,  unsigned int,  unsigned int *)'} to 'intptr_t (*)()' {aka 'long long int (*)()'} [-Wcast-function-type]
 1065 |     { "VirtualProtect", (FARPROC)VirtualProtect },
      |                         ^
kernel/arch/x86_64/win32_kernel32.c:1066:23: warning: cast between incompatible function types from 'BOOL (*)(const void *, void *, uint64_t)' {aka 'int (*)(const void *, void *, long long unsigned int)'} to 'intptr_t (*)()' {aka 'long long int (*)()'} [-Wcast-function-type]
 1066 |     { "VirtualQuery", (FARPROC)VirtualQuery },
      |                       ^
kernel/arch/x86_64/win32_kernel32.c:1067:21: warning: cast between incompatible function types from 'void * (*)(DWORD,  uint64_t,  uint64_t)' {aka 'void * (*)(unsigned int,  long long unsigned int,  long long unsigned int)'} to 'intptr_t (*)()' {aka 'long long int (*)()'} [-Wcast-function-type]
 1067 |     { "HeapCreate", (FARPROC)HeapCreate },
      |                     ^
kernel/arch/x86_64/win32_kernel32.c:1068:22: warning: cast between incompatible function types from 'BOOL (*)(void *)' {aka 'int (*)(void *)'} to 'intptr_t (*)()' {aka 'long long int (*)()'} [-Wcast-function-type]
 1068 |     { "HeapDestroy", (FARPROC)HeapDestroy },
      |                      ^
kernel/arch/x86_64/win32_kernel32.c:1069:20: warning: cast between incompatible function types from 'void * (*)(void *, DWORD,  uint64_t)' {aka 'void * (*)(void *, unsigned int,  long long unsigned int)'} to 'intptr_t (*)()' {aka 'long long int (*)()'} [-Wcast-function-type]
 1069 |     { "HeapAlloc", (FARPROC)HeapAlloc },
      |                    ^
kernel/arch/x86_64/win32_kernel32.c:1070:19: warning: cast between incompatible function types from 'BOOL (*)(void *, DWORD,  void *)' {aka 'int (*)(void *, unsigned int,  void *)'} to 'intptr_t (*)()' {aka 'long long int (*)()'} [-Wcast-function-type]
 1070 |     { "HeapFree", (FARPROC)HeapFree },
      |                   ^
kernel/arch/x86_64/win32_kernel32.c:1071:25: warning: cast between incompatible function types from 'void * (*)(void)' to 'intptr_t (*)()' {aka 'long long int (*)()'} [-Wcast-function-type]
 1071 |     { "GetProcessHeap", (FARPROC)GetProcessHeap },
      |                         ^
kernel/arch/x86_64/win32_kernel32.c:1072:24: warning: cast between incompatible function types from 'void (*)(void *)' to 'intptr_t (*)()' {aka 'long long int (*)()'} [-Wcast-function-type]
 1072 |     { "GetSystemInfo", (FARPROC)GetSystemInfo },
      |                        ^
kernel/arch/x86_64/win32_kernel32.c:1073:21: warning: cast between incompatible function types from 'DWORD (*)(void)' {aka 'unsigned int (*)(void)'} to 'intptr_t (*)()' {aka 'long long int (*)()'} [-Wcast-function-type]
 1073 |     { "GetVersion", (FARPROC)GetVersion },
      |                     ^
kernel/arch/x86_64/win32_kernel32.c:1074:24: warning: cast between incompatible function types from 'BOOL (*)(void *)' {aka 'int (*)(void *)'} to 'intptr_t (*)()' {aka 'long long int (*)()'} [-Wcast-function-type]
 1074 |     { "GetVersionExA", (FARPROC)GetVersionExA },
      |                        ^
kernel/arch/x86_64/win32_kernel32.c:1075:30: warning: cast between incompatible function types from 'UINT (*)(char *, UINT)' {aka 'unsigned int (*)(char *, unsigned int)'} to 'intptr_t (*)()' {aka 'long long int (*)()'} [-Wcast-function-type]
 1075 |     { "GetSystemDirectoryA", (FARPROC)GetSystemDirectoryA },
      |                              ^
kernel/arch/x86_64/win32_kernel32.c:1076:31: warning: cast between incompatible function types from 'UINT (*)(char *, UINT)' {aka 'unsigned int (*)(char *, unsigned int)'} to 'intptr_t (*)()' {aka 'long long int (*)()'} [-Wcast-function-type]
 1076 |     { "GetWindowsDirectoryA", (FARPROC)GetWindowsDirectoryA },
      |                               ^
kernel/arch/x86_64/win32_kernel32.c:1077:23: warning: cast between incompatible function types from 'UINT (*)(uint32_t,  char *)' {aka 'unsigned int (*)(unsigned int,  char *)'} to 'intptr_t (*)()' {aka 'long long int (*)()'} [-Wcast-function-type]
 1077 |     { "GetTempPathA", (FARPROC)GetTempPathA },
      |                       ^
kernel/arch/x86_64/win32_kernel32.c:1078:34: warning: cast between incompatible function types from 'DWORD (*)(const char *, char *, DWORD)' {aka 'unsigned int (*)(const char *, char *, unsigned int)'} to 'intptr_t (*)()' {aka 'long long int (*)()'} [-Wcast-function-type]
 1078 |     { "GetEnvironmentVariableA", (FARPROC)GetEnvironmentVariableA },
      |                                  ^
kernel/arch/x86_64/win32_kernel32.c:1079:34: warning: cast between incompatible function types from 'BOOL (*)(const char *, const char *)' {aka 'int (*)(const char *, const char *)'} to 'intptr_t (*)()' {aka 'long long int (*)()'} [-Wcast-function-type]
 1079 |     { "SetEnvironmentVariableA", (FARPROC)SetEnvironmentVariableA },
      |                                  ^
kernel/arch/x86_64/win32_kernel32.c:1080:36: warning: cast between incompatible function types from 'DWORD (*)(const char *, char *, DWORD)' {aka 'unsigned int (*)(const char *, char *, unsigned int)'} to 'intptr_t (*)()' {aka 'long long int (*)()'} [-Wcast-function-type]
 1080 |     { "ExpandEnvironmentStringsA", (FARPROC)ExpandEnvironmentStringsA },
      |                                    ^
kernel/arch/x86_64/win32_kernel32.c:1081:27: warning: cast between incompatible function types from 'BOOL (*)(char *, uint32_t *)' {aka 'int (*)(char *, unsigned int *)'} to 'intptr_t (*)()' {aka 'long long int (*)()'} [-Wcast-function-type]
 1081 |     { "GetComputerNameA", (FARPROC)GetComputerNameA },
      |                           ^
kernel/arch/x86_64/win32_kernel32.c:1082:23: warning: cast between incompatible function types from 'BOOL (*)(char *, uint32_t *)' {aka 'int (*)(char *, unsigned int *)'} to 'intptr_t (*)()' {aka 'long long int (*)()'} [-Wcast-function-type]
 1082 |     { "GetUserNameA", (FARPROC)GetUserNameA },
      |                       ^
kernel/arch/x86_64/win32_kernel32.c:1083:19: warning: cast between incompatible function types from 'int (*)(const char *)' to 'intptr_t (*)()' {aka 'long long int (*)()'} [-Wcast-function-type]
 1083 |     { "lstrlenA", (FARPROC)lstrlenA },
      |                   ^
kernel/arch/x86_64/win32_kernel32.c:1084:19: warning: cast between incompatible function types from 'char * (*)(char *, const char *)' to 'intptr_t (*)()' {aka 'long long int (*)()'} [-Wcast-function-type]
 1084 |     { "lstrcpyA", (FARPROC)lstrcpyA },
      |                   ^
kernel/arch/x86_64/win32_kernel32.c:1085:20: warning: cast between incompatible function types from 'char * (*)(char *, const char *, int)' to 'intptr_t (*)()' {aka 'long long int (*)()'} [-Wcast-function-type]
 1085 |     { "lstrcpynA", (FARPROC)lstrcpynA },
      |                    ^
kernel/arch/x86_64/win32_kernel32.c:1086:19: warning: cast between incompatible function types from 'int (*)(const char *, const char *)' to 'intptr_t (*)()' {aka 'long long int (*)()'} [-Wcast-function-type]
 1086 |     { "lstrcmpA", (FARPROC)lstrcmpA },
      |                   ^
kernel/arch/x86_64/win32_kernel32.c:1087:20: warning: cast between incompatible function types from 'int (*)(const char *, const char *)' to 'intptr_t (*)()' {aka 'long long int (*)()'} [-Wcast-function-type]
 1087 |     { "lstrcmpiA", (FARPROC)lstrcmpiA },
      |                    ^
kernel/arch/x86_64/win32_kernel32.c:1088:19: warning: cast between incompatible function types from 'char * (*)(char *, const char *)' to 'intptr_t (*)()' {aka 'long long int (*)()'} [-Wcast-function-type]
 1088 |     { "lstrcatA", (FARPROC)lstrcatA },
      |                   ^
kernel/arch/x86_64/win32_kernel32.c:1089:20: warning: cast between incompatible function types from 'CHAR * (*)(const CHAR *)' {aka 'char * (*)(const char *)'} to 'intptr_t (*)()' {aka 'long long int (*)()'} [-Wcast-function-type]
 1089 |     { "CharNextA", (FARPROC)CharNextA },
      |                    ^
kernel/arch/x86_64/win32_kernel32.c:1090:20: warning: cast between incompatible function types from 'CHAR * (*)(const CHAR *, const CHAR *)' {aka 'char * (*)(const char *, const char *)'} to 'intptr_t (*)()' {aka 'long long int (*)()'} [-Wcast-function-type]
 1090 |     { "CharPrevA", (FARPROC)CharPrevA },
      |                    ^
kernel/arch/x86_64/win32_kernel32.c:1091:23: warning: cast between incompatible function types from 'BOOL (*)(CHAR)' {aka 'int (*)(char)'} to 'intptr_t (*)()' {aka 'long long int (*)()'} [-Wcast-function-type]
 1091 |     { "IsCharAlphaA", (FARPROC)IsCharAlphaA },
      |                       ^
kernel/arch/x86_64/win32_kernel32.c:1092:30: warning: cast between incompatible function types from 'BOOL (*)(CHAR)' {aka 'int (*)(char)'} to 'intptr_t (*)()' {aka 'long long int (*)()'} [-Wcast-function-type]
 1092 |     { "IsCharAlphaNumericA", (FARPROC)IsCharAlphaNumericA },
      |                              ^
kernel/arch/x86_64/win32_kernel32.c:1093:23: warning: cast between incompatible function types from 'BOOL (*)(CHAR)' {aka 'int (*)(char)'} to 'intptr_t (*)()' {aka 'long long int (*)()'} [-Wcast-function-type]
 1093 |     { "IsCharUpperA", (FARPROC)IsCharUpperA },
      |                       ^
kernel/arch/x86_64/win32_kernel32.c:1094:23: warning: cast between incompatible function types from 'BOOL (*)(CHAR)' {aka 'int (*)(char)'} to 'intptr_t (*)()' {aka 'long long int (*)()'} [-Wcast-function-type]
 1094 |     { "IsCharLowerA", (FARPROC)IsCharLowerA },
      |                       ^
kernel/arch/x86_64/win32_kernel32.c:1095:21: warning: cast between incompatible function types from 'CHAR (*)(CHAR)' {aka 'char (*)(char)'} to 'intptr_t (*)()' {aka 'long long int (*)()'} [-Wcast-function-type]
 1095 |     { "CharUpperA", (FARPROC)CharUpperA },
      |                     ^
kernel/arch/x86_64/win32_kernel32.c:1096:21: warning: cast between incompatible function types from 'CHAR (*)(CHAR)' {aka 'char (*)(char)'} to 'intptr_t (*)()' {aka 'long long int (*)()'} [-Wcast-function-type]
 1096 |     { "CharLowerA", (FARPROC)CharLowerA },
      |                     ^
kernel/arch/x86_64/win32_kernel32.c:1097:21: warning: cast between incompatible function types from 'int (*)(char *, const char *, void *)' to 'intptr_t (*)()' {aka 'long long int (*)()'} [-Wcast-function-type]
 1097 |     { "wvsprintfA", (FARPROC)wvsprintfA },
      |                     ^
kernel/arch/x86_64/win32_kernel32.c:1098:24: warning: cast between incompatible function types from 'int (*)(void *, const char *, unsigned int,  unsigned int,  void **)' to 'intptr_t (*)()' {aka 'long long int (*)()'} [-Wcast-function-type]
 1098 |     { "RegOpenKeyExA", (FARPROC)RegOpenKeyExA },
      |                        ^
kernel/arch/x86_64/win32_kernel32.c:1099:26: warning: cast between incompatible function types from 'int (*)(void *, const char *, unsigned int,  char *, unsigned int,  unsigned int,  void *, void **, DWORD *)' {aka 'int (*)(void *, const char *, unsigned int,  char *, unsigned int,  unsigned int,  void *, void **, unsigned int *)'} to 'intptr_t (*)()' {aka 'long long int (*)()'} [-Wcast-function-type]
 1099 |     { "RegCreateKeyExA", (FARPROC)RegCreateKeyExA },
      |                          ^
kernel/arch/x86_64/win32_kernel32.c:1100:22: warning: cast between incompatible function types from 'int (*)(void *)' to 'intptr_t (*)()' {aka 'long long int (*)()'} [-Wcast-function-type]
 1100 |     { "RegCloseKey", (FARPROC)RegCloseKey },
      |                      ^
kernel/arch/x86_64/win32_kernel32.c:1101:27: warning: cast between incompatible function types from 'int (*)(void *, const char *, DWORD *, DWORD *, BYTE *, DWORD *)' {aka 'int (*)(void *, const char *, unsigned int *, unsigned int *, unsigned char *, unsigned int *)'} to 'intptr_t (*)()' {aka 'long long int (*)()'} [-Wcast-function-type]
 1101 |     { "RegQueryValueExA", (FARPROC)RegQueryValueExA },
      |                           ^
kernel/arch/x86_64/win32_kernel32.c:1102:25: warning: cast between incompatible function types from 'int (*)(void *, const char *, unsigned int,  unsigned int,  const BYTE *, unsigned int)' {aka 'int (*)(void *, const char *, unsigned int,  unsigned int,  const unsigned char *, unsigned int)'} to 'intptr_t (*)()' {aka 'long long int (*)()'} [-Wcast-function-type]
 1102 |     { "RegSetValueExA", (FARPROC)RegSetValueExA },
      |                         ^
kernel/arch/x86_64/win32_kernel32.c:1103:24: warning: cast between incompatible function types from 'int (*)(void *, unsigned int,  char *, DWORD *, DWORD *, char *, DWORD *, uint64_t *)' {aka 'int (*)(void *, unsigned int,  char *, unsigned int *, unsigned int *, char *, unsigned int *, long long unsigned int *)'} to 'intptr_t (*)()' {aka 'long long int (*)()'} [-Wcast-function-type]
 1103 |     { "RegEnumKeyExA", (FARPROC)RegEnumKeyExA },
      |                        ^
kernel/arch/x86_64/win32_kernel32.c:1104:24: warning: cast between incompatible function types from 'int (*)(void *, unsigned int,  char *, DWORD *, DWORD *, DWORD *, BYTE *, DWORD *)' {aka 'int (*)(void *, unsigned int,  char *, unsigned int *, unsigned int *, unsigned int *, unsigned char *, unsigned int *)'} to 'intptr_t (*)()' {aka 'long long int (*)()'} [-Wcast-function-type]
 1104 |     { "RegEnumValueA", (FARPROC)RegEnumValueA },
      |                        ^
kernel/arch/x86_64/win32_kernel32.c:1105:24: warning: cast between incompatible function types from 'int (*)(void *, const char *)' to 'intptr_t (*)()' {aka 'long long int (*)()'} [-Wcast-function-type]
 1105 |     { "RegDeleteKeyA", (FARPROC)RegDeleteKeyA },
      |                        ^
kernel/arch/x86_64/win32_kernel32.c:1106:26: warning: cast between incompatible function types from 'int (*)(void *, const char *)' to 'intptr_t (*)()' {aka 'long long int (*)()'} [-Wcast-function-type]
 1106 |     { "RegDeleteValueA", (FARPROC)RegDeleteValueA },
      |                          ^
kernel/arch/x86_64/win32_kernel32.c:1107:22: warning: cast between incompatible function types from 'int (*)(void *)' to 'intptr_t (*)()' {aka 'long long int (*)()'} [-Wcast-function-type]
 1107 |     { "RegFlushKey", (FARPROC)RegFlushKey },
      |                      ^
kernel/arch/x86_64/win32_kernel32.c: In function 'pe_import_resolver':
kernel/arch/x86_64/win32_kernel32.c:1146:12: warning: ISO C forbids conversion of function pointer to object pointer type [-Wpedantic]
 1146 |     return (void*)result;
      |            ^
kernel/arch/x86_64/win32_kernel32.c: In function 'LoadLibraryA':
kernel/arch/x86_64/win32_kernel32.c:1185:40: warning: conversion to 'long long unsigned int' from 'off_t' {aka 'long long int'} may change the sign of the result [-Wsign-conversion]
 1185 |     file_buf = memory_alloc(st.st_size + 16ULL);
      |                                        ^
kernel/arch/x86_64/win32_kernel32.c:1191:36: warning: conversion to 'long long unsigned int' from 'off_t' {aka 'long long int'} may change the sign of the result [-Wsign-conversion]
 1191 |     memset(file_buf, 0, st.st_size + 16ULL);
      |                                    ^
kernel/arch/x86_64/win32_kernel32.c:1193:36: warning: conversion to 'uint64_t' {aka 'long long unsigned int'} from 'off_t' {aka 'long long int'} may change the sign of the result [-Wsign-conversion]
 1193 |     res = vfs_read(fd, file_buf, st.st_size);
      |                                  ~~^~~~~~~~
kernel/arch/x86_64/win32_gdi_and_msg.c:525:42: warning: overflow in conversion from 'int' to 'short int' changes value from '33999' to '-31537' [-Woverflow]
  525 |     0, 8363, 16069, 22765, 28138, 31939, 33999, 34263, 32702,
      |                                          ^~~~~
kernel/arch/x86_64/win32_gdi_and_msg.c:525:49: warning: overflow in conversion from 'int' to 'short int' changes value from '34263' to '-31273' [-Woverflow]
  525 |     0, 8363, 16069, 22765, 28138, 31939, 33999, 34263, 32702,
      |                                                 ^~~~~
kernel/arch/x86_64/win32_gdi_and_msg.c:527:21: warning: overflow in conversion from 'int' to 'short int' changes value from '-32787' to '32749' [-Woverflow]
  527 |     -25102, -29755, -32787, -34104, -33649, -31480, -27710, -22506
      |                     ^
kernel/arch/x86_64/win32_gdi_and_msg.c:527:29: warning: overflow in conversion from 'int' to 'short int' changes value from '-34104' to '31432' [-Woverflow]
  527 |     -25102, -29755, -32787, -34104, -33649, -31480, -27710, -22506
      |                             ^
kernel/arch/x86_64/win32_gdi_and_msg.c:527:37: warning: overflow in conversion from 'int' to 'short int' changes value from '-33649' to '31887' [-Woverflow]
  527 |     -25102, -29755, -32787, -34104, -33649, -31480, -27710, -22506
      |                                     ^
kernel/arch/x86_64/win32_gdi_and_msg.c:531:29: warning: overflow in conversion from 'int' to 'short int' changes value from '-34183' to '31353' [-Woverflow]
  531 |     -21473, -27452, -31783, -34183, -34516, -32730, -28899, -23224,
      |                             ^
kernel/arch/x86_64/win32_gdi_and_msg.c:531:37: warning: overflow in conversion from 'int' to 'short int' changes value from '-34516' to '31020' [-Woverflow]
  531 |     -21473, -27452, -31783, -34183, -34516, -32730, -28899, -23224,
      |                                     ^
kernel/arch/x86_64/win32_gdi_and_msg.c:532:54: warning: overflow in conversion from 'int' to 'short int' changes value from '33497' to '-32039' [-Woverflow]
  532 |     -16016, -7649, 1299, 10197, 18435, 25369, 30478, 33497
      |                                                      ^~~~~
kernel/arch/x86_64/win32_gdi_and_msg.c: In function 'Ellipse':
kernel/arch/x86_64/win32_gdi_and_msg.c:537:14: warning: variable 'brush_color' set but not used [-Wunused-but-set-variable=]
  537 |     COLORREF brush_color = RGB(255, 255, 255);
      |              ^~~~~~~~~~~
kernel/arch/x86_64/win32_gdi_and_msg.c: In function 'default_window_proc':
kernel/arch/x86_64/win32_gdi_and_msg.c:1041:64: warning: unused parameter 'wparam' [-Wunused-parameter]
 1041 | static LRESULT default_window_proc(HWND hwnd, UINT msg, WPARAM wparam, LPARAM lparam) {
      |                                                         ~~~~~~~^~~~~~
kernel/arch/x86_64/win32_gdi_and_msg.c:1041:79: warning: unused parameter 'lparam' [-Wunused-parameter]
 1041 | static LRESULT default_window_proc(HWND hwnd, UINT msg, WPARAM wparam, LPARAM lparam) {
      |                                                                        ~~~~~~~^~~~~~
kernel/arch/x86_64/win32_gdi_and_msg.c: In function 'CreateWindowExA':
kernel/arch/x86_64/win32_gdi_and_msg.c:1232:20: warning: conversion to 'LONG' {aka 'long int'} from 'uint32_t' {aka 'unsigned int'} may change the sign of the result [-Wsign-conversion]
 1232 |         cs.style = dwStyle;
      |                    ^~~~~~~
<1> Building kernel/arch/x86_64/win32_advapi32.c
<0> Building kernel/arch/x86_64/wdm.c
kernel/arch/x86_64/win32_advapi32.c: In function 'AdjustTokenPrivileges':
kernel/arch/x86_64/win32_advapi32.c:1948:36: warning: unsigned conversion from 'long int' to 'long unsigned int' changes value from '-3' to '4294967293' [-Wsign-conversion]
 1948 |             t->privileges[j].attrs &= ~SE_PRIVILEGE_ENABLED;
      |                                    ^~
kernel/arch/x86_64/win32_advapi32.c: At top level:
kernel/arch/x86_64/win32_advapi32.c:2081:54: warning: excess elements in struct initializer
 2081 |      {1,1,0,0,0,0,0,5,0x20,0,0,0,0x20,0x20,0,0}, 16, SidTypeUser},
      |                                                      ^~~~~~~~~~~
kernel/arch/x86_64/win32_advapi32.c:2081:54: note: (near initialization for 'g_account_map[0]')
kernel/arch/x86_64/win32_advapi32.c:2083:54: warning: excess elements in struct initializer
 2083 |      {1,1,0,0,0,0,0,5,0x20,0,0,0,0x22,0x20,0,0}, 16, SidTypeUser},
      |                                                      ^~~~~~~~~~~
kernel/arch/x86_64/win32_advapi32.c:2083:54: note: (near initialization for 'g_account_map[1]')
kernel/arch/x86_64/win32_advapi32.c:2085:40: warning: excess elements in struct initializer
 2085 |      {1,1,0,0,0,0,0,5,0x12,0,0,0}, 12, SidTypeWellKnownGroup},
      |                                        ^~~~~~~~~~~~~~~~~~~~~
kernel/arch/x86_64/win32_advapi32.c:2085:40: note: (near initialization for 'g_account_map[2]')
kernel/arch/x86_64/win32_advapi32.c:2087:40: warning: excess elements in struct initializer
 2087 |      {1,1,0,0,0,0,0,5,0x13,0,0,0}, 12, SidTypeUser},
      |                                        ^~~~~~~~~~~
kernel/arch/x86_64/win32_advapi32.c:2087:40: note: (near initialization for 'g_account_map[3]')
kernel/arch/x86_64/win32_advapi32.c:2089:40: warning: excess elements in struct initializer
 2089 |      {1,1,0,0,0,0,0,5,0x14,0,0,0}, 12, SidTypeUser},
      |                                        ^~~~~~~~~~~
kernel/arch/x86_64/win32_advapi32.c:2089:40: note: (near initialization for 'g_account_map[4]')
kernel/arch/x86_64/win32_advapi32.c:2091:37: warning: excess elements in struct initializer
 2091 |      {1,1,0,0,0,0,0,1,0,0,0,0}, 12, SidTypeWellKnownGroup},
      |                                     ^~~~~~~~~~~~~~~~~~~~~
kernel/arch/x86_64/win32_advapi32.c:2091:37: note: (near initialization for 'g_account_map[5]')
kernel/arch/x86_64/win32_advapi32.c:2093:54: warning: excess elements in struct initializer
 2093 |      {1,2,0,0,0,0,0,5,0x20,0,0,0,0x20,0x20,0,0}, 16, SidTypeAlias},
      |                                                      ^~~~~~~~~~~~
kernel/arch/x86_64/win32_advapi32.c:2093:54: note: (near initialization for 'g_account_map[6]')
kernel/arch/x86_64/win32_advapi32.c:2095:54: warning: excess elements in struct initializer
 2095 |      {1,2,0,0,0,0,0,5,0x20,0,0,0,0x21,0x20,0,0}, 16, SidTypeAlias},
      |                                                      ^~~~~~~~~~~~
kernel/arch/x86_64/win32_advapi32.c:2095:54: note: (near initialization for 'g_account_map[7]')
kernel/arch/x86_64/win32_advapi32.c:2097:54: warning: excess elements in struct initializer
 2097 |      {1,2,0,0,0,0,0,5,0x20,0,0,0,0x22,0x20,0,0}, 16, SidTypeAlias},
      |                                                      ^~~~~~~~~~~~
kernel/arch/x86_64/win32_advapi32.c:2097:54: note: (near initialization for 'g_account_map[8]')
kernel/arch/x86_64/win32_advapi32.c:2099:54: warning: excess elements in struct initializer
 2099 |      {1,2,0,0,0,0,0,5,0x20,0,0,0,0x23,0x20,0,0}, 16, SidTypeAlias},
      |                                                      ^~~~~~~~~~~~
kernel/arch/x86_64/win32_advapi32.c:2099:54: note: (near initialization for 'g_account_map[9]')
kernel/arch/x86_64/wdm.c: In function 'wdm_register_internal':
kernel/arch/x86_64/wdm.c:339:23: warning: ISO C forbids conversion of function pointer to object pointer type [-Wpedantic]
  339 |     drv->DriverInit = (PVOID)init;
      |                       ^
<0> Building kernel/arch/x86_64/watchdog.c
<3> Building kernel/arch/x86_64/vga.c
kernel/arch/x86_64/watchdog.c: In function 'watchdog_acpi_set_timer':
kernel/arch/x86_64/watchdog.c:93:25: warning: cast to pointer from integer of different size [-Wint-to-pointer-cast]
   93 |     uint32_t sci_en = *((volatile uint32_t*)(watchdog_acpi_pmbase + WDT_ACPI_WDT_SMI_EN));
      |                         ^
kernel/arch/x86_64/watchdog.c:96:7: warning: cast to pointer from integer of different size [-Wint-to-pointer-cast]
   96 |     *((volatile uint16_t*)(watchdog_acpi_pmbase + WDT_ACPI_WDT_PM1a_EVT)) = 0;
      |       ^
kernel/arch/x86_64/watchdog.c:102:26: warning: cast to pointer from integer of different size [-Wint-to-pointer-cast]
  102 |     uint32_t evt_reg = *((volatile uint32_t*)(watchdog_acpi_pmbase + WDT_ACPI_WDT_PM1a_EVT));
      |                          ^
kernel/arch/x86_64/watchdog.c:104:7: warning: cast to pointer from integer of different size [-Wint-to-pointer-cast]
  104 |     *((volatile uint32_t*)(watchdog_acpi_pmbase + WDT_ACPI_WDT_PM1a_EVT)) = evt_reg;
      |       ^
kernel/arch/x86_64/watchdog.c:98:14: warning: variable 'wdt_val' set but not used [-Wunused-but-set-variable=]
   98 |     uint32_t wdt_val = (uint32_t)timeout_sec;
      |              ^~~~~~~
kernel/arch/x86_64/watchdog.c: In function 'watchdog_acpi_stop_timer':
kernel/arch/x86_64/watchdog.c:113:26: warning: cast to pointer from integer of different size [-Wint-to-pointer-cast]
  113 |     uint32_t evt_reg = *((volatile uint32_t*)(watchdog_acpi_pmbase + WDT_ACPI_WDT_PM1a_EVT));
      |                          ^
kernel/arch/x86_64/watchdog.c:114:13: warning: unsigned conversion from 'int' to 'uint32_t' {aka 'unsigned int'} changes value from '-8193' to '4294959103' [-Wsign-conversion]
  114 |     evt_reg &= ~0x2000;
      |             ^~
kernel/arch/x86_64/watchdog.c:115:7: warning: cast to pointer from integer of different size [-Wint-to-pointer-cast]
  115 |     *((volatile uint32_t*)(watchdog_acpi_pmbase + WDT_ACPI_WDT_PM1a_EVT)) = evt_reg;
      |       ^
kernel/arch/x86_64/watchdog.c: In function 'watchdog_start':
kernel/arch/x86_64/watchdog.c:234:27: warning: conversion from 'uint64_t' {aka 'long long unsigned int'} to 'uint32_t' {aka 'unsigned int'} may change value [-Wconversion]
  234 |     wdt->last_ping_tick = watchdog_get_ticks();
      |                           ^~~~~~~~~~~~~~~~~~
kernel/arch/x86_64/watchdog.c: In function 'watchdog_ping':
kernel/arch/x86_64/watchdog.c:301:27: warning: conversion from 'uint64_t' {aka 'long long unsigned int'} to 'uint32_t' {aka 'unsigned int'} may change value [-Wconversion]
  301 |     wdt->last_ping_tick = watchdog_get_ticks();
      |                           ^~~~~~~~~~~~~~~~~~
kernel/arch/x86_64/watchdog.c: In function 'watchdog_init_acpi_wdt':
kernel/arch/x86_64/watchdog.c:388:25: warning: cast to pointer from integer of different size [-Wint-to-pointer-cast]
  388 |     uint32_t sci_en = *((volatile uint32_t*)(pm1a_evt + WDT_ACPI_WDT_SMI_EN));
      |                         ^
<3> Building kernel/arch/x86_64/uart.c
<0> Building kernel/arch/x86_64/tmpfs.c
kernel/arch/x86_64/uart.c: In function 'uart_set_baud':
kernel/arch/x86_64/uart.c:101:42: warning: conversion from 'int' to 'uint8_t' {aka 'unsigned char'} may change value [-Wconversion]
  101 |     outb(p->base + UART_REG_DLL, divisor & 0xFF);
      |                                  ~~~~~~~~^~~~~~
kernel/arch/x86_64/uart.c:102:49: warning: conversion from 'int' to 'uint8_t' {aka 'unsigned char'} may change value [-Wconversion]
  102 |     outb(p->base + UART_REG_DLH, (divisor >> 8) & 0xFF);
      |                                  ~~~~~~~~~~~~~~~^~~~~~
kernel/arch/x86_64/uart.c: In function 'uart_set_flow_control':
kernel/arch/x86_64/uart.c:131:16: warning: unsigned conversion from 'int' to 'uint8_t' {aka 'unsigned char'} changes the value of '-11' [-Wsign-conversion]
  131 |         mcr &= ~(UART_MCR_RTS | UART_MCR_OUT2);
      |                ^
kernel/arch/x86_64/uart.c: In function 'uart_init_port':
kernel/arch/x86_64/uart.c:171:42: warning: conversion from 'int' to 'uint8_t' {aka 'unsigned char'} may change value [-Wconversion]
  171 |     outb(p->base + UART_REG_DLL, divisor & 0xFF);
      |                                  ~~~~~~~~^~~~~~
kernel/arch/x86_64/uart.c:172:49: warning: conversion from 'int' to 'uint8_t' {aka 'unsigned char'} may change value [-Wconversion]
  172 |     outb(p->base + UART_REG_DLH, (divisor >> 8) & 0xFF);
      |                                  ~~~~~~~~~~~~~~~^~~~~~
kernel/arch/x86_64/uart.c: In function 'uart_irq_handler':
kernel/arch/x86_64/uart.c:419:28: warning: unsigned conversion from 'int' to 'uint8_t' {aka 'unsigned char'} changes the value of '-3' [-Wsign-conversion]
  419 |                     ier &= ~UART_IER_THRI;
      |                            ^
kernel/arch/x86_64/uart.c: In function 'uart_irq_register':
kernel/arch/x86_64/uart.c:471:20: warning: ISO C forbids conversion of function pointer to object pointer type [-Wpedantic]
  471 |             stub = (void*)uart_com1_irq_stub;
      |                    ^
kernel/arch/x86_64/uart.c:474:20: warning: ISO C forbids conversion of function pointer to object pointer type [-Wpedantic]
  474 |             stub = (void*)uart_com2_irq_stub;
      |                    ^
kernel/arch/x86_64/uart.c:477:20: warning: ISO C forbids conversion of function pointer to object pointer type [-Wpedantic]
  477 |             stub = (void*)uart_com3_irq_stub;
      |                    ^
kernel/arch/x86_64/uart.c:480:20: warning: ISO C forbids conversion of function pointer to object pointer type [-Wpedantic]
  480 |             stub = (void*)uart_com4_irq_stub;
      |                    ^
<2> Building kernel/arch/x86_64/thermal.c
kernel/arch/x86_64/thermal.c:24:12: warning: 'read_tsc' defined but not used [-Wunused-function]
   24 | static u64 read_tsc(void)
      |            ^~~~~~~~
<0> Building kernel/arch/x86_64/tcp_bbr.c
kernel/arch/x86_64/tcp_bbr.c: In function 'bbr_quantization_budget':
kernel/arch/x86_64/tcp_bbr.c:227:54: warning: unused parameter 'bbr' [-Wunused-parameter]
  227 | static uint64_t bbr_quantization_budget(bbr_state_t* bbr, uint64_t cwnd)
      |                                         ~~~~~~~~~~~~~^~~
<3> Building kernel/arch/x86_64/swap.c
<1> Building kernel/arch/x86_64/spi.c
kernel/arch/x86_64/swap.c: In function 'bitmap_clear':
kernel/arch/x86_64/swap.c:34:25: warning: conversion from 'unsigned int' to 'uint8_t' {aka 'unsigned char'} may change value [-Wconversion]
   34 |     bitmap[bit >> 3] &= ~(1U << (bit & 7));
      |                         ^
kernel/arch/x86_64/swap.c: In function 'swap_add_area':
kernel/arch/x86_64/swap.c:210:21: warning: conversion to 'uint64_t' {aka 'long long unsigned int'} from 'int' may change the sign of the result [-Wsign-conversion]
  210 |             current += n;
      |                     ^~
kernel/arch/x86_64/swap.c: In function 'swap_out':
kernel/arch/x86_64/swap.c:386:18: warning: unused variable 'swap_pte' [-Wunused-variable]
  386 |         uint64_t swap_pte = SWAP_ENTRY_TO_PTE(entry);
      |                  ^~~~~~~~
kernel/arch/x86_64/swap.c: At top level:
kernel/arch/x86_64/swap.c:46:17: warning: 'bitmap_find_free_range' defined but not used [-Wunused-function]
   46 | static uint64_t bitmap_find_free_range(const uint8_t* bitmap,
      |                 ^~~~~~~~~~~~~~~~~~~~~~
<2> Building kernel/arch/x86_64/selinux.c
<0> Building kernel/arch/x86_64/security.c
kernel/arch/x86_64/selinux.c: In function 'selinux_parse_context':
kernel/arch/x86_64/selinux.c:208:16: warning: conversion to 'u64' {aka 'long long unsigned int'} from 'long long int' may change the sign of the result [-Wsign-conversion]
  208 |     u64 ulen = p - user_start;
      |                ^
kernel/arch/x86_64/selinux.c:216:16: warning: conversion to 'u64' {aka 'long long unsigned int'} from 'long long int' may change the sign of the result [-Wsign-conversion]
  216 |     u64 rlen = p - role_start;
      |                ^
kernel/arch/x86_64/selinux.c:224:16: warning: conversion to 'u64' {aka 'long long unsigned int'} from 'long long int' may change the sign of the result [-Wsign-conversion]
  224 |     u64 tlen = p - type_start;
      |                ^
kernel/arch/x86_64/selinux.c:232:16: warning: conversion to 'u64' {aka 'long long unsigned int'} from 'long long int' may change the sign of the result [-Wsign-conversion]
  232 |     u64 llen = p - level_start;
      |                ^
kernel/arch/x86_64/selinux.c: In function 'selinux_context_to_string':
kernel/arch/x86_64/selinux.c:243:9: warning: unused variable 'remaining' [-Wunused-variable]
  243 |     s64 remaining = (s64)size - 1;
      |         ^~~~~~~~~
<1> Building kernel/arch/x86_64/scm.c
<0> Building kernel/arch/x86_64/route.c
<3> Building kernel/arch/x86_64/registry.c
In file included from kernel/arch/x86_64/scm.c:2:
kernel/arch/x86_64/include/arch/registry.h:144:17: warning: invalid use of structure with flexible array member [-Wpedantic]
  144 |     lf_entry_t  entries[];
      |                 ^~~~~~~
kernel/arch/x86_64/include/arch/registry.h:157:17: warning: invalid use of structure with flexible array member [-Wpedantic]
  157 |     lh_entry_t  entries[];
      |                 ^~~~~~~
kernel/arch/x86_64/route.c: In function 'route_table_get':
kernel/arch/x86_64/route.c:42:68: warning: comparison of unsigned expression in '>= 0' is always true [-Wtype-limits]
   42 |         if (fib.tables[i].tb_id == table_id && fib.tables[i].count >= 0) {
      |                                                                    ^~
In file included from kernel/arch/x86_64/registry.c:1:
kernel/arch/x86_64/include/arch/registry.h:144:17: warning: invalid use of structure with flexible array member [-Wpedantic]
  144 |     lf_entry_t  entries[];
      |                 ^~~~~~~
kernel/arch/x86_64/include/arch/registry.h:157:17: warning: invalid use of structure with flexible array member [-Wpedantic]
  157 |     lh_entry_t  entries[];
      |                 ^~~~~~~
kernel/arch/x86_64/registry.c: In function 'registry_init':
kernel/arch/x86_64/registry.c:344:14: warning: unused variable 'dword_zero' [-Wunused-variable]
  344 |     uint32_t dword_zero = 0;
      |              ^~~~~~~~~~
kernel/arch/x86_64/registry.c: At top level:
kernel/arch/x86_64/registry.c:294:13: warning: 'seed_value_dword' defined but not used [-Wunused-function]
  294 | static void seed_value_dword(reg_key_t* key, const char* name, uint32_t val)
      |             ^~~~~~~~~~~~~~~~
<2> Building kernel/arch/x86_64/procfs.c
In file included from include/kapi.h:23,
                 from kernel/arch/x86_64/procfs.c:10:
include/kapi_bitmap.h: In function 'kapi_bitmap_set_all':
include/kapi_bitmap.h:33:26: warning: conversion from 'long long unsigned int' to 'unsigned int' may change value [-Wconversion]
   33 |     unsigned int longs = (nbits + KAPI_BITS_PER_LONG - 1) / KAPI_BITS_PER_LONG;
      |                          ^
include/kapi_bitmap.h: In function 'kapi_bitmap_clear_all':
include/kapi_bitmap.h:41:26: warning: conversion from 'long long unsigned int' to 'unsigned int' may change value [-Wconversion]
   41 |     unsigned int longs = (nbits + KAPI_BITS_PER_LONG - 1) / KAPI_BITS_PER_LONG;
      |                          ^
include/kapi_bitmap.h: In function 'kapi_bitmap_find_first':
include/kapi_bitmap.h:49:26: warning: conversion from 'long long unsigned int' to 'unsigned int' may change value [-Wconversion]
   49 |     unsigned int longs = (nbits + KAPI_BITS_PER_LONG - 1) / KAPI_BITS_PER_LONG;
      |                          ^
include/kapi_bitmap.h:56:35: warning: conversion to 'int' from 'unsigned int' may change the sign of the result [-Wsign-conversion]
   56 |                     return offset + j;
      |                            ~~~~~~~^~~
include/kapi_bitmap.h: In function 'kapi_bitmap_find_first_zero':
include/kapi_bitmap.h:66:26: warning: conversion from 'long long unsigned int' to 'unsigned int' may change value [-Wconversion]
   66 |     unsigned int longs = (nbits + KAPI_BITS_PER_LONG - 1) / KAPI_BITS_PER_LONG;
      |                          ^
include/kapi_bitmap.h:73:35: warning: conversion to 'int' from 'unsigned int' may change the sign of the result [-Wsign-conversion]
   73 |                     return offset + j;
      |                            ~~~~~~~^~~
include/kapi_bitmap.h: In function 'kapi_bitmap_count':
include/kapi_bitmap.h:84:26: warning: conversion from 'long long unsigned int' to 'unsigned int' may change value [-Wconversion]
   84 |     unsigned int longs = (nbits + KAPI_BITS_PER_LONG - 1) / KAPI_BITS_PER_LONG;
      |                          ^
In file included from include/kapi.h:59:
include/kapi_netlink.h: In function 'kapi_nlmsg_next':
include/kapi_netlink.h:19:37: warning: conversion to 'int' from 'uint32_t' {aka 'unsigned int'} may change the sign of the result [-Wsign-conversion]
   19 | #define KAPI_NLMSG_ALIGNTO          4
      |                                     ^
include/kapi_netlink.h:75:18: note: in expansion of macro 'KAPI_NLMSG_ALIGNTO'
   75 |     int totlen = KAPI_NLMSG_ALIGNTO * ((nlh->nlmsg_len + KAPI_NLMSG_ALIGNTO - 1) / KAPI_NLMSG_ALIGNTO);
      |                  ^~~~~~~~~~~~~~~~~~
kernel/arch/x86_64/procfs.c: In function 'procfs_cpuinfo_read':
kernel/arch/x86_64/procfs.c:29:36: warning: conversion to 'uint64_t' {aka 'long long unsigned int'} from 'int' may change the sign of the result [-Wsign-conversion]
   29 |     n += snprintf(buf + n, max_len - n,
      |                                    ^
kernel/arch/x86_64/procfs.c: In function 'procfs_meminfo_read':
kernel/arch/x86_64/procfs.c:65:36: warning: conversion to 'uint64_t' {aka 'long long unsigned int'} from 'int' may change the sign of the result [-Wsign-conversion]
   65 |     n += snprintf(buf + n, max_len - n,
      |                                    ^
kernel/arch/x86_64/procfs.c: In function 'procfs_stat_read':
kernel/arch/x86_64/procfs.c:123:36: warning: conversion to 'uint64_t' {aka 'long long unsigned int'} from 'int' may change the sign of the result [-Wsign-conversion]
  123 |     n += snprintf(buf + n, max_len - n, "cpu  %lu 0 %lu %lu 0 0 0 0 0 0\n",
      |                                    ^
kernel/arch/x86_64/procfs.c:128:44: warning: conversion to 'uint64_t' {aka 'long long unsigned int'} from 'int' may change the sign of the result [-Wsign-conversion]
  128 |             n += snprintf(buf + n, max_len - n, "cpu%u %lu 0 %lu %lu 0 0 0 0 0 0\n",
      |                                            ^
kernel/arch/x86_64/procfs.c:132:36: warning: conversion to 'uint64_t' {aka 'long long unsigned int'} from 'int' may change the sign of the result [-Wsign-conversion]
  132 |     n += snprintf(buf + n, max_len - n, "intr %lu\n", irq_total);
      |                                    ^
kernel/arch/x86_64/procfs.c:134:36: warning: conversion to 'uint64_t' {aka 'long long unsigned int'} from 'int' may change the sign of the result [-Wsign-conversion]
  134 |     n += snprintf(buf + n, max_len - n, "ctxt %lu\n",
      |                                    ^
kernel/arch/x86_64/procfs.c:136:36: warning: conversion to 'uint64_t' {aka 'long long unsigned int'} from 'int' may change the sign of the result [-Wsign-conversion]
  136 |     n += snprintf(buf + n, max_len - n, "btime %lu\n", __uptime_cached / 1000);
      |                                    ^
kernel/arch/x86_64/procfs.c:147:36: warning: conversion to 'uint64_t' {aka 'long long unsigned int'} from 'int' may change the sign of the result [-Wsign-conversion]
  147 |     n += snprintf(buf + n, max_len - n, "processes %lu\n", proc_count);
      |                                    ^
kernel/arch/x86_64/procfs.c:148:36: warning: conversion to 'uint64_t' {aka 'long long unsigned int'} from 'int' may change the sign of the result [-Wsign-conversion]
  148 |     n += snprintf(buf + n, max_len - n, "procs_running %lu\n", running ? running : 1);
      |                                    ^
kernel/arch/x86_64/procfs.c:149:36: warning: conversion to 'uint64_t' {aka 'long long unsigned int'} from 'int' may change the sign of the result [-Wsign-conversion]
  149 |     n += snprintf(buf + n, max_len - n, "procs_blocked %lu\n", blocked);
      |                                    ^
kernel/arch/x86_64/procfs.c: In function 'procfs_finddir':
kernel/arch/x86_64/procfs.c:272:24: warning: conversion to 'uint64_t' {aka 'long long unsigned int'} from 'int' may change the sign of the result [-Wsign-conversion]
  272 |         pid = pid * 10 + (*p - '0');
      |                        ^
<0> Building kernel/arch/x86_64/powershell.c
<1> Building kernel/arch/x86_64/pnp.c
<2> Building kernel/arch/x86_64/pe.c
<3> Building kernel/arch/x86_64/pagefault.c
kernel/arch/x86_64/pnp.c: In function 'add_pnp_root':
kernel/arch/x86_64/pnp.c:219:23: warning: multi-character character constant [-Wmultichar]
  219 |     node->signature = 'PnPD';
      |                       ^~~~~~
kernel/arch/x86_64/pnp.c: In function 'pnp_init':
kernel/arch/x86_64/pnp.c:325:39: warning: multi-character character constant [-Wmultichar]
  325 |                 dev_node->signature = 'PnPD';
      |                                       ^~~~~~
kernel/arch/x86_64/pnp.c: At top level:
kernel/arch/x86_64/pnp.c:706:14: warning: 'find_hdevinfo' defined but not used [-Wunused-function]
  706 | static void* find_hdevinfo(void* h) {
      |              ^~~~~~~~~~~~~
kernel/arch/x86_64/pagefault.c: In function 'stack_expand':
kernel/arch/x86_64/pagefault.c:157:37: warning: unsigned conversion from 'int' to 'uint64_t' {aka 'long long unsigned int'} changes value from '-4096' to '18446744073709547520' [-Wsign-conversion]
  157 |     uint64_t page_addr = fault_addr & ~(PAGE_SIZE - 1);
      |                                     ^
kernel/arch/x86_64/pagefault.c: In function 'pagefault_handler':
kernel/arch/x86_64/pagefault.c:230:48: warning: unsigned conversion from 'int' to 'uint64_t' {aka 'long long unsigned int'} changes value from '-4096' to '18446744073709547520' [-Wsign-conversion]
  230 |                 if (demand_page_alloc(cr3, cr2 & ~(PAGE_SIZE - 1),
      |                                                ^
kernel/arch/x86_64/pagefault.c:243:56: warning: unsigned conversion from 'int' to 'uint64_t' {aka 'long long unsigned int'} changes value from '-4096' to '18446744073709547520' [-Wsign-conversion]
  243 |                         proc->stack_base = (void*)(cr2 & ~(PAGE_SIZE - 1));
      |                                                        ^
kernel/arch/x86_64/pagefault.c: At top level:
kernel/arch/x86_64/pagefault.c:27:13: warning: 'pf_log_buf' defined but not used [-Wunused-variable]
   27 | static char pf_log_buf[PF_LOG_BUF_SIZE];
      |             ^~~~~~~~~~
<2> Building kernel/arch/x86_64/pagecache.c
<3> Building kernel/arch/x86_64/ntfs.c
kernel/arch/x86_64/pagecache.c: In function 'pagecache_clear_dirty':
kernel/arch/x86_64/pagecache.c:133:22: warning: unsigned conversion from 'int' to 'uint32_t' {aka 'unsigned int'} changes value from '-3' to '4294967293' [-Wsign-conversion]
  133 |         entry->flags &= ~PCACHE_DIRTY;
      |                      ^~
kernel/arch/x86_64/pagecache.c: In function 'pagecache_sync_node':
kernel/arch/x86_64/pagecache.c:178:30: warning: unsigned conversion from 'int' to 'uint32_t' {aka 'unsigned int'} changes value from '-11' to '4294967285' [-Wsign-conversion]
  178 |                 entry->flags &= ~(PCACHE_DIRTY | PCACHE_WRITEBACK);
      |                              ^~
kernel/arch/x86_64/pagecache.c: In function 'pagecache_sync_all':
kernel/arch/x86_64/pagecache.c:206:30: warning: unsigned conversion from 'int' to 'uint32_t' {aka 'unsigned int'} changes value from '-11' to '4294967285' [-Wsign-conversion]
  206 |                 entry->flags &= ~(PCACHE_DIRTY | PCACHE_WRITEBACK);
      |                              ^~
kernel/arch/x86_64/ntfs.c: In function 'write_attr_filename':
kernel/arch/x86_64/ntfs.c:181:28: warning: taking address of packed member of 'struct <anonymous>' may result in an unaligned pointer value [-Waddress-of-packed-member]
  181 |     ascii_to_utf16(name, fn->file_name, NTFS_MAX_FILENAME_LEN);
      |                          ~~^~~~~~~~~~~
In function 'write_attr_data_resident',
    inlined from 'create_file' at kernel/arch/x86_64/ntfs.c:470:15:
kernel/arch/x86_64/ntfs.c:199:22: warning: potential null pointer dereference [-Wnull-dereference]
  199 |     ah->attribute_id = (uint16_t)attr_id;
      |     ~~~~~~~~~~~~~~~~~^~~~~~~~~~~~~~~~~~~
kernel/arch/x86_64/ntfs.c:198:22: warning: potential null pointer dereference [-Wnull-dereference]
  198 |     ah->non_resident = 0;
      |     ~~~~~~~~~~~~~~~~~^~~
kernel/arch/x86_64/ntfs.c:197:14: warning: potential null pointer dereference [-Wnull-dereference]
  197 |     ah->type = NTFS_ATTRIBUTE_DATA;
In function 'write_attr_data_nonresident',
    inlined from 'create_file' at kernel/arch/x86_64/ntfs.c:485:15:
kernel/arch/x86_64/ntfs.c:223:42: warning: potential null pointer dereference [-Wnull-dereference]
  223 |     ah->data.non_resident.allocated_size = alloc_size;
      |     ~~~~~~~~~~~~~~~~~~~~~~~~~~~~~~~~~~~~~^~~~~~~~~~~~
kernel/arch/x86_64/ntfs.c:226:43: warning: potential null pointer dereference [-Wnull-dereference]
  226 |     ah->data.non_resident.compressed_size = alloc_size;
      |     ~~~~~~~~~~~~~~~~~~~~~~~~~~~~~~~~~~~~~~^~~~~~~~~~~~
kernel/arch/x86_64/ntfs.c:219:22: warning: potential null pointer dereference [-Wnull-dereference]
  219 |     ah->attribute_id = (uint16_t)attr_id;
      |     ~~~~~~~~~~~~~~~~~^~~~~~~~~~~~~~~~~~~
kernel/arch/x86_64/ntfs.c:227:16: warning: potential null pointer dereference [-Wnull-dereference]
  227 |     ah->length = (uint32_t)sizeof(NTFS_ATTRIBUTE_HEADER);
      |     ~~~~~~~~~~~^~~~~~~~~~~~~~~~~~~~~~~~~~~~~~~~~~~~~~~~~
kernel/arch/x86_64/ntfs.c:225:44: warning: potential null pointer dereference [-Wnull-dereference]
  225 |     ah->data.non_resident.initialized_size = data_size;
      |     ~~~~~~~~~~~~~~~~~~~~~~~~~~~~~~~~~~~~~~~^~~~~~~~~~~
kernel/arch/x86_64/ntfs.c:224:37: warning: potential null pointer dereference [-Wnull-dereference]
  224 |     ah->data.non_resident.data_size = data_size;
      |     ~~~~~~~~~~~~~~~~~~~~~~~~~~~~~~~~^~~~~~~~~~~
kernel/arch/x86_64/ntfs.c:222:43: warning: potential null pointer dereference [-Wnull-dereference]
  222 |     ah->data.non_resident.data_run_offset = (uint16_t)(sizeof(NTFS_ATTRIBUTE_HEADER));
      |     ~~~~~~~~~~~~~~~~~~~~~~~~~~~~~~~~~~~~~~^~~~~~~~~~~~~~~~~~~~~~~~~~~~~~~~~~~~~~~~~~~
kernel/arch/x86_64/ntfs.c:221:36: warning: potential null pointer dereference [-Wnull-dereference]
  221 |     ah->data.non_resident.high_vcn = 0;
      |     ~~~~~~~~~~~~~~~~~~~~~~~~~~~~~~~^~~
kernel/arch/x86_64/ntfs.c:220:35: warning: potential null pointer dereference [-Wnull-dereference]
  220 |     ah->data.non_resident.low_vcn = 0;
      |     ~~~~~~~~~~~~~~~~~~~~~~~~~~~~~~^~~
kernel/arch/x86_64/ntfs.c:218:22: warning: potential null pointer dereference [-Wnull-dereference]
  218 |     ah->non_resident = 1;
      |     ~~~~~~~~~~~~~~~~~^~~
kernel/arch/x86_64/ntfs.c:217:14: warning: potential null pointer dereference [-Wnull-dereference]
  217 |     ah->type = NTFS_ATTRIBUTE_DATA;
In function 'write_attr_end',
    inlined from 'create_file' at kernel/arch/x86_64/ntfs.c:491:11:
kernel/arch/x86_64/ntfs.c:270:16: warning: potential null pointer dereference [-Wnull-dereference]
  270 |     ah->length = (uint32_t)sizeof(NTFS_ATTRIBUTE_HEADER);
      |     ~~~~~~~~~~~^~~~~~~~~~~~~~~~~~~~~~~~~~~~~~~~~~~~~~~~~
kernel/arch/x86_64/ntfs.c:269:14: warning: potential null pointer dereference [-Wnull-dereference]
  269 |     ah->type = NTFS_ATTRIBUTE_END;
In function 'write_attr_index_root',
    inlined from 'create_standard_metadata_file.isra' at kernel/arch/x86_64/ntfs.c:394:15:
kernel/arch/x86_64/ntfs.c:261:16: warning: potential null pointer dereference [-Wnull-dereference]
  261 |     ah->length = (uint32_t)(sizeof(NTFS_ATTRIBUTE_HEADER) + total);
      |     ~~~~~~~~~~~^~~~~~~~~~~~~~~~~~~~~~~~~~~~~~~~~~~~~~~~~~~~~~~~~~~
kernel/arch/x86_64/ntfs.c:259:36: warning: potential null pointer dereference [-Wnull-dereference]
  259 |     ah->data.resident.value_length = total;
      |     ~~~~~~~~~~~~~~~~~~~~~~~~~~~~~~~^~~~~~~
kernel/arch/x86_64/ntfs.c:238:22: warning: potential null pointer dereference [-Wnull-dereference]
  238 |     ah->attribute_id = (uint16_t)attr_id;
      |     ~~~~~~~~~~~~~~~~~^~~~~~~~~~~~~~~~~~~
kernel/arch/x86_64/ntfs.c:260:36: warning: potential null pointer dereference [-Wnull-dereference]
  260 |     ah->data.resident.value_offset = (uint16_t)sizeof(NTFS_ATTRIBUTE_HEADER);
      |     ~~~~~~~~~~~~~~~~~~~~~~~~~~~~~~~^~~~~~~~~~~~~~~~~~~~~~~~~~~~~~~~~~~~~~~~~
kernel/arch/x86_64/ntfs.c:256:19: warning: potential null pointer dereference [-Wnull-dereference]
  256 |     ih->leaf_flag = leaf_flag;
      |     ~~~~~~~~~~~~~~^~~~~~~~~~~
kernel/arch/x86_64/ntfs.c:255:24: warning: potential null pointer dereference [-Wnull-dereference]
  255 |     ih->allocated_size = NTFS_INDEX_ROOT_SIZE - (uint32_t)sizeof(NTFS_INDEX_HEADER) - 16U;
      |     ~~~~~~~~~~~~~~~~~~~^~~~~~~~~~~~~~~~~~~~~~~~~~~~~~~~~~~~~~~~~~~~~~~~~~~~~~~~~~~~~~~~~~
kernel/arch/x86_64/ntfs.c:254:28: warning: potential null pointer dereference [-Wnull-dereference]
  254 |     ih->index_entries_size = entries_size;
      |     ~~~~~~~~~~~~~~~~~~~~~~~^~~~~~~~~~~~~~
kernel/arch/x86_64/ntfs.c:253:24: warning: potential null pointer dereference [-Wnull-dereference]
  253 |     ih->entries_offset = (uint32_t)sizeof(NTFS_INDEX_HEADER);
      |     ~~~~~~~~~~~~~~~~~~~^~~~~~~~~~~~~~~~~~~~~~~~~~~~~~~~~~~~~
kernel/arch/x86_64/ntfs.c:250:23: warning: potential null pointer dereference [-Wnull-dereference]
  250 |     *clusters_per_rec = 1;
      |     ~~~~~~~~~~~~~~~~~~^~~
kernel/arch/x86_64/ntfs.c:247:21: warning: potential null pointer dereference [-Wnull-dereference]
  247 |     *idx_block_size = 4096;
      |     ~~~~~~~~~~~~~~~~^~~~~~
kernel/arch/x86_64/ntfs.c:244:15: warning: potential null pointer dereference [-Wnull-dereference]
  244 |     *idx_type = NTFS_ATTRIBUTE_FILE_NAME;
kernel/arch/x86_64/ntfs.c:237:22: warning: potential null pointer dereference [-Wnull-dereference]
  237 |     ah->non_resident = 0;
      |     ~~~~~~~~~~~~~~~~~^~~
kernel/arch/x86_64/ntfs.c:236:14: warning: potential null pointer dereference [-Wnull-dereference]
  236 |     ah->type = NTFS_ATTRIBUTE_INDEX_ROOT;
In function 'write_attr_end',
    inlined from 'create_standard_metadata_file.isra' at kernel/arch/x86_64/ntfs.c:399:11:
kernel/arch/x86_64/ntfs.c:270:16: warning: potential null pointer dereference [-Wnull-dereference]
  270 |     ah->length = (uint32_t)sizeof(NTFS_ATTRIBUTE_HEADER);
      |     ~~~~~~~~~~~^~~~~~~~~~~~~~~~~~~~~~~~~~~~~~~~~~~~~~~~~
kernel/arch/x86_64/ntfs.c:269:14: warning: potential null pointer dereference [-Wnull-dereference]
  269 |     ah->type = NTFS_ATTRIBUTE_END;
<2> Building kernel/arch/x86_64/net.c
In function 'write_attr_index_root',
    inlined from 'create_directory' at kernel/arch/x86_64/ntfs.c:433:11:
kernel/arch/x86_64/ntfs.c:261:16: warning: potential null pointer dereference [-Wnull-dereference]
  261 |     ah->length = (uint32_t)(sizeof(NTFS_ATTRIBUTE_HEADER) + total);
      |     ~~~~~~~~~~~^~~~~~~~~~~~~~~~~~~~~~~~~~~~~~~~~~~~~~~~~~~~~~~~~~~
kernel/arch/x86_64/ntfs.c:259:36: warning: potential null pointer dereference [-Wnull-dereference]
  259 |     ah->data.resident.value_length = total;
      |     ~~~~~~~~~~~~~~~~~~~~~~~~~~~~~~~^~~~~~~
kernel/arch/x86_64/ntfs.c:238:22: warning: potential null pointer dereference [-Wnull-dereference]
  238 |     ah->attribute_id = (uint16_t)attr_id;
      |     ~~~~~~~~~~~~~~~~~^~~~~~~~~~~~~~~~~~~
kernel/arch/x86_64/ntfs.c:260:36: warning: potential null pointer dereference [-Wnull-dereference]
  260 |     ah->data.resident.value_offset = (uint16_t)sizeof(NTFS_ATTRIBUTE_HEADER);
      |     ~~~~~~~~~~~~~~~~~~~~~~~~~~~~~~~^~~~~~~~~~~~~~~~~~~~~~~~~~~~~~~~~~~~~~~~~
kernel/arch/x86_64/ntfs.c:256:19: warning: potential null pointer dereference [-Wnull-dereference]
  256 |     ih->leaf_flag = leaf_flag;
      |     ~~~~~~~~~~~~~~^~~~~~~~~~~
kernel/arch/x86_64/ntfs.c:255:24: warning: potential null pointer dereference [-Wnull-dereference]
  255 |     ih->allocated_size = NTFS_INDEX_ROOT_SIZE - (uint32_t)sizeof(NTFS_INDEX_HEADER) - 16U;
      |     ~~~~~~~~~~~~~~~~~~~^~~~~~~~~~~~~~~~~~~~~~~~~~~~~~~~~~~~~~~~~~~~~~~~~~~~~~~~~~~~~~~~~~
kernel/arch/x86_64/ntfs.c:254:28: warning: potential null pointer dereference [-Wnull-dereference]
  254 |     ih->index_entries_size = entries_size;
      |     ~~~~~~~~~~~~~~~~~~~~~~~^~~~~~~~~~~~~~
kernel/arch/x86_64/ntfs.c:253:24: warning: potential null pointer dereference [-Wnull-dereference]
  253 |     ih->entries_offset = (uint32_t)sizeof(NTFS_INDEX_HEADER);
      |     ~~~~~~~~~~~~~~~~~~~^~~~~~~~~~~~~~~~~~~~~~~~~~~~~~~~~~~~~
kernel/arch/x86_64/ntfs.c:250:23: warning: potential null pointer dereference [-Wnull-dereference]
  250 |     *clusters_per_rec = 1;
      |     ~~~~~~~~~~~~~~~~~~^~~
kernel/arch/x86_64/ntfs.c:247:21: warning: potential null pointer dereference [-Wnull-dereference]
  247 |     *idx_block_size = 4096;
      |     ~~~~~~~~~~~~~~~~^~~~~~
kernel/arch/x86_64/ntfs.c:244:15: warning: potential null pointer dereference [-Wnull-dereference]
  244 |     *idx_type = NTFS_ATTRIBUTE_FILE_NAME;
kernel/arch/x86_64/ntfs.c:237:22: warning: potential null pointer dereference [-Wnull-dereference]
  237 |     ah->non_resident = 0;
      |     ~~~~~~~~~~~~~~~~~^~~
kernel/arch/x86_64/ntfs.c:236:14: warning: potential null pointer dereference [-Wnull-dereference]
  236 |     ah->type = NTFS_ATTRIBUTE_INDEX_ROOT;
In function 'write_attr_end',
    inlined from 'create_directory' at kernel/arch/x86_64/ntfs.c:437:11:
kernel/arch/x86_64/ntfs.c:270:16: warning: potential null pointer dereference [-Wnull-dereference]
  270 |     ah->length = (uint32_t)sizeof(NTFS_ATTRIBUTE_HEADER);
      |     ~~~~~~~~~~~^~~~~~~~~~~~~~~~~~~~~~~~~~~~~~~~~~~~~~~~~
kernel/arch/x86_64/ntfs.c:269:14: warning: potential null pointer dereference [-Wnull-dereference]
  269 |     ah->type = NTFS_ATTRIBUTE_END;
kernel/arch/x86_64/net.c: In function 'parse_ip_addr':
kernel/arch/x86_64/net.c:86:16: warning: conversion to 'uint32_t' {aka 'unsigned int'} from 'int' may change the sign of the result [-Wsign-conversion]
   86 |             ip |= (octet << shift);
      |                ^~
kernel/arch/x86_64/net.c:94:8: warning: conversion to 'uint32_t' {aka 'unsigned int'} from 'int' may change the sign of the result [-Wsign-conversion]
   94 |     ip |= (octet << shift);
<1> Building kernel/arch/x86_64/mmap.c
      |        ^~
kernel/arch/x86_64/net.c: In function 'parse_mac_addr':
kernel/arch/x86_64/net.c:105:56: warning: conversion to 'unsigned int' from 'int' may change the sign of the result [-Wsign-conversion]
  105 |             if (c >= '0' && c <= '9') byte = byte * 16 + (c - '0');
      |                                                        ^
kernel/arch/x86_64/net.c:106:61: warning: conversion to 'unsigned int' from 'int' may change the sign of the result [-Wsign-conversion]
  106 |             else if (c >= 'a' && c <= 'f') byte = byte * 16 + (c - 'a' + 10);
      |                                                             ^
kernel/arch/x86_64/net.c:107:61: warning: conversion to 'unsigned int' from 'int' may change the sign of the result [-Wsign-conversion]
  107 |             else if (c >= 'A' && c <= 'F') byte = byte * 16 + (c - 'A' + 10);
      |                                                             ^
kernel/arch/x86_64/net.c: In function 'dhcp_parse_response':
kernel/arch/x86_64/net.c:243:24: warning: conversion from 'long long unsigned int' to 'uint32_t' {aka 'unsigned int'} may change value [-Wconversion]
  243 |     uint32_t opt_len = len - (sizeof(dhcp_packet_t) - 312);
      |                        ^~~
kernel/arch/x86_64/net.c: In function 'ip_handle_packet':
kernel/arch/x86_64/net.c:479:28: warning: conversion from 'int' to 'uint16_t' {aka 'short unsigned int'} may change value [-Wconversion]
  479 |     uint16_t payload_len = total_len - ((ip->version_ihl & 0x0F) * 4);
      |                            ^~~~~~~~~
kernel/arch/x86_64/net.c: In function 'tcp_find_socket':
kernel/arch/x86_64/net.c:543:47: warning: declaration of 'local_ip' shadows a global declaration [-Wshadow]
  543 | static tcp_socket_t* tcp_find_socket(uint32_t local_ip, uint16_t local_port,
      |                                      ~~~~~~~~~^~~~~~~~
kernel/arch/x86_64/net.c:10:17: note: shadowed declaration is here
   10 | static uint32_t local_ip  = 0;
      |                 ^~~~~~~~
kernel/arch/x86_64/net.c:543:47: warning: unused parameter 'local_ip' [-Wunused-parameter]
  543 | static tcp_socket_t* tcp_find_socket(uint32_t local_ip, uint16_t local_port,
      |                                      ~~~~~~~~~^~~~~~~~
kernel/arch/x86_64/net.c: In function 'udp_handle_packet':
kernel/arch/x86_64/net.c:905:25: warning: conversion from 'long long unsigned int' to 'uint16_t' {aka 'short unsigned int'} may change value [-Wconversion]
  905 |     uint16_t data_len = ntohs(udp->len) - sizeof(udp_header_t);
      |                         ^~~~~
kernel/arch/x86_64/mmap.c: In function 'mmap_context_destroy':
kernel/arch/x86_64/mmap.c:111:26: warning: unused variable 'vaddr' [-Wunused-variable]
  111 |                 uint64_t vaddr = area->start + j * PAGE_SIZE;
      |                          ^~~~~
kernel/arch/x86_64/mmap.c: In function 'mmap_do_mmap':
kernel/arch/x86_64/mmap.c:383:18: warning: variable 'cow_pte_flags' set but not used [-Wunused-but-set-variable=]
  383 |         uint64_t cow_pte_flags = pte_flags & ~(uint64_t)PAGE_WRITABLE;
      |                  ^~~~~~~~~~~~~
<3> Building kernel/arch/x86_64/lsm.c
<1> Building kernel/arch/x86_64/ldso.c
kernel/arch/x86_64/ldso.c: In function 'ldso_read_at':
kernel/arch/x86_64/ldso.c:24:23: warning: conversion to 'int64_t' {aka 'long long int'} from 'uint64_t' {aka 'long long unsigned int'} may change the sign of the result [-Wsign-conversion]
   24 |     if (vfs_lseek(fd, offset, 0) != (int64_t)offset)
      |                       ^~~~~~
kernel/arch/x86_64/ldso.c: In function 'ldso_elf_hash':
kernel/arch/x86_64/ldso.c:38:16: warning: conversion from 'uint32_t' {aka 'unsigned int'} to 'uint8_t' {aka 'unsigned char'} may change value [-Wconversion]
   38 |         high = h & 0xF0000000U;
      |                ^
kernel/arch/x86_64/ldso.c: In function 'ldso_relocate':
kernel/arch/x86_64/ldso.c:582:32: warning: conversion to 'long long unsigned int' from 'int64_t' {aka 'long long int'} may change the sign of the result [-Wsign-conversion]
  582 |                 *target = base + rel->r_addend;
      |                                ^
kernel/arch/x86_64/ldso.c:591:36: warning: conversion to 'long long unsigned int' from 'int64_t' {aka 'long long int'} may change the sign of the result [-Wsign-conversion]
  591 |                 *target = sym_addr + rel->r_addend;
      |                                    ^
kernel/arch/x86_64/ldso.c:601:49: warning: conversion to 'long long unsigned int' from 'int64_t' {aka 'long long int'} may change the sign of the result [-Wsign-conversion]
  601 |                 *target32 = (uint32_t)(sym_addr + rel->r_addend - (uint64_t)target);
      |                                                 ^
kernel/arch/x86_64/ldso.c:632:32: warning: conversion to 'long long unsigned int' from 'int64_t' {aka 'long long int'} may change the sign of the result [-Wsign-conversion]
  632 |                 *target = base + rel->r_addend;
      |                                ^
kernel/arch/x86_64/ldso.c:640:36: warning: conversion to 'long long unsigned int' from 'int64_t' {aka 'long long int'} may change the sign of the result [-Wsign-conversion]
  640 |                 *target = sym_addr + rel->r_addend;
      |                                    ^
kernel/arch/x86_64/ldso.c:649:49: warning: conversion to 'long long unsigned int' from 'int64_t' {aka 'long long int'} may change the sign of the result [-Wsign-conversion]
  649 |                 *target32 = (uint32_t)(sym_addr + rel->r_addend - (uint64_t)target);
      |                                                 ^
kernel/arch/x86_64/ldso.c: In function 'ldso_call_init':
kernel/arch/x86_64/ldso.c:690:36: warning: ISO C forbids conversion of object pointer to function pointer type [-Wpedantic]
  690 |                 void (*fn)(void) = (void(*)(void))lib->init_array[j];
      |                                    ^
kernel/arch/x86_64/ldso.c: In function 'ldso_call_fini':
kernel/arch/x86_64/ldso.c:715:36: warning: ISO C forbids conversion of object pointer to function pointer type [-Wpedantic]
  715 |                 void (*fn)(void) = (void(*)(void))lib->fini_array[j];
      |                                    ^
kernel/arch/x86_64/ldso.c: In function 'ldso_unload_library':
kernel/arch/x86_64/ldso.c:760:36: warning: ISO C forbids conversion of object pointer to function pointer type [-Wpedantic]
  760 |                 void (*fn)(void) = (void(*)(void))lib->fini_array[j];
      |                                    ^
<2> Building kernel/arch/x86_64/kvm.c
<0> Building kernel/arch/x86_64/keyboard.c
<3> Building kernel/arch/x86_64/jbd2.c
kernel/arch/x86_64/kvm.c: In function 'vmx_handle_cr_access':
kernel/arch/x86_64/kvm.c:405:9: warning: unused variable 'gpr' [-Wunused-variable]
  405 |     u32 gpr = (exit_qual >> 8) & 0xF;
      |         ^~~
kernel/arch/x86_64/kvm.c:404:9: warning: unused variable 'access_type' [-Wunused-variable]
  404 |     u32 access_type = (exit_qual >> 4) & 0x3;
      |         ^~~~~~~~~~~
kernel/arch/x86_64/kvm.c: In function 'ept_map_page':
kernel/arch/x86_64/kvm.c:510:58: warning: conversion from 'u64' {aka 'long long unsigned int'} to 'u32' {aka 'unsigned int'} may change value [-Wconversion]
  510 |         u64 *entry = ept_get_entry(ept_root, level_offset[level]);
      |                                              ~~~~~~~~~~~~^~~~~~~
kernel/arch/x86_64/kvm.c:520:53: warning: conversion from 'u64' {aka 'long long unsigned int'} to 'u32' {aka 'unsigned int'} may change value [-Wconversion]
  520 |     u64 *leaf = ept_get_entry(ept_root, level_offset[0]);
      |                                         ~~~~~~~~~~~~^~~
kernel/arch/x86_64/jbd2.c: In function 'jbd2_journal_load':
kernel/arch/x86_64/jbd2.c:398:56: warning: pointer of type 'void *' used in arithmetic [-Wpointer-arith]
  398 |             uint64_t* block_nos = (uint64_t*)(scan_buf + sizeof(jbd2_block_header_t));
      |                                                        ^
kernel/arch/x86_64/jbd2.c: In function 'jbd2_trans_commit':
kernel/arch/x86_64/jbd2.c:627:52: warning: pointer of type 'void *' used in arithmetic [-Wpointer-arith]
  627 |         uint64_t* block_nos = (uint64_t*)(desc_buf + sizeof(jbd2_block_header_t));
      |                                                    ^
kernel/arch/x86_64/jbd2.c: In function 'jbd2_trans_abort':
kernel/arch/x86_64/jbd2.c:759:20: warning: unsigned conversion from 'int' to 'uint32_t' {aka 'unsigned int'} changes value from '-2' to '4294967294' [-Wsign-conversion]
  759 |         blk->flags &= ~JBD2_BLOCK_DIRTY;
      |                    ^~
kernel/arch/x86_64/jbd2.c: In function 'jbd2_journal_checkpoint':
kernel/arch/x86_64/jbd2.c:867:32: warning: unsigned conversion from 'int' to 'uint32_t' {aka 'unsigned int'} changes value from '-2' to '4294967294' [-Wsign-conversion]
  867 |                     blk->flags &= ~JBD2_BLOCK_DIRTY;
      |                                ^~
kernel/arch/x86_64/jbd2.c:875:24: warning: unsigned conversion from 'int' to 'uint32_t' {aka 'unsigned int'} changes value from '-9' to '4294967287' [-Wsign-conversion]
  875 |             blk->flags &= ~JBD2_BLOCK_IN_LOG;
      |                        ^~
kernel/arch/x86_64/keyboard.c: In function '__kbd_handle_key':
kernel/arch/x86_64/keyboard.c:129:44: warning: unsigned conversion from 'int' to 'uint32_t' {aka 'unsigned int'} changes value from '-2' to '4294967294' [-Wsign-conversion]
  129 |                 if (release) kbd_modifiers &= ~KEYMOD_LSHIFT;
      |                                            ^~
kernel/arch/x86_64/keyboard.c:133:44: warning: unsigned conversion from 'int' to 'uint32_t' {aka 'unsigned int'} changes value from '-3' to '4294967293' [-Wsign-conversion]
  133 |                 if (release) kbd_modifiers &= ~KEYMOD_RSHIFT;
      |                                            ^~
kernel/arch/x86_64/keyboard.c:138:48: warning: unsigned conversion from 'int' to 'uint32_t' {aka 'unsigned int'} changes value from '-9' to '4294967287' [-Wsign-conversion]
  138 |                     if (release) kbd_modifiers &= ~KEYMOD_RCTRL;
      |                                                ^~
kernel/arch/x86_64/keyboard.c:141:48: warning: unsigned conversion from 'int' to 'uint32_t' {aka 'unsigned int'} changes value from '-5' to '4294967291' [-Wsign-conversion]
  141 |                     if (release) kbd_modifiers &= ~KEYMOD_LCTRL;
      |                                                ^~
kernel/arch/x86_64/keyboard.c:148:48: warning: unsigned conversion from 'int' to 'uint32_t' {aka 'unsigned int'} changes value from '-33' to '4294967263' [-Wsign-conversion]
  148 |                     if (release) kbd_modifiers &= ~KEYMOD_RALT;
      |                                                ^~
kernel/arch/x86_64/keyboard.c:151:48: warning: unsigned conversion from 'int' to 'uint32_t' {aka 'unsigned int'} changes value from '-17' to '4294967279' [-Wsign-conversion]
  151 |                     if (release) kbd_modifiers &= ~KEYMOD_LALT;
      |                                                ^~
kernel/arch/x86_64/keyboard.c:159:31: warning: unsigned conversion from 'int' to 'uint8_t' {aka 'unsigned char'} changes the value of '-5' [-Wsign-conversion]
  159 |                     kbd_led = (kbd_modifiers & KEYMOD_CAPSLOCK) ? (kbd_led | KBD_LED_CAPS) : (kbd_led & ~KBD_LED_CAPS);
      |                               ^
kernel/arch/x86_64/keyboard.c:166:31: warning: unsigned conversion from 'int' to 'uint8_t' {aka 'unsigned char'} changes the value of '-3' [-Wsign-conversion]
  166 |                     kbd_led = (kbd_modifiers & KEYMOD_NUMLOCK) ? (kbd_led | KBD_LED_NUM) : (kbd_led & ~KBD_LED_NUM);
      |                               ^
kernel/arch/x86_64/keyboard.c:173:31: warning: unsigned conversion from 'int' to 'uint8_t' {aka 'unsigned char'} changes the value of '-2' [-Wsign-conversion]
  173 |                     kbd_led = (kbd_modifiers & KEYMOD_SCROLLLOCK) ? (kbd_led | KBD_LED_SCROLL) : (kbd_led & ~KBD_LED_SCROLL);
      |                               ^
kernel/arch/x86_64/keyboard.c:183:40: warning: unsigned conversion from 'int' to 'uint32_t' {aka 'unsigned int'} changes value from '-513' to '4294966783' [-Wsign-conversion]
  183 |             if (release) kbd_modifiers &= ~KEYMOD_LWIN;
      |                                        ^~
kernel/arch/x86_64/keyboard.c:186:40: warning: unsigned conversion from 'int' to 'uint32_t' {aka 'unsigned int'} changes value from '-1025' to '4294966271' [-Wsign-conversion]
  186 |             if (release) kbd_modifiers &= ~KEYMOD_RWIN;
      |                                        ^~
kernel/arch/x86_64/keyboard.c:207:24: warning: conversion to 'char' from 'uint8_t' {aka 'unsigned char'} may change the sign of the result [-Wsign-conversion]
  207 |             ev.ascii = scancode_set1_shift[scancode];
      |                        ^~~~~~~~~~~~~~~~~~~
kernel/arch/x86_64/keyboard.c:209:24: warning: conversion to 'char' from 'uint8_t' {aka 'unsigned char'} may change the sign of the result [-Wsign-conversion]
  209 |             ev.ascii = scancode_set1_normal[scancode];
      |                        ^~~~~~~~~~~~~~~~~~~~
kernel/arch/x86_64/keyboard.c: In function 'keyboard_init':
kernel/arch/x86_64/keyboard.c:249:27: warning: ISO C forbids conversion of function pointer to object pointer type [-Wpedantic]
  249 |     interrupt_register(1, (void*)keyboard_irq_handler);
      |                           ^
<0> Building kernel/arch/x86_64/i2c.c
kernel/arch/x86_64/i2c.c: In function 'i2c_smbus_wait_until_done':
kernel/arch/x86_64/i2c.c:55:13: warning: unused variable 'status' [-Wunused-variable]
   55 |     uint8_t status = i2c_smbus_read(bus->base_io, I2C_SMBUS_HST_STS);
      |             ^~~~~~
kernel/arch/x86_64/i2c.c: In function 'i2c_smbus_init':
kernel/arch/x86_64/i2c.c:118:54: warning: conversion from 'int' to 'uint8_t' {aka 'unsigned char'} may change value [-Wconversion]
  118 |                 uint32_t class_reg = pci_read_config(b, d, f, 0x08);
      |                                                      ^
kernel/arch/x86_64/i2c.c:118:57: warning: conversion from 'int' to 'uint8_t' {aka 'unsigned char'} may change value [-Wconversion]
  118 |                 uint32_t class_reg = pci_read_config(b, d, f, 0x08);
      |                                                         ^
kernel/arch/x86_64/i2c.c:118:60: warning: conversion from 'int' to 'uint8_t' {aka 'unsigned char'} may change value [-Wconversion]
  118 |                 uint32_t class_reg = pci_read_config(b, d, f, 0x08);
      |                                                            ^
kernel/arch/x86_64/i2c.c:121:38: warning: conversion from 'uint32_t' {aka 'unsigned int'} to 'uint8_t' {aka 'unsigned char'} may change value [-Wconversion]
  121 |                 uint8_t class_code = (class_reg >> 24) & 0xFF;
      |                                      ^
kernel/arch/x86_64/i2c.c:126:51: warning: conversion from 'int' to 'uint8_t' {aka 'unsigned char'} may change value [-Wconversion]
  126 |                 uint32_t id_reg = pci_read_config(b, d, f, 0x00);
      |                                                   ^
kernel/arch/x86_64/i2c.c:126:54: warning: conversion from 'int' to 'uint8_t' {aka 'unsigned char'} may change value [-Wconversion]
  126 |                 uint32_t id_reg = pci_read_config(b, d, f, 0x00);
      |                                                      ^
kernel/arch/x86_64/i2c.c:126:57: warning: conversion from 'int' to 'uint8_t' {aka 'unsigned char'} may change value [-Wconversion]
  126 |                 uint32_t id_reg = pci_read_config(b, d, f, 0x00);
      |                                                         ^
kernel/arch/x86_64/i2c.c:128:32: warning: conversion from 'uint32_t' {aka 'unsigned int'} to 'uint16_t' {aka 'short unsigned int'} may change value [-Wconversion]
  128 |                 uint16_t did = (id_reg >> 16) & 0xFFFF;
      |                                ^
kernel/arch/x86_64/i2c.c:130:62: warning: conversion from 'int' to 'uint8_t' {aka 'unsigned char'} may change value [-Wconversion]
  130 |                 uint16_t cmd_reg = (uint16_t)pci_read_config(b, d, f, 0x04);
      |                                                              ^
kernel/arch/x86_64/i2c.c:130:65: warning: conversion from 'int' to 'uint8_t' {aka 'unsigned char'} may change value [-Wconversion]
  130 |                 uint16_t cmd_reg = (uint16_t)pci_read_config(b, d, f, 0x04);
      |                                                                 ^
kernel/arch/x86_64/i2c.c:130:68: warning: conversion from 'int' to 'uint8_t' {aka 'unsigned char'} may change value [-Wconversion]
  130 |                 uint16_t cmd_reg = (uint16_t)pci_read_config(b, d, f, 0x04);
      |                                                                    ^
kernel/arch/x86_64/i2c.c:132:34: warning: conversion from 'int' to 'uint8_t' {aka 'unsigned char'} may change value [-Wconversion]
  132 |                 pci_write_config(b, d, f, 0x04, cmd_reg);
      |                                  ^
kernel/arch/x86_64/i2c.c:132:37: warning: conversion from 'int' to 'uint8_t' {aka 'unsigned char'} may change value [-Wconversion]
  132 |                 pci_write_config(b, d, f, 0x04, cmd_reg);
      |                                     ^
kernel/arch/x86_64/i2c.c:132:40: warning: conversion from 'int' to 'uint8_t' {aka 'unsigned char'} may change value [-Wconversion]
  132 |                 pci_write_config(b, d, f, 0x04, cmd_reg);
      |                                        ^
kernel/arch/x86_64/i2c.c:135:65: warning: conversion from 'int' to 'uint8_t' {aka 'unsigned char'} may change value [-Wconversion]
  135 |                 uint8_t header_type = (uint8_t)(pci_read_config(b, d, f, 0x0C) & 0xFF);
      |                                                                 ^
kernel/arch/x86_64/i2c.c:135:68: warning: conversion from 'int' to 'uint8_t' {aka 'unsigned char'} may change value [-Wconversion]
  135 |                 uint8_t header_type = (uint8_t)(pci_read_config(b, d, f, 0x0C) & 0xFF);
      |                                                                    ^
kernel/arch/x86_64/i2c.c:135:71: warning: conversion from 'int' to 'uint8_t' {aka 'unsigned char'} may change value [-Wconversion]
  135 |                 uint8_t header_type = (uint8_t)(pci_read_config(b, d, f, 0x0C) & 0xFF);
      |                                                                       ^
kernel/arch/x86_64/i2c.c:137:53: warning: conversion from 'int' to 'uint8_t' {aka 'unsigned char'} may change value [-Wconversion]
  137 |                     uint32_t bar4 = pci_read_config(b, d, f, 0x20);
      |                                                     ^
kernel/arch/x86_64/i2c.c:137:56: warning: conversion from 'int' to 'uint8_t' {aka 'unsigned char'} may change value [-Wconversion]
  137 |                     uint32_t bar4 = pci_read_config(b, d, f, 0x20);
      |                                                        ^
kernel/arch/x86_64/i2c.c:137:59: warning: conversion from 'int' to 'uint8_t' {aka 'unsigned char'} may change value [-Wconversion]
  137 |                     uint32_t bar4 = pci_read_config(b, d, f, 0x20);
      |                                                           ^
kernel/arch/x86_64/i2c.c:155:51: warning: conversion from 'int' to 'uint8_t' {aka 'unsigned char'} may change value [-Wconversion]
  155 |                 bus->pci_config = pci_read_config(b, d, f, 0x90);
      |                                                   ^
kernel/arch/x86_64/i2c.c:155:54: warning: conversion from 'int' to 'uint8_t' {aka 'unsigned char'} may change value [-Wconversion]
  155 |                 bus->pci_config = pci_read_config(b, d, f, 0x90);
      |                                                      ^
kernel/arch/x86_64/i2c.c:155:57: warning: conversion from 'int' to 'uint8_t' {aka 'unsigned char'} may change value [-Wconversion]
  155 |                 bus->pci_config = pci_read_config(b, d, f, 0x90);
      |                                                         ^
kernel/arch/x86_64/i2c.c: In function 'i2c_smbus_block_read':
kernel/arch/x86_64/i2c.c:230:67: warning: conversion from 'uint32_t' {aka 'unsigned int'} to 'uint8_t' {aka 'unsigned char'} may change value [-Wconversion]
  230 |         buf[i] = i2c_smbus_read(bus->base_io, I2C_SMBUS_HST_BLOCK + i);
kernel/arch/x86_64/i2c.c: In function 'i2c_smbus_block_write':
kernel/arch/x86_64/i2c.c:256:59: warning: conversion from 'uint32_t' {aka 'unsigned int'} to 'uint8_t' {aka 'unsigned char'} may change value [-Wconversion]
  256 |         i2c_smbus_write(bus->base_io, I2C_SMBUS_HST_BLOCK + i, buf[i]);
<2> Building kernel/arch/x86_64/hpet.c
<1> Building kernel/arch/x86_64/framebuffer.c
<3> Building kernel/arch/x86_64/ext4.c
kernel/arch/x86_64/framebuffer.c: In function 'fb_init_from_gop':
kernel/arch/x86_64/framebuffer.c:335:63: warning: unsigned conversion from 'int' to 'uint64_t' {aka 'long long unsigned int'} changes value from '-4096' to '18446744073709547520' [-Wsign-conversion]
  335 |     fb_info.total_size = (fb_info.total_size + PAGE_SIZE - 1) & ~(PAGE_SIZE - 1);
      |                                                               ^
kernel/arch/x86_64/framebuffer.c: In function 'fb_puts':
kernel/arch/x86_64/framebuffer.c:548:49: warning: unsigned conversion from 'int' to 'uint32_t' {aka 'unsigned int'} changes value from '-64' to '4294967232' [-Wsign-conversion]
  548 |             cur_x = (cur_x + FB_CHAR_WIDTH * 8) & ~(FB_CHAR_WIDTH * 8 - 1);
      |                                                 ^
kernel/arch/x86_64/framebuffer.c: In function 'fb_resolution_set':
kernel/arch/x86_64/framebuffer.c:580:63: warning: unsigned conversion from 'int' to 'uint64_t' {aka 'long long unsigned int'} changes value from '-4096' to '18446744073709547520' [-Wsign-conversion]
  580 |     fb_info.total_size = (fb_info.total_size + PAGE_SIZE - 1) & ~(PAGE_SIZE - 1);
      |                                                               ^
<2> Building kernel/arch/x86_64/elf.c
In file included from kernel/arch/x86_64/ext4.c:1:
kernel/arch/x86_64/include/arch/ext4.h:275:7: warning: ISO C forbids zero-size array 'dx_entry' [-Wpedantic]
  275 |     } dx_entry[0];
      |       ^~~~~~~~
kernel/arch/x86_64/include/arch/ext4.h:289:7: warning: ISO C forbids zero-size array 'dx_entry' [-Wpedantic]
  289 |     } dx_entry[0];
      |       ^~~~~~~~
kernel/arch/x86_64/ext4.c: In function 'ext4_mount':
kernel/arch/x86_64/ext4.c:141:14: warning: unused variable 'gdt_bytes' [-Wunused-variable]
  141 |     uint64_t gdt_bytes = (uint64_t)groups_needed * fs->desc_size;
      |              ^~~~~~~~~
kernel/arch/x86_64/ext4.c: In function 'ext4_read_extent_block':
kernel/arch/x86_64/ext4.c:366:14: warning: variable 'path_blocks' set but not used [-Wunused-but-set-variable=]
  366 |     uint64_t path_blocks[EXT4_MAX_DEPTH];
      |              ^~~~~~~~~~~
kernel/arch/x86_64/ext4.c: In function 'ext4_lookup':
kernel/arch/x86_64/ext4.c:536:33: warning: unused variable 'node' [-Wunused-variable]
  536 |                 ext4_dx_node_t* node = (ext4_dx_node_t*)block_buf;
      |                                 ^~~~
kernel/arch/x86_64/elf.c: In function 'elf_load_from_memory':
kernel/arch/x86_64/elf.c:78:38: warning: unsigned conversion from 'int' to 'uint64_t' {aka 'long long unsigned int'} changes value from '-4096' to '18446744073709547520' [-Wsign-conversion]
   78 |         uint64_t vaddr = ph->p_vaddr & ~(PAGE_SIZE - 1);
      |                                      ^
kernel/arch/x86_64/elf.c:79:40: warning: unsigned conversion from 'int' to 'uint64_t' {aka 'long long unsigned int'} changes value from '-4096' to '18446744073709547520' [-Wsign-conversion]
   79 |         uint64_t offset = ph->p_offset & ~(PAGE_SIZE - 1);
      |                                        ^
kernel/arch/x86_64/elf.c:82:55: warning: unsigned conversion from 'int' to 'uint64_t' {aka 'long long unsigned int'} changes value from '-4096' to '18446744073709547520' [-Wsign-conversion]
   82 |         uint64_t page_end = (mem_end + PAGE_SIZE - 1) & ~(PAGE_SIZE - 1);
      |                                                       ^
kernel/arch/x86_64/elf.c: In function 'elf_load_from_file':
kernel/arch/x86_64/elf.c:144:41: warning: conversion to 'uint64_t' {aka 'long long unsigned int'} from 'int' may change the sign of the result [-Wsign-conversion]
  144 |     int ret = elf_load_from_memory(buf, total, info);
      |                                         ^~~~~
kernel/arch/x86_64/elf.c: In function 'elf_setup_stack':
kernel/arch/x86_64/elf.c:167:15: warning: conversion to 'uint64_t' {aka 'long long unsigned int'} from 'int' may change the sign of the result [-Wsign-conversion]
  167 |     *(--sp) = argc;
      |               ^~~~
<0> Building kernel/arch/x86_64/efi_runtime.c
<2> Building kernel/arch/x86_64/efi_entry.c
<1> Building kernel/arch/x86_64/efi.c
kernel/arch/x86_64/efi_entry.c: In function 'efi_print_dec':
kernel/arch/x86_64/efi_entry.c:47:24: warning: conversion from 'uint64_t' {aka 'long long unsigned int'} to 'char' may change value [-Wconversion]
   47 |             buf[i--] = '0' + (value % 10);
      |                        ^~~
<0> Building kernel/arch/x86_64/dns.c
<2> Building kernel/arch/x86_64/cpuidle.c
kernel/arch/x86_64/dns.c:42:17: warning: 'dns_ntohl' defined but not used [-Wunused-function]
   42 | static uint32_t dns_ntohl(uint32_t v) { return dns_htonl(v); }
      |                 ^~~~~~~~~
<1> Building kernel/arch/x86_64/com.c
<3> Building kernel/arch/x86_64/cfs.c
<2> Building kernel/arch/x86_64/bpf.c
-- Enter folder kernel/api --
<0> Building kernel/api/kapi_wait.c
kernel/arch/x86_64/bpf.c:135:8: warning: ISO C forbids zero-size array 'data' [-Wpedantic]
  135 |     u8 data[0];
      |        ^~~~
kernel/arch/x86_64/bpf.c: In function 'hash_map_update_impl':
kernel/arch/x86_64/bpf.c:254:20: warning: conversion from 'long long unsigned int' to 'u32' {aka 'unsigned int'} may change value [-Wconversion]
  254 |     u32 entry_sz = sizeof(bpf_hash_entry_t) + hdata->key_size + hdata->value_size;
      |                    ^~~~~~
kernel/arch/x86_64/bpf.c: In function 'array_map_alloc':
kernel/arch/x86_64/bpf.c:346:34: warning: unused parameter 'key_size' [-Wunused-parameter]
  346 | static void *array_map_alloc(u32 key_size, u32 value_size, u32 max_entries)
      |                              ~~~~^~~~~~~~
kernel/arch/x86_64/bpf.c: In function 'bpf_prog_run':
kernel/arch/x86_64/bpf.c:583:17: warning: unused variable 'ssv' [-Wunused-variable]
  583 |             s64 ssv = (s64)sv;
      |                 ^~~
kernel/arch/x86_64/bpf.c:646:29: warning: conversion to 'u32' {aka 'unsigned int'} from 'int' may change the sign of the result [-Wsign-conversion]
  646 |             case BPF_JA: pc += insn->off + 1; continue;
      |                             ^~
kernel/arch/x86_64/bpf.c:718:20: warning: conversion to 'u32' {aka 'unsigned int'} from 'int' may change the sign of the result [-Wsign-conversion]
  718 |                 pc += insn->off + 1;
      |                    ^~
kernel/arch/x86_64/bpf.c:727:27: warning: conversion to 'long long unsigned int' from 'long long int' may change the sign of the result [-Wsign-conversion]
  727 |             u64 addr = sv + (s64)insn->off;
      |                           ^
kernel/arch/x86_64/bpf.c:725:17: warning: unused variable 'dv' [-Wunused-variable]
  725 |             u64 dv = get_reg(&ctx, dst);
      |                 ^~
kernel/arch/x86_64/bpf.c:746:43: warning: conversion to 'long long unsigned int' from 'long long int' may change the sign of the result [-Wsign-conversion]
  746 |                 addr = get_reg(&ctx, dst) + (s64)insn->off;
      |                                           ^
kernel/arch/x86_64/bpf.c:749:43: warning: conversion to 'long long unsigned int' from 'long long int' may change the sign of the result [-Wsign-conversion]
  749 |                 addr = get_reg(&ctx, dst) + (s64)insn->off;
      |                                           ^
kernel/arch/x86_64/bpf.c: In function 'bpf_verifier':
kernel/arch/x86_64/bpf.c:838:33: warning: conversion to 'u32' {aka 'unsigned int'} from 'int' may change the sign of the result [-Wsign-conversion]
  838 |                 s32 target = pc + insn->off + 1;
      |                                 ^
kernel/arch/x86_64/bpf.c:838:30: warning: conversion to 's32' {aka 'int'} from 'u32' {aka 'unsigned int'} may change the sign of the result [-Wsign-conversion]
  838 |                 s32 target = pc + insn->off + 1;
      |                              ^~
kernel/arch/x86_64/bpf.c: In function 'emit_dword':
kernel/arch/x86_64/bpf.c:866:27: warning: conversion from 'u32' {aka 'unsigned int'} to 'u8' {aka 'unsigned char'} may change value [-Wconversion]
  866 |     emit_byte((val >> 24) & 0xFF);
      |               ~~~~~~~~~~~~^~~~~~
kernel/arch/x86_64/bpf.c: At top level:
kernel/arch/x86_64/bpf.c:869:13: warning: 'emit_qword' defined but not used [-Wunused-function]
  869 | static void emit_qword(u64 val)
      |             ^~~~~~~~~~
In file included from include/kapi.h:23,
                 from kernel/api/kapi_wait.c:4:
include/kapi_bitmap.h: In function 'kapi_bitmap_set_all':
include/kapi_bitmap.h:33:26: warning: conversion from 'long long unsigned int' to 'unsigned int' may change value [-Wconversion]
   33 |     unsigned int longs = (nbits + KAPI_BITS_PER_LONG - 1) / KAPI_BITS_PER_LONG;
      |                          ^
include/kapi_bitmap.h: In function 'kapi_bitmap_clear_all':
include/kapi_bitmap.h:41:26: warning: conversion from 'long long unsigned int' to 'unsigned int' may change value [-Wconversion]
   41 |     unsigned int longs = (nbits + KAPI_BITS_PER_LONG - 1) / KAPI_BITS_PER_LONG;
      |                          ^
include/kapi_bitmap.h: In function 'kapi_bitmap_find_first':
include/kapi_bitmap.h:49:26: warning: conversion from 'long long unsigned int' to 'unsigned int' may change value [-Wconversion]
   49 |     unsigned int longs = (nbits + KAPI_BITS_PER_LONG - 1) / KAPI_BITS_PER_LONG;
      |                          ^
include/kapi_bitmap.h:56:35: warning: conversion to 'int' from 'unsigned int' may change the sign of the result [-Wsign-conversion]
   56 |                     return offset + j;
      |                            ~~~~~~~^~~
include/kapi_bitmap.h: In function 'kapi_bitmap_find_first_zero':
include/kapi_bitmap.h:66:26: warning: conversion from 'long long unsigned int' to 'unsigned int' may change value [-Wconversion]
   66 |     unsigned int longs = (nbits + KAPI_BITS_PER_LONG - 1) / KAPI_BITS_PER_LONG;
      |                          ^
include/kapi_bitmap.h:73:35: warning: conversion to 'int' from 'unsigned int' may change the sign of the result [-Wsign-conversion]
   73 |                     return offset + j;
      |                            ~~~~~~~^~~
include/kapi_bitmap.h: In function 'kapi_bitmap_count':
include/kapi_bitmap.h:84:26: warning: conversion from 'long long unsigned int' to 'unsigned int' may change value [-Wconversion]
   84 |     unsigned int longs = (nbits + KAPI_BITS_PER_LONG - 1) / KAPI_BITS_PER_LONG;
      |                          ^
In file included from include/kapi.h:59:
include/kapi_netlink.h: In function 'kapi_nlmsg_next':
include/kapi_netlink.h:19:37: warning: conversion to 'int' from 'uint32_t' {aka 'unsigned int'} may change the sign of the result [-Wsign-conversion]
   19 | #define KAPI_NLMSG_ALIGNTO          4
      |                                     ^
include/kapi_netlink.h:75:18: note: in expansion of macro 'KAPI_NLMSG_ALIGNTO'
   75 |     int totlen = KAPI_NLMSG_ALIGNTO * ((nlh->nlmsg_len + KAPI_NLMSG_ALIGNTO - 1) / KAPI_NLMSG_ALIGNTO);
      |                  ^~~~~~~~~~~~~~~~~~
<3> Building kernel/api/kapi_vfs.c
<0> Building kernel/api/kapi_time.c
In file included from include/kapi.h:23,
                 from kernel/api/kapi_vfs.c:2:
include/kapi_bitmap.h: In function 'kapi_bitmap_set_all':
include/kapi_bitmap.h:33:26: warning: conversion from 'long long unsigned int' to 'unsigned int' may change value [-Wconversion]
   33 |     unsigned int longs = (nbits + KAPI_BITS_PER_LONG - 1) / KAPI_BITS_PER_LONG;
      |                          ^
include/kapi_bitmap.h: In function 'kapi_bitmap_clear_all':
include/kapi_bitmap.h:41:26: warning: conversion from 'long long unsigned int' to 'unsigned int' may change value [-Wconversion]
   41 |     unsigned int longs = (nbits + KAPI_BITS_PER_LONG - 1) / KAPI_BITS_PER_LONG;
      |                          ^
include/kapi_bitmap.h: In function 'kapi_bitmap_find_first':
include/kapi_bitmap.h:49:26: warning: conversion from 'long long unsigned int' to 'unsigned int' may change value [-Wconversion]
   49 |     unsigned int longs = (nbits + KAPI_BITS_PER_LONG - 1) / KAPI_BITS_PER_LONG;
      |                          ^
include/kapi_bitmap.h:56:35: warning: conversion to 'int' from 'unsigned int' may change the sign of the result [-Wsign-conversion]
   56 |                     return offset + j;
      |                            ~~~~~~~^~~
include/kapi_bitmap.h: In function 'kapi_bitmap_find_first_zero':
include/kapi_bitmap.h:66:26: warning: conversion from 'long long unsigned int' to 'unsigned int' may change value [-Wconversion]
   66 |     unsigned int longs = (nbits + KAPI_BITS_PER_LONG - 1) / KAPI_BITS_PER_LONG;
      |                          ^
include/kapi_bitmap.h:73:35: warning: conversion to 'int' from 'unsigned int' may change the sign of the result [-Wsign-conversion]
   73 |                     return offset + j;
      |                            ~~~~~~~^~~
include/kapi_bitmap.h: In function 'kapi_bitmap_count':
include/kapi_bitmap.h:84:26: warning: conversion from 'long long unsigned int' to 'unsigned int' may change value [-Wconversion]
   84 |     unsigned int longs = (nbits + KAPI_BITS_PER_LONG - 1) / KAPI_BITS_PER_LONG;
      |                          ^
In file included from include/kapi.h:59:
include/kapi_netlink.h: In function 'kapi_nlmsg_next':
include/kapi_netlink.h:19:37: warning: conversion to 'int' from 'uint32_t' {aka 'unsigned int'} may change the sign of the result [-Wsign-conversion]
   19 | #define KAPI_NLMSG_ALIGNTO          4
      |                                     ^
include/kapi_netlink.h:75:18: note: in expansion of macro 'KAPI_NLMSG_ALIGNTO'
   75 |     int totlen = KAPI_NLMSG_ALIGNTO * ((nlh->nlmsg_len + KAPI_NLMSG_ALIGNTO - 1) / KAPI_NLMSG_ALIGNTO);
      |                  ^~~~~~~~~~~~~~~~~~
In file included from include/kapi.h:23,
                 from kernel/api/kapi_time.c:4:
include/kapi_bitmap.h: In function 'kapi_bitmap_set_all':
include/kapi_bitmap.h:33:26: warning: conversion from 'long long unsigned int' to 'unsigned int' may change value [-Wconversion]
   33 |     unsigned int longs = (nbits + KAPI_BITS_PER_LONG - 1) / KAPI_BITS_PER_LONG;
      |                          ^
include/kapi_bitmap.h: In function 'kapi_bitmap_clear_all':
include/kapi_bitmap.h:41:26: warning: conversion from 'long long unsigned int' to 'unsigned int' may change value [-Wconversion]
   41 |     unsigned int longs = (nbits + KAPI_BITS_PER_LONG - 1) / KAPI_BITS_PER_LONG;
      |                          ^
include/kapi_bitmap.h: In function 'kapi_bitmap_find_first':
include/kapi_bitmap.h:49:26: warning: conversion from 'long long unsigned int' to 'unsigned int' may change value [-Wconversion]
   49 |     unsigned int longs = (nbits + KAPI_BITS_PER_LONG - 1) / KAPI_BITS_PER_LONG;
      |                          ^
include/kapi_bitmap.h:56:35: warning: conversion to 'int' from 'unsigned int' may change the sign of the result [-Wsign-conversion]
   56 |                     return offset + j;
      |                            ~~~~~~~^~~
include/kapi_bitmap.h: In function 'kapi_bitmap_find_first_zero':
include/kapi_bitmap.h:66:26: warning: conversion from 'long long unsigned int' to 'unsigned int' may change value [-Wconversion]
   66 |     unsigned int longs = (nbits + KAPI_BITS_PER_LONG - 1) / KAPI_BITS_PER_LONG;
      |                          ^
include/kapi_bitmap.h:73:35: warning: conversion to 'int' from 'unsigned int' may change the sign of the result [-Wsign-conversion]
   73 |                     return offset + j;
      |                            ~~~~~~~^~~
include/kapi_bitmap.h: In function 'kapi_bitmap_count':
include/kapi_bitmap.h:84:26: warning: conversion from 'long long unsigned int' to 'unsigned int' may change value [-Wconversion]
   84 |     unsigned int longs = (nbits + KAPI_BITS_PER_LONG - 1) / KAPI_BITS_PER_LONG;
      |                          ^
In file included from include/kapi.h:59:
include/kapi_netlink.h: In function 'kapi_nlmsg_next':
include/kapi_netlink.h:19:37: warning: conversion to 'int' from 'uint32_t' {aka 'unsigned int'} may change the sign of the result [-Wsign-conversion]
   19 | #define KAPI_NLMSG_ALIGNTO          4
      |                                     ^
include/kapi_netlink.h:75:18: note: in expansion of macro 'KAPI_NLMSG_ALIGNTO'
   75 |     int totlen = KAPI_NLMSG_ALIGNTO * ((nlh->nlmsg_len + KAPI_NLMSG_ALIGNTO - 1) / KAPI_NLMSG_ALIGNTO);
      |                  ^~~~~~~~~~~~~~~~~~
<1> Building kernel/api/kapi_syscall.c
<0> Building kernel/api/kapi_string.c
In file included from kernel/api/kapi_syscall.c:3:
include/kapi_syscall.h: In function 'sys_read':
include/kapi_syscall.h:494:38: warning: cast from pointer to integer of different size [-Wpointer-to-int-cast]
  494 | { return kapi_syscall3(SYS_read, fd, (long)buf, count); }
      |                                      ^
include/kapi_syscall.h:494:49: warning: conversion from 'size_t' {aka 'long long unsigned int'} to 'long int' may change value [-Wconversion]
  494 | { return kapi_syscall3(SYS_read, fd, (long)buf, count); }
      |                                                 ^~~~~
include/kapi_syscall.h: In function 'sys_write':
include/kapi_syscall.h:497:39: warning: cast from pointer to integer of different size [-Wpointer-to-int-cast]
  497 | { return kapi_syscall3(SYS_write, fd, (long)buf, count); }
      |                                       ^
include/kapi_syscall.h:497:50: warning: conversion from 'size_t' {aka 'long long unsigned int'} to 'long int' may change value [-Wconversion]
  497 | { return kapi_syscall3(SYS_write, fd, (long)buf, count); }
      |                                                  ^~~~~
include/kapi_syscall.h: In function 'sys_open':
include/kapi_syscall.h:500:34: warning: cast from pointer to integer of different size [-Wpointer-to-int-cast]
  500 | { return kapi_syscall3(SYS_open, (long)pathname, flags, mode); }
      |                                  ^
include/kapi_syscall.h: In function 'sys_mmap':
include/kapi_syscall.h:509:34: warning: cast from pointer to integer of different size [-Wpointer-to-int-cast]
  509 | { return kapi_syscall6(SYS_mmap, (long)addr, length, prot, flags, fd, offset); }
      |                                  ^
include/kapi_syscall.h:509:46: warning: conversion from 'size_t' {aka 'long long unsigned int'} to 'long int' may change value [-Wconversion]
  509 | { return kapi_syscall6(SYS_mmap, (long)addr, length, prot, flags, fd, offset); }
      |                                              ^~~~~~
include/kapi_syscall.h: In function 'sys_munmap':
include/kapi_syscall.h:512:36: warning: cast from pointer to integer of different size [-Wpointer-to-int-cast]
  512 | { return kapi_syscall2(SYS_munmap, (long)addr, length); }
      |                                    ^
include/kapi_syscall.h:512:48: warning: conversion from 'size_t' {aka 'long long unsigned int'} to 'long int' may change value [-Wconversion]
  512 | { return kapi_syscall2(SYS_munmap, (long)addr, length); }
      |                                                ^~~~~~
include/kapi_syscall.h: In function 'sys_mprotect':
include/kapi_syscall.h:515:38: warning: cast from pointer to integer of different size [-Wpointer-to-int-cast]
  515 | { return kapi_syscall3(SYS_mprotect, (long)addr, len, prot); }
      |                                      ^
include/kapi_syscall.h:515:50: warning: conversion from 'size_t' {aka 'long long unsigned int'} to 'long int' may change value [-Wconversion]
  515 | { return kapi_syscall3(SYS_mprotect, (long)addr, len, prot); }
      |                                                  ^~~
include/kapi_syscall.h: In function 'sys_brk':
include/kapi_syscall.h:518:33: warning: cast from pointer to integer of different size [-Wpointer-to-int-cast]
  518 | { return kapi_syscall1(SYS_brk, (long)addr); }
      |                                 ^
include/kapi_syscall.h: In function 'sys_clone':
include/kapi_syscall.h:527:42: warning: cast from pointer to integer of different size [-Wpointer-to-int-cast]
  527 | { return kapi_syscall5(SYS_clone, flags, (long)stack, (long)ptid, (long)ctid, tls); }
      |                                          ^
include/kapi_syscall.h:527:55: warning: cast from pointer to integer of different size [-Wpointer-to-int-cast]
  527 | { return kapi_syscall5(SYS_clone, flags, (long)stack, (long)ptid, (long)ctid, tls); }
      |                                                       ^
include/kapi_syscall.h:527:67: warning: cast from pointer to integer of different size [-Wpointer-to-int-cast]
  527 | { return kapi_syscall5(SYS_clone, flags, (long)stack, (long)ptid, (long)ctid, tls); }
      |                                                                   ^
include/kapi_syscall.h:527:35: warning: conversion to 'long int' from 'long unsigned int' may change the sign of the result [-Wsign-conversion]
  527 | { return kapi_syscall5(SYS_clone, flags, (long)stack, (long)ptid, (long)ctid, tls); }
      |                                   ^~~~~
include/kapi_syscall.h:527:79: warning: conversion to 'long int' from 'long unsigned int' may change the sign of the result [-Wsign-conversion]
  527 | { return kapi_syscall5(SYS_clone, flags, (long)stack, (long)ptid, (long)ctid, tls); }
      |                                                                               ^~~
include/kapi_syscall.h: In function 'sys_execve':
include/kapi_syscall.h:530:36: warning: cast from pointer to integer of different size [-Wpointer-to-int-cast]
  530 | { return kapi_syscall3(SYS_execve, (long)filename, (long)argv, (long)envp); }
      |                                    ^
include/kapi_syscall.h:530:52: warning: cast from pointer to integer of different size [-Wpointer-to-int-cast]
  530 | { return kapi_syscall3(SYS_execve, (long)filename, (long)argv, (long)envp); }
      |                                                    ^
include/kapi_syscall.h:530:64: warning: cast from pointer to integer of different size [-Wpointer-to-int-cast]
  530 | { return kapi_syscall3(SYS_execve, (long)filename, (long)argv, (long)envp); }
      |                                                                ^
include/kapi_syscall.h: In function 'sys_wait4':
include/kapi_syscall.h:539:40: warning: cast from pointer to integer of different size [-Wpointer-to-int-cast]
  539 | { return kapi_syscall4(SYS_wait4, pid, (long)wstatus, options, (long)rusage); }
      |                                        ^
include/kapi_syscall.h:539:64: warning: cast from pointer to integer of different size [-Wpointer-to-int-cast]
  539 | { return kapi_syscall4(SYS_wait4, pid, (long)wstatus, options, (long)rusage); }
      |                                                                ^
include/kapi_syscall.h: In function 'sys_stat':
include/kapi_syscall.h:554:34: warning: cast from pointer to integer of different size [-Wpointer-to-int-cast]
  554 | { return kapi_syscall2(SYS_stat, (long)pathname, (long)statbuf); }
      |                                  ^
include/kapi_syscall.h:554:50: warning: cast from pointer to integer of different size [-Wpointer-to-int-cast]
  554 | { return kapi_syscall2(SYS_stat, (long)pathname, (long)statbuf); }
      |                                                  ^
include/kapi_syscall.h: In function 'sys_fstat':
include/kapi_syscall.h:557:39: warning: cast from pointer to integer of different size [-Wpointer-to-int-cast]
  557 | { return kapi_syscall2(SYS_fstat, fd, (long)statbuf); }
      |                                       ^
include/kapi_syscall.h: In function 'sys_lstat':
include/kapi_syscall.h:560:35: warning: cast from pointer to integer of different size [-Wpointer-to-int-cast]
  560 | { return kapi_syscall2(SYS_lstat, (long)pathname, (long)statbuf); }
      |                                   ^
include/kapi_syscall.h:560:51: warning: cast from pointer to integer of different size [-Wpointer-to-int-cast]
  560 | { return kapi_syscall2(SYS_lstat, (long)pathname, (long)statbuf); }
      |                                                   ^
include/kapi_syscall.h: In function 'sys_access':
include/kapi_syscall.h:563:36: warning: cast from pointer to integer of different size [-Wpointer-to-int-cast]
  563 | { return kapi_syscall2(SYS_access, (long)pathname, mode); }
      |                                    ^
include/kapi_syscall.h: In function 'sys_chdir':
include/kapi_syscall.h:566:35: warning: cast from pointer to integer of different size [-Wpointer-to-int-cast]
  566 | { return kapi_syscall1(SYS_chdir, (long)path); }
      |                                   ^
include/kapi_syscall.h: In function 'sys_getcwd':
include/kapi_syscall.h:569:36: warning: cast from pointer to integer of different size [-Wpointer-to-int-cast]
  569 | { return kapi_syscall2(SYS_getcwd, (long)buf, size); }
      |                                    ^
include/kapi_syscall.h:569:47: warning: conversion from 'size_t' {aka 'long long unsigned int'} to 'long int' may change value [-Wconversion]
  569 | { return kapi_syscall2(SYS_getcwd, (long)buf, size); }
      |                                               ^~~~
include/kapi_syscall.h: In function 'sys_mkdir':
include/kapi_syscall.h:572:35: warning: cast from pointer to integer of different size [-Wpointer-to-int-cast]
  572 | { return kapi_syscall2(SYS_mkdir, (long)pathname, mode); }
      |                                   ^
include/kapi_syscall.h: In function 'sys_rmdir':
include/kapi_syscall.h:575:35: warning: cast from pointer to integer of different size [-Wpointer-to-int-cast]
  575 | { return kapi_syscall1(SYS_rmdir, (long)pathname); }
      |                                   ^
include/kapi_syscall.h: In function 'sys_unlink':
include/kapi_syscall.h:578:36: warning: cast from pointer to integer of different size [-Wpointer-to-int-cast]
  578 | { return kapi_syscall1(SYS_unlink, (long)pathname); }
      |                                    ^
include/kapi_syscall.h: In function 'sys_rename':
include/kapi_syscall.h:581:36: warning: cast from pointer to integer of different size [-Wpointer-to-int-cast]
  581 | { return kapi_syscall2(SYS_rename, (long)oldpath, (long)newpath); }
      |                                    ^
include/kapi_syscall.h:581:51: warning: cast from pointer to integer of different size [-Wpointer-to-int-cast]
  581 | { return kapi_syscall2(SYS_rename, (long)oldpath, (long)newpath); }
      |                                                   ^
include/kapi_syscall.h: In function 'sys_creat':
include/kapi_syscall.h:584:35: warning: cast from pointer to integer of different size [-Wpointer-to-int-cast]
  584 | { return kapi_syscall2(SYS_creat, (long)pathname, mode); }
      |                                   ^
include/kapi_syscall.h: In function 'sys_link':
include/kapi_syscall.h:587:34: warning: cast from pointer to integer of different size [-Wpointer-to-int-cast]
  587 | { return kapi_syscall2(SYS_link, (long)oldpath, (long)newpath); }
      |                                  ^
include/kapi_syscall.h:587:49: warning: cast from pointer to integer of different size [-Wpointer-to-int-cast]
  587 | { return kapi_syscall2(SYS_link, (long)oldpath, (long)newpath); }
      |                                                 ^
include/kapi_syscall.h: In function 'sys_symlink':
include/kapi_syscall.h:590:37: warning: cast from pointer to integer of different size [-Wpointer-to-int-cast]
  590 | { return kapi_syscall2(SYS_symlink, (long)target, (long)linkpath); }
      |                                     ^
include/kapi_syscall.h:590:51: warning: cast from pointer to integer of different size [-Wpointer-to-int-cast]
  590 | { return kapi_syscall2(SYS_symlink, (long)target, (long)linkpath); }
      |                                                   ^
include/kapi_syscall.h: In function 'sys_readlink':
include/kapi_syscall.h:593:38: warning: cast from pointer to integer of different size [-Wpointer-to-int-cast]
  593 | { return kapi_syscall3(SYS_readlink, (long)pathname, (long)buf, bufsiz); }
      |                                      ^
include/kapi_syscall.h:593:54: warning: cast from pointer to integer of different size [-Wpointer-to-int-cast]
  593 | { return kapi_syscall3(SYS_readlink, (long)pathname, (long)buf, bufsiz); }
      |                                                      ^
include/kapi_syscall.h:593:65: warning: conversion from 'size_t' {aka 'long long unsigned int'} to 'long int' may change value [-Wconversion]
  593 | { return kapi_syscall3(SYS_readlink, (long)pathname, (long)buf, bufsiz); }
      |                                                                 ^~~~~~
include/kapi_syscall.h: In function 'sys_chmod':
include/kapi_syscall.h:596:35: warning: cast from pointer to integer of different size [-Wpointer-to-int-cast]
  596 | { return kapi_syscall2(SYS_chmod, (long)pathname, mode); }
      |                                   ^
include/kapi_syscall.h: In function 'sys_chown':
include/kapi_syscall.h:599:35: warning: cast from pointer to integer of different size [-Wpointer-to-int-cast]
  599 | { return kapi_syscall3(SYS_chown, (long)pathname, owner, group); }
      |                                   ^
include/kapi_syscall.h: In function 'sys_truncate':
include/kapi_syscall.h:602:38: warning: cast from pointer to integer of different size [-Wpointer-to-int-cast]
  602 | { return kapi_syscall2(SYS_truncate, (long)path, length); }
      |                                      ^
include/kapi_syscall.h: In function 'sys_pipe':
include/kapi_syscall.h:626:34: warning: cast from pointer to integer of different size [-Wpointer-to-int-cast]
  626 | { return kapi_syscall1(SYS_pipe, (long)pipefd); }
      |                                  ^
include/kapi_syscall.h: In function 'sys_pipe2':
include/kapi_syscall.h:629:35: warning: cast from pointer to integer of different size [-Wpointer-to-int-cast]
  629 | { return kapi_syscall2(SYS_pipe2, (long)pipefd, flags); }
      |                                   ^
include/kapi_syscall.h: In function 'sys_mount':
include/kapi_syscall.h:634:35: warning: cast from pointer to integer of different size [-Wpointer-to-int-cast]
  634 | { return kapi_syscall5(SYS_mount, (long)source, (long)target, (long)filesystemtype, mountflags, (long)data); }
      |                                   ^
include/kapi_syscall.h:634:49: warning: cast from pointer to integer of different size [-Wpointer-to-int-cast]
  634 | { return kapi_syscall5(SYS_mount, (long)source, (long)target, (long)filesystemtype, mountflags, (long)data); }
      |                                                 ^
include/kapi_syscall.h:634:63: warning: cast from pointer to integer of different size [-Wpointer-to-int-cast]
  634 | { return kapi_syscall5(SYS_mount, (long)source, (long)target, (long)filesystemtype, mountflags, (long)data); }
      |                                                               ^
include/kapi_syscall.h:634:97: warning: cast from pointer to integer of different size [-Wpointer-to-int-cast]
  634 | { return kapi_syscall5(SYS_mount, (long)source, (long)target, (long)filesystemtype, mountflags, (long)data); }
      |                                                                                                 ^
include/kapi_syscall.h:634:85: warning: conversion to 'long int' from 'long unsigned int' may change the sign of the result [-Wsign-conversion]
  634 | { return kapi_syscall5(SYS_mount, (long)source, (long)target, (long)filesystemtype, mountflags, (long)data); }
      |                                                                                     ^~~~~~~~~~
include/kapi_syscall.h: In function 'sys_umount2':
include/kapi_syscall.h:637:37: warning: cast from pointer to integer of different size [-Wpointer-to-int-cast]
  637 | { return kapi_syscall2(SYS_umount2, (long)target, flags); }
      |                                     ^
include/kapi_syscall.h: In function 'sys_swapon':
include/kapi_syscall.h:640:36: warning: cast from pointer to integer of different size [-Wpointer-to-int-cast]
  640 | { return kapi_syscall2(SYS_swapon, (long)path, swapflags); }
      |                                    ^
include/kapi_syscall.h: In function 'sys_swapoff':
include/kapi_syscall.h:643:37: warning: cast from pointer to integer of different size [-Wpointer-to-int-cast]
  643 | { return kapi_syscall1(SYS_swapoff, (long)path); }
      |                                     ^
include/kapi_syscall.h: In function 'sys_nanosleep':
include/kapi_syscall.h:646:39: warning: cast from pointer to integer of different size [-Wpointer-to-int-cast]
  646 | { return kapi_syscall2(SYS_nanosleep, (long)req, (long)rem); }
      |                                       ^
include/kapi_syscall.h:646:50: warning: cast from pointer to integer of different size [-Wpointer-to-int-cast]
  646 | { return kapi_syscall2(SYS_nanosleep, (long)req, (long)rem); }
      |                                                  ^
include/kapi_syscall.h: In function 'sys_gettimeofday':
include/kapi_syscall.h:649:42: warning: cast from pointer to integer of different size [-Wpointer-to-int-cast]
  649 | { return kapi_syscall2(SYS_gettimeofday, (long)tv, (long)tz); }
      |                                          ^
include/kapi_syscall.h:649:52: warning: cast from pointer to integer of different size [-Wpointer-to-int-cast]
  649 | { return kapi_syscall2(SYS_gettimeofday, (long)tv, (long)tz); }
      |                                                    ^
include/kapi_syscall.h: In function 'sys_settimeofday':
include/kapi_syscall.h:652:42: warning: cast from pointer to integer of different size [-Wpointer-to-int-cast]
  652 | { return kapi_syscall2(SYS_settimeofday, (long)tv, (long)tz); }
      |                                          ^
include/kapi_syscall.h:652:52: warning: cast from pointer to integer of different size [-Wpointer-to-int-cast]
  652 | { return kapi_syscall2(SYS_settimeofday, (long)tv, (long)tz); }
      |                                                    ^
include/kapi_syscall.h: In function 'sys_time':
include/kapi_syscall.h:655:34: warning: cast from pointer to integer of different size [-Wpointer-to-int-cast]
  655 | { return kapi_syscall1(SYS_time, (long)tloc); }
      |                                  ^
include/kapi_syscall.h: In function 'sys_clock_gettime':
include/kapi_syscall.h:658:51: warning: cast from pointer to integer of different size [-Wpointer-to-int-cast]
  658 | { return kapi_syscall2(SYS_clock_gettime, clk_id, (long)tp); }
      |                                                   ^
include/kapi_syscall.h: In function 'sys_clock_settime':
include/kapi_syscall.h:661:51: warning: cast from pointer to integer of different size [-Wpointer-to-int-cast]
  661 | { return kapi_syscall2(SYS_clock_settime, clk_id, (long)tp); }
      |                                                   ^
include/kapi_syscall.h: In function 'sys_clock_nanosleep':
include/kapi_syscall.h:664:60: warning: cast from pointer to integer of different size [-Wpointer-to-int-cast]
  664 | { return kapi_syscall4(SYS_clock_nanosleep, clk_id, flags, (long)req, (long)rem); }
      |                                                            ^
include/kapi_syscall.h:664:71: warning: cast from pointer to integer of different size [-Wpointer-to-int-cast]
  664 | { return kapi_syscall4(SYS_clock_nanosleep, clk_id, flags, (long)req, (long)rem); }
      |                                                                       ^
include/kapi_syscall.h: In function 'sys_rt_sigaction':
include/kapi_syscall.h:667:47: warning: cast from pointer to integer of different size [-Wpointer-to-int-cast]
  667 | { return kapi_syscall4(SYS_rt_sigaction, sig, (long)act, (long)oact, sigsetsize); }
      |                                               ^
include/kapi_syscall.h:667:58: warning: cast from pointer to integer of different size [-Wpointer-to-int-cast]
  667 | { return kapi_syscall4(SYS_rt_sigaction, sig, (long)act, (long)oact, sigsetsize); }
      |                                                          ^
include/kapi_syscall.h:667:70: warning: conversion from 'size_t' {aka 'long long unsigned int'} to 'long int' may change value [-Wconversion]
  667 | { return kapi_syscall4(SYS_rt_sigaction, sig, (long)act, (long)oact, sigsetsize); }
      |                                                                      ^~~~~~~~~~
include/kapi_syscall.h: In function 'sys_rt_sigprocmask':
include/kapi_syscall.h:670:49: warning: cast from pointer to integer of different size [-Wpointer-to-int-cast]
  670 | { return kapi_syscall4(SYS_rt_sigprocmask, how, (long)set, (long)oldset, sigsetsize); }
      |                                                 ^
include/kapi_syscall.h:670:60: warning: cast from pointer to integer of different size [-Wpointer-to-int-cast]
  670 | { return kapi_syscall4(SYS_rt_sigprocmask, how, (long)set, (long)oldset, sigsetsize); }
      |                                                            ^
include/kapi_syscall.h:670:74: warning: conversion from 'size_t' {aka 'long long unsigned int'} to 'long int' may change value [-Wconversion]
  670 | { return kapi_syscall4(SYS_rt_sigprocmask, how, (long)set, (long)oldset, sigsetsize); }
      |                                                                          ^~~~~~~~~~
include/kapi_syscall.h: In function 'sys_ioctl':
include/kapi_syscall.h:679:39: warning: conversion to 'long int' from 'long unsigned int' may change the sign of the result [-Wsign-conversion]
  679 | { return kapi_syscall3(SYS_ioctl, fd, request, arg); }
      |                                       ^~~~~~~
include/kapi_syscall.h: In function 'sys_pread64':
include/kapi_syscall.h:682:41: warning: cast from pointer to integer of different size [-Wpointer-to-int-cast]
  682 | { return kapi_syscall4(SYS_pread64, fd, (long)buf, count, offset); }
      |                                         ^
include/kapi_syscall.h:682:52: warning: conversion from 'size_t' {aka 'long long unsigned int'} to 'long int' may change value [-Wconversion]
  682 | { return kapi_syscall4(SYS_pread64, fd, (long)buf, count, offset); }
      |                                                    ^~~~~
include/kapi_syscall.h: In function 'sys_pwrite64':
include/kapi_syscall.h:685:42: warning: cast from pointer to integer of different size [-Wpointer-to-int-cast]
  685 | { return kapi_syscall4(SYS_pwrite64, fd, (long)buf, count, offset); }
      |                                          ^
include/kapi_syscall.h:685:53: warning: conversion from 'size_t' {aka 'long long unsigned int'} to 'long int' may change value [-Wconversion]
  685 | { return kapi_syscall4(SYS_pwrite64, fd, (long)buf, count, offset); }
      |                                                     ^~~~~
include/kapi_syscall.h: In function 'sys_readv':
include/kapi_syscall.h:688:39: warning: cast from pointer to integer of different size [-Wpointer-to-int-cast]
  688 | { return kapi_syscall3(SYS_readv, fd, (long)iov, iovcnt); }
      |                                       ^
include/kapi_syscall.h: In function 'sys_writev':
include/kapi_syscall.h:691:40: warning: cast from pointer to integer of different size [-Wpointer-to-int-cast]
  691 | { return kapi_syscall3(SYS_writev, fd, (long)iov, iovcnt); }
      |                                        ^
include/kapi_syscall.h: In function 'sys_getdents':
include/kapi_syscall.h:694:42: warning: cast from pointer to integer of different size [-Wpointer-to-int-cast]
  694 | { return kapi_syscall3(SYS_getdents, fd, (long)dirp, count); }
      |                                          ^
include/kapi_syscall.h:694:54: warning: conversion to 'long int' from 'unsigned int' may change the sign of the result [-Wsign-conversion]
  694 | { return kapi_syscall3(SYS_getdents, fd, (long)dirp, count); }
      |                                                      ^~~~~
include/kapi_syscall.h: In function 'sys_getdents64':
include/kapi_syscall.h:697:44: warning: cast from pointer to integer of different size [-Wpointer-to-int-cast]
  697 | { return kapi_syscall3(SYS_getdents64, fd, (long)dirp, count); }
      |                                            ^
include/kapi_syscall.h:697:56: warning: conversion to 'long int' from 'unsigned int' may change the sign of the result [-Wsign-conversion]
  697 | { return kapi_syscall3(SYS_getdents64, fd, (long)dirp, count); }
      |                                                        ^~~~~
include/kapi_syscall.h: In function 'sys_getgroups':
include/kapi_syscall.h:718:45: warning: cast from pointer to integer of different size [-Wpointer-to-int-cast]
  718 | { return kapi_syscall2(SYS_getgroups, size, (long)list); }
      |                                             ^
include/kapi_syscall.h: In function 'sys_setgroups':
include/kapi_syscall.h:721:45: warning: cast from pointer to integer of different size [-Wpointer-to-int-cast]
  721 | { return kapi_syscall2(SYS_setgroups, size, (long)list); }
      |                                             ^
include/kapi_syscall.h: In function 'sys_uname':
include/kapi_syscall.h:724:35: warning: cast from pointer to integer of different size [-Wpointer-to-int-cast]
  724 | { return kapi_syscall1(SYS_uname, (long)buf); }
      |                                   ^
include/kapi_syscall.h: In function 'sys_sysinfo':
include/kapi_syscall.h:727:37: warning: cast from pointer to integer of different size [-Wpointer-to-int-cast]
  727 | { return kapi_syscall1(SYS_sysinfo, (long)info); }
      |                                     ^
include/kapi_syscall.h: In function 'sys_getrlimit':
include/kapi_syscall.h:730:49: warning: cast from pointer to integer of different size [-Wpointer-to-int-cast]
  730 | { return kapi_syscall2(SYS_getrlimit, resource, (long)rlim); }
      |                                                 ^
include/kapi_syscall.h: In function 'sys_setrlimit':
include/kapi_syscall.h:733:49: warning: cast from pointer to integer of different size [-Wpointer-to-int-cast]
  733 | { return kapi_syscall2(SYS_setrlimit, resource, (long)rlim); }
      |                                                 ^
include/kapi_syscall.h: In function 'sys_getrusage':
include/kapi_syscall.h:736:44: warning: cast from pointer to integer of different size [-Wpointer-to-int-cast]
  736 | { return kapi_syscall2(SYS_getrusage, who, (long)usage); }
      |                                            ^
include/kapi_syscall.h: In function 'sys_times':
include/kapi_syscall.h:739:35: warning: cast from pointer to integer of different size [-Wpointer-to-int-cast]
  739 | { return kapi_syscall1(SYS_times, (long)tbuf); }
      |                                   ^
include/kapi_syscall.h: In function 'sys_reboot':
include/kapi_syscall.h:754:57: warning: cast from pointer to integer of different size [-Wpointer-to-int-cast]
  754 | { return kapi_syscall4(SYS_reboot, magic1, magic2, cmd, (long)arg); }
      |                                                         ^
include/kapi_syscall.h: In function 'sys_chroot':
include/kapi_syscall.h:757:36: warning: cast from pointer to integer of different size [-Wpointer-to-int-cast]
  757 | { return kapi_syscall1(SYS_chroot, (long)path); }
      |                                    ^
include/kapi_syscall.h: In function 'sys_sethostname':
include/kapi_syscall.h:760:41: warning: cast from pointer to integer of different size [-Wpointer-to-int-cast]
  760 | { return kapi_syscall2(SYS_sethostname, (long)name, len); }
      |                                         ^
include/kapi_syscall.h: In function 'sys_setdomainname':
include/kapi_syscall.h:763:43: warning: cast from pointer to integer of different size [-Wpointer-to-int-cast]
  763 | { return kapi_syscall2(SYS_setdomainname, (long)name, len); }
      |                                           ^
include/kapi_syscall.h: In function 'sys_init_module':
include/kapi_syscall.h:766:41: warning: cast from pointer to integer of different size [-Wpointer-to-int-cast]
  766 | { return kapi_syscall3(SYS_init_module, (long)module_image, len, (long)param_values); }
      |                                         ^
include/kapi_syscall.h:766:66: warning: cast from pointer to integer of different size [-Wpointer-to-int-cast]
  766 | { return kapi_syscall3(SYS_init_module, (long)module_image, len, (long)param_values); }
      |                                                                  ^
include/kapi_syscall.h:766:61: warning: conversion to 'long int' from 'long unsigned int' may change the sign of the result [-Wsign-conversion]
  766 | { return kapi_syscall3(SYS_init_module, (long)module_image, len, (long)param_values); }
      |                                                             ^~~
include/kapi_syscall.h: In function 'sys_delete_module':
include/kapi_syscall.h:769:43: warning: cast from pointer to integer of different size [-Wpointer-to-int-cast]
  769 | { return kapi_syscall2(SYS_delete_module, (long)name, flags); }
      |                                           ^
include/kapi_syscall.h:769:55: warning: conversion to 'long int' from 'unsigned int' may change the sign of the result [-Wsign-conversion]
  769 | { return kapi_syscall2(SYS_delete_module, (long)name, flags); }
      |                                                       ^~~~~
include/kapi_syscall.h: In function 'sys_finit_module':
include/kapi_syscall.h:772:46: warning: cast from pointer to integer of different size [-Wpointer-to-int-cast]
  772 | { return kapi_syscall3(SYS_finit_module, fd, (long)param_values, flags); }
      |                                              ^
In file included from include/kapi.h:23,
                 from kernel/api/kapi_syscall.c:4:
include/kapi_bitmap.h: In function 'kapi_bitmap_set_all':
include/kapi_bitmap.h:33:26: warning: conversion from 'long long unsigned int' to 'unsigned int' may change value [-Wconversion]
   33 |     unsigned int longs = (nbits + KAPI_BITS_PER_LONG - 1) / KAPI_BITS_PER_LONG;
      |                          ^
include/kapi_bitmap.h: In function 'kapi_bitmap_clear_all':
include/kapi_bitmap.h:41:26: warning: conversion from 'long long unsigned int' to 'unsigned int' may change value [-Wconversion]
   41 |     unsigned int longs = (nbits + KAPI_BITS_PER_LONG - 1) / KAPI_BITS_PER_LONG;
      |                          ^
include/kapi_bitmap.h: In function 'kapi_bitmap_find_first':
include/kapi_bitmap.h:49:26: warning: conversion from 'long long unsigned int' to 'unsigned int' may change value [-Wconversion]
   49 |     unsigned int longs = (nbits + KAPI_BITS_PER_LONG - 1) / KAPI_BITS_PER_LONG;
      |                          ^
include/kapi_bitmap.h:56:35: warning: conversion to 'int' from 'unsigned int' may change the sign of the result [-Wsign-conversion]
   56 |                     return offset + j;
      |                            ~~~~~~~^~~
include/kapi_bitmap.h: In function 'kapi_bitmap_find_first_zero':
include/kapi_bitmap.h:66:26: warning: conversion from 'long long unsigned int' to 'unsigned int' may change value [-Wconversion]
   66 |     unsigned int longs = (nbits + KAPI_BITS_PER_LONG - 1) / KAPI_BITS_PER_LONG;
      |                          ^
include/kapi_bitmap.h:73:35: warning: conversion to 'int' from 'unsigned int' may change the sign of the result [-Wsign-conversion]
   73 |                     return offset + j;
      |                            ~~~~~~~^~~
include/kapi_bitmap.h: In function 'kapi_bitmap_count':
include/kapi_bitmap.h:84:26: warning: conversion from 'long long unsigned int' to 'unsigned int' may change value [-Wconversion]
   84 |     unsigned int longs = (nbits + KAPI_BITS_PER_LONG - 1) / KAPI_BITS_PER_LONG;
      |                          ^
In file included from include/kapi.h:59:
include/kapi_netlink.h: In function 'kapi_nlmsg_next':
include/kapi_netlink.h:19:37: warning: conversion to 'int' from 'uint32_t' {aka 'unsigned int'} may change the sign of the result [-Wsign-conversion]
   19 | #define KAPI_NLMSG_ALIGNTO          4
      |                                     ^
include/kapi_netlink.h:75:18: note: in expansion of macro 'KAPI_NLMSG_ALIGNTO'
   75 |     int totlen = KAPI_NLMSG_ALIGNTO * ((nlh->nlmsg_len + KAPI_NLMSG_ALIGNTO - 1) / KAPI_NLMSG_ALIGNTO);
      |                  ^~~~~~~~~~~~~~~~~~
In file included from include/kapi.h:23,
                 from kernel/api/kapi_string.c:4:
include/kapi_bitmap.h: In function 'kapi_bitmap_set_all':
include/kapi_bitmap.h:33:26: warning: conversion from 'long long unsigned int' to 'unsigned int' may change value [-Wconversion]
   33 |     unsigned int longs = (nbits + KAPI_BITS_PER_LONG - 1) / KAPI_BITS_PER_LONG;
      |                          ^
kernel/api/kapi_syscall.c: In function 'sys_read_impl':
kernel/api/kapi_syscall.c:198:46: warning: cast to pointer from integer of different size [-Wint-to-pointer-cast]
  198 |             ret = kapi_read(entry->obj.file, (void*)buf, (size_t)count);
      |                                              ^
kernel/api/kapi_syscall.c:204:46: warning: cast to pointer from integer of different size [-Wint-to-pointer-cast]
  204 |             ret = fifo_read(entry->obj.pipe, (void*)buf, (uint64_t)count);
      |                                              ^
kernel/api/kapi_syscall.c:212:43: warning: conversion from 'int64_t' {aka 'long long int'} to 'long int' may change value [-Wconversion]
  212 |     return ret < 0 ? KENUX_ERR(KENUX_EIO) : ret;
      |            ~~~~~~~~~~~~~~~~~~~~~~~~~~~~~~~^~~~~
kernel/api/kapi_syscall.c: In function 'sys_write_impl':
kernel/api/kapi_syscall.c:224:21: warning: cast to pointer from integer of different size [-Wint-to-pointer-cast]
  224 |         memcpy(tmp, (void*)buf, to_write);
      |                     ^
<3> Building kernel/api/kapi_sort.c
kernel/api/kapi_syscall.c:239:47: warning: cast to pointer from integer of different size [-Wint-to-pointer-cast]
  239 |             ret = kapi_write(entry->obj.file, (void*)buf, (size_t)count);
      |                                               ^
kernel/api/kapi_syscall.c:245:47: warning: cast to pointer from integer of different size [-Wint-to-pointer-cast]
  245 |             ret = fifo_write(entry->obj.pipe, (void*)buf, (uint64_t)count);
      |                                               ^
kernel/api/kapi_syscall.c:253:43: warning: conversion from 'int64_t' {aka 'long long int'} to 'long int' may change value [-Wconversion]
  253 |     return ret < 0 ? KENUX_ERR(KENUX_EIO) : ret;
      |            ~~~~~~~~~~~~~~~~~~~~~~~~~~~~~~~^~~~~
kernel/api/kapi_syscall.c: In function 'sys_open_impl':
kernel/api/kapi_syscall.c:271:37: warning: cast to pointer from integer of different size [-Wint-to-pointer-cast]
  271 |         kapi_dir_t d = kapi_opendir((const char*)pathname);
      |                                     ^
kernel/api/kapi_syscall.c:285:31: warning: cast to pointer from integer of different size [-Wint-to-pointer-cast]
  285 |     kapi_file_t f = kapi_open((const char*)pathname, kflags, (int)mode);
      |                               ^
kernel/api/kapi_syscall.c: In function 'sys_stat_impl':
kernel/api/kapi_syscall.c:349:25: warning: cast to pointer from integer of different size [-Wint-to-pointer-cast]
  349 |     int ret = kapi_stat((const char*)pathname, &kst);
      |                         ^
kernel/api/kapi_syscall.c:352:65: warning: cast to pointer from integer of different size [-Wint-to-pointer-cast]
  352 |     struct { uint64_t st_dev, st_ino; uint32_t st_mode; } *st = (void*)statbuf;
      |                                                                 ^
kernel/api/kapi_syscall.c: In function 'sys_fstat_impl':
kernel/api/kapi_syscall.c:367:12: warning: cast to pointer from integer of different size [-Wint-to-pointer-cast]
  367 |     memset((void*)statbuf, 0, 128);
      |            ^
kernel/api/kapi_syscall.c: In function 'sys_lseek_impl':
kernel/api/kapi_syscall.c:381:45: warning: conversion from 'int64_t' {aka 'long long int'} to 'long int' may change value [-Wconversion]
  381 |     return ret < 0 ? KENUX_ERR(KENUX_EBADF) : ret;
      |            ~~~~~~~~~~~~~~~~~~~~~~~~~~~~~~~~~^~~~~
kernel/api/kapi_syscall.c: In function 'sys_rt_sigaction_impl':
kernel/api/kapi_syscall.c:458:42: warning: cast to pointer from integer of different size [-Wint-to-pointer-cast]
  458 |     int ret = signal_sigaction((int)sig, (const k_sigaction_t*)act, (k_sigaction_t*)oact);
      |                                          ^
kernel/api/kapi_syscall.c:458:69: warning: cast to pointer from integer of different size [-Wint-to-pointer-cast]
  458 |     int ret = signal_sigaction((int)sig, (const k_sigaction_t*)act, (k_sigaction_t*)oact);
      |                                                                     ^
kernel/api/kapi_syscall.c: In function 'sys_rt_sigprocmask_impl':
kernel/api/kapi_syscall.c:469:44: warning: cast to pointer from integer of different size [-Wint-to-pointer-cast]
  469 |     int ret = signal_sigprocmask((int)how, (const k_sigset_t*)set, (k_sigset_t*)oset);
      |                                            ^
kernel/api/kapi_syscall.c:469:68: warning: cast to pointer from integer of different size [-Wint-to-pointer-cast]
  469 |     int ret = signal_sigprocmask((int)how, (const k_sigset_t*)set, (k_sigset_t*)oset);
      |                                                                    ^
kernel/api/kapi_syscall.c: In function 'sys_ioctl_impl':
kernel/api/kapi_syscall.c:485:54: warning: cast to pointer from integer of different size [-Wint-to-pointer-cast]
  485 |     int ret = kapi_dev_ioctl(dev, (uint32_t)request, (void*)arg);
      |                                                      ^
kernel/api/kapi_syscall.c: In function 'sys_access_impl':
kernel/api/kapi_syscall.c:496:25: warning: cast to pointer from integer of different size [-Wint-to-pointer-cast]
  496 |     int ret = kapi_stat((const char*)pathname, &st);
      |                         ^
kernel/api/kapi_syscall.c: In function 'sys_pipe_impl':
kernel/api/kapi_syscall.c:530:16: warning: cast to pointer from integer of different size [-Wint-to-pointer-cast]
  530 |     int* fds = (int*)pipefd;
      |                ^
kernel/api/kapi_syscall.c: In function 'sys_nanosleep_impl':
kernel/api/kapi_syscall.c:576:49: warning: cast to pointer from integer of different size [-Wint-to-pointer-cast]
  576 |     struct { long tv_sec; long tv_nsec; } *ts = (void*)req;
      |                                                 ^
include/kapi_bitmap.h: In function 'kapi_bitmap_clear_all':
include/kapi_bitmap.h:41:26: warning: conversion from 'long long unsigned int' to 'unsigned int' may change value [-Wconversion]
   41 |     unsigned int longs = (nbits + KAPI_BITS_PER_LONG - 1) / KAPI_BITS_PER_LONG;
      |                          ^
include/kapi_bitmap.h: In function 'kapi_bitmap_find_first':
include/kapi_bitmap.h:49:26: warning: conversion from 'long long unsigned int' to 'unsigned int' may change value [-Wconversion]
   49 |     unsigned int longs = (nbits + KAPI_BITS_PER_LONG - 1) / KAPI_BITS_PER_LONG;
      |                          ^
include/kapi_bitmap.h:56:35: warning: conversion to 'int' from 'unsigned int' may change the sign of the result [-Wsign-conversion]
   56 |                     return offset + j;
      |                            ~~~~~~~^~~
include/kapi_bitmap.h: In function 'kapi_bitmap_find_first_zero':
include/kapi_bitmap.h:66:26: warning: conversion from 'long long unsigned int' to 'unsigned int' may change value [-Wconversion]
   66 |     unsigned int longs = (nbits + KAPI_BITS_PER_LONG - 1) / KAPI_BITS_PER_LONG;
      |                          ^
kernel/api/kapi_syscall.c: In function 'sys_execve_impl':
kernel/api/kapi_syscall.c:710:34: warning: cast to pointer from integer of different size [-Wint-to-pointer-cast]
  710 |     int ret = elf_load_from_file((const char*)filename, &info);
      |                                  ^
kernel/api/kapi_syscall.c:715:39: warning: cast to pointer from integer of different size [-Wint-to-pointer-cast]
  715 |         const char* dummy_argv[2] = { (const char*)filename, NULL };
      |                                       ^
include/kapi_bitmap.h:73:35: warning: conversion to 'int' from 'unsigned int' may change the sign of the result [-Wsign-conversion]
kernel/api/kapi_syscall.c: In function 'sys_wait4_impl':
   73 |                     return offset + j;
      |                            ~~~~~~~^~~
kernel/api/kapi_syscall.c:740:10: warning: cast to pointer from integer of different size [-Wint-to-pointer-cast]
  740 |         *(int*)wstatus = status;
      |          ^
include/kapi_bitmap.h: In function 'kapi_bitmap_count':
include/kapi_bitmap.h:84:26: warning: conversion from 'long long unsigned int' to 'unsigned int' may change value [-Wconversion]
   84 |     unsigned int longs = (nbits + KAPI_BITS_PER_LONG - 1) / KAPI_BITS_PER_LONG;
      |                          ^
kernel/api/kapi_syscall.c: In function 'sys_uname_impl':
kernel/api/kapi_syscall.c:771:12: warning: cast to pointer from integer of different size [-Wint-to-pointer-cast]
  771 |     } *u = (void*)buf;
      |            ^
kernel/api/kapi_syscall.c: In function 'sys_getcwd_impl':
kernel/api/kapi_syscall.c:813:29: warning: cast to pointer from integer of different size [-Wint-to-pointer-cast]
  813 |     char* ret = kapi_getcwd((char*)buf, (size_t)size);
      |                             ^
kernel/api/kapi_syscall.c: In function 'sys_chdir_impl':
kernel/api/kapi_syscall.c:821:26: warning: cast to pointer from integer of different size [-Wint-to-pointer-cast]
  821 |     int ret = kapi_chdir((const char*)path);
      |                          ^
kernel/api/kapi_syscall.c: In function 'sys_rename_impl':
kernel/api/kapi_syscall.c:829:27: warning: cast to pointer from integer of different size [-Wint-to-pointer-cast]
  829 |     int ret = kapi_rename((const char*)oldpath, (const char*)newpath);
      |                           ^
kernel/api/kapi_syscall.c:829:49: warning: cast to pointer from integer of different size [-Wint-to-pointer-cast]
  829 |     int ret = kapi_rename((const char*)oldpath, (const char*)newpath);
      |                                                 ^
kernel/api/kapi_syscall.c: In function 'sys_mkdir_impl':
kernel/api/kapi_syscall.c:837:26: warning: cast to pointer from integer of different size [-Wint-to-pointer-cast]
  837 |     int ret = kapi_mkdir((const char*)pathname, (int)mode);
      |                          ^
kernel/api/kapi_syscall.c: In function 'sys_rmdir_impl':
kernel/api/kapi_syscall.c:845:26: warning: cast to pointer from integer of different size [-Wint-to-pointer-cast]
  845 |     int ret = kapi_rmdir((const char*)pathname);
      |                          ^
kernel/api/kapi_syscall.c: In function 'sys_unlink_impl':
kernel/api/kapi_syscall.c:866:27: warning: cast to pointer from integer of different size [-Wint-to-pointer-cast]
  866 |     int ret = kapi_unlink((const char*)pathname);
      |                           ^
kernel/api/kapi_syscall.c: In function 'sys_chmod_impl':
kernel/api/kapi_syscall.c:889:46: warning: cast to pointer from integer of different size [-Wint-to-pointer-cast]
  889 |     vfs_node_t* node = syscall_vfs_find_path((const char*)pathname);
      |                                              ^
kernel/api/kapi_syscall.c: In function 'sys_chown_impl':
kernel/api/kapi_syscall.c:900:46: warning: cast to pointer from integer of different size [-Wint-to-pointer-cast]
  900 |     vfs_node_t* node = syscall_vfs_find_path((const char*)pathname);
      |                                              ^
kernel/api/kapi_syscall.c: In function 'sys_gettimeofday_impl':
kernel/api/kapi_syscall.c:923:52: warning: cast to pointer from integer of different size [-Wint-to-pointer-cast]
  923 |         struct { long tv_sec; long tv_usec; } *t = (void*)tv;
      |                                                    ^
kernel/api/kapi_syscall.c: In function 'sys_getrlimit_impl':
kernel/api/kapi_syscall.c:936:51: warning: cast to pointer from integer of different size [-Wint-to-pointer-cast]
  936 |     struct { long rlim_cur; long rlim_max; } *r = (void*)rlim;
      |                                                   ^
kernel/api/kapi_syscall.c: In function 'sys_getrusage_impl':
kernel/api/kapi_syscall.c:946:23: warning: cast to pointer from integer of different size [-Wint-to-pointer-cast]
  946 |     if (usage) memset((void*)usage, 0, 144);
      |                       ^
kernel/api/kapi_syscall.c: In function 'sys_sysinfo_impl':
kernel/api/kapi_syscall.c:969:13: warning: cast to pointer from integer of different size [-Wint-to-pointer-cast]
  969 |     } *si = (void*)info;
      |             ^
kernel/api/kapi_syscall.c: In function 'sys_times_impl':
kernel/api/kapi_syscall.c:985:22: warning: cast to pointer from integer of different size [-Wint-to-pointer-cast]
  985 |     if (tbuf) memset((void*)tbuf, 0, 32);
      |                      ^
kernel/api/kapi_syscall.c: In function 'sys_getdents64_impl':
kernel/api/kapi_syscall.c:1092:32: warning: cast to pointer from integer of different size [-Wint-to-pointer-cast]
 1092 |     struct linux_dirent64* d = (struct linux_dirent64*)dirp;
      |                                ^
kernel/api/kapi_syscall.c: In function 'sys_clock_gettime_impl':
kernel/api/kapi_syscall.c:1110:48: warning: cast to pointer from integer of different size [-Wint-to-pointer-cast]
 1110 |     struct { long tv_sec; long tv_nsec; } *t = (void*)tp;
      |                                                ^
kernel/api/kapi_syscall.c: In function 'sys_chroot_impl':
kernel/api/kapi_syscall.c:1161:46: warning: cast to pointer from integer of different size [-Wint-to-pointer-cast]
 1161 |     vfs_node_t* node = syscall_vfs_find_path((const char*)path);
      |                                              ^
kernel/api/kapi_syscall.c:1165:41: warning: cast to pointer from integer of different size [-Wint-to-pointer-cast]
 1165 |     strncpy(proc_root[current_process], (const char*)path, sizeof(proc_root[0]) - 1);
      |                                         ^
kernel/api/kapi_syscall.c: In function 'sys_sethostname_impl':
kernel/api/kapi_syscall.c:1178:28: warning: cast to pointer from integer of different size [-Wint-to-pointer-cast]
 1178 |     memcpy(kenux_hostname, (const void*)name, (size_t)len);
      |                            ^
kernel/api/kapi_syscall.c: In function 'sys_init_module_impl':
kernel/api/kapi_syscall.c:1190:27: warning: cast to pointer from integer of different size [-Wint-to-pointer-cast]
 1190 |     int ret = module_load((const void*)module_image, (uint64_t)len, "unknown");
      |                           ^
kernel/api/kapi_syscall.c: In function 'sys_delete_module_impl':
kernel/api/kapi_syscall.c:1201:29: warning: cast to pointer from integer of different size [-Wint-to-pointer-cast]
 1201 |     int ret = module_unload((const char*)name);
      |                             ^
kernel/api/kapi_syscall.c: In function 'sys_getrandom_impl':
kernel/api/kapi_syscall.c:1237:18: warning: cast to pointer from integer of different size [-Wint-to-pointer-cast]
 1237 |     uint8_t* p = (uint8_t*)buf;
      |                  ^
kernel/api/kapi_syscall.c: In function 'sys_kenux_info_impl':
kernel/api/kapi_syscall.c:1259:15: warning: cast to pointer from integer of different size [-Wint-to-pointer-cast]
 1259 |     } *info = (void*)buf;
      |               ^
kernel/api/kapi_syscall.c: In function 'sys_kenux_get_loadavg_impl':
kernel/api/kapi_syscall.c:1295:15: warning: cast to pointer from integer of different size [-Wint-to-pointer-cast]
 1295 |     long* l = (long*)loads;
      |               ^
kernel/api/kapi_syscall.c: In function 'sys_futex_impl':
kernel/api/kapi_syscall.c:1311:53: warning: cast to pointer from integer of different size [-Wint-to-pointer-cast]
 1311 |         struct { long tv_sec; long tv_nsec; } *ts = (void*)timeout;
      |                                                     ^
kernel/api/kapi_syscall.c:1319:34: warning: cast to pointer from integer of different size [-Wint-to-pointer-cast]
 1319 |             int ret = futex_wait((void*)uaddr, (uint32_t)val, timeout_ms);
      |                                  ^
kernel/api/kapi_syscall.c:1323:34: warning: cast to pointer from integer of different size [-Wint-to-pointer-cast]
 1323 |             int ret = futex_wake((void*)uaddr, (uint32_t)val);
      |                                  ^
kernel/api/kapi_syscall.c:1329:37: warning: cast to pointer from integer of different size [-Wint-to-pointer-cast]
 1329 |             int ret = futex_requeue((void*)uaddr, (void*)uaddr2, (uint32_t)val);
      |                                     ^
kernel/api/kapi_syscall.c:1329:51: warning: cast to pointer from integer of different size [-Wint-to-pointer-cast]
 1329 |             int ret = futex_requeue((void*)uaddr, (void*)uaddr2, (uint32_t)val);
      |                                                   ^
kernel/api/kapi_syscall.c:1304:47: warning: unused parameter 'val3' [-Wunused-parameter]
 1304 |                             long uaddr2, long val3)
      |                                          ~~~~~^~~~
kernel/api/kapi_syscall.c: In function 'sys_prctl_impl':
kernel/api/kapi_syscall.c:1345:25: warning: cast to pointer from integer of different size [-Wint-to-pointer-cast]
 1345 |                 strncpy((char*)arg2, processes[current_process].name, 15);
      |                         ^
kernel/api/kapi_syscall.c:1346:18: warning: cast to pointer from integer of different size [-Wint-to-pointer-cast]
 1346 |                 ((char*)arg2)[15] = '\0';
      |                  ^
kernel/api/kapi_syscall.c:1352:58: warning: cast to pointer from integer of different size [-Wint-to-pointer-cast]
 1352 |                 strncpy(processes[current_process].name, (const char*)arg2,
      |                                                          ^
kernel/api/kapi_syscall.c: In function 'sys_arch_prctl_impl':
kernel/api/kapi_syscall.c:1389:14: warning: cast to pointer from integer of different size [-Wint-to-pointer-cast]
 1389 |             *(uint64_t*)addr = current_process < PROCESS_MAX ?
      |              ^
In file included from include/kapi.h:59:
kernel/api/kapi_syscall.c:1394:14: warning: cast to pointer from integer of different size [-Wint-to-pointer-cast]
include/kapi_netlink.h: In function 'kapi_nlmsg_next':
 1394 |             *(uint64_t*)addr = current_process < PROCESS_MAX ?
      |              ^
kernel/api/kapi_syscall.c: In function 'sys_truncate_impl':
kernel/api/kapi_syscall.c:1516:46: warning: cast to pointer from integer of different size [-Wint-to-pointer-cast]
 1516 |     vfs_node_t* node = syscall_vfs_find_path((const char*)path);
include/kapi_netlink.h:19:37: warning: conversion to 'int' from 'uint32_t' {aka 'unsigned int'} may change the sign of the result [-Wsign-conversion]
      |                                              ^
   19 | #define KAPI_NLMSG_ALIGNTO          4
kernel/api/kapi_syscall.c: In function 'sys_pread64_impl':
      |                                     ^
kernel/api/kapi_syscall.c:1586:46: warning: cast to pointer from integer of different size [-Wint-to-pointer-cast]
 1586 |     int64_t ret = kapi_read(entry->obj.file, (void*)buf, (size_t)count);
      |                                              ^
kernel/api/kapi_syscall.c:1588:43: warning: conversion from 'int64_t' {aka 'long long int'} to 'long int' may change value [-Wconversion]
 1588 |     return ret < 0 ? KENUX_ERR(KENUX_EIO) : ret;
include/kapi_netlink.h:75:18: note: in expansion of macro 'KAPI_NLMSG_ALIGNTO'
      |            ~~~~~~~~~~~~~~~~~~~~~~~~~~~~~~~^~~~~
   75 |     int totlen = KAPI_NLMSG_ALIGNTO * ((nlh->nlmsg_len + KAPI_NLMSG_ALIGNTO - 1) / KAPI_NLMSG_ALIGNTO);
kernel/api/kapi_syscall.c: In function 'sys_pwrite64_impl':
      |                  ^~~~~~~~~~~~~~~~~~
kernel/api/kapi_syscall.c:1600:47: warning: cast to pointer from integer of different size [-Wint-to-pointer-cast]
 1600 |     int64_t ret = kapi_write(entry->obj.file, (void*)buf, (size_t)count);
      |                                               ^
kernel/api/kapi_syscall.c:1602:43: warning: conversion from 'int64_t' {aka 'long long int'} to 'long int' may change value [-Wconversion]
 1602 |     return ret < 0 ? KENUX_ERR(KENUX_EIO) : ret;
      |            ~~~~~~~~~~~~~~~~~~~~~~~~~~~~~~~^~~~~
kernel/api/kapi_syscall.c: In function 'sys_sendfile_impl':
kernel/api/kapi_syscall.c:1618:39: warning: cast from pointer to integer of different size [-Wpointer-to-int-cast]
 1618 |         long r = sys_read_impl(in_fd, (long)buf, n, 0, 0, 0);
      |                                       ^
kernel/api/kapi_syscall.c:1620:41: warning: cast from pointer to integer of different size [-Wpointer-to-int-cast]
 1620 |         long w = sys_write_impl(out_fd, (long)buf, r, 0, 0, 0);
      |                                         ^
kernel/api/kapi_syscall.c:1623:22: warning: cast to pointer from integer of different size [-Wint-to-pointer-cast]
 1623 |         if (offset) *(long*)offset += w;
      |                      ^
kernel/api/kapi_syscall.c: In function 'sys_time_impl':
kernel/api/kapi_syscall.c:1633:16: warning: cast to pointer from integer of different size [-Wint-to-pointer-cast]
 1633 |     if (tloc) *(long*)tloc = t;
      |                ^
kernel/api/kapi_syscall.c: In function 'sys_set_tid_address_impl':
kernel/api/kapi_syscall.c:1654:51: warning: cast to pointer from integer of different size [-Wint-to-pointer-cast]
 1654 |         processes[current_process].kthread_data = (void*)tidptr;
      |                                                   ^
kernel/api/kapi_string.c: In function 'kapi_vsnprintf':
kernel/api/kapi_string.c:78:35: warning: conversion from 'int' to 'char' may change value [-Wconversion]
   78 |                     buffer[i++] = '0' + (n % 10);
      |                                   ^~~
kernel/api/kapi_syscall.c: At top level:
kernel/api/kapi_syscall.c:171:13: warning: 'sys_nosys' defined but not used [-Wunused-function]
  171 | static long sys_nosys(long a1, long a2, long a3, long a4, long a5, long a6)
      |             ^~~~~~~~~
In file included from include/kapi.h:23,
                 from kernel/api/kapi_sort.c:2:
include/kapi_bitmap.h: In function 'kapi_bitmap_set_all':
include/kapi_bitmap.h:33:26: warning: conversion from 'long long unsigned int' to 'unsigned int' may change value [-Wconversion]
   33 |     unsigned int longs = (nbits + KAPI_BITS_PER_LONG - 1) / KAPI_BITS_PER_LONG;
      |                          ^
include/kapi_bitmap.h: In function 'kapi_bitmap_clear_all':
include/kapi_bitmap.h:41:26: warning: conversion from 'long long unsigned int' to 'unsigned int' may change value [-Wconversion]
   41 |     unsigned int longs = (nbits + KAPI_BITS_PER_LONG - 1) / KAPI_BITS_PER_LONG;
      |                          ^
include/kapi_bitmap.h: In function 'kapi_bitmap_find_first':
include/kapi_bitmap.h:49:26: warning: conversion from 'long long unsigned int' to 'unsigned int' may change value [-Wconversion]
   49 |     unsigned int longs = (nbits + KAPI_BITS_PER_LONG - 1) / KAPI_BITS_PER_LONG;
      |                          ^
include/kapi_bitmap.h:56:35: warning: conversion to 'int' from 'unsigned int' may change the sign of the result [-Wsign-conversion]
   56 |                     return offset + j;
      |                            ~~~~~~~^~~
include/kapi_bitmap.h: In function 'kapi_bitmap_find_first_zero':
include/kapi_bitmap.h:66:26: warning: conversion from 'long long unsigned int' to 'unsigned int' may change value [-Wconversion]
   66 |     unsigned int longs = (nbits + KAPI_BITS_PER_LONG - 1) / KAPI_BITS_PER_LONG;
      |                          ^
include/kapi_bitmap.h:73:35: warning: conversion to 'int' from 'unsigned int' may change the sign of the result [-Wsign-conversion]
   73 |                     return offset + j;
      |                            ~~~~~~~^~~
include/kapi_bitmap.h: In function 'kapi_bitmap_count':
include/kapi_bitmap.h:84:26: warning: conversion from 'long long unsigned int' to 'unsigned int' may change value [-Wconversion]
   84 |     unsigned int longs = (nbits + KAPI_BITS_PER_LONG - 1) / KAPI_BITS_PER_LONG;
      |                          ^
In file included from include/kapi.h:59:
include/kapi_netlink.h: In function 'kapi_nlmsg_next':
include/kapi_netlink.h:19:37: warning: conversion to 'int' from 'uint32_t' {aka 'unsigned int'} may change the sign of the result [-Wsign-conversion]
   19 | #define KAPI_NLMSG_ALIGNTO          4
      |                                     ^
include/kapi_netlink.h:75:18: note: in expansion of macro 'KAPI_NLMSG_ALIGNTO'
   75 |     int totlen = KAPI_NLMSG_ALIGNTO * ((nlh->nlmsg_len + KAPI_NLMSG_ALIGNTO - 1) / KAPI_NLMSG_ALIGNTO);
      |                  ^~~~~~~~~~~~~~~~~~
kernel/api/kapi_sort.c: In function 'kapi_list_sort':
kernel/api/kapi_sort.c:116:27: warning: unused parameter 'priv' [-Wunused-parameter]
  116 | void kapi_list_sort(void* priv, void* head, int (*cmp)(void* priv, void* a, void* b))
      |                     ~~~~~~^~~~
<0> Building kernel/api/kapi_socket.c
In file included from include/kapi.h:23,
                 from kernel/api/kapi_socket.c:1:
include/kapi_bitmap.h: In function 'kapi_bitmap_set_all':
include/kapi_bitmap.h:33:26: warning: conversion from 'long long unsigned int' to 'unsigned int' may change value [-Wconversion]
   33 |     unsigned int longs = (nbits + KAPI_BITS_PER_LONG - 1) / KAPI_BITS_PER_LONG;
      |                          ^
include/kapi_bitmap.h: In function 'kapi_bitmap_clear_all':
include/kapi_bitmap.h:41:26: warning: conversion from 'long long unsigned int' to 'unsigned int' may change value [-Wconversion]
   41 |     unsigned int longs = (nbits + KAPI_BITS_PER_LONG - 1) / KAPI_BITS_PER_LONG;
      |                          ^
include/kapi_bitmap.h: In function 'kapi_bitmap_find_first':
include/kapi_bitmap.h:49:26: warning: conversion from 'long long unsigned int' to 'unsigned int' may change value [-Wconversion]
   49 |     unsigned int longs = (nbits + KAPI_BITS_PER_LONG - 1) / KAPI_BITS_PER_LONG;
      |                          ^
include/kapi_bitmap.h:56:35: warning: conversion to 'int' from 'unsigned int' may change the sign of the result [-Wsign-conversion]
   56 |                     return offset + j;
      |                            ~~~~~~~^~~
include/kapi_bitmap.h: In function 'kapi_bitmap_find_first_zero':
include/kapi_bitmap.h:66:26: warning: conversion from 'long long unsigned int' to 'unsigned int' may change value [-Wconversion]
   66 |     unsigned int longs = (nbits + KAPI_BITS_PER_LONG - 1) / KAPI_BITS_PER_LONG;
      |                          ^
include/kapi_bitmap.h:73:35: warning: conversion to 'int' from 'unsigned int' may change the sign of the result [-Wsign-conversion]
   73 |                     return offset + j;
      |                            ~~~~~~~^~~
include/kapi_bitmap.h: In function 'kapi_bitmap_count':
include/kapi_bitmap.h:84:26: warning: conversion from 'long long unsigned int' to 'unsigned int' may change value [-Wconversion]
   84 |     unsigned int longs = (nbits + KAPI_BITS_PER_LONG - 1) / KAPI_BITS_PER_LONG;
      |                          ^
In file included from include/kapi.h:59:
include/kapi_netlink.h: In function 'kapi_nlmsg_next':
include/kapi_netlink.h:19:37: warning: conversion to 'int' from 'uint32_t' {aka 'unsigned int'} may change the sign of the result [-Wsign-conversion]
   19 | #define KAPI_NLMSG_ALIGNTO          4
      |                                     ^
include/kapi_netlink.h:75:18: note: in expansion of macro 'KAPI_NLMSG_ALIGNTO'
   75 |     int totlen = KAPI_NLMSG_ALIGNTO * ((nlh->nlmsg_len + KAPI_NLMSG_ALIGNTO - 1) / KAPI_NLMSG_ALIGNTO);
      |                  ^~~~~~~~~~~~~~~~~~
<3> Building kernel/api/kapi_smp.c
<2> Building kernel/api/kapi_skbuff.c
In file included from include/kapi.h:23,
                 from kernel/api/kapi_smp.c:4:
include/kapi_bitmap.h: In function 'kapi_bitmap_set_all':
include/kapi_bitmap.h:33:26: warning: conversion from 'long long unsigned int' to 'unsigned int' may change value [-Wconversion]
   33 |     unsigned int longs = (nbits + KAPI_BITS_PER_LONG - 1) / KAPI_BITS_PER_LONG;
      |                          ^
include/kapi_bitmap.h: In function 'kapi_bitmap_clear_all':
include/kapi_bitmap.h:41:26: warning: conversion from 'long long unsigned int' to 'unsigned int' may change value [-Wconversion]
   41 |     unsigned int longs = (nbits + KAPI_BITS_PER_LONG - 1) / KAPI_BITS_PER_LONG;
      |                          ^
include/kapi_bitmap.h: In function 'kapi_bitmap_find_first':
include/kapi_bitmap.h:49:26: warning: conversion from 'long long unsigned int' to 'unsigned int' may change value [-Wconversion]
   49 |     unsigned int longs = (nbits + KAPI_BITS_PER_LONG - 1) / KAPI_BITS_PER_LONG;
      |                          ^
include/kapi_bitmap.h:56:35: warning: conversion to 'int' from 'unsigned int' may change the sign of the result [-Wsign-conversion]
   56 |                     return offset + j;
      |                            ~~~~~~~^~~
include/kapi_bitmap.h: In function 'kapi_bitmap_find_first_zero':
include/kapi_bitmap.h:66:26: warning: conversion from 'long long unsigned int' to 'unsigned int' may change value [-Wconversion]
   66 |     unsigned int longs = (nbits + KAPI_BITS_PER_LONG - 1) / KAPI_BITS_PER_LONG;
      |                          ^
include/kapi_bitmap.h:73:35: warning: conversion to 'int' from 'unsigned int' may change the sign of the result [-Wsign-conversion]
   73 |                     return offset + j;
      |                            ~~~~~~~^~~
include/kapi_bitmap.h: In function 'kapi_bitmap_count':
include/kapi_bitmap.h:84:26: warning: conversion from 'long long unsigned int' to 'unsigned int' may change value [-Wconversion]
   84 |     unsigned int longs = (nbits + KAPI_BITS_PER_LONG - 1) / KAPI_BITS_PER_LONG;
      |                          ^
In file included from include/kapi.h:59:
include/kapi_netlink.h: In function 'kapi_nlmsg_next':
include/kapi_netlink.h:19:37: warning: conversion to 'int' from 'uint32_t' {aka 'unsigned int'} may change the sign of the result [-Wsign-conversion]
   19 | #define KAPI_NLMSG_ALIGNTO          4
      |                                     ^
include/kapi_netlink.h:75:18: note: in expansion of macro 'KAPI_NLMSG_ALIGNTO'
   75 |     int totlen = KAPI_NLMSG_ALIGNTO * ((nlh->nlmsg_len + KAPI_NLMSG_ALIGNTO - 1) / KAPI_NLMSG_ALIGNTO);
      |                  ^~~~~~~~~~~~~~~~~~
In file included from include/kapi.h:23,
                 from kernel/api/kapi_skbuff.c:1:
include/kapi_bitmap.h: In function 'kapi_bitmap_set_all':
include/kapi_bitmap.h:33:26: warning: conversion from 'long long unsigned int' to 'unsigned int' may change value [-Wconversion]
   33 |     unsigned int longs = (nbits + KAPI_BITS_PER_LONG - 1) / KAPI_BITS_PER_LONG;
      |                          ^
include/kapi_bitmap.h: In function 'kapi_bitmap_clear_all':
include/kapi_bitmap.h:41:26: warning: conversion from 'long long unsigned int' to 'unsigned int' may change value [-Wconversion]
   41 |     unsigned int longs = (nbits + KAPI_BITS_PER_LONG - 1) / KAPI_BITS_PER_LONG;
      |                          ^
include/kapi_bitmap.h: In function 'kapi_bitmap_find_first':
include/kapi_bitmap.h:49:26: warning: conversion from 'long long unsigned int' to 'unsigned int' may change value [-Wconversion]
   49 |     unsigned int longs = (nbits + KAPI_BITS_PER_LONG - 1) / KAPI_BITS_PER_LONG;
      |                          ^
include/kapi_bitmap.h:56:35: warning: conversion to 'int' from 'unsigned int' may change the sign of the result [-Wsign-conversion]
   56 |                     return offset + j;
      |                            ~~~~~~~^~~
include/kapi_bitmap.h: In function 'kapi_bitmap_find_first_zero':
include/kapi_bitmap.h:66:26: warning: conversion from 'long long unsigned int' to 'unsigned int' may change value [-Wconversion]
   66 |     unsigned int longs = (nbits + KAPI_BITS_PER_LONG - 1) / KAPI_BITS_PER_LONG;
      |                          ^
include/kapi_bitmap.h:73:35: warning: conversion to 'int' from 'unsigned int' may change the sign of the result [-Wsign-conversion]
   73 |                     return offset + j;
      |                            ~~~~~~~^~~
include/kapi_bitmap.h: In function 'kapi_bitmap_count':
include/kapi_bitmap.h:84:26: warning: conversion from 'long long unsigned int' to 'unsigned int' may change value [-Wconversion]
   84 |     unsigned int longs = (nbits + KAPI_BITS_PER_LONG - 1) / KAPI_BITS_PER_LONG;
      |                          ^
In file included from include/kapi.h:59:
include/kapi_netlink.h: In function 'kapi_nlmsg_next':
include/kapi_netlink.h:19:37: warning: conversion to 'int' from 'uint32_t' {aka 'unsigned int'} may change the sign of the result [-Wsign-conversion]
   19 | #define KAPI_NLMSG_ALIGNTO          4
      |                                     ^
include/kapi_netlink.h:75:18: note: in expansion of macro 'KAPI_NLMSG_ALIGNTO'
   75 |     int totlen = KAPI_NLMSG_ALIGNTO * ((nlh->nlmsg_len + KAPI_NLMSG_ALIGNTO - 1) / KAPI_NLMSG_ALIGNTO);
      |                  ^~~~~~~~~~~~~~~~~~
<3> Building kernel/api/kapi_seq_file.c
<0> Building kernel/api/kapi_security.c
In file included from include/kapi.h:23,
                 from kernel/api/kapi_seq_file.c:2:
include/kapi_bitmap.h: In function 'kapi_bitmap_set_all':
include/kapi_bitmap.h:33:26: warning: conversion from 'long long unsigned int' to 'unsigned int' may change value [-Wconversion]
   33 |     unsigned int longs = (nbits + KAPI_BITS_PER_LONG - 1) / KAPI_BITS_PER_LONG;
      |                          ^
include/kapi_bitmap.h: In function 'kapi_bitmap_clear_all':
include/kapi_bitmap.h:41:26: warning: conversion from 'long long unsigned int' to 'unsigned int' may change value [-Wconversion]
   41 |     unsigned int longs = (nbits + KAPI_BITS_PER_LONG - 1) / KAPI_BITS_PER_LONG;
      |                          ^
include/kapi_bitmap.h: In function 'kapi_bitmap_find_first':
include/kapi_bitmap.h:49:26: warning: conversion from 'long long unsigned int' to 'unsigned int' may change value [-Wconversion]
   49 |     unsigned int longs = (nbits + KAPI_BITS_PER_LONG - 1) / KAPI_BITS_PER_LONG;
      |                          ^
include/kapi_bitmap.h:56:35: warning: conversion to 'int' from 'unsigned int' may change the sign of the result [-Wsign-conversion]
   56 |                     return offset + j;
      |                            ~~~~~~~^~~
include/kapi_bitmap.h: In function 'kapi_bitmap_find_first_zero':
include/kapi_bitmap.h:66:26: warning: conversion from 'long long unsigned int' to 'unsigned int' may change value [-Wconversion]
   66 |     unsigned int longs = (nbits + KAPI_BITS_PER_LONG - 1) / KAPI_BITS_PER_LONG;
      |                          ^
include/kapi_bitmap.h:73:35: warning: conversion to 'int' from 'unsigned int' may change the sign of the result [-Wsign-conversion]
   73 |                     return offset + j;
      |                            ~~~~~~~^~~
include/kapi_bitmap.h: In function 'kapi_bitmap_count':
include/kapi_bitmap.h:84:26: warning: conversion from 'long long unsigned int' to 'unsigned int' may change value [-Wconversion]
   84 |     unsigned int longs = (nbits + KAPI_BITS_PER_LONG - 1) / KAPI_BITS_PER_LONG;
      |                          ^
In file included from include/kapi.h:59:
include/kapi_netlink.h: In function 'kapi_nlmsg_next':
include/kapi_netlink.h:19:37: warning: conversion to 'int' from 'uint32_t' {aka 'unsigned int'} may change the sign of the result [-Wsign-conversion]
   19 | #define KAPI_NLMSG_ALIGNTO          4
      |                                     ^
include/kapi_netlink.h:75:18: note: in expansion of macro 'KAPI_NLMSG_ALIGNTO'
   75 |     int totlen = KAPI_NLMSG_ALIGNTO * ((nlh->nlmsg_len + KAPI_NLMSG_ALIGNTO - 1) / KAPI_NLMSG_ALIGNTO);
      |                  ^~~~~~~~~~~~~~~~~~
In file included from include/kapi.h:23,
                 from kernel/api/kapi_security.c:1:
include/kapi_bitmap.h: In function 'kapi_bitmap_set_all':
include/kapi_bitmap.h:33:26: warning: conversion from 'long long unsigned int' to 'unsigned int' may change value [-Wconversion]
<2> Building kernel/api/kapi_sched.c
   33 |     unsigned int longs = (nbits + KAPI_BITS_PER_LONG - 1) / KAPI_BITS_PER_LONG;
      |                          ^
include/kapi_bitmap.h: In function 'kapi_bitmap_clear_all':
include/kapi_bitmap.h:41:26: warning: conversion from 'long long unsigned int' to 'unsigned int' may change value [-Wconversion]
   41 |     unsigned int longs = (nbits + KAPI_BITS_PER_LONG - 1) / KAPI_BITS_PER_LONG;
      |                          ^
include/kapi_bitmap.h: In function 'kapi_bitmap_find_first':
include/kapi_bitmap.h:49:26: warning: conversion from 'long long unsigned int' to 'unsigned int' may change value [-Wconversion]
   49 |     unsigned int longs = (nbits + KAPI_BITS_PER_LONG - 1) / KAPI_BITS_PER_LONG;
      |                          ^
include/kapi_bitmap.h:56:35: warning: conversion to 'int' from 'unsigned int' may change the sign of the result [-Wsign-conversion]
   56 |                     return offset + j;
      |                            ~~~~~~~^~~
include/kapi_bitmap.h: In function 'kapi_bitmap_find_first_zero':
include/kapi_bitmap.h:66:26: warning: conversion from 'long long unsigned int' to 'unsigned int' may change value [-Wconversion]
   66 |     unsigned int longs = (nbits + KAPI_BITS_PER_LONG - 1) / KAPI_BITS_PER_LONG;
      |                          ^
include/kapi_bitmap.h:73:35: warning: conversion to 'int' from 'unsigned int' may change the sign of the result [-Wsign-conversion]
   73 |                     return offset + j;
      |                            ~~~~~~~^~~
include/kapi_bitmap.h: In function 'kapi_bitmap_count':
include/kapi_bitmap.h:84:26: warning: conversion from 'long long unsigned int' to 'unsigned int' may change value [-Wconversion]
   84 |     unsigned int longs = (nbits + KAPI_BITS_PER_LONG - 1) / KAPI_BITS_PER_LONG;
      |                          ^
In file included from include/kapi.h:59:
include/kapi_netlink.h: In function 'kapi_nlmsg_next':
include/kapi_netlink.h:19:37: warning: conversion to 'int' from 'uint32_t' {aka 'unsigned int'} may change the sign of the result [-Wsign-conversion]
   19 | #define KAPI_NLMSG_ALIGNTO          4
      |                                     ^
include/kapi_netlink.h:75:18: note: in expansion of macro 'KAPI_NLMSG_ALIGNTO'
   75 |     int totlen = KAPI_NLMSG_ALIGNTO * ((nlh->nlmsg_len + KAPI_NLMSG_ALIGNTO - 1) / KAPI_NLMSG_ALIGNTO);
      |                  ^~~~~~~~~~~~~~~~~~
In file included from include/kapi.h:23,
                 from kernel/api/kapi_sched.c:4:
include/kapi_bitmap.h: In function 'kapi_bitmap_set_all':
include/kapi_bitmap.h:33:26: warning: conversion from 'long long unsigned int' to 'unsigned int' may change value [-Wconversion]
   33 |     unsigned int longs = (nbits + KAPI_BITS_PER_LONG - 1) / KAPI_BITS_PER_LONG;
      |                          ^
include/kapi_bitmap.h: In function 'kapi_bitmap_clear_all':
include/kapi_bitmap.h:41:26: warning: conversion from 'long long unsigned int' to 'unsigned int' may change value [-Wconversion]
   41 |     unsigned int longs = (nbits + KAPI_BITS_PER_LONG - 1) / KAPI_BITS_PER_LONG;
      |                          ^
include/kapi_bitmap.h: In function 'kapi_bitmap_find_first':
include/kapi_bitmap.h:49:26: warning: conversion from 'long long unsigned int' to 'unsigned int' may change value [-Wconversion]
   49 |     unsigned int longs = (nbits + KAPI_BITS_PER_LONG - 1) / KAPI_BITS_PER_LONG;
      |                          ^
include/kapi_bitmap.h:56:35: warning: conversion to 'int' from 'unsigned int' may change the sign of the result [-Wsign-conversion]
   56 |                     return offset + j;
      |                            ~~~~~~~^~~
include/kapi_bitmap.h: In function 'kapi_bitmap_find_first_zero':
include/kapi_bitmap.h:66:26: warning: conversion from 'long long unsigned int' to 'unsigned int' may change value [-Wconversion]
   66 |     unsigned int longs = (nbits + KAPI_BITS_PER_LONG - 1) / KAPI_BITS_PER_LONG;
      |                          ^
include/kapi_bitmap.h:73:35: warning: conversion to 'int' from 'unsigned int' may change the sign of the result [-Wsign-conversion]
   73 |                     return offset + j;
      |                            ~~~~~~~^~~
include/kapi_bitmap.h: In function 'kapi_bitmap_count':
include/kapi_bitmap.h:84:26: warning: conversion from 'long long unsigned int' to 'unsigned int' may change value [-Wconversion]
   84 |     unsigned int longs = (nbits + KAPI_BITS_PER_LONG - 1) / KAPI_BITS_PER_LONG;
      |                          ^
In file included from include/kapi.h:59:
include/kapi_netlink.h: In function 'kapi_nlmsg_next':
include/kapi_netlink.h:19:37: warning: conversion to 'int' from 'uint32_t' {aka 'unsigned int'} may change the sign of the result [-Wsign-conversion]
   19 | #define KAPI_NLMSG_ALIGNTO          4
      |                                     ^
include/kapi_netlink.h:75:18: note: in expansion of macro 'KAPI_NLMSG_ALIGNTO'
   75 |     int totlen = KAPI_NLMSG_ALIGNTO * ((nlh->nlmsg_len + KAPI_NLMSG_ALIGNTO - 1) / KAPI_NLMSG_ALIGNTO);
      |                  ^~~~~~~~~~~~~~~~~~
<2> Building kernel/api/kapi_rcu.c
<3> Building kernel/api/kapi_rbtree.c
In file included from include/kapi.h:23,
                 from kernel/api/kapi_rcu.c:4:
include/kapi_bitmap.h: In function 'kapi_bitmap_set_all':
include/kapi_bitmap.h:33:26: warning: conversion from 'long long unsigned int' to 'unsigned int' may change value [-Wconversion]
   33 |     unsigned int longs = (nbits + KAPI_BITS_PER_LONG - 1) / KAPI_BITS_PER_LONG;
      |                          ^
include/kapi_bitmap.h: In function 'kapi_bitmap_clear_all':
include/kapi_bitmap.h:41:26: warning: conversion from 'long long unsigned int' to 'unsigned int' may change value [-Wconversion]
   41 |     unsigned int longs = (nbits + KAPI_BITS_PER_LONG - 1) / KAPI_BITS_PER_LONG;
      |                          ^
include/kapi_bitmap.h: In function 'kapi_bitmap_find_first':
include/kapi_bitmap.h:49:26: warning: conversion from 'long long unsigned int' to 'unsigned int' may change value [-Wconversion]
   49 |     unsigned int longs = (nbits + KAPI_BITS_PER_LONG - 1) / KAPI_BITS_PER_LONG;
      |                          ^
include/kapi_bitmap.h:56:35: warning: conversion to 'int' from 'unsigned int' may change the sign of the result [-Wsign-conversion]
   56 |                     return offset + j;
      |                            ~~~~~~~^~~
include/kapi_bitmap.h: In function 'kapi_bitmap_find_first_zero':
include/kapi_bitmap.h:66:26: warning: conversion from 'long long unsigned int' to 'unsigned int' may change value [-Wconversion]
   66 |     unsigned int longs = (nbits + KAPI_BITS_PER_LONG - 1) / KAPI_BITS_PER_LONG;
      |                          ^
include/kapi_bitmap.h:73:35: warning: conversion to 'int' from 'unsigned int' may change the sign of the result [-Wsign-conversion]
   73 |                     return offset + j;
      |                            ~~~~~~~^~~
include/kapi_bitmap.h: In function 'kapi_bitmap_count':
include/kapi_bitmap.h:84:26: warning: conversion from 'long long unsigned int' to 'unsigned int' may change value [-Wconversion]
   84 |     unsigned int longs = (nbits + KAPI_BITS_PER_LONG - 1) / KAPI_BITS_PER_LONG;
      |                          ^
In file included from include/kapi.h:59:
include/kapi_netlink.h: In function 'kapi_nlmsg_next':
include/kapi_netlink.h:19:37: warning: conversion to 'int' from 'uint32_t' {aka 'unsigned int'} may change the sign of the result [-Wsign-conversion]
   19 | #define KAPI_NLMSG_ALIGNTO          4
      |                                     ^
include/kapi_netlink.h:75:18: note: in expansion of macro 'KAPI_NLMSG_ALIGNTO'
   75 |     int totlen = KAPI_NLMSG_ALIGNTO * ((nlh->nlmsg_len + KAPI_NLMSG_ALIGNTO - 1) / KAPI_NLMSG_ALIGNTO);
      |                  ^~~~~~~~~~~~~~~~~~
In file included from include/kapi.h:23,
                 from kernel/api/kapi_rbtree.c:4:
include/kapi_bitmap.h: In function 'kapi_bitmap_set_all':
include/kapi_bitmap.h:33:26: warning: conversion from 'long long unsigned int' to 'unsigned int' may change value [-Wconversion]
   33 |     unsigned int longs = (nbits + KAPI_BITS_PER_LONG - 1) / KAPI_BITS_PER_LONG;
      |                          ^
include/kapi_bitmap.h: In function 'kapi_bitmap_clear_all':
include/kapi_bitmap.h:41:26: warning: conversion from 'long long unsigned int' to 'unsigned int' may change value [-Wconversion]
   41 |     unsigned int longs = (nbits + KAPI_BITS_PER_LONG - 1) / KAPI_BITS_PER_LONG;
      |                          ^
include/kapi_bitmap.h: In function 'kapi_bitmap_find_first':
include/kapi_bitmap.h:49:26: warning: conversion from 'long long unsigned int' to 'unsigned int' may change value [-Wconversion]
   49 |     unsigned int longs = (nbits + KAPI_BITS_PER_LONG - 1) / KAPI_BITS_PER_LONG;
      |                          ^
include/kapi_bitmap.h:56:35: warning: conversion to 'int' from 'unsigned int' may change the sign of the result [-Wsign-conversion]
   56 |                     return offset + j;
      |                            ~~~~~~~^~~
include/kapi_bitmap.h: In function 'kapi_bitmap_find_first_zero':
include/kapi_bitmap.h:66:26: warning: conversion from 'long long unsigned int' to 'unsigned int' may change value [-Wconversion]
   66 |     unsigned int longs = (nbits + KAPI_BITS_PER_LONG - 1) / KAPI_BITS_PER_LONG;
      |                          ^
include/kapi_bitmap.h:73:35: warning: conversion to 'int' from 'unsigned int' may change the sign of the result [-Wsign-conversion]
   73 |                     return offset + j;
      |                            ~~~~~~~^~~
include/kapi_bitmap.h: In function 'kapi_bitmap_count':
include/kapi_bitmap.h:84:26: warning: conversion from 'long long unsigned int' to 'unsigned int' may change value [-Wconversion]
   84 |     unsigned int longs = (nbits + KAPI_BITS_PER_LONG - 1) / KAPI_BITS_PER_LONG;
      |                          ^
In file included from include/kapi.h:59:
include/kapi_netlink.h: In function 'kapi_nlmsg_next':
include/kapi_netlink.h:19:37: warning: conversion to 'int' from 'uint32_t' {aka 'unsigned int'} may change the sign of the result [-Wsign-conversion]
   19 | #define KAPI_NLMSG_ALIGNTO          4
      |                                     ^
include/kapi_netlink.h:75:18: note: in expansion of macro 'KAPI_NLMSG_ALIGNTO'
   75 |     int totlen = KAPI_NLMSG_ALIGNTO * ((nlh->nlmsg_len + KAPI_NLMSG_ALIGNTO - 1) / KAPI_NLMSG_ALIGNTO);
      |                  ^~~~~~~~~~~~~~~~~~
<2> Building kernel/api/kapi_random.c
In file included from include/kapi.h:23,
                 from kernel/api/kapi_random.c:4:
include/kapi_bitmap.h: In function 'kapi_bitmap_set_all':
include/kapi_bitmap.h:33:26: warning: conversion from 'long long unsigned int' to 'unsigned int' may change value [-Wconversion]
   33 |     unsigned int longs = (nbits + KAPI_BITS_PER_LONG - 1) / KAPI_BITS_PER_LONG;
      |                          ^
include/kapi_bitmap.h: In function 'kapi_bitmap_clear_all':
include/kapi_bitmap.h:41:26: warning: conversion from 'long long unsigned int' to 'unsigned int' may change value [-Wconversion]
   41 |     unsigned int longs = (nbits + KAPI_BITS_PER_LONG - 1) / KAPI_BITS_PER_LONG;
      |                          ^
include/kapi_bitmap.h: In function 'kapi_bitmap_find_first':
include/kapi_bitmap.h:49:26: warning: conversion from 'long long unsigned int' to 'unsigned int' may change value [-Wconversion]
   49 |     unsigned int longs = (nbits + KAPI_BITS_PER_LONG - 1) / KAPI_BITS_PER_LONG;
      |                          ^
include/kapi_bitmap.h:56:35: warning: conversion to 'int' from 'unsigned int' may change the sign of the result [-Wsign-conversion]
   56 |                     return offset + j;
      |                            ~~~~~~~^~~
include/kapi_bitmap.h: In function 'kapi_bitmap_find_first_zero':
include/kapi_bitmap.h:66:26: warning: conversion from 'long long unsigned int' to 'unsigned int' may change value [-Wconversion]
   66 |     unsigned int longs = (nbits + KAPI_BITS_PER_LONG - 1) / KAPI_BITS_PER_LONG;
      |                          ^
include/kapi_bitmap.h:73:35: warning: conversion to 'int' from 'unsigned int' may change the sign of the result [-Wsign-conversion]
   73 |                     return offset + j;
      |                            ~~~~~~~^~~
include/kapi_bitmap.h: In function 'kapi_bitmap_count':
include/kapi_bitmap.h:84:26: warning: conversion from 'long long unsigned int' to 'unsigned int' may change value [-Wconversion]
   84 |     unsigned int longs = (nbits + KAPI_BITS_PER_LONG - 1) / KAPI_BITS_PER_LONG;
      |                          ^
In file included from include/kapi.h:59:
include/kapi_netlink.h: In function 'kapi_nlmsg_next':
include/kapi_netlink.h:19:37: warning: conversion to 'int' from 'uint32_t' {aka 'unsigned int'} may change the sign of the result [-Wsign-conversion]
   19 | #define KAPI_NLMSG_ALIGNTO          4
      |                                     ^
include/kapi_netlink.h:75:18: note: in expansion of macro 'KAPI_NLMSG_ALIGNTO'
   75 |     int totlen = KAPI_NLMSG_ALIGNTO * ((nlh->nlmsg_len + KAPI_NLMSG_ALIGNTO - 1) / KAPI_NLMSG_ALIGNTO);
      |                  ^~~~~~~~~~~~~~~~~~
<0> Building kernel/api/kapi_process.c
<3> Building kernel/api/kapi_pci.c
<1> Building kernel/api/kapi_params.c
In file included from include/kapi.h:23,
                 from kernel/api/kapi_process.c:4:
include/kapi_bitmap.h: In function 'kapi_bitmap_set_all':
include/kapi_bitmap.h:33:26: warning: conversion from 'long long unsigned int' to 'unsigned int' may change value [-Wconversion]
   33 |     unsigned int longs = (nbits + KAPI_BITS_PER_LONG - 1) / KAPI_BITS_PER_LONG;
      |                          ^
include/kapi_bitmap.h: In function 'kapi_bitmap_clear_all':
include/kapi_bitmap.h:41:26: warning: conversion from 'long long unsigned int' to 'unsigned int' may change value [-Wconversion]
   41 |     unsigned int longs = (nbits + KAPI_BITS_PER_LONG - 1) / KAPI_BITS_PER_LONG;
      |                          ^
include/kapi_bitmap.h: In function 'kapi_bitmap_find_first':
include/kapi_bitmap.h:49:26: warning: conversion from 'long long unsigned int' to 'unsigned int' may change value [-Wconversion]
   49 |     unsigned int longs = (nbits + KAPI_BITS_PER_LONG - 1) / KAPI_BITS_PER_LONG;
      |                          ^
include/kapi_bitmap.h:56:35: warning: conversion to 'int' from 'unsigned int' may change the sign of the result [-Wsign-conversion]
   56 |                     return offset + j;
      |                            ~~~~~~~^~~
include/kapi_bitmap.h: In function 'kapi_bitmap_find_first_zero':
include/kapi_bitmap.h:66:26: warning: conversion from 'long long unsigned int' to 'unsigned int' may change value [-Wconversion]
   66 |     unsigned int longs = (nbits + KAPI_BITS_PER_LONG - 1) / KAPI_BITS_PER_LONG;
      |                          ^
include/kapi_bitmap.h:73:35: warning: conversion to 'int' from 'unsigned int' may change the sign of the result [-Wsign-conversion]
   73 |                     return offset + j;
      |                            ~~~~~~~^~~
include/kapi_bitmap.h: In function 'kapi_bitmap_count':
include/kapi_bitmap.h:84:26: warning: conversion from 'long long unsigned int' to 'unsigned int' may change value [-Wconversion]
   84 |     unsigned int longs = (nbits + KAPI_BITS_PER_LONG - 1) / KAPI_BITS_PER_LONG;
      |                          ^
In file included from include/kapi.h:59:
include/kapi_netlink.h: In function 'kapi_nlmsg_next':
include/kapi_netlink.h:19:37: warning: conversion to 'int' from 'uint32_t' {aka 'unsigned int'} may change the sign of the result [-Wsign-conversion]
   19 | #define KAPI_NLMSG_ALIGNTO          4
      |                                     ^
include/kapi_netlink.h:75:18: note: in expansion of macro 'KAPI_NLMSG_ALIGNTO'
   75 |     int totlen = KAPI_NLMSG_ALIGNTO * ((nlh->nlmsg_len + KAPI_NLMSG_ALIGNTO - 1) / KAPI_NLMSG_ALIGNTO);
      |                  ^~~~~~~~~~~~~~~~~~
<2> Building kernel/api/kapi_notifier.c
kernel/api/kapi_process.c: In function 'kapi_proc_create':
kernel/api/kapi_process.c:58:26: warning: ISO C forbids conversion of function pointer to object pointer type [-Wpedantic]
   58 |     process_create(name, (void*)entry, kernel_prio);
      |                          ^
kernel/api/kapi_process.c:43:76: warning: unused parameter 'arg' [-Wunused-parameter]
   43 | kapi_proc_t kapi_proc_create(const char* name, void (*entry)(void*), void* arg, int prio)
      |                                                                      ~~~~~~^~~
kernel/api/kapi_process.c: In function 'kapi_proc_kill':
kernel/api/kapi_process.c:77:42: warning: unused parameter 'force' [-Wunused-parameter]
   77 | int kapi_proc_kill(kapi_proc_t proc, int force)
      |                                      ~~~~^~~~~
kernel/api/kapi_process.c: In function 'kapi_proc_kill_by_pid':
kernel/api/kapi_process.c:92:40: warning: unused parameter 'force' [-Wunused-parameter]
   92 | int kapi_proc_kill_by_pid(int pid, int force)
      |                                    ~~~~^~~~~
kernel/api/kapi_process.c: In function 'kapi_thread_create':
kernel/api/kapi_process.c:214:29: warning: ISO C forbids conversion of function pointer to object pointer type [-Wpedantic]
  214 |     int tid = thread_create((void*)entry, arg);
      |                             ^
kernel/api/kapi_process.c: In function 'kapi_ipc_recv':
kernel/api/kapi_process.c:249:52: warning: unused parameter 'timeout_ms' [-Wunused-parameter]
  249 | int kapi_ipc_recv(void* msg, size_t size, uint64_t timeout_ms)
      |                                           ~~~~~~~~~^~~~~~~~~~
In file included from include/kapi.h:23,
                 from kernel/api/kapi_pci.c:2:
include/kapi_bitmap.h: In function 'kapi_bitmap_set_all':
include/kapi_bitmap.h:33:26: warning: conversion from 'long long unsigned int' to 'unsigned int' may change value [-Wconversion]
   33 |     unsigned int longs = (nbits + KAPI_BITS_PER_LONG - 1) / KAPI_BITS_PER_LONG;
      |                          ^
include/kapi_bitmap.h: In function 'kapi_bitmap_clear_all':
include/kapi_bitmap.h:41:26: warning: conversion from 'long long unsigned int' to 'unsigned int' may change value [-Wconversion]
   41 |     unsigned int longs = (nbits + KAPI_BITS_PER_LONG - 1) / KAPI_BITS_PER_LONG;
      |                          ^
include/kapi_bitmap.h: In function 'kapi_bitmap_find_first':
include/kapi_bitmap.h:49:26: warning: conversion from 'long long unsigned int' to 'unsigned int' may change value [-Wconversion]
   49 |     unsigned int longs = (nbits + KAPI_BITS_PER_LONG - 1) / KAPI_BITS_PER_LONG;
      |                          ^
include/kapi_bitmap.h:56:35: warning: conversion to 'int' from 'unsigned int' may change the sign of the result [-Wsign-conversion]
   56 |                     return offset + j;
      |                            ~~~~~~~^~~
include/kapi_bitmap.h: In function 'kapi_bitmap_find_first_zero':
include/kapi_bitmap.h:66:26: warning: conversion from 'long long unsigned int' to 'unsigned int' may change value [-Wconversion]
   66 |     unsigned int longs = (nbits + KAPI_BITS_PER_LONG - 1) / KAPI_BITS_PER_LONG;
      |                          ^
include/kapi_bitmap.h:73:35: warning: conversion to 'int' from 'unsigned int' may change the sign of the result [-Wsign-conversion]
   73 |                     return offset + j;
      |                            ~~~~~~~^~~
include/kapi_bitmap.h: In function 'kapi_bitmap_count':
include/kapi_bitmap.h:84:26: warning: conversion from 'long long unsigned int' to 'unsigned int' may change value [-Wconversion]
   84 |     unsigned int longs = (nbits + KAPI_BITS_PER_LONG - 1) / KAPI_BITS_PER_LONG;
      |                          ^
In file included from include/kapi.h:59:
include/kapi_netlink.h: In function 'kapi_nlmsg_next':
include/kapi_netlink.h:19:37: warning: conversion to 'int' from 'uint32_t' {aka 'unsigned int'} may change the sign of the result [-Wsign-conversion]
   19 | #define KAPI_NLMSG_ALIGNTO          4
      |                                     ^
include/kapi_netlink.h:75:18: note: in expansion of macro 'KAPI_NLMSG_ALIGNTO'
   75 |     int totlen = KAPI_NLMSG_ALIGNTO * ((nlh->nlmsg_len + KAPI_NLMSG_ALIGNTO - 1) / KAPI_NLMSG_ALIGNTO);
      |                  ^~~~~~~~~~~~~~~~~~
kernel/api/kapi_pci.c: In function 'kapi_pci_disable_device':
kernel/api/kapi_pci.c:104:12: warning: unsigned conversion from 'int' to 'uint16_t' {aka 'short unsigned int'} changes the value of '-8' [-Wsign-conversion]
  104 |     cmd &= ~(KAPI_PCI_COMMAND_IO | KAPI_PCI_COMMAND_MEMORY | KAPI_PCI_COMMAND_MASTER);
      |            ^
kernel/api/kapi_pci.c: In function 'kapi_pci_get_device_info':
kernel/api/kapi_pci.c:182:13: warning: comparison is always false due to limited range of data type [-Wtype-limits]
  182 |     if (bus >= KAPI_PCI_MAX_BUSES || dev >= KAPI_PCI_MAX_DEVICES || func >= KAPI_PCI_MAX_FUNCTIONS) {
      |             ^~
In file included from include/kapi.h:23,
                 from kernel/api/kapi_params.c:2:
include/kapi_bitmap.h: In function 'kapi_bitmap_set_all':
include/kapi_bitmap.h:33:26: warning: conversion from 'long long unsigned int' to 'unsigned int' may change value [-Wconversion]
   33 |     unsigned int longs = (nbits + KAPI_BITS_PER_LONG - 1) / KAPI_BITS_PER_LONG;
      |                          ^
include/kapi_bitmap.h: In function 'kapi_bitmap_clear_all':
include/kapi_bitmap.h:41:26: warning: conversion from 'long long unsigned int' to 'unsigned int' may change value [-Wconversion]
   41 |     unsigned int longs = (nbits + KAPI_BITS_PER_LONG - 1) / KAPI_BITS_PER_LONG;
      |                          ^
include/kapi_bitmap.h: In function 'kapi_bitmap_find_first':
include/kapi_bitmap.h:49:26: warning: conversion from 'long long unsigned int' to 'unsigned int' may change value [-Wconversion]
   49 |     unsigned int longs = (nbits + KAPI_BITS_PER_LONG - 1) / KAPI_BITS_PER_LONG;
      |                          ^
include/kapi_bitmap.h:56:35: warning: conversion to 'int' from 'unsigned int' may change the sign of the result [-Wsign-conversion]
   56 |                     return offset + j;
      |                            ~~~~~~~^~~
include/kapi_bitmap.h: In function 'kapi_bitmap_find_first_zero':
include/kapi_bitmap.h:66:26: warning: conversion from 'long long unsigned int' to 'unsigned int' may change value [-Wconversion]
   66 |     unsigned int longs = (nbits + KAPI_BITS_PER_LONG - 1) / KAPI_BITS_PER_LONG;
      |                          ^
include/kapi_bitmap.h:73:35: warning: conversion to 'int' from 'unsigned int' may change the sign of the result [-Wsign-conversion]
   73 |                     return offset + j;
      |                            ~~~~~~~^~~
include/kapi_bitmap.h: In function 'kapi_bitmap_count':
include/kapi_bitmap.h:84:26: warning: conversion from 'long long unsigned int' to 'unsigned int' may change value [-Wconversion]
   84 |     unsigned int longs = (nbits + KAPI_BITS_PER_LONG - 1) / KAPI_BITS_PER_LONG;
      |                          ^
In file included from include/kapi.h:59:
include/kapi_netlink.h: In function 'kapi_nlmsg_next':
include/kapi_netlink.h:19:37: warning: conversion to 'int' from 'uint32_t' {aka 'unsigned int'} may change the sign of the result [-Wsign-conversion]
   19 | #define KAPI_NLMSG_ALIGNTO          4
      |                                     ^
include/kapi_netlink.h:75:18: note: in expansion of macro 'KAPI_NLMSG_ALIGNTO'
   75 |     int totlen = KAPI_NLMSG_ALIGNTO * ((nlh->nlmsg_len + KAPI_NLMSG_ALIGNTO - 1) / KAPI_NLMSG_ALIGNTO);
      |                  ^~~~~~~~~~~~~~~~~~
In file included from include/kapi.h:23,
                 from kernel/api/kapi_notifier.c:4:
include/kapi_bitmap.h: In function 'kapi_bitmap_set_all':
include/kapi_bitmap.h:33:26: warning: conversion from 'long long unsigned int' to 'unsigned int' may change value [-Wconversion]
   33 |     unsigned int longs = (nbits + KAPI_BITS_PER_LONG - 1) / KAPI_BITS_PER_LONG;
      |                          ^
include/kapi_bitmap.h: In function 'kapi_bitmap_clear_all':
include/kapi_bitmap.h:41:26: warning: conversion from 'long long unsigned int' to 'unsigned int' may change value [-Wconversion]
   41 |     unsigned int longs = (nbits + KAPI_BITS_PER_LONG - 1) / KAPI_BITS_PER_LONG;
      |                          ^
include/kapi_bitmap.h: In function 'kapi_bitmap_find_first':
include/kapi_bitmap.h:49:26: warning: conversion from 'long long unsigned int' to 'unsigned int' may change value [-Wconversion]
   49 |     unsigned int longs = (nbits + KAPI_BITS_PER_LONG - 1) / KAPI_BITS_PER_LONG;
      |                          ^
include/kapi_bitmap.h:56:35: warning: conversion to 'int' from 'unsigned int' may change the sign of the result [-Wsign-conversion]
   56 |                     return offset + j;
      |                            ~~~~~~~^~~
include/kapi_bitmap.h: In function 'kapi_bitmap_find_first_zero':
include/kapi_bitmap.h:66:26: warning: conversion from 'long long unsigned int' to 'unsigned int' may change value [-Wconversion]
   66 |     unsigned int longs = (nbits + KAPI_BITS_PER_LONG - 1) / KAPI_BITS_PER_LONG;
      |                          ^
include/kapi_bitmap.h:73:35: warning: conversion to 'int' from 'unsigned int' may change the sign of the result [-Wsign-conversion]
   73 |                     return offset + j;
      |                            ~~~~~~~^~~
include/kapi_bitmap.h: In function 'kapi_bitmap_count':
include/kapi_bitmap.h:84:26: warning: conversion from 'long long unsigned int' to 'unsigned int' may change value [-Wconversion]
   84 |     unsigned int longs = (nbits + KAPI_BITS_PER_LONG - 1) / KAPI_BITS_PER_LONG;
      |                          ^
In file included from include/kapi.h:59:
include/kapi_netlink.h: In function 'kapi_nlmsg_next':
include/kapi_netlink.h:19:37: warning: conversion to 'int' from 'uint32_t' {aka 'unsigned int'} may change the sign of the result [-Wsign-conversion]
   19 | #define KAPI_NLMSG_ALIGNTO          4
      |                                     ^
include/kapi_netlink.h:75:18: note: in expansion of macro 'KAPI_NLMSG_ALIGNTO'
   75 |     int totlen = KAPI_NLMSG_ALIGNTO * ((nlh->nlmsg_len + KAPI_NLMSG_ALIGNTO - 1) / KAPI_NLMSG_ALIGNTO);
      |                  ^~~~~~~~~~~~~~~~~~
<2> Building kernel/api/kapi_netlink.c
<3> Building kernel/api/kapi_netdevice.c
<0> Building kernel/api/kapi_mutex.c
In file included from include/kapi.h:23,
                 from kernel/api/kapi_netdevice.c:1:
include/kapi_bitmap.h: In function 'kapi_bitmap_set_all':
include/kapi_bitmap.h:33:26: warning: conversion from 'long long unsigned int' to 'unsigned int' may change value [-Wconversion]
   33 |     unsigned int longs = (nbits + KAPI_BITS_PER_LONG - 1) / KAPI_BITS_PER_LONG;
      |                          ^
include/kapi_bitmap.h: In function 'kapi_bitmap_clear_all':
include/kapi_bitmap.h:41:26: warning: conversion from 'long long unsigned int' to 'unsigned int' may change value [-Wconversion]
   41 |     unsigned int longs = (nbits + KAPI_BITS_PER_LONG - 1) / KAPI_BITS_PER_LONG;
      |                          ^
include/kapi_bitmap.h: In function 'kapi_bitmap_find_first':
include/kapi_bitmap.h:49:26: warning: conversion from 'long long unsigned int' to 'unsigned int' may change value [-Wconversion]
   49 |     unsigned int longs = (nbits + KAPI_BITS_PER_LONG - 1) / KAPI_BITS_PER_LONG;
      |                          ^
include/kapi_bitmap.h:56:35: warning: conversion to 'int' from 'unsigned int' may change the sign of the result [-Wsign-conversion]
   56 |                     return offset + j;
      |                            ~~~~~~~^~~
include/kapi_bitmap.h: In function 'kapi_bitmap_find_first_zero':
include/kapi_bitmap.h:66:26: warning: conversion from 'long long unsigned int' to 'unsigned int' may change value [-Wconversion]
   66 |     unsigned int longs = (nbits + KAPI_BITS_PER_LONG - 1) / KAPI_BITS_PER_LONG;
      |                          ^
include/kapi_bitmap.h:73:35: warning: conversion to 'int' from 'unsigned int' may change the sign of the result [-Wsign-conversion]
   73 |                     return offset + j;
      |                            ~~~~~~~^~~
include/kapi_bitmap.h: In function 'kapi_bitmap_count':
include/kapi_bitmap.h:84:26: warning: conversion from 'long long unsigned int' to 'unsigned int' may change value [-Wconversion]
   84 |     unsigned int longs = (nbits + KAPI_BITS_PER_LONG - 1) / KAPI_BITS_PER_LONG;
      |                          ^
In file included from include/kapi.h:23,
                 from kernel/api/kapi_mutex.c:4:
include/kapi_bitmap.h: In function 'kapi_bitmap_set_all':
include/kapi_bitmap.h:33:26: warning: conversion from 'long long unsigned int' to 'unsigned int' may change value [-Wconversion]
   33 |     unsigned int longs = (nbits + KAPI_BITS_PER_LONG - 1) / KAPI_BITS_PER_LONG;
      |                          ^
include/kapi_bitmap.h: In function 'kapi_bitmap_clear_all':
include/kapi_bitmap.h:41:26: warning: conversion from 'long long unsigned int' to 'unsigned int' may change value [-Wconversion]
   41 |     unsigned int longs = (nbits + KAPI_BITS_PER_LONG - 1) / KAPI_BITS_PER_LONG;
      |                          ^
include/kapi_bitmap.h: In function 'kapi_bitmap_find_first':
include/kapi_bitmap.h:49:26: warning: conversion from 'long long unsigned int' to 'unsigned int' may change value [-Wconversion]
   49 |     unsigned int longs = (nbits + KAPI_BITS_PER_LONG - 1) / KAPI_BITS_PER_LONG;
      |                          ^
include/kapi_bitmap.h:56:35: warning: conversion to 'int' from 'unsigned int' may change the sign of the result [-Wsign-conversion]
   56 |                     return offset + j;
      |                            ~~~~~~~^~~
include/kapi_bitmap.h: In function 'kapi_bitmap_find_first_zero':
include/kapi_bitmap.h:66:26: warning: conversion from 'long long unsigned int' to 'unsigned int' may change value [-Wconversion]
   66 |     unsigned int longs = (nbits + KAPI_BITS_PER_LONG - 1) / KAPI_BITS_PER_LONG;
      |                          ^
include/kapi_bitmap.h:73:35: warning: conversion to 'int' from 'unsigned int' may change the sign of the result [-Wsign-conversion]
   73 |                     return offset + j;
      |                            ~~~~~~~^~~
include/kapi_bitmap.h: In function 'kapi_bitmap_count':
include/kapi_bitmap.h:84:26: warning: conversion from 'long long unsigned int' to 'unsigned int' may change value [-Wconversion]
   84 |     unsigned int longs = (nbits + KAPI_BITS_PER_LONG - 1) / KAPI_BITS_PER_LONG;
      |                          ^
In file included from include/kapi.h:59:
In file included from include/kapi.h:23,
include/kapi_netlink.h: In function 'kapi_nlmsg_next':
                 from kernel/api/kapi_netlink.c:1:
include/kapi_netlink.h:19:37: warning: conversion to 'int' from 'uint32_t' {aka 'unsigned int'} may change the sign of the result [-Wsign-conversion]
include/kapi_bitmap.h: In function 'kapi_bitmap_set_all':
   19 | #define KAPI_NLMSG_ALIGNTO          4
include/kapi_bitmap.h:33:26: warning: conversion from 'long long unsigned int' to 'unsigned int' may change value [-Wconversion]
      |                                     ^
   33 |     unsigned int longs = (nbits + KAPI_BITS_PER_LONG - 1) / KAPI_BITS_PER_LONG;
include/kapi_netlink.h:75:18: note: in expansion of macro 'KAPI_NLMSG_ALIGNTO'
      |                          ^
   75 |     int totlen = KAPI_NLMSG_ALIGNTO * ((nlh->nlmsg_len + KAPI_NLMSG_ALIGNTO - 1) / KAPI_NLMSG_ALIGNTO);
include/kapi_bitmap.h: In function 'kapi_bitmap_clear_all':
      |                  ^~~~~~~~~~~~~~~~~~
include/kapi_bitmap.h:41:26: warning: conversion from 'long long unsigned int' to 'unsigned int' may change value [-Wconversion]
   41 |     unsigned int longs = (nbits + KAPI_BITS_PER_LONG - 1) / KAPI_BITS_PER_LONG;
      |                          ^
include/kapi_bitmap.h: In function 'kapi_bitmap_find_first':
include/kapi_bitmap.h:49:26: warning: conversion from 'long long unsigned int' to 'unsigned int' may change value [-Wconversion]
   49 |     unsigned int longs = (nbits + KAPI_BITS_PER_LONG - 1) / KAPI_BITS_PER_LONG;
      |                          ^
include/kapi_bitmap.h:56:35: warning: conversion to 'int' from 'unsigned int' may change the sign of the result [-Wsign-conversion]
   56 |                     return offset + j;
      |                            ~~~~~~~^~~
include/kapi_bitmap.h: In function 'kapi_bitmap_find_first_zero':
include/kapi_bitmap.h:66:26: warning: conversion from 'long long unsigned int' to 'unsigned int' may change value [-Wconversion]
   66 |     unsigned int longs = (nbits + KAPI_BITS_PER_LONG - 1) / KAPI_BITS_PER_LONG;
      |                          ^
include/kapi_bitmap.h:73:35: warning: conversion to 'int' from 'unsigned int' may change the sign of the result [-Wsign-conversion]
   73 |                     return offset + j;
      |                            ~~~~~~~^~~
include/kapi_bitmap.h: In function 'kapi_bitmap_count':
include/kapi_bitmap.h:84:26: warning: conversion from 'long long unsigned int' to 'unsigned int' may change value [-Wconversion]
   84 |     unsigned int longs = (nbits + KAPI_BITS_PER_LONG - 1) / KAPI_BITS_PER_LONG;
      |                          ^
kernel/api/kapi_netdevice.c: In function 'kapi_netdev_down':
kernel/api/kapi_netdevice.c:134:16: warning: unsigned conversion from 'int' to 'uint32_t' {aka 'unsigned int'} changes value from '-2' to '4294967294' [-Wsign-conversion]
  134 |     dev->flags &= ~KAPI_NETDEV_UP;
      |                ^~
kernel/api/kapi_netdevice.c: In function 'kapi_netdev_set_promiscuous':
kernel/api/kapi_netdevice.c:185:21: warning: unsigned conversion from 'int' to 'uint32_t' {aka 'unsigned int'} changes value from '-33' to '4294967263' [-Wsign-conversion]
  185 |     else dev->flags &= ~KAPI_NETDEV_PROMISC;
      |                     ^~
In file included from include/kapi.h:59:
include/kapi_netlink.h: In function 'kapi_nlmsg_next':
In file included from include/kapi.h:59:
include/kapi_netlink.h: In function 'kapi_nlmsg_next':
include/kapi_netlink.h:19:37: warning: conversion to 'int' from 'uint32_t' {aka 'unsigned int'} may change the sign of the result [-Wsign-conversion]
include/kapi_netlink.h:19:37: warning: conversion to 'int' from 'uint32_t' {aka 'unsigned int'} may change the sign of the result [-Wsign-conversion]
   19 | #define KAPI_NLMSG_ALIGNTO          4
   19 | #define KAPI_NLMSG_ALIGNTO          4
      |                                     ^
      |                                     ^
include/kapi_netlink.h:75:18: note: in expansion of macro 'KAPI_NLMSG_ALIGNTO'
include/kapi_netlink.h:75:18: note: in expansion of macro 'KAPI_NLMSG_ALIGNTO'
   75 |     int totlen = KAPI_NLMSG_ALIGNTO * ((nlh->nlmsg_len + KAPI_NLMSG_ALIGNTO - 1) / KAPI_NLMSG_ALIGNTO);
   75 |     int totlen = KAPI_NLMSG_ALIGNTO * ((nlh->nlmsg_len + KAPI_NLMSG_ALIGNTO - 1) / KAPI_NLMSG_ALIGNTO);
      |                  ^~~~~~~~~~~~~~~~~~
      |                  ^~~~~~~~~~~~~~~~~~
kernel/api/kapi_netlink.c: In function 'nl_align':
kernel/api/kapi_netlink.c:29:45: warning: unsigned conversion from 'int' to 'uint32_t' {aka 'unsigned int'} changes value from '-4' to '4294967292' [-Wsign-conversion]
   29 |     return (value + KAPI_NLMSG_ALIGNTO - 1) & ~(KAPI_NLMSG_ALIGNTO - 1);
      |                                             ^
<1> Building kernel/api/kapi_module.c
<0> Building kernel/api/kapi_mempool.c
In file included from include/kapi.h:23,
                 from kernel/api/kapi_module.c:4:
include/kapi_bitmap.h: In function 'kapi_bitmap_set_all':
include/kapi_bitmap.h:33:26: warning: conversion from 'long long unsigned int' to 'unsigned int' may change value [-Wconversion]
   33 |     unsigned int longs = (nbits + KAPI_BITS_PER_LONG - 1) / KAPI_BITS_PER_LONG;
      |                          ^
include/kapi_bitmap.h: In function 'kapi_bitmap_clear_all':
include/kapi_bitmap.h:41:26: warning: conversion from 'long long unsigned int' to 'unsigned int' may change value [-Wconversion]
   41 |     unsigned int longs = (nbits + KAPI_BITS_PER_LONG - 1) / KAPI_BITS_PER_LONG;
      |                          ^
include/kapi_bitmap.h: In function 'kapi_bitmap_find_first':
include/kapi_bitmap.h:49:26: warning: conversion from 'long long unsigned int' to 'unsigned int' may change value [-Wconversion]
   49 |     unsigned int longs = (nbits + KAPI_BITS_PER_LONG - 1) / KAPI_BITS_PER_LONG;
      |                          ^
include/kapi_bitmap.h:56:35: warning: conversion to 'int' from 'unsigned int' may change the sign of the result [-Wsign-conversion]
   56 |                     return offset + j;
      |                            ~~~~~~~^~~
include/kapi_bitmap.h: In function 'kapi_bitmap_find_first_zero':
include/kapi_bitmap.h:66:26: warning: conversion from 'long long unsigned int' to 'unsigned int' may change value [-Wconversion]
   66 |     unsigned int longs = (nbits + KAPI_BITS_PER_LONG - 1) / KAPI_BITS_PER_LONG;
      |                          ^
include/kapi_bitmap.h:73:35: warning: conversion to 'int' from 'unsigned int' may change the sign of the result [-Wsign-conversion]
   73 |                     return offset + j;
      |                            ~~~~~~~^~~
include/kapi_bitmap.h: In function 'kapi_bitmap_count':
include/kapi_bitmap.h:84:26: warning: conversion from 'long long unsigned int' to 'unsigned int' may change value [-Wconversion]
   84 |     unsigned int longs = (nbits + KAPI_BITS_PER_LONG - 1) / KAPI_BITS_PER_LONG;
      |                          ^
In file included from include/kapi.h:59:
include/kapi_netlink.h: In function 'kapi_nlmsg_next':
include/kapi_netlink.h:19:37: warning: conversion to 'int' from 'uint32_t' {aka 'unsigned int'} may change the sign of the result [-Wsign-conversion]
   19 | #define KAPI_NLMSG_ALIGNTO          4
      |                                     ^
include/kapi_netlink.h:75:18: note: in expansion of macro 'KAPI_NLMSG_ALIGNTO'
   75 |     int totlen = KAPI_NLMSG_ALIGNTO * ((nlh->nlmsg_len + KAPI_NLMSG_ALIGNTO - 1) / KAPI_NLMSG_ALIGNTO);
      |                  ^~~~~~~~~~~~~~~~~~
In file included from include/kapi.h:23,
                 from kernel/api/kapi_mempool.c:2:
include/kapi_bitmap.h: In function 'kapi_bitmap_set_all':
include/kapi_bitmap.h:33:26: warning: conversion from 'long long unsigned int' to 'unsigned int' may change value [-Wconversion]
   33 |     unsigned int longs = (nbits + KAPI_BITS_PER_LONG - 1) / KAPI_BITS_PER_LONG;
      |                          ^
include/kapi_bitmap.h: In function 'kapi_bitmap_clear_all':
include/kapi_bitmap.h:41:26: warning: conversion from 'long long unsigned int' to 'unsigned int' may change value [-Wconversion]
   41 |     unsigned int longs = (nbits + KAPI_BITS_PER_LONG - 1) / KAPI_BITS_PER_LONG;
      |                          ^
include/kapi_bitmap.h: In function 'kapi_bitmap_find_first':
include/kapi_bitmap.h:49:26: warning: conversion from 'long long unsigned int' to 'unsigned int' may change value [-Wconversion]
   49 |     unsigned int longs = (nbits + KAPI_BITS_PER_LONG - 1) / KAPI_BITS_PER_LONG;
      |                          ^
include/kapi_bitmap.h:56:35: warning: conversion to 'int' from 'unsigned int' may change the sign of the result [-Wsign-conversion]
   56 |                     return offset + j;
      |                            ~~~~~~~^~~
include/kapi_bitmap.h: In function 'kapi_bitmap_find_first_zero':
include/kapi_bitmap.h:66:26: warning: conversion from 'long long unsigned int' to 'unsigned int' may change value [-Wconversion]
   66 |     unsigned int longs = (nbits + KAPI_BITS_PER_LONG - 1) / KAPI_BITS_PER_LONG;
      |                          ^
include/kapi_bitmap.h:73:35: warning: conversion to 'int' from 'unsigned int' may change the sign of the result [-Wsign-conversion]
   73 |                     return offset + j;
      |                            ~~~~~~~^~~
include/kapi_bitmap.h: In function 'kapi_bitmap_count':
include/kapi_bitmap.h:84:26: warning: conversion from 'long long unsigned int' to 'unsigned int' may change value [-Wconversion]
   84 |     unsigned int longs = (nbits + KAPI_BITS_PER_LONG - 1) / KAPI_BITS_PER_LONG;
      |                          ^
In file included from include/kapi.h:59:
include/kapi_netlink.h: In function 'kapi_nlmsg_next':
include/kapi_netlink.h:19:37: warning: conversion to 'int' from 'uint32_t' {aka 'unsigned int'} may change the sign of the result [-Wsign-conversion]
   19 | #define KAPI_NLMSG_ALIGNTO          4
      |                                     ^
include/kapi_netlink.h:75:18: note: in expansion of macro 'KAPI_NLMSG_ALIGNTO'
   75 |     int totlen = KAPI_NLMSG_ALIGNTO * ((nlh->nlmsg_len + KAPI_NLMSG_ALIGNTO - 1) / KAPI_NLMSG_ALIGNTO);
      |                  ^~~~~~~~~~~~~~~~~~
<2> Building kernel/api/kapi_memory.c
<1> Building kernel/api/kapi_list.c
<3> Building kernel/api/kapi_kthread.c
In file included from include/kapi.h:23,
                 from kernel/api/kapi_memory.c:4:
include/kapi_bitmap.h: In function 'kapi_bitmap_set_all':
include/kapi_bitmap.h:33:26: warning: conversion from 'long long unsigned int' to 'unsigned int' may change value [-Wconversion]
   33 |     unsigned int longs = (nbits + KAPI_BITS_PER_LONG - 1) / KAPI_BITS_PER_LONG;
      |                          ^
include/kapi_bitmap.h: In function 'kapi_bitmap_clear_all':
include/kapi_bitmap.h:41:26: warning: conversion from 'long long unsigned int' to 'unsigned int' may change value [-Wconversion]
   41 |     unsigned int longs = (nbits + KAPI_BITS_PER_LONG - 1) / KAPI_BITS_PER_LONG;
      |                          ^
include/kapi_bitmap.h: In function 'kapi_bitmap_find_first':
include/kapi_bitmap.h:49:26: warning: conversion from 'long long unsigned int' to 'unsigned int' may change value [-Wconversion]
   49 |     unsigned int longs = (nbits + KAPI_BITS_PER_LONG - 1) / KAPI_BITS_PER_LONG;
      |                          ^
include/kapi_bitmap.h:56:35: warning: conversion to 'int' from 'unsigned int' may change the sign of the result [-Wsign-conversion]
   56 |                     return offset + j;
      |                            ~~~~~~~^~~
include/kapi_bitmap.h: In function 'kapi_bitmap_find_first_zero':
include/kapi_bitmap.h:66:26: warning: conversion from 'long long unsigned int' to 'unsigned int' may change value [-Wconversion]
   66 |     unsigned int longs = (nbits + KAPI_BITS_PER_LONG - 1) / KAPI_BITS_PER_LONG;
      |                          ^
include/kapi_bitmap.h:73:35: warning: conversion to 'int' from 'unsigned int' may change the sign of the result [-Wsign-conversion]
   73 |                     return offset + j;
      |                            ~~~~~~~^~~
include/kapi_bitmap.h: In function 'kapi_bitmap_count':
include/kapi_bitmap.h:84:26: warning: conversion from 'long long unsigned int' to 'unsigned int' may change value [-Wconversion]
   84 |     unsigned int longs = (nbits + KAPI_BITS_PER_LONG - 1) / KAPI_BITS_PER_LONG;
      |                          ^
In file included from include/kapi.h:59:
include/kapi_netlink.h: In function 'kapi_nlmsg_next':
include/kapi_netlink.h:19:37: warning: conversion to 'int' from 'uint32_t' {aka 'unsigned int'} may change the sign of the result [-Wsign-conversion]
   19 | #define KAPI_NLMSG_ALIGNTO          4
      |                                     ^
include/kapi_netlink.h:75:18: note: in expansion of macro 'KAPI_NLMSG_ALIGNTO'
   75 |     int totlen = KAPI_NLMSG_ALIGNTO * ((nlh->nlmsg_len + KAPI_NLMSG_ALIGNTO - 1) / KAPI_NLMSG_ALIGNTO);
      |                  ^~~~~~~~~~~~~~~~~~
In file included from include/kapi.h:23,
                 from kernel/api/kapi_list.c:4:
include/kapi_bitmap.h: In function 'kapi_bitmap_set_all':
include/kapi_bitmap.h:33:26: warning: conversion from 'long long unsigned int' to 'unsigned int' may change value [-Wconversion]
   33 |     unsigned int longs = (nbits + KAPI_BITS_PER_LONG - 1) / KAPI_BITS_PER_LONG;
      |                          ^
include/kapi_bitmap.h: In function 'kapi_bitmap_clear_all':
include/kapi_bitmap.h:41:26: warning: conversion from 'long long unsigned int' to 'unsigned int' may change value [-Wconversion]
   41 |     unsigned int longs = (nbits + KAPI_BITS_PER_LONG - 1) / KAPI_BITS_PER_LONG;
      |                          ^
include/kapi_bitmap.h: In function 'kapi_bitmap_find_first':
include/kapi_bitmap.h:49:26: warning: conversion from 'long long unsigned int' to 'unsigned int' may change value [-Wconversion]
   49 |     unsigned int longs = (nbits + KAPI_BITS_PER_LONG - 1) / KAPI_BITS_PER_LONG;
      |                          ^
include/kapi_bitmap.h:56:35: warning: conversion to 'int' from 'unsigned int' may change the sign of the result [-Wsign-conversion]
   56 |                     return offset + j;
      |                            ~~~~~~~^~~
include/kapi_bitmap.h: In function 'kapi_bitmap_find_first_zero':
include/kapi_bitmap.h:66:26: warning: conversion from 'long long unsigned int' to 'unsigned int' may change value [-Wconversion]
   66 |     unsigned int longs = (nbits + KAPI_BITS_PER_LONG - 1) / KAPI_BITS_PER_LONG;
      |                          ^
include/kapi_bitmap.h:73:35: warning: conversion to 'int' from 'unsigned int' may change the sign of the result [-Wsign-conversion]
   73 |                     return offset + j;
      |                            ~~~~~~~^~~
include/kapi_bitmap.h: In function 'kapi_bitmap_count':
include/kapi_bitmap.h:84:26: warning: conversion from 'long long unsigned int' to 'unsigned int' may change value [-Wconversion]
   84 |     unsigned int longs = (nbits + KAPI_BITS_PER_LONG - 1) / KAPI_BITS_PER_LONG;
      |                          ^
In file included from include/kapi.h:23,
                 from kernel/api/kapi_kthread.c:4:
include/kapi_bitmap.h: In function 'kapi_bitmap_set_all':
include/kapi_bitmap.h:33:26: warning: conversion from 'long long unsigned int' to 'unsigned int' may change value [-Wconversion]
   33 |     unsigned int longs = (nbits + KAPI_BITS_PER_LONG - 1) / KAPI_BITS_PER_LONG;
      |                          ^
include/kapi_bitmap.h: In function 'kapi_bitmap_clear_all':
include/kapi_bitmap.h:41:26: warning: conversion from 'long long unsigned int' to 'unsigned int' may change value [-Wconversion]
   41 |     unsigned int longs = (nbits + KAPI_BITS_PER_LONG - 1) / KAPI_BITS_PER_LONG;
      |                          ^
include/kapi_bitmap.h: In function 'kapi_bitmap_find_first':
include/kapi_bitmap.h:49:26: warning: conversion from 'long long unsigned int' to 'unsigned int' may change value [-Wconversion]
   49 |     unsigned int longs = (nbits + KAPI_BITS_PER_LONG - 1) / KAPI_BITS_PER_LONG;
      |                          ^
include/kapi_bitmap.h:56:35: warning: conversion to 'int' from 'unsigned int' may change the sign of the result [-Wsign-conversion]
   56 |                     return offset + j;
      |                            ~~~~~~~^~~
include/kapi_bitmap.h: In function 'kapi_bitmap_find_first_zero':
include/kapi_bitmap.h:66:26: warning: conversion from 'long long unsigned int' to 'unsigned int' may change value [-Wconversion]
   66 |     unsigned int longs = (nbits + KAPI_BITS_PER_LONG - 1) / KAPI_BITS_PER_LONG;
      |                          ^
include/kapi_bitmap.h:73:35: warning: conversion to 'int' from 'unsigned int' may change the sign of the result [-Wsign-conversion]
   73 |                     return offset + j;
      |                            ~~~~~~~^~~
include/kapi_bitmap.h: In function 'kapi_bitmap_count':
include/kapi_bitmap.h:84:26: warning: conversion from 'long long unsigned int' to 'unsigned int' may change value [-Wconversion]
   84 |     unsigned int longs = (nbits + KAPI_BITS_PER_LONG - 1) / KAPI_BITS_PER_LONG;
      |                          ^
In file included from include/kapi.h:59:
include/kapi_netlink.h: In function 'kapi_nlmsg_next':
include/kapi_netlink.h:19:37: warning: conversion to 'int' from 'uint32_t' {aka 'unsigned int'} may change the sign of the result [-Wsign-conversion]
   19 | #define KAPI_NLMSG_ALIGNTO          4
      |                                     ^
include/kapi_netlink.h:75:18: note: in expansion of macro 'KAPI_NLMSG_ALIGNTO'
   75 |     int totlen = KAPI_NLMSG_ALIGNTO * ((nlh->nlmsg_len + KAPI_NLMSG_ALIGNTO - 1) / KAPI_NLMSG_ALIGNTO);
      |                  ^~~~~~~~~~~~~~~~~~
In file included from include/kapi.h:59:
include/kapi_netlink.h: In function 'kapi_nlmsg_next':
include/kapi_netlink.h:19:37: warning: conversion to 'int' from 'uint32_t' {aka 'unsigned int'} may change the sign of the result [-Wsign-conversion]
   19 | #define KAPI_NLMSG_ALIGNTO          4
      |                                     ^
include/kapi_netlink.h:75:18: note: in expansion of macro 'KAPI_NLMSG_ALIGNTO'
   75 |     int totlen = KAPI_NLMSG_ALIGNTO * ((nlh->nlmsg_len + KAPI_NLMSG_ALIGNTO - 1) / KAPI_NLMSG_ALIGNTO);
      |                  ^~~~~~~~~~~~~~~~~~
<0> Building kernel/api/kapi_kprobe.c
<1> Building kernel/api/kapi_kobject.c
<2> Building kernel/api/kapi_kfifo.c
<3> Building kernel/api/kapi_irq.c
In file included from include/kapi.h:23,
                 from kernel/api/kapi_kobject.c:2:
include/kapi_bitmap.h: In function 'kapi_bitmap_set_all':
include/kapi_bitmap.h:33:26: warning: conversion from 'long long unsigned int' to 'unsigned int' may change value [-Wconversion]
   33 |     unsigned int longs = (nbits + KAPI_BITS_PER_LONG - 1) / KAPI_BITS_PER_LONG;
      |                          ^
include/kapi_bitmap.h: In function 'kapi_bitmap_clear_all':
include/kapi_bitmap.h:41:26: warning: conversion from 'long long unsigned int' to 'unsigned int' may change value [-Wconversion]
   41 |     unsigned int longs = (nbits + KAPI_BITS_PER_LONG - 1) / KAPI_BITS_PER_LONG;
      |                          ^
include/kapi_bitmap.h: In function 'kapi_bitmap_find_first':
include/kapi_bitmap.h:49:26: warning: conversion from 'long long unsigned int' to 'unsigned int' may change value [-Wconversion]
   49 |     unsigned int longs = (nbits + KAPI_BITS_PER_LONG - 1) / KAPI_BITS_PER_LONG;
      |                          ^
include/kapi_bitmap.h:56:35: warning: conversion to 'int' from 'unsigned int' may change the sign of the result [-Wsign-conversion]
   56 |                     return offset + j;
      |                            ~~~~~~~^~~
include/kapi_bitmap.h: In function 'kapi_bitmap_find_first_zero':
include/kapi_bitmap.h:66:26: warning: conversion from 'long long unsigned int' to 'unsigned int' may change value [-Wconversion]
   66 |     unsigned int longs = (nbits + KAPI_BITS_PER_LONG - 1) / KAPI_BITS_PER_LONG;
      |                          ^
include/kapi_bitmap.h:73:35: warning: conversion to 'int' from 'unsigned int' may change the sign of the result [-Wsign-conversion]
   73 |                     return offset + j;
      |                            ~~~~~~~^~~
include/kapi_bitmap.h: In function 'kapi_bitmap_count':
include/kapi_bitmap.h:84:26: warning: conversion from 'long long unsigned int' to 'unsigned int' may change value [-Wconversion]
   84 |     unsigned int longs = (nbits + KAPI_BITS_PER_LONG - 1) / KAPI_BITS_PER_LONG;
      |                          ^
In file included from include/kapi.h:59:
include/kapi_netlink.h: In function 'kapi_nlmsg_next':
include/kapi_netlink.h:19:37: warning: conversion to 'int' from 'uint32_t' {aka 'unsigned int'} may change the sign of the result [-Wsign-conversion]
   19 | #define KAPI_NLMSG_ALIGNTO          4
      |                                     ^
include/kapi_netlink.h:75:18: note: in expansion of macro 'KAPI_NLMSG_ALIGNTO'
   75 |     int totlen = KAPI_NLMSG_ALIGNTO * ((nlh->nlmsg_len + KAPI_NLMSG_ALIGNTO - 1) / KAPI_NLMSG_ALIGNTO);
      |                  ^~~~~~~~~~~~~~~~~~
In file included from include/kapi.h:23,
                 from kernel/api/kapi_kprobe.c:16:
include/kapi_bitmap.h: In function 'kapi_bitmap_set_all':
include/kapi_bitmap.h:33:26: warning: conversion from 'long long unsigned int' to 'unsigned int' may change value [-Wconversion]
   33 |     unsigned int longs = (nbits + KAPI_BITS_PER_LONG - 1) / KAPI_BITS_PER_LONG;
      |                          ^
include/kapi_bitmap.h: In function 'kapi_bitmap_clear_all':
include/kapi_bitmap.h:41:26: warning: conversion from 'long long unsigned int' to 'unsigned int' may change value [-Wconversion]
   41 |     unsigned int longs = (nbits + KAPI_BITS_PER_LONG - 1) / KAPI_BITS_PER_LONG;
      |                          ^
include/kapi_bitmap.h: In function 'kapi_bitmap_find_first':
include/kapi_bitmap.h:49:26: warning: conversion from 'long long unsigned int' to 'unsigned int' may change value [-Wconversion]
   49 |     unsigned int longs = (nbits + KAPI_BITS_PER_LONG - 1) / KAPI_BITS_PER_LONG;
      |                          ^
include/kapi_bitmap.h:56:35: warning: conversion to 'int' from 'unsigned int' may change the sign of the result [-Wsign-conversion]
   56 |                     return offset + j;
      |                            ~~~~~~~^~~
include/kapi_bitmap.h: In function 'kapi_bitmap_find_first_zero':
include/kapi_bitmap.h:66:26: warning: conversion from 'long long unsigned int' to 'unsigned int' may change value [-Wconversion]
   66 |     unsigned int longs = (nbits + KAPI_BITS_PER_LONG - 1) / KAPI_BITS_PER_LONG;
      |                          ^
include/kapi_bitmap.h:73:35: warning: conversion to 'int' from 'unsigned int' may change the sign of the result [-Wsign-conversion]
   73 |                     return offset + j;
      |                            ~~~~~~~^~~
include/kapi_bitmap.h: In function 'kapi_bitmap_count':
include/kapi_bitmap.h:84:26: warning: conversion from 'long long unsigned int' to 'unsigned int' may change value [-Wconversion]
   84 |     unsigned int longs = (nbits + KAPI_BITS_PER_LONG - 1) / KAPI_BITS_PER_LONG;
      |                          ^
In file included from include/kapi.h:23,
                 from kernel/api/kapi_kfifo.c:4:
include/kapi_bitmap.h: In function 'kapi_bitmap_set_all':
include/kapi_bitmap.h:33:26: warning: conversion from 'long long unsigned int' to 'unsigned int' may change value [-Wconversion]
   33 |     unsigned int longs = (nbits + KAPI_BITS_PER_LONG - 1) / KAPI_BITS_PER_LONG;
      |                          ^
include/kapi_bitmap.h: In function 'kapi_bitmap_clear_all':
include/kapi_bitmap.h:41:26: warning: conversion from 'long long unsigned int' to 'unsigned int' may change value [-Wconversion]
   41 |     unsigned int longs = (nbits + KAPI_BITS_PER_LONG - 1) / KAPI_BITS_PER_LONG;
      |                          ^
include/kapi_bitmap.h: In function 'kapi_bitmap_find_first':
include/kapi_bitmap.h:49:26: warning: conversion from 'long long unsigned int' to 'unsigned int' may change value [-Wconversion]
   49 |     unsigned int longs = (nbits + KAPI_BITS_PER_LONG - 1) / KAPI_BITS_PER_LONG;
      |                          ^
include/kapi_bitmap.h:56:35: warning: conversion to 'int' from 'unsigned int' may change the sign of the result [-Wsign-conversion]
   56 |                     return offset + j;
      |                            ~~~~~~~^~~
include/kapi_bitmap.h: In function 'kapi_bitmap_find_first_zero':
include/kapi_bitmap.h:66:26: warning: conversion from 'long long unsigned int' to 'unsigned int' may change value [-Wconversion]
   66 |     unsigned int longs = (nbits + KAPI_BITS_PER_LONG - 1) / KAPI_BITS_PER_LONG;
      |                          ^
include/kapi_bitmap.h:73:35: warning: conversion to 'int' from 'unsigned int' may change the sign of the result [-Wsign-conversion]
   73 |                     return offset + j;
      |                            ~~~~~~~^~~
include/kapi_bitmap.h: In function 'kapi_bitmap_count':
include/kapi_bitmap.h:84:26: warning: conversion from 'long long unsigned int' to 'unsigned int' may change value [-Wconversion]
   84 |     unsigned int longs = (nbits + KAPI_BITS_PER_LONG - 1) / KAPI_BITS_PER_LONG;
      |                          ^
In file included from include/kapi.h:59:
In file included from include/kapi.h:59:
include/kapi_netlink.h: In function 'kapi_nlmsg_next':
include/kapi_netlink.h:19:37: warning: conversion to 'int' from 'uint32_t' {aka 'unsigned int'} may change the sign of the result [-Wsign-conversion]
   19 | #define KAPI_NLMSG_ALIGNTO          4
      |                                     ^
include/kapi_netlink.h:75:18: note: in expansion of macro 'KAPI_NLMSG_ALIGNTO'
   75 |     int totlen = KAPI_NLMSG_ALIGNTO * ((nlh->nlmsg_len + KAPI_NLMSG_ALIGNTO - 1) / KAPI_NLMSG_ALIGNTO);
      |                  ^~~~~~~~~~~~~~~~~~
include/kapi_netlink.h: In function 'kapi_nlmsg_next':
include/kapi_netlink.h:19:37: warning: conversion to 'int' from 'uint32_t' {aka 'unsigned int'} may change the sign of the result [-Wsign-conversion]
   19 | #define KAPI_NLMSG_ALIGNTO          4
      |                                     ^
include/kapi_netlink.h:75:18: note: in expansion of macro 'KAPI_NLMSG_ALIGNTO'
   75 |     int totlen = KAPI_NLMSG_ALIGNTO * ((nlh->nlmsg_len + KAPI_NLMSG_ALIGNTO - 1) / KAPI_NLMSG_ALIGNTO);
      |                  ^~~~~~~~~~~~~~~~~~
In file included from include/kapi.h:23,
                 from kernel/api/kapi_irq.c:1:
include/kapi_bitmap.h: In function 'kapi_bitmap_set_all':
include/kapi_bitmap.h:33:26: warning: conversion from 'long long unsigned int' to 'unsigned int' may change value [-Wconversion]
   33 |     unsigned int longs = (nbits + KAPI_BITS_PER_LONG - 1) / KAPI_BITS_PER_LONG;
      |                          ^
include/kapi_bitmap.h: In function 'kapi_bitmap_clear_all':
include/kapi_bitmap.h:41:26: warning: conversion from 'long long unsigned int' to 'unsigned int' may change value [-Wconversion]
   41 |     unsigned int longs = (nbits + KAPI_BITS_PER_LONG - 1) / KAPI_BITS_PER_LONG;
      |                          ^
include/kapi_bitmap.h: In function 'kapi_bitmap_find_first':
include/kapi_bitmap.h:49:26: warning: conversion from 'long long unsigned int' to 'unsigned int' may change value [-Wconversion]
   49 |     unsigned int longs = (nbits + KAPI_BITS_PER_LONG - 1) / KAPI_BITS_PER_LONG;
      |                          ^
include/kapi_bitmap.h:56:35: warning: conversion to 'int' from 'unsigned int' may change the sign of the result [-Wsign-conversion]
   56 |                     return offset + j;
      |                            ~~~~~~~^~~
include/kapi_bitmap.h: In function 'kapi_bitmap_find_first_zero':
include/kapi_bitmap.h:66:26: warning: conversion from 'long long unsigned int' to 'unsigned int' may change value [-Wconversion]
   66 |     unsigned int longs = (nbits + KAPI_BITS_PER_LONG - 1) / KAPI_BITS_PER_LONG;
      |                          ^
include/kapi_bitmap.h:73:35: warning: conversion to 'int' from 'unsigned int' may change the sign of the result [-Wsign-conversion]
   73 |                     return offset + j;
      |                            ~~~~~~~^~~
include/kapi_bitmap.h: In function 'kapi_bitmap_count':
include/kapi_bitmap.h:84:26: warning: conversion from 'long long unsigned int' to 'unsigned int' may change value [-Wconversion]
   84 |     unsigned int longs = (nbits + KAPI_BITS_PER_LONG - 1) / KAPI_BITS_PER_LONG;
      |                          ^
In file included from include/kapi.h:59:
include/kapi_netlink.h: In function 'kapi_nlmsg_next':
include/kapi_netlink.h:19:37: warning: conversion to 'int' from 'uint32_t' {aka 'unsigned int'} may change the sign of the result [-Wsign-conversion]
   19 | #define KAPI_NLMSG_ALIGNTO          4
      |                                     ^
include/kapi_netlink.h:75:18: note: in expansion of macro 'KAPI_NLMSG_ALIGNTO'
   75 |     int totlen = KAPI_NLMSG_ALIGNTO * ((nlh->nlmsg_len + KAPI_NLMSG_ALIGNTO - 1) / KAPI_NLMSG_ALIGNTO);
      |                  ^~~~~~~~~~~~~~~~~~
<2> Building kernel/api/kapi_io.c
<3> Building kernel/api/kapi_init.c
<1> Building kernel/api/kapi_idr.c
In file included from include/kapi.h:23,
                 from kernel/api/kapi_io.c:2:
include/kapi_bitmap.h: In function 'kapi_bitmap_set_all':
include/kapi_bitmap.h:33:26: warning: conversion from 'long long unsigned int' to 'unsigned int' may change value [-Wconversion]
   33 |     unsigned int longs = (nbits + KAPI_BITS_PER_LONG - 1) / KAPI_BITS_PER_LONG;
      |                          ^
include/kapi_bitmap.h: In function 'kapi_bitmap_clear_all':
include/kapi_bitmap.h:41:26: warning: conversion from 'long long unsigned int' to 'unsigned int' may change value [-Wconversion]
   41 |     unsigned int longs = (nbits + KAPI_BITS_PER_LONG - 1) / KAPI_BITS_PER_LONG;
      |                          ^
include/kapi_bitmap.h: In function 'kapi_bitmap_find_first':
include/kapi_bitmap.h:49:26: warning: conversion from 'long long unsigned int' to 'unsigned int' may change value [-Wconversion]
   49 |     unsigned int longs = (nbits + KAPI_BITS_PER_LONG - 1) / KAPI_BITS_PER_LONG;
      |                          ^
include/kapi_bitmap.h:56:35: warning: conversion to 'int' from 'unsigned int' may change the sign of the result [-Wsign-conversion]
   56 |                     return offset + j;
      |                            ~~~~~~~^~~
include/kapi_bitmap.h: In function 'kapi_bitmap_find_first_zero':
include/kapi_bitmap.h:66:26: warning: conversion from 'long long unsigned int' to 'unsigned int' may change value [-Wconversion]
   66 |     unsigned int longs = (nbits + KAPI_BITS_PER_LONG - 1) / KAPI_BITS_PER_LONG;
      |                          ^
include/kapi_bitmap.h:73:35: warning: conversion to 'int' from 'unsigned int' may change the sign of the result [-Wsign-conversion]
   73 |                     return offset + j;
      |                            ~~~~~~~^~~
include/kapi_bitmap.h: In function 'kapi_bitmap_count':
include/kapi_bitmap.h:84:26: warning: conversion from 'long long unsigned int' to 'unsigned int' may change value [-Wconversion]
   84 |     unsigned int longs = (nbits + KAPI_BITS_PER_LONG - 1) / KAPI_BITS_PER_LONG;
      |                          ^
In file included from include/kapi.h:59:
include/kapi_netlink.h: In function 'kapi_nlmsg_next':
include/kapi_netlink.h:19:37: warning: conversion to 'int' from 'uint32_t' {aka 'unsigned int'} may change the sign of the result [-Wsign-conversion]
   19 | #define KAPI_NLMSG_ALIGNTO          4
      |                                     ^
include/kapi_netlink.h:75:18: note: in expansion of macro 'KAPI_NLMSG_ALIGNTO'
   75 |     int totlen = KAPI_NLMSG_ALIGNTO * ((nlh->nlmsg_len + KAPI_NLMSG_ALIGNTO - 1) / KAPI_NLMSG_ALIGNTO);
      |                  ^~~~~~~~~~~~~~~~~~
In file included from include/kapi.h:23,
                 from kernel/api/kapi_init.c:1:
include/kapi_bitmap.h: In function 'kapi_bitmap_set_all':
include/kapi_bitmap.h:33:26: warning: conversion from 'long long unsigned int' to 'unsigned int' may change value [-Wconversion]
   33 |     unsigned int longs = (nbits + KAPI_BITS_PER_LONG - 1) / KAPI_BITS_PER_LONG;
      |                          ^
include/kapi_bitmap.h: In function 'kapi_bitmap_clear_all':
include/kapi_bitmap.h:41:26: warning: conversion from 'long long unsigned int' to 'unsigned int' may change value [-Wconversion]
   41 |     unsigned int longs = (nbits + KAPI_BITS_PER_LONG - 1) / KAPI_BITS_PER_LONG;
      |                          ^
include/kapi_bitmap.h: In function 'kapi_bitmap_find_first':
include/kapi_bitmap.h:49:26: warning: conversion from 'long long unsigned int' to 'unsigned int' may change value [-Wconversion]
   49 |     unsigned int longs = (nbits + KAPI_BITS_PER_LONG - 1) / KAPI_BITS_PER_LONG;
      |                          ^
include/kapi_bitmap.h:56:35: warning: conversion to 'int' from 'unsigned int' may change the sign of the result [-Wsign-conversion]
   56 |                     return offset + j;
      |                            ~~~~~~~^~~
include/kapi_bitmap.h: In function 'kapi_bitmap_find_first_zero':
include/kapi_bitmap.h:66:26: warning: conversion from 'long long unsigned int' to 'unsigned int' may change value [-Wconversion]
   66 |     unsigned int longs = (nbits + KAPI_BITS_PER_LONG - 1) / KAPI_BITS_PER_LONG;
      |                          ^
include/kapi_bitmap.h:73:35: warning: conversion to 'int' from 'unsigned int' may change the sign of the result [-Wsign-conversion]
   73 |                     return offset + j;
      |                            ~~~~~~~^~~
include/kapi_bitmap.h: In function 'kapi_bitmap_count':
include/kapi_bitmap.h:84:26: warning: conversion from 'long long unsigned int' to 'unsigned int' may change value [-Wconversion]
   84 |     unsigned int longs = (nbits + KAPI_BITS_PER_LONG - 1) / KAPI_BITS_PER_LONG;
      |                          ^
<0> Building kernel/api/kapi_hash.c
In file included from include/kapi.h:59:
include/kapi_netlink.h: In function 'kapi_nlmsg_next':
include/kapi_netlink.h:19:37: warning: conversion to 'int' from 'uint32_t' {aka 'unsigned int'} may change the sign of the result [-Wsign-conversion]
   19 | #define KAPI_NLMSG_ALIGNTO          4
      |                                     ^
include/kapi_netlink.h:75:18: note: in expansion of macro 'KAPI_NLMSG_ALIGNTO'
   75 |     int totlen = KAPI_NLMSG_ALIGNTO * ((nlh->nlmsg_len + KAPI_NLMSG_ALIGNTO - 1) / KAPI_NLMSG_ALIGNTO);
      |                  ^~~~~~~~~~~~~~~~~~
In file included from include/kapi.h:23,
                 from kernel/api/kapi_idr.c:4:
include/kapi_bitmap.h: In function 'kapi_bitmap_set_all':
include/kapi_bitmap.h:33:26: warning: conversion from 'long long unsigned int' to 'unsigned int' may change value [-Wconversion]
   33 |     unsigned int longs = (nbits + KAPI_BITS_PER_LONG - 1) / KAPI_BITS_PER_LONG;
      |                          ^
include/kapi_bitmap.h: In function 'kapi_bitmap_clear_all':
include/kapi_bitmap.h:41:26: warning: conversion from 'long long unsigned int' to 'unsigned int' may change value [-Wconversion]
   41 |     unsigned int longs = (nbits + KAPI_BITS_PER_LONG - 1) / KAPI_BITS_PER_LONG;
      |                          ^
include/kapi_bitmap.h: In function 'kapi_bitmap_find_first':
include/kapi_bitmap.h:49:26: warning: conversion from 'long long unsigned int' to 'unsigned int' may change value [-Wconversion]
   49 |     unsigned int longs = (nbits + KAPI_BITS_PER_LONG - 1) / KAPI_BITS_PER_LONG;
      |                          ^
include/kapi_bitmap.h:56:35: warning: conversion to 'int' from 'unsigned int' may change the sign of the result [-Wsign-conversion]
   56 |                     return offset + j;
      |                            ~~~~~~~^~~
include/kapi_bitmap.h: In function 'kapi_bitmap_find_first_zero':
include/kapi_bitmap.h:66:26: warning: conversion from 'long long unsigned int' to 'unsigned int' may change value [-Wconversion]
   66 |     unsigned int longs = (nbits + KAPI_BITS_PER_LONG - 1) / KAPI_BITS_PER_LONG;
      |                          ^
include/kapi_bitmap.h:73:35: warning: conversion to 'int' from 'unsigned int' may change the sign of the result [-Wsign-conversion]
   73 |                     return offset + j;
      |                            ~~~~~~~^~~
include/kapi_bitmap.h: In function 'kapi_bitmap_count':
include/kapi_bitmap.h:84:26: warning: conversion from 'long long unsigned int' to 'unsigned int' may change value [-Wconversion]
   84 |     unsigned int longs = (nbits + KAPI_BITS_PER_LONG - 1) / KAPI_BITS_PER_LONG;
      |                          ^
In file included from include/kapi.h:59:
include/kapi_netlink.h: In function 'kapi_nlmsg_next':
include/kapi_netlink.h:19:37: warning: conversion to 'int' from 'uint32_t' {aka 'unsigned int'} may change the sign of the result [-Wsign-conversion]
   19 | #define KAPI_NLMSG_ALIGNTO          4
      |                                     ^
include/kapi_netlink.h:75:18: note: in expansion of macro 'KAPI_NLMSG_ALIGNTO'
   75 |     int totlen = KAPI_NLMSG_ALIGNTO * ((nlh->nlmsg_len + KAPI_NLMSG_ALIGNTO - 1) / KAPI_NLMSG_ALIGNTO);
      |                  ^~~~~~~~~~~~~~~~~~
kernel/api/kapi_idr.c: In function 'kapi_idr_alloc':
kernel/api/kapi_idr.c:41:28: warning: conversion to 'long long unsigned int' from 'int' may change the sign of the result [-Wsign-conversion]
   41 |             idr->bitmap[id / (sizeof(unsigned long) * 8)] |= (1UL << (id % (sizeof(unsigned long) * 8)));
      |                            ^
kernel/api/kapi_idr.c:41:74: warning: conversion to 'long long unsigned int' from 'int' may change the sign of the result [-Wsign-conversion]
   41 |             idr->bitmap[id / (sizeof(unsigned long) * 8)] |= (1UL << (id % (sizeof(unsigned long) * 8)));
      |                                                                          ^
kernel/api/kapi_idr.c: In function 'kapi_idr_free':
kernel/api/kapi_idr.c:57:20: warning: conversion to 'long long unsigned int' from 'int' may change the sign of the result [-Wsign-conversion]
   57 |     idr->bitmap[id / (sizeof(unsigned long) * 8)] &= ~(1UL << (id % (sizeof(unsigned long) * 8)));
      |                    ^
kernel/api/kapi_idr.c:57:67: warning: conversion to 'long long unsigned int' from 'int' may change the sign of the result [-Wsign-conversion]
   57 |     idr->bitmap[id / (sizeof(unsigned long) * 8)] &= ~(1UL << (id % (sizeof(unsigned long) * 8)));
      |                                                                   ^
kernel/api/kapi_idr.c: In function 'kapi_idr_alloc_fixed':
kernel/api/kapi_idr.c:80:20: warning: conversion to 'long long unsigned int' from 'int' may change the sign of the result [-Wsign-conversion]
   80 |     idr->bitmap[id / (sizeof(unsigned long) * 8)] |= (1UL << (id % (sizeof(unsigned long) * 8)));
      |                    ^
kernel/api/kapi_idr.c:80:66: warning: conversion to 'long long unsigned int' from 'int' may change the sign of the result [-Wsign-conversion]
   80 |     idr->bitmap[id / (sizeof(unsigned long) * 8)] |= (1UL << (id % (sizeof(unsigned long) * 8)));
      |                                                                  ^
In file included from include/kapi.h:23,
                 from kernel/api/kapi_hash.c:2:
include/kapi_bitmap.h: In function 'kapi_bitmap_set_all':
include/kapi_bitmap.h:33:26: warning: conversion from 'long long unsigned int' to 'unsigned int' may change value [-Wconversion]
   33 |     unsigned int longs = (nbits + KAPI_BITS_PER_LONG - 1) / KAPI_BITS_PER_LONG;
      |                          ^
include/kapi_bitmap.h: In function 'kapi_bitmap_clear_all':
include/kapi_bitmap.h:41:26: warning: conversion from 'long long unsigned int' to 'unsigned int' may change value [-Wconversion]
   41 |     unsigned int longs = (nbits + KAPI_BITS_PER_LONG - 1) / KAPI_BITS_PER_LONG;
      |                          ^
include/kapi_bitmap.h: In function 'kapi_bitmap_find_first':
include/kapi_bitmap.h:49:26: warning: conversion from 'long long unsigned int' to 'unsigned int' may change value [-Wconversion]
   49 |     unsigned int longs = (nbits + KAPI_BITS_PER_LONG - 1) / KAPI_BITS_PER_LONG;
      |                          ^
include/kapi_bitmap.h:56:35: warning: conversion to 'int' from 'unsigned int' may change the sign of the result [-Wsign-conversion]
   56 |                     return offset + j;
      |                            ~~~~~~~^~~
include/kapi_bitmap.h: In function 'kapi_bitmap_find_first_zero':
include/kapi_bitmap.h:66:26: warning: conversion from 'long long unsigned int' to 'unsigned int' may change value [-Wconversion]
   66 |     unsigned int longs = (nbits + KAPI_BITS_PER_LONG - 1) / KAPI_BITS_PER_LONG;
      |                          ^
include/kapi_bitmap.h:73:35: warning: conversion to 'int' from 'unsigned int' may change the sign of the result [-Wsign-conversion]
   73 |                     return offset + j;
      |                            ~~~~~~~^~~
include/kapi_bitmap.h: In function 'kapi_bitmap_count':
include/kapi_bitmap.h:84:26: warning: conversion from 'long long unsigned int' to 'unsigned int' may change value [-Wconversion]
   84 |     unsigned int longs = (nbits + KAPI_BITS_PER_LONG - 1) / KAPI_BITS_PER_LONG;
      |                          ^
In file included from include/kapi.h:59:
include/kapi_netlink.h: In function 'kapi_nlmsg_next':
include/kapi_netlink.h:19:37: warning: conversion to 'int' from 'uint32_t' {aka 'unsigned int'} may change the sign of the result [-Wsign-conversion]
   19 | #define KAPI_NLMSG_ALIGNTO          4
      |                                     ^
include/kapi_netlink.h:75:18: note: in expansion of macro 'KAPI_NLMSG_ALIGNTO'
   75 |     int totlen = KAPI_NLMSG_ALIGNTO * ((nlh->nlmsg_len + KAPI_NLMSG_ALIGNTO - 1) / KAPI_NLMSG_ALIGNTO);
      |                  ^~~~~~~~~~~~~~~~~~
In file included from kernel/api/kapi_hash.c:1:
kernel/api/kapi_hash.c: In function 'kapi_hash_resize':
include/kapi_hash.h:107:38: warning: ISO C forbids braced-groups within expressions [-Wpedantic]
  107 |     for (pos = (head)->first; pos && ({ n = pos->next; 1; }); pos = n)
      |                                      ^
kernel/api/kapi_hash.c:185:9: note: in expansion of macro 'kapi_hlist_for_each_safe'
  185 |         kapi_hlist_for_each_safe(pos, n, &ht->buckets[i]) {
      |         ^~~~~~~~~~~~~~~~~~~~~~~~
<3> Building kernel/api/kapi_ftrace.c
<2> Building kernel/api/kapi_fs.c
<1> Building kernel/api/kapi_ebpf.c
In file included from include/kapi.h:23,
                 from kernel/api/kapi_ftrace.c:2:
include/kapi_bitmap.h: In function 'kapi_bitmap_set_all':
include/kapi_bitmap.h:33:26: warning: conversion from 'long long unsigned int' to 'unsigned int' may change value [-Wconversion]
   33 |     unsigned int longs = (nbits + KAPI_BITS_PER_LONG - 1) / KAPI_BITS_PER_LONG;
      |                          ^
include/kapi_bitmap.h: In function 'kapi_bitmap_clear_all':
include/kapi_bitmap.h:41:26: warning: conversion from 'long long unsigned int' to 'unsigned int' may change value [-Wconversion]
   41 |     unsigned int longs = (nbits + KAPI_BITS_PER_LONG - 1) / KAPI_BITS_PER_LONG;
      |                          ^
include/kapi_bitmap.h: In function 'kapi_bitmap_find_first':
include/kapi_bitmap.h:49:26: warning: conversion from 'long long unsigned int' to 'unsigned int' may change value [-Wconversion]
   49 |     unsigned int longs = (nbits + KAPI_BITS_PER_LONG - 1) / KAPI_BITS_PER_LONG;
      |                          ^
include/kapi_bitmap.h:56:35: warning: conversion to 'int' from 'unsigned int' may change the sign of the result [-Wsign-conversion]
   56 |                     return offset + j;
      |                            ~~~~~~~^~~
include/kapi_bitmap.h: In function 'kapi_bitmap_find_first_zero':
include/kapi_bitmap.h:66:26: warning: conversion from 'long long unsigned int' to 'unsigned int' may change value [-Wconversion]
   66 |     unsigned int longs = (nbits + KAPI_BITS_PER_LONG - 1) / KAPI_BITS_PER_LONG;
      |                          ^
include/kapi_bitmap.h:73:35: warning: conversion to 'int' from 'unsigned int' may change the sign of the result [-Wsign-conversion]
   73 |                     return offset + j;
      |                            ~~~~~~~^~~
include/kapi_bitmap.h: In function 'kapi_bitmap_count':
include/kapi_bitmap.h:84:26: warning: conversion from 'long long unsigned int' to 'unsigned int' may change value [-Wconversion]
   84 |     unsigned int longs = (nbits + KAPI_BITS_PER_LONG - 1) / KAPI_BITS_PER_LONG;
      |                          ^
In file included from include/kapi.h:59:
include/kapi_netlink.h: In function 'kapi_nlmsg_next':
include/kapi_netlink.h:19:37: warning: conversion to 'int' from 'uint32_t' {aka 'unsigned int'} may change the sign of the result [-Wsign-conversion]
   19 | #define KAPI_NLMSG_ALIGNTO          4
      |                                     ^
include/kapi_netlink.h:75:18: note: in expansion of macro 'KAPI_NLMSG_ALIGNTO'
   75 |     int totlen = KAPI_NLMSG_ALIGNTO * ((nlh->nlmsg_len + KAPI_NLMSG_ALIGNTO - 1) / KAPI_NLMSG_ALIGNTO);
      |                  ^~~~~~~~~~~~~~~~~~
In file included from include/kapi.h:23,
                 from kernel/api/kapi_fs.c:4:
include/kapi_bitmap.h: In function 'kapi_bitmap_set_all':
include/kapi_bitmap.h:33:26: warning: conversion from 'long long unsigned int' to 'unsigned int' may change value [-Wconversion]
   33 |     unsigned int longs = (nbits + KAPI_BITS_PER_LONG - 1) / KAPI_BITS_PER_LONG;
      |                          ^
include/kapi_bitmap.h: In function 'kapi_bitmap_clear_all':
include/kapi_bitmap.h:41:26: warning: conversion from 'long long unsigned int' to 'unsigned int' may change value [-Wconversion]
   41 |     unsigned int longs = (nbits + KAPI_BITS_PER_LONG - 1) / KAPI_BITS_PER_LONG;
      |                          ^
include/kapi_bitmap.h: In function 'kapi_bitmap_find_first':
include/kapi_bitmap.h:49:26: warning: conversion from 'long long unsigned int' to 'unsigned int' may change value [-Wconversion]
   49 |     unsigned int longs = (nbits + KAPI_BITS_PER_LONG - 1) / KAPI_BITS_PER_LONG;
      |                          ^
include/kapi_bitmap.h:56:35: warning: conversion to 'int' from 'unsigned int' may change the sign of the result [-Wsign-conversion]
   56 |                     return offset + j;
      |                            ~~~~~~~^~~
include/kapi_bitmap.h: In function 'kapi_bitmap_find_first_zero':
include/kapi_bitmap.h:66:26: warning: conversion from 'long long unsigned int' to 'unsigned int' may change value [-Wconversion]
   66 |     unsigned int longs = (nbits + KAPI_BITS_PER_LONG - 1) / KAPI_BITS_PER_LONG;
      |                          ^
include/kapi_bitmap.h:73:35: warning: conversion to 'int' from 'unsigned int' may change the sign of the result [-Wsign-conversion]
   73 |                     return offset + j;
      |                            ~~~~~~~^~~
include/kapi_bitmap.h: In function 'kapi_bitmap_count':
include/kapi_bitmap.h:84:26: warning: conversion from 'long long unsigned int' to 'unsigned int' may change value [-Wconversion]
   84 |     unsigned int longs = (nbits + KAPI_BITS_PER_LONG - 1) / KAPI_BITS_PER_LONG;
      |                          ^
In file included from include/kapi.h:59:
include/kapi_netlink.h: In function 'kapi_nlmsg_next':
include/kapi_netlink.h:19:37: warning: conversion to 'int' from 'uint32_t' {aka 'unsigned int'} may change the sign of the result [-Wsign-conversion]
   19 | #define KAPI_NLMSG_ALIGNTO          4
      |                                     ^
include/kapi_netlink.h:75:18: note: in expansion of macro 'KAPI_NLMSG_ALIGNTO'
   75 |     int totlen = KAPI_NLMSG_ALIGNTO * ((nlh->nlmsg_len + KAPI_NLMSG_ALIGNTO - 1) / KAPI_NLMSG_ALIGNTO);
      |                  ^~~~~~~~~~~~~~~~~~
kernel/api/kapi_fs.c: In function 'kapi_open':
kernel/api/kapi_fs.c:121:45: warning: unused parameter 'flags' [-Wunused-parameter]
  121 | kapi_file_t kapi_open(const char* path, int flags, int mode)
      |                                         ~~~~^~~~~
kernel/api/kapi_fs.c:121:56: warning: unused parameter 'mode' [-Wunused-parameter]
  121 | kapi_file_t kapi_open(const char* path, int flags, int mode)
      |                                                    ~~~~^~~~
kernel/api/kapi_fs.c: In function 'kapi_seek':
kernel/api/kapi_fs.c:180:57: warning: unused parameter 'whence' [-Wunused-parameter]
  180 | int64_t kapi_seek(kapi_file_t file, int64_t offset, int whence)
      |                                                     ~~~~^~~~~~
In file included from include/kapi.h:23,
                 from kernel/api/kapi_ebpf.c:9:
include/kapi_bitmap.h: In function 'kapi_bitmap_set_all':
include/kapi_bitmap.h:33:26: warning: conversion from 'long long unsigned int' to 'unsigned int' may change value [-Wconversion]
   33 |     unsigned int longs = (nbits + KAPI_BITS_PER_LONG - 1) / KAPI_BITS_PER_LONG;
      |                          ^
include/kapi_bitmap.h: In function 'kapi_bitmap_clear_all':
include/kapi_bitmap.h:41:26: warning: conversion from 'long long unsigned int' to 'unsigned int' may change value [-Wconversion]
   41 |     unsigned int longs = (nbits + KAPI_BITS_PER_LONG - 1) / KAPI_BITS_PER_LONG;
      |                          ^
include/kapi_bitmap.h: In function 'kapi_bitmap_find_first':
include/kapi_bitmap.h:49:26: warning: conversion from 'long long unsigned int' to 'unsigned int' may change value [-Wconversion]
   49 |     unsigned int longs = (nbits + KAPI_BITS_PER_LONG - 1) / KAPI_BITS_PER_LONG;
      |                          ^
include/kapi_bitmap.h:56:35: warning: conversion to 'int' from 'unsigned int' may change the sign of the result [-Wsign-conversion]
   56 |                     return offset + j;
      |                            ~~~~~~~^~~
include/kapi_bitmap.h: In function 'kapi_bitmap_find_first_zero':
include/kapi_bitmap.h:66:26: warning: conversion from 'long long unsigned int' to 'unsigned int' may change value [-Wconversion]
   66 |     unsigned int longs = (nbits + KAPI_BITS_PER_LONG - 1) / KAPI_BITS_PER_LONG;
      |                          ^
include/kapi_bitmap.h:73:35: warning: conversion to 'int' from 'unsigned int' may change the sign of the result [-Wsign-conversion]
   73 |                     return offset + j;
      |                            ~~~~~~~^~~
include/kapi_bitmap.h: In function 'kapi_bitmap_count':
include/kapi_bitmap.h:84:26: warning: conversion from 'long long unsigned int' to 'unsigned int' may change value [-Wconversion]
   84 |     unsigned int longs = (nbits + KAPI_BITS_PER_LONG - 1) / KAPI_BITS_PER_LONG;
      |                          ^
In file included from include/kapi.h:59:
include/kapi_netlink.h: In function 'kapi_nlmsg_next':
include/kapi_netlink.h:19:37: warning: conversion to 'int' from 'uint32_t' {aka 'unsigned int'} may change the sign of the result [-Wsign-conversion]
   19 | #define KAPI_NLMSG_ALIGNTO          4
      |                                     ^
include/kapi_netlink.h:75:18: note: in expansion of macro 'KAPI_NLMSG_ALIGNTO'
   75 |     int totlen = KAPI_NLMSG_ALIGNTO * ((nlh->nlmsg_len + KAPI_NLMSG_ALIGNTO - 1) / KAPI_NLMSG_ALIGNTO);
      |                  ^~~~~~~~~~~~~~~~~~
kernel/api/kapi_ebpf.c: In function 'ebpf_serial_hex':
kernel/api/kapi_ebpf.c:139:23: warning: conversion from 'int' to 'char' may change value [-Wconversion]
  139 |         buf[15 - i] = (n < 10) ? ('0' + n) : ('a' + n - 10);
      |                       ^
<0> Building kernel/api/kapi_dma.c
In file included from include/kapi.h:23,
                 from kernel/api/kapi_dma.c:2:
include/kapi_bitmap.h: In function 'kapi_bitmap_set_all':
include/kapi_bitmap.h:33:26: warning: conversion from 'long long unsigned int' to 'unsigned int' may change value [-Wconversion]
   33 |     unsigned int longs = (nbits + KAPI_BITS_PER_LONG - 1) / KAPI_BITS_PER_LONG;
      |                          ^
include/kapi_bitmap.h: In function 'kapi_bitmap_clear_all':
include/kapi_bitmap.h:41:26: warning: conversion from 'long long unsigned int' to 'unsigned int' may change value [-Wconversion]
   41 |     unsigned int longs = (nbits + KAPI_BITS_PER_LONG - 1) / KAPI_BITS_PER_LONG;
      |                          ^
include/kapi_bitmap.h: In function 'kapi_bitmap_find_first':
include/kapi_bitmap.h:49:26: warning: conversion from 'long long unsigned int' to 'unsigned int' may change value [-Wconversion]
   49 |     unsigned int longs = (nbits + KAPI_BITS_PER_LONG - 1) / KAPI_BITS_PER_LONG;
      |                          ^
include/kapi_bitmap.h:56:35: warning: conversion to 'int' from 'unsigned int' may change the sign of the result [-Wsign-conversion]
   56 |                     return offset + j;
      |                            ~~~~~~~^~~
include/kapi_bitmap.h: In function 'kapi_bitmap_find_first_zero':
include/kapi_bitmap.h:66:26: warning: conversion from 'long long unsigned int' to 'unsigned int' may change value [-Wconversion]
   66 |     unsigned int longs = (nbits + KAPI_BITS_PER_LONG - 1) / KAPI_BITS_PER_LONG;
      |                          ^
include/kapi_bitmap.h:73:35: warning: conversion to 'int' from 'unsigned int' may change the sign of the result [-Wsign-conversion]
   73 |                     return offset + j;
      |                            ~~~~~~~^~~
include/kapi_bitmap.h: In function 'kapi_bitmap_count':
include/kapi_bitmap.h:84:26: warning: conversion from 'long long unsigned int' to 'unsigned int' may change value [-Wconversion]
   84 |     unsigned int longs = (nbits + KAPI_BITS_PER_LONG - 1) / KAPI_BITS_PER_LONG;
      |                          ^
In file included from include/kapi.h:59:
include/kapi_netlink.h: In function 'kapi_nlmsg_next':
include/kapi_netlink.h:19:37: warning: conversion to 'int' from 'uint32_t' {aka 'unsigned int'} may change the sign of the result [-Wsign-conversion]
   19 | #define KAPI_NLMSG_ALIGNTO          4
      |                                     ^
include/kapi_netlink.h:75:18: note: in expansion of macro 'KAPI_NLMSG_ALIGNTO'
   75 |     int totlen = KAPI_NLMSG_ALIGNTO * ((nlh->nlmsg_len + KAPI_NLMSG_ALIGNTO - 1) / KAPI_NLMSG_ALIGNTO);
      |                  ^~~~~~~~~~~~~~~~~~
<3> Building kernel/api/kapi_device.c
<1> Building kernel/api/kapi_debugfs.c
<2> Building kernel/api/kapi_crc.c
In file included from include/kapi.h:23,
                 from kernel/api/kapi_device.c:4:
include/kapi_bitmap.h: In function 'kapi_bitmap_set_all':
include/kapi_bitmap.h:33:26: warning: conversion from 'long long unsigned int' to 'unsigned int' may change value [-Wconversion]
   33 |     unsigned int longs = (nbits + KAPI_BITS_PER_LONG - 1) / KAPI_BITS_PER_LONG;
      |                          ^
include/kapi_bitmap.h: In function 'kapi_bitmap_clear_all':
include/kapi_bitmap.h:41:26: warning: conversion from 'long long unsigned int' to 'unsigned int' may change value [-Wconversion]
   41 |     unsigned int longs = (nbits + KAPI_BITS_PER_LONG - 1) / KAPI_BITS_PER_LONG;
      |                          ^
include/kapi_bitmap.h: In function 'kapi_bitmap_find_first':
include/kapi_bitmap.h:49:26: warning: conversion from 'long long unsigned int' to 'unsigned int' may change value [-Wconversion]
   49 |     unsigned int longs = (nbits + KAPI_BITS_PER_LONG - 1) / KAPI_BITS_PER_LONG;
      |                          ^
include/kapi_bitmap.h:56:35: warning: conversion to 'int' from 'unsigned int' may change the sign of the result [-Wsign-conversion]
   56 |                     return offset + j;
      |                            ~~~~~~~^~~
include/kapi_bitmap.h: In function 'kapi_bitmap_find_first_zero':
include/kapi_bitmap.h:66:26: warning: conversion from 'long long unsigned int' to 'unsigned int' may change value [-Wconversion]
   66 |     unsigned int longs = (nbits + KAPI_BITS_PER_LONG - 1) / KAPI_BITS_PER_LONG;
      |                          ^
include/kapi_bitmap.h:73:35: warning: conversion to 'int' from 'unsigned int' may change the sign of the result [-Wsign-conversion]
   73 |                     return offset + j;
      |                            ~~~~~~~^~~
include/kapi_bitmap.h: In function 'kapi_bitmap_count':
include/kapi_bitmap.h:84:26: warning: conversion from 'long long unsigned int' to 'unsigned int' may change value [-Wconversion]
   84 |     unsigned int longs = (nbits + KAPI_BITS_PER_LONG - 1) / KAPI_BITS_PER_LONG;
      |                          ^
In file included from include/kapi.h:59:
include/kapi_netlink.h: In function 'kapi_nlmsg_next':
include/kapi_netlink.h:19:37: warning: conversion to 'int' from 'uint32_t' {aka 'unsigned int'} may change the sign of the result [-Wsign-conversion]
   19 | #define KAPI_NLMSG_ALIGNTO          4
      |                                     ^
include/kapi_netlink.h:75:18: note: in expansion of macro 'KAPI_NLMSG_ALIGNTO'
   75 |     int totlen = KAPI_NLMSG_ALIGNTO * ((nlh->nlmsg_len + KAPI_NLMSG_ALIGNTO - 1) / KAPI_NLMSG_ALIGNTO);
      |                  ^~~~~~~~~~~~~~~~~~
kernel/api/kapi_device.c: In function 'kapi_dev_open':
kernel/api/kapi_device.c:134:48: warning: unused parameter 'mode' [-Wunused-parameter]
  134 | kapi_dev_t kapi_dev_open(const char* name, int mode)
      |                                            ~~~~^~~~
kernel/api/kapi_device.c: In function 'kapi_dev_ioctl':
kernel/api/kapi_device.c:282:45: warning: unused parameter 'cmd' [-Wunused-parameter]
  282 | int kapi_dev_ioctl(kapi_dev_t dev, uint32_t cmd, void* arg)
      |                                    ~~~~~~~~~^~~
kernel/api/kapi_device.c:282:56: warning: unused parameter 'arg' [-Wunused-parameter]
  282 | int kapi_dev_ioctl(kapi_dev_t dev, uint32_t cmd, void* arg)
      |                                                  ~~~~~~^~~
kernel/api/kapi_device.c: In function 'kapi_dma_wait':
kernel/api/kapi_device.c:366:28: warning: unused parameter 'timeout_ms' [-Wunused-parameter]
  366 | int kapi_dma_wait(uint64_t timeout_ms)
      |                   ~~~~~~~~~^~~~~~~~~~
In file included from include/kapi.h:23,
                 from kernel/api/kapi_crc.c:1:
include/kapi_bitmap.h: In function 'kapi_bitmap_set_all':
include/kapi_bitmap.h:33:26: warning: conversion from 'long long unsigned int' to 'unsigned int' may change value [-Wconversion]
   33 |     unsigned int longs = (nbits + KAPI_BITS_PER_LONG - 1) / KAPI_BITS_PER_LONG;
      |                          ^
include/kapi_bitmap.h: In function 'kapi_bitmap_clear_all':
include/kapi_bitmap.h:41:26: warning: conversion from 'long long unsigned int' to 'unsigned int' may change value [-Wconversion]
   41 |     unsigned int longs = (nbits + KAPI_BITS_PER_LONG - 1) / KAPI_BITS_PER_LONG;
      |                          ^
include/kapi_bitmap.h: In function 'kapi_bitmap_find_first':
include/kapi_bitmap.h:49:26: warning: conversion from 'long long unsigned int' to 'unsigned int' may change value [-Wconversion]
   49 |     unsigned int longs = (nbits + KAPI_BITS_PER_LONG - 1) / KAPI_BITS_PER_LONG;
      |                          ^
include/kapi_bitmap.h:56:35: warning: conversion to 'int' from 'unsigned int' may change the sign of the result [-Wsign-conversion]
   56 |                     return offset + j;
      |                            ~~~~~~~^~~
include/kapi_bitmap.h: In function 'kapi_bitmap_find_first_zero':
include/kapi_bitmap.h:66:26: warning: conversion from 'long long unsigned int' to 'unsigned int' may change value [-Wconversion]
   66 |     unsigned int longs = (nbits + KAPI_BITS_PER_LONG - 1) / KAPI_BITS_PER_LONG;
      |                          ^
include/kapi_bitmap.h:73:35: warning: conversion to 'int' from 'unsigned int' may change the sign of the result [-Wsign-conversion]
   73 |                     return offset + j;
      |                            ~~~~~~~^~~
include/kapi_bitmap.h: In function 'kapi_bitmap_count':
include/kapi_bitmap.h:84:26: warning: conversion from 'long long unsigned int' to 'unsigned int' may change value [-Wconversion]
   84 |     unsigned int longs = (nbits + KAPI_BITS_PER_LONG - 1) / KAPI_BITS_PER_LONG;
      |                          ^
In file included from include/kapi.h:59:
include/kapi_netlink.h: In function 'kapi_nlmsg_next':
include/kapi_netlink.h:19:37: warning: conversion to 'int' from 'uint32_t' {aka 'unsigned int'} may change the sign of the result [-Wsign-conversion]
   19 | #define KAPI_NLMSG_ALIGNTO          4
      |                                     ^
include/kapi_netlink.h:75:18: note: in expansion of macro 'KAPI_NLMSG_ALIGNTO'
   75 |     int totlen = KAPI_NLMSG_ALIGNTO * ((nlh->nlmsg_len + KAPI_NLMSG_ALIGNTO - 1) / KAPI_NLMSG_ALIGNTO);
      |                  ^~~~~~~~~~~~~~~~~~
In file included from include/kapi.h:23,
                 from kernel/api/kapi_debugfs.c:2:
include/kapi_bitmap.h: In function 'kapi_bitmap_set_all':
include/kapi_bitmap.h:33:26: warning: conversion from 'long long unsigned int' to 'unsigned int' may change value [-Wconversion]
   33 |     unsigned int longs = (nbits + KAPI_BITS_PER_LONG - 1) / KAPI_BITS_PER_LONG;
      |                          ^
include/kapi_bitmap.h: In function 'kapi_bitmap_clear_all':
include/kapi_bitmap.h:41:26: warning: conversion from 'long long unsigned int' to 'unsigned int' may change value [-Wconversion]
   41 |     unsigned int longs = (nbits + KAPI_BITS_PER_LONG - 1) / KAPI_BITS_PER_LONG;
      |                          ^
include/kapi_bitmap.h: In function 'kapi_bitmap_find_first':
include/kapi_bitmap.h:49:26: warning: conversion from 'long long unsigned int' to 'unsigned int' may change value [-Wconversion]
   49 |     unsigned int longs = (nbits + KAPI_BITS_PER_LONG - 1) / KAPI_BITS_PER_LONG;
      |                          ^
include/kapi_bitmap.h:56:35: warning: conversion to 'int' from 'unsigned int' may change the sign of the result [-Wsign-conversion]
   56 |                     return offset + j;
      |                            ~~~~~~~^~~
include/kapi_bitmap.h: In function 'kapi_bitmap_find_first_zero':
include/kapi_bitmap.h:66:26: warning: conversion from 'long long unsigned int' to 'unsigned int' may change value [-Wconversion]
   66 |     unsigned int longs = (nbits + KAPI_BITS_PER_LONG - 1) / KAPI_BITS_PER_LONG;
      |                          ^
include/kapi_bitmap.h:73:35: warning: conversion to 'int' from 'unsigned int' may change the sign of the result [-Wsign-conversion]
   73 |                     return offset + j;
      |                            ~~~~~~~^~~
include/kapi_bitmap.h: In function 'kapi_bitmap_count':
include/kapi_bitmap.h:84:26: warning: conversion from 'long long unsigned int' to 'unsigned int' may change value [-Wconversion]
   84 |     unsigned int longs = (nbits + KAPI_BITS_PER_LONG - 1) / KAPI_BITS_PER_LONG;
      |                          ^
In file included from include/kapi.h:59:
include/kapi_netlink.h: In function 'kapi_nlmsg_next':
include/kapi_netlink.h:19:37: warning: conversion to 'int' from 'uint32_t' {aka 'unsigned int'} may change the sign of the result [-Wsign-conversion]
   19 | #define KAPI_NLMSG_ALIGNTO          4
      |                                     ^
include/kapi_netlink.h:75:18: note: in expansion of macro 'KAPI_NLMSG_ALIGNTO'
   75 |     int totlen = KAPI_NLMSG_ALIGNTO * ((nlh->nlmsg_len + KAPI_NLMSG_ALIGNTO - 1) / KAPI_NLMSG_ALIGNTO);
      |                  ^~~~~~~~~~~~~~~~~~
<0> Building kernel/api/kapi_cpumask.c
<2> Building kernel/api/kapi_completion.c
In file included from include/kapi.h:23,
                 from kernel/api/kapi_cpumask.c:4:
include/kapi_bitmap.h: In function 'kapi_bitmap_set_all':
include/kapi_bitmap.h:33:26: warning: conversion from 'long long unsigned int' to 'unsigned int' may change value [-Wconversion]
   33 |     unsigned int longs = (nbits + KAPI_BITS_PER_LONG - 1) / KAPI_BITS_PER_LONG;
      |                          ^
include/kapi_bitmap.h: In function 'kapi_bitmap_clear_all':
include/kapi_bitmap.h:41:26: warning: conversion from 'long long unsigned int' to 'unsigned int' may change value [-Wconversion]
   41 |     unsigned int longs = (nbits + KAPI_BITS_PER_LONG - 1) / KAPI_BITS_PER_LONG;
      |                          ^
include/kapi_bitmap.h: In function 'kapi_bitmap_find_first':
include/kapi_bitmap.h:49:26: warning: conversion from 'long long unsigned int' to 'unsigned int' may change value [-Wconversion]
   49 |     unsigned int longs = (nbits + KAPI_BITS_PER_LONG - 1) / KAPI_BITS_PER_LONG;
      |                          ^
include/kapi_bitmap.h:56:35: warning: conversion to 'int' from 'unsigned int' may change the sign of the result [-Wsign-conversion]
   56 |                     return offset + j;
      |                            ~~~~~~~^~~
include/kapi_bitmap.h: In function 'kapi_bitmap_find_first_zero':
include/kapi_bitmap.h:66:26: warning: conversion from 'long long unsigned int' to 'unsigned int' may change value [-Wconversion]
   66 |     unsigned int longs = (nbits + KAPI_BITS_PER_LONG - 1) / KAPI_BITS_PER_LONG;
      |                          ^
include/kapi_bitmap.h:73:35: warning: conversion to 'int' from 'unsigned int' may change the sign of the result [-Wsign-conversion]
   73 |                     return offset + j;
      |                            ~~~~~~~^~~
include/kapi_bitmap.h: In function 'kapi_bitmap_count':
include/kapi_bitmap.h:84:26: warning: conversion from 'long long unsigned int' to 'unsigned int' may change value [-Wconversion]
   84 |     unsigned int longs = (nbits + KAPI_BITS_PER_LONG - 1) / KAPI_BITS_PER_LONG;
      |                          ^
In file included from include/kapi.h:59:
include/kapi_netlink.h: In function 'kapi_nlmsg_next':
include/kapi_netlink.h:19:37: warning: conversion to 'int' from 'uint32_t' {aka 'unsigned int'} may change the sign of the result [-Wsign-conversion]
   19 | #define KAPI_NLMSG_ALIGNTO          4
      |                                     ^
include/kapi_netlink.h:75:18: note: in expansion of macro 'KAPI_NLMSG_ALIGNTO'
   75 |     int totlen = KAPI_NLMSG_ALIGNTO * ((nlh->nlmsg_len + KAPI_NLMSG_ALIGNTO - 1) / KAPI_NLMSG_ALIGNTO);
      |                  ^~~~~~~~~~~~~~~~~~
In file included from include/kapi.h:23,
                 from kernel/api/kapi_completion.c:4:
include/kapi_bitmap.h: In function 'kapi_bitmap_set_all':
include/kapi_bitmap.h:33:26: warning: conversion from 'long long unsigned int' to 'unsigned int' may change value [-Wconversion]
   33 |     unsigned int longs = (nbits + KAPI_BITS_PER_LONG - 1) / KAPI_BITS_PER_LONG;
      |                          ^
include/kapi_bitmap.h: In function 'kapi_bitmap_clear_all':
include/kapi_bitmap.h:41:26: warning: conversion from 'long long unsigned int' to 'unsigned int' may change value [-Wconversion]
   41 |     unsigned int longs = (nbits + KAPI_BITS_PER_LONG - 1) / KAPI_BITS_PER_LONG;
      |                          ^
include/kapi_bitmap.h: In function 'kapi_bitmap_find_first':
include/kapi_bitmap.h:49:26: warning: conversion from 'long long unsigned int' to 'unsigned int' may change value [-Wconversion]
   49 |     unsigned int longs = (nbits + KAPI_BITS_PER_LONG - 1) / KAPI_BITS_PER_LONG;
      |                          ^
include/kapi_bitmap.h:56:35: warning: conversion to 'int' from 'unsigned int' may change the sign of the result [-Wsign-conversion]
   56 |                     return offset + j;
      |                            ~~~~~~~^~~
include/kapi_bitmap.h: In function 'kapi_bitmap_find_first_zero':
include/kapi_bitmap.h:66:26: warning: conversion from 'long long unsigned int' to 'unsigned int' may change value [-Wconversion]
   66 |     unsigned int longs = (nbits + KAPI_BITS_PER_LONG - 1) / KAPI_BITS_PER_LONG;
      |                          ^
include/kapi_bitmap.h:73:35: warning: conversion to 'int' from 'unsigned int' may change the sign of the result [-Wsign-conversion]
   73 |                     return offset + j;
      |                            ~~~~~~~^~~
include/kapi_bitmap.h: In function 'kapi_bitmap_count':
include/kapi_bitmap.h:84:26: warning: conversion from 'long long unsigned int' to 'unsigned int' may change value [-Wconversion]
   84 |     unsigned int longs = (nbits + KAPI_BITS_PER_LONG - 1) / KAPI_BITS_PER_LONG;
      |                          ^
In file included from include/kapi.h:59:
include/kapi_netlink.h: In function 'kapi_nlmsg_next':
include/kapi_netlink.h:19:37: warning: conversion to 'int' from 'uint32_t' {aka 'unsigned int'} may change the sign of the result [-Wsign-conversion]
   19 | #define KAPI_NLMSG_ALIGNTO          4
      |                                     ^
include/kapi_netlink.h:75:18: note: in expansion of macro 'KAPI_NLMSG_ALIGNTO'
   75 |     int totlen = KAPI_NLMSG_ALIGNTO * ((nlh->nlmsg_len + KAPI_NLMSG_ALIGNTO - 1) / KAPI_NLMSG_ALIGNTO);
      |                  ^~~~~~~~~~~~~~~~~~
<3> Building kernel/api/kapi_cdev.c
<2> Building kernel/api/kapi_blkdev.c
In file included from include/kapi.h:23,
                 from kernel/api/kapi_cdev.c:2:
include/kapi_bitmap.h: In function 'kapi_bitmap_set_all':
include/kapi_bitmap.h:33:26: warning: conversion from 'long long unsigned int' to 'unsigned int' may change value [-Wconversion]
   33 |     unsigned int longs = (nbits + KAPI_BITS_PER_LONG - 1) / KAPI_BITS_PER_LONG;
      |                          ^
include/kapi_bitmap.h: In function 'kapi_bitmap_clear_all':
include/kapi_bitmap.h:41:26: warning: conversion from 'long long unsigned int' to 'unsigned int' may change value [-Wconversion]
   41 |     unsigned int longs = (nbits + KAPI_BITS_PER_LONG - 1) / KAPI_BITS_PER_LONG;
      |                          ^
include/kapi_bitmap.h: In function 'kapi_bitmap_find_first':
include/kapi_bitmap.h:49:26: warning: conversion from 'long long unsigned int' to 'unsigned int' may change value [-Wconversion]
   49 |     unsigned int longs = (nbits + KAPI_BITS_PER_LONG - 1) / KAPI_BITS_PER_LONG;
      |                          ^
include/kapi_bitmap.h:56:35: warning: conversion to 'int' from 'unsigned int' may change the sign of the result [-Wsign-conversion]
   56 |                     return offset + j;
      |                            ~~~~~~~^~~
include/kapi_bitmap.h: In function 'kapi_bitmap_find_first_zero':
include/kapi_bitmap.h:66:26: warning: conversion from 'long long unsigned int' to 'unsigned int' may change value [-Wconversion]
   66 |     unsigned int longs = (nbits + KAPI_BITS_PER_LONG - 1) / KAPI_BITS_PER_LONG;
      |                          ^
include/kapi_bitmap.h:73:35: warning: conversion to 'int' from 'unsigned int' may change the sign of the result [-Wsign-conversion]
   73 |                     return offset + j;
      |                            ~~~~~~~^~~
include/kapi_bitmap.h: In function 'kapi_bitmap_count':
include/kapi_bitmap.h:84:26: warning: conversion from 'long long unsigned int' to 'unsigned int' may change value [-Wconversion]
   84 |     unsigned int longs = (nbits + KAPI_BITS_PER_LONG - 1) / KAPI_BITS_PER_LONG;
      |                          ^
In file included from include/kapi.h:59:
include/kapi_netlink.h: In function 'kapi_nlmsg_next':
include/kapi_netlink.h:19:37: warning: conversion to 'int' from 'uint32_t' {aka 'unsigned int'} may change the sign of the result [-Wsign-conversion]
   19 | #define KAPI_NLMSG_ALIGNTO          4
      |                                     ^
include/kapi_netlink.h:75:18: note: in expansion of macro 'KAPI_NLMSG_ALIGNTO'
   75 |     int totlen = KAPI_NLMSG_ALIGNTO * ((nlh->nlmsg_len + KAPI_NLMSG_ALIGNTO - 1) / KAPI_NLMSG_ALIGNTO);
      |                  ^~~~~~~~~~~~~~~~~~
<0> Building kernel/api/kapi_bitmap.c
<1> Building kernel/api/kapi_atomic.c
In file included from include/kapi.h:23,
                 from kernel/api/kapi_blkdev.c:2:
include/kapi_bitmap.h: In function 'kapi_bitmap_set_all':
include/kapi_bitmap.h:33:26: warning: conversion from 'long long unsigned int' to 'unsigned int' may change value [-Wconversion]
   33 |     unsigned int longs = (nbits + KAPI_BITS_PER_LONG - 1) / KAPI_BITS_PER_LONG;
      |                          ^
include/kapi_bitmap.h: In function 'kapi_bitmap_clear_all':
include/kapi_bitmap.h:41:26: warning: conversion from 'long long unsigned int' to 'unsigned int' may change value [-Wconversion]
   41 |     unsigned int longs = (nbits + KAPI_BITS_PER_LONG - 1) / KAPI_BITS_PER_LONG;
      |                          ^
include/kapi_bitmap.h: In function 'kapi_bitmap_find_first':
include/kapi_bitmap.h:49:26: warning: conversion from 'long long unsigned int' to 'unsigned int' may change value [-Wconversion]
   49 |     unsigned int longs = (nbits + KAPI_BITS_PER_LONG - 1) / KAPI_BITS_PER_LONG;
      |                          ^
include/kapi_bitmap.h:56:35: warning: conversion to 'int' from 'unsigned int' may change the sign of the result [-Wsign-conversion]
   56 |                     return offset + j;
      |                            ~~~~~~~^~~
include/kapi_bitmap.h: In function 'kapi_bitmap_find_first_zero':
include/kapi_bitmap.h:66:26: warning: conversion from 'long long unsigned int' to 'unsigned int' may change value [-Wconversion]
   66 |     unsigned int longs = (nbits + KAPI_BITS_PER_LONG - 1) / KAPI_BITS_PER_LONG;
      |                          ^
include/kapi_bitmap.h:73:35: warning: conversion to 'int' from 'unsigned int' may change the sign of the result [-Wsign-conversion]
   73 |                     return offset + j;
      |                            ~~~~~~~^~~
include/kapi_bitmap.h: In function 'kapi_bitmap_count':
include/kapi_bitmap.h:84:26: warning: conversion from 'long long unsigned int' to 'unsigned int' may change value [-Wconversion]
   84 |     unsigned int longs = (nbits + KAPI_BITS_PER_LONG - 1) / KAPI_BITS_PER_LONG;
      |                          ^
In file included from include/kapi.h:59:
include/kapi_netlink.h: In function 'kapi_nlmsg_next':
include/kapi_netlink.h:19:37: warning: conversion to 'int' from 'uint32_t' {aka 'unsigned int'} may change the sign of the result [-Wsign-conversion]
   19 | #define KAPI_NLMSG_ALIGNTO          4
      |                                     ^
include/kapi_netlink.h:75:18: note: in expansion of macro 'KAPI_NLMSG_ALIGNTO'
   75 |     int totlen = KAPI_NLMSG_ALIGNTO * ((nlh->nlmsg_len + KAPI_NLMSG_ALIGNTO - 1) / KAPI_NLMSG_ALIGNTO);
      |                  ^~~~~~~~~~~~~~~~~~
In file included from kernel/api/kapi_bitmap.c:3:
include/kapi_bitmap.h: In function 'kapi_bitmap_set_all':
include/kapi_bitmap.h:33:26: warning: conversion from 'long long unsigned int' to 'unsigned int' may change value [-Wconversion]
   33 |     unsigned int longs = (nbits + KAPI_BITS_PER_LONG - 1) / KAPI_BITS_PER_LONG;
      |                          ^
include/kapi_bitmap.h: In function 'kapi_bitmap_clear_all':
include/kapi_bitmap.h:41:26: warning: conversion from 'long long unsigned int' to 'unsigned int' may change value [-Wconversion]
   41 |     unsigned int longs = (nbits + KAPI_BITS_PER_LONG - 1) / KAPI_BITS_PER_LONG;
      |                          ^
include/kapi_bitmap.h: In function 'kapi_bitmap_find_first':
include/kapi_bitmap.h:49:26: warning: conversion from 'long long unsigned int' to 'unsigned int' may change value [-Wconversion]
   49 |     unsigned int longs = (nbits + KAPI_BITS_PER_LONG - 1) / KAPI_BITS_PER_LONG;
      |                          ^
include/kapi_bitmap.h:56:35: warning: conversion to 'int' from 'unsigned int' may change the sign of the result [-Wsign-conversion]
   56 |                     return offset + j;
      |                            ~~~~~~~^~~
include/kapi_bitmap.h: In function 'kapi_bitmap_find_first_zero':
include/kapi_bitmap.h:66:26: warning: conversion from 'long long unsigned int' to 'unsigned int' may change value [-Wconversion]
   66 |     unsigned int longs = (nbits + KAPI_BITS_PER_LONG - 1) / KAPI_BITS_PER_LONG;
      |                          ^
include/kapi_bitmap.h:73:35: warning: conversion to 'int' from 'unsigned int' may change the sign of the result [-Wsign-conversion]
   73 |                     return offset + j;
      |                            ~~~~~~~^~~
include/kapi_bitmap.h: In function 'kapi_bitmap_count':
include/kapi_bitmap.h:84:26: warning: conversion from 'long long unsigned int' to 'unsigned int' may change value [-Wconversion]
   84 |     unsigned int longs = (nbits + KAPI_BITS_PER_LONG - 1) / KAPI_BITS_PER_LONG;
      |                          ^
In file included from include/kapi.h:59,
                 from kernel/api/kapi_bitmap.c:4:
include/kapi_netlink.h: In function 'kapi_nlmsg_next':
include/kapi_netlink.h:19:37: warning: conversion to 'int' from 'uint32_t' {aka 'unsigned int'} may change the sign of the result [-Wsign-conversion]
   19 | #define KAPI_NLMSG_ALIGNTO          4
      |                                     ^
include/kapi_netlink.h:75:18: note: in expansion of macro 'KAPI_NLMSG_ALIGNTO'
   75 |     int totlen = KAPI_NLMSG_ALIGNTO * ((nlh->nlmsg_len + KAPI_NLMSG_ALIGNTO - 1) / KAPI_NLMSG_ALIGNTO);
      |                  ^~~~~~~~~~~~~~~~~~
In file included from include/kapi.h:23,
                 from kernel/api/kapi_atomic.c:4:
include/kapi_bitmap.h: In function 'kapi_bitmap_set_all':
include/kapi_bitmap.h:33:26: warning: conversion from 'long long unsigned int' to 'unsigned int' may change value [-Wconversion]
   33 |     unsigned int longs = (nbits + KAPI_BITS_PER_LONG - 1) / KAPI_BITS_PER_LONG;
      |                          ^
include/kapi_bitmap.h: In function 'kapi_bitmap_clear_all':
include/kapi_bitmap.h:41:26: warning: conversion from 'long long unsigned int' to 'unsigned int' may change value [-Wconversion]
   41 |     unsigned int longs = (nbits + KAPI_BITS_PER_LONG - 1) / KAPI_BITS_PER_LONG;
      |                          ^
include/kapi_bitmap.h: In function 'kapi_bitmap_find_first':
include/kapi_bitmap.h:49:26: warning: conversion from 'long long unsigned int' to 'unsigned int' may change value [-Wconversion]
   49 |     unsigned int longs = (nbits + KAPI_BITS_PER_LONG - 1) / KAPI_BITS_PER_LONG;
      |                          ^
include/kapi_bitmap.h:56:35: warning: conversion to 'int' from 'unsigned int' may change the sign of the result [-Wsign-conversion]
   56 |                     return offset + j;
      |                            ~~~~~~~^~~
include/kapi_bitmap.h: In function 'kapi_bitmap_find_first_zero':
include/kapi_bitmap.h:66:26: warning: conversion from 'long long unsigned int' to 'unsigned int' may change value [-Wconversion]
   66 |     unsigned int longs = (nbits + KAPI_BITS_PER_LONG - 1) / KAPI_BITS_PER_LONG;
      |                          ^
include/kapi_bitmap.h:73:35: warning: conversion to 'int' from 'unsigned int' may change the sign of the result [-Wsign-conversion]
   73 |                     return offset + j;
      |                            ~~~~~~~^~~
include/kapi_bitmap.h: In function 'kapi_bitmap_count':
include/kapi_bitmap.h:84:26: warning: conversion from 'long long unsigned int' to 'unsigned int' may change value [-Wconversion]
   84 |     unsigned int longs = (nbits + KAPI_BITS_PER_LONG - 1) / KAPI_BITS_PER_LONG;
      |                          ^
In file included from include/kapi.h:59:
include/kapi_netlink.h: In function 'kapi_nlmsg_next':
include/kapi_netlink.h:19:37: warning: conversion to 'int' from 'uint32_t' {aka 'unsigned int'} may change the sign of the result [-Wsign-conversion]
   19 | #define KAPI_NLMSG_ALIGNTO          4
      |                                     ^
include/kapi_netlink.h:75:18: note: in expansion of macro 'KAPI_NLMSG_ALIGNTO'
   75 |     int totlen = KAPI_NLMSG_ALIGNTO * ((nlh->nlmsg_len + KAPI_NLMSG_ALIGNTO - 1) / KAPI_NLMSG_ALIGNTO);
      |                  ^~~~~~~~~~~~~~~~~~
-- Enter folder kal/src --
<0> Building kal/src/kal_ssi.c
<3> Building kal/src/kal_governance.c
<1> Building kal/src/kal_dispatcher.c
kal/src/kal_ssi.c: In function 'kal_read':
kal/src/kal_ssi.c:77:57: warning: cast from pointer to integer of different size [-Wpointer-to-int-cast]
   77 |         return b->syscall ? b->syscall(KAL_NR_READ, fd, (long)buf, (long)n, 0,0,0)
      |                                                         ^
kal/src/kal_ssi.c: In function 'kal_write':
kal/src/kal_ssi.c:90:58: warning: cast from pointer to integer of different size [-Wpointer-to-int-cast]
   90 |         return b->syscall ? b->syscall(KAL_NR_WRITE, fd, (long)buf, (long)n, 0,0,0)
      |                                                          ^
kal/src/kal_ssi.c: In function 'kal_sched_setaffinity':
kal/src/kal_ssi.c:173:69: warning: cast from pointer to integer of different size [-Wpointer-to-int-cast]
  173 |     long r = b->syscall(KAL_NR_SCHED_SETAFF, pid, (long)cpusetsize, (long)mask, 0,0,0);
      |                                                                     ^
kal/src/kal_ssi.c: In function 'kal_ioctl':
kal/src/kal_ssi.c:183:58: warning: cast from pointer to integer of different size [-Wpointer-to-int-cast]
  183 |     long r = b->syscall(KAL_NR_IOCTL, fd, (long)request, (long)arg, 0,0,0);
      |                                                          ^
kal/src/kal_ssi.c: In function 'kal_sendmsg':
kal/src/kal_ssi.c:221:43: warning: cast from pointer to integer of different size [-Wpointer-to-int-cast]
  221 |     return b->syscall(KAL_NR_SENDMSG, fd, (long)msg, flags, 0,0,0);
      |                                           ^
kal/src/kal_ssi.c: In function 'kal_recvmsg':
kal/src/kal_ssi.c:228:43: warning: cast from pointer to integer of different size [-Wpointer-to-int-cast]
  228 |     return b->syscall(KAL_NR_RECVMSG, fd, (long)msg, flags, 0,0,0);
      |                                           ^
kal/src/kal_ssi.c: In function 'kal_ipc_send':
kal/src/kal_ssi.c:245:46: warning: cast from pointer to integer of different size [-Wpointer-to-int-cast]
  245 |         long r = b->syscall(KAL_NR_IPC_SEND, (long)ch, (long)data, (long)n, 0,0,0);
      |                                              ^
kal/src/kal_ssi.c:245:56: warning: cast from pointer to integer of different size [-Wpointer-to-int-cast]
  245 |         long r = b->syscall(KAL_NR_IPC_SEND, (long)ch, (long)data, (long)n, 0,0,0);
      |                                                        ^
kal/src/kal_dispatcher.c: In function 'kal_dispatcher_syscall':
kal/src/kal_dispatcher.c:97:47: warning: cast to pointer from integer of different size [-Wint-to-pointer-cast]
   97 |         kal_err_t e = kal_marshall_check_open((const char *)a0, (int)a1);
      |                                               ^
kal/src/kal_dispatcher.c:101:65: warning: cast to pointer from integer of different size [-Wint-to-pointer-cast]
  101 |                                             nr == KAL_NR_READ ? (void*)a1 : (void*)a1,
      |                                                                 ^
kal/src/kal_dispatcher.c:101:77: warning: cast to pointer from integer of different size [-Wint-to-pointer-cast]
  101 |                                             nr == KAL_NR_READ ? (void*)a1 : (void*)a1,
      |                                                                             ^
-- Enter folder kal/adapters --
<2> Building kal/adapters/kenux_adapter.c
kal/adapters/kenux_adapter.c: In function 'ke_syscall':
kal/adapters/kenux_adapter.c:44:38: warning: unused parameter 'a0' [-Wunused-parameter]
   44 | static long ke_syscall(long nr, long a0, long a1, long a2,
      |                                 ~~~~~^~
kal/adapters/kenux_adapter.c:44:47: warning: unused parameter 'a1' [-Wunused-parameter]
   44 | static long ke_syscall(long nr, long a0, long a1, long a2,
      |                                          ~~~~~^~
-- Enter folder apps/container-os/src --
<1> Building apps/container-os/src/volume.c
<3> Building apps/container-os/src/manager.c
<2> Building apps/container-os/src/image.c
<0> Building apps/container-os/src/container.c
-- Enter folder kernel/arch/x86_64/boot --
<1> Building kernel/arch/x86_64/boot/start64.s
apps/container-os/src/image.c:98:1: fatal error: opening dependency file build/obj/apps/container-os/src/image.c.o.d: No such file or directory
   98 | }
      | ^
compilation terminated.
apps/container-os/src/container.c:107:1: fatal error: opening dependency file build/obj/apps/container-os/src/container.c.o.d: No such file or directory
  107 | }
      | ^
compilation terminated.
kernel/arch/x86_64/boot/start64.s: fatal: unable to open output file `build/obj/kernel/arch/x86_64/boot/start64.s.o'
FAILED TASK run rebuild: command failed with exit 1: C:\Program Files\NASM\nasm.exe -f win64 kernel/arch/x86_64/boot/start64.s -o build/obj/kernel/arch/x86_64/boot/start64.s.o
