-- Start building task run all -- (501551536)
-- Start building task all -- (0)
-- Start building task kernel -- (1)
-- Enter folder kernel/systemd --
<3> Building kernel/systemd/udev.c
<0> Building kernel/systemd/timer.c
<2> Building kernel/systemd/util.c
<1> Building kernel/systemd/target.c
kernel/systemd/util.c: 在函数‘fs_read_file_content’中:
kernel/systemd/util.c:16:48: warning: ‘uint64_t’ {或称 ‘long long unsigned int’}转换自‘int’时可能会改变结果的符号 [-Wsign-conversion]
   16 |     int bytes_read = vfs_read(fd, buffer, size - 1);
      |                                           ~~~~~^~~
kernel/systemd/util.c: 在函数‘fs_list_dir’中:
kernel/systemd/util.c:43:19: warning: conversion from ‘size_t’ {或称 ‘long long unsigned int’} to ‘int’ may change value [-Wconversion]
   43 |         int len = strlen(name);
      |                   ^~~~~~
kernel/systemd/util.c: 在函数‘parse_ini_section’中:
kernel/systemd/util.c:82:15: warning: conversion from ‘long long int’ to ‘int’ may change value [-Wconversion]
   82 |     int len = end - line - 1;
      |               ^~~
kernel/systemd/util.c:86:32: warning: ‘size_t’ {或称 ‘long long unsigned int’}转换自‘int’时可能会改变结果的符号 [-Wsign-conversion]
   86 |     strncpy(section, line + 1, len);
      |                                ^~~
kernel/systemd/util.c: 在函数‘parse_ini_keyvalue’中:
kernel/systemd/util.c:100:19: warning: conversion from ‘long long int’ to ‘int’ may change value [-Wconversion]
  100 |     int key_len = eq - line;
      |                   ^~
kernel/systemd/util.c:104:24: warning: ‘size_t’ {或称 ‘long long unsigned int’}转换自‘int’时可能会改变结果的符号 [-Wsign-conversion]
  104 |     strncpy(key, line, key_len);
      |                        ^~~~~~~
kernel/systemd/util.c:109:21: warning: conversion from ‘size_t’ {或称 ‘long long unsigned int’} to ‘int’ may change value [-Wconversion]
  109 |     int value_len = strlen(value_start);
      |                     ^~~~~~
kernel/systemd/util.c:112:33: warning: ‘size_t’ {或称 ‘long long unsigned int’}转换自‘int’时可能会改变结果的符号 [-Wsign-conversion]
  112 |     strncpy(value, value_start, value_len);
      |                                 ^~~~~~~~~
kernel/systemd/timer.c: 在函数‘timer_read_persist’中:
kernel/systemd/timer.c:131:44: warning: ‘uint64_t’ {或称 ‘long long unsigned int’}转换自‘int’时可能会改变结果的符号 [-Wsign-conversion]
  131 |                     timer->accuracy_usec = accuracy_usec;
      |                                            ^~~~~~~~~~~~~
kernel/systemd/timer.c: 在函数‘timer_calculate_calendar_next’中:
kernel/systemd/timer.c:419:22: warning: ‘time_t’ {或称 ‘long long int’}转换自‘uint64_t’ {或称 ‘long long unsigned int’}时可能会改变结果的符号 [-Wsign-conversion]
  419 |     time_t current = now;
      |                      ^~~
kernel/systemd/timer.c:420:16: warning: conversion from ‘time_t’ {或称 ‘long long int’} to ‘int’ may change value [-Wconversion]
  420 |     int year = 1970 + current / (365 * 24 * 3600);
      |                ^~~~
kernel/systemd/timer.c:421:21: warning: conversion from ‘time_t’ {或称 ‘long long int’} to ‘int’ may change value [-Wconversion]
  421 |     int remaining = current % (365 * 24 * 3600);
      |                     ^~~~~~~
kernel/systemd/timer.c:485:59: warning: ‘uint64_t’ {或称 ‘long long unsigned int’}转换自‘int’时可能会改变结果的符号 [-Wsign-conversion]
  485 |                                 timer->next_elapse_time = seconds;
      |                                                           ^~~~~~~
kernel/systemd/timer.c:498:43: warning: ‘long long unsigned int’转换自‘time_t’ {或称 ‘long long int’}时可能会改变结果的符号 [-Wsign-conversion]
  498 |         timer->next_elapse_time = current + timer->interval_sec;
      |                                           ^
kernel/systemd/timer.c: 在函数‘timer_calculate_next_elapse’中:
kernel/systemd/timer.c:510:9: warning: the comparison will always evaluate as ‘true’ for the address of ‘calendar’ will never be NULL [-Waddress]
  510 |     if (timer->calendar && strlen(timer->calendar) > 0) {
      |         ^~~~~
In file included from kernel/systemd/timer.c:1:
kernel/systemd/include/systemd.h:407:10: note: ‘calendar’在此声明
  407 |     char calendar[SYSTEMD_MAX_PATH_LEN];
      |          ^~~~~~~~
kernel/systemd/timer.c:529:40: warning: ‘uint64_t’ {或称 ‘long long unsigned int’}转换自‘int’时可能会改变结果的符号 [-Wsign-conversion]
  529 |         uint64_t rand_offset = (rand() % timer->accuracy_usec) / 1000000;
      |                                        ^
kernel/systemd/timer.c: 在函数‘timer_trigger’中:
kernel/systemd/timer.c:551:9: warning: the comparison will always evaluate as ‘true’ for the address of ‘unit’ will never be NULL [-Waddress]
  551 |     if (timer->unit) {
      |         ^~~~~
kernel/systemd/include/systemd.h:409:10: note: ‘unit’在此声明
  409 |     char unit[SYSTEMD_MAX_NAME];
      |          ^~~~
kernel/systemd/timer.c: 在函数‘timer_load’中:
kernel/systemd/timer.c:628:43: warning: ‘uint64_t’ {或称 ‘long long unsigned int’}转换自‘int’时可能会改变结果的符号 [-Wsign-conversion]
  628 |                     timer->interval_sec = atoi(value);
      |                                           ^~~~
kernel/systemd/timer.c:630:43: warning: ‘uint64_t’ {或称 ‘long long unsigned int’}转换自‘int’时可能会改变结果的符号 [-Wsign-conversion]
  630 |                     timer->interval_sec = atoi(value);
      |                                           ^~~~
kernel/systemd/timer.c:632:43: warning: ‘uint64_t’ {或称 ‘long long unsigned int’}转换自‘int’时可能会改变结果的符号 [-Wsign-conversion]
  632 |                     timer->interval_sec = atoi(value);
      |                                           ^~~~
kernel/systemd/timer.c:634:43: warning: ‘uint64_t’ {或称 ‘long long unsigned int’}转换自‘int’时可能会改变结果的符号 [-Wsign-conversion]
  634 |                     timer->interval_sec = atoi(value);
      |                                           ^~~~
kernel/systemd/timer.c:636:43: warning: ‘uint64_t’ {或称 ‘long long unsigned int’}转换自‘int’时可能会改变结果的符号 [-Wsign-conversion]
  636 |                     timer->interval_sec = atoi(value);
      |                                           ^~~~
kernel/systemd/timer.c: 在函数‘timer_start’中:
kernel/systemd/timer.c:695:26: warning: 将一个指针转换为大小不同的整数 [-Wpointer-to-int-cast]
  695 |     thread_create((void*)(unsigned long)timer_monitor_thread, timer);
      |                          ^
kernel/systemd/timer.c: 在函数‘timer_find_next_activation’中:
kernel/systemd/timer.c:746:9: warning: the comparison will always evaluate as ‘true’ for the address of ‘calendar’ will never be NULL [-Waddress]
  746 |     if (timer->calendar && strlen(timer->calendar) > 0) {
      |         ^~~~~
kernel/systemd/include/systemd.h:407:10: note: ‘calendar’在此声明
  407 |     char calendar[SYSTEMD_MAX_PATH_LEN];
      |          ^~~~~~~~
kernel/systemd/udev.c: 在函数‘parse_udev_rule’中:
kernel/systemd/udev.c:127:23: warning: conversion from ‘size_t’ {或称 ‘long long unsigned int’} to ‘int’ may change value [-Wconversion]
  127 |             int len = strlen(token);
      |                       ^~~~~~
kernel/systemd/udev.c:128:68: warning: ‘size_t’ {或称 ‘long long unsigned int’}转换自‘int’时可能会改变结果的符号 [-Wsign-conversion]
  128 |             if (len > 12) strncpy(rule->subsystem, token + 11, len - 13);
      |                                                                ~~~~^~~~
kernel/systemd/udev.c:130:23: warning: conversion from ‘size_t’ {或称 ‘long long unsigned int’} to ‘int’ may change value [-Wconversion]
  130 |             int len = strlen(token);
      |                       ^~~~~~
kernel/systemd/udev.c:131:68: warning: ‘size_t’ {或称 ‘long long unsigned int’}转换自‘int’时可能会改变结果的符号 [-Wsign-conversion]
  131 |             if (len > 13) strncpy(rule->subsystem, token + 12, len - 14);
      |                                                                ~~~~^~~~
kernel/systemd/udev.c:133:23: warning: conversion from ‘size_t’ {或称 ‘long long unsigned int’} to ‘int’ may change value [-Wconversion]
  133 |             int len = strlen(token);
      |                       ^~~~~~
kernel/systemd/udev.c:134:65: warning: ‘size_t’ {或称 ‘long long unsigned int’}转换自‘int’时可能会改变结果的符号 [-Wsign-conversion]
  134 |             if (len > 13) strncpy(rule->vendor, token + 12, len - 14);
      |                                                             ~~~~^~~~
kernel/systemd/udev.c:136:23: warning: conversion from ‘size_t’ {或称 ‘long long unsigned int’} to ‘int’ may change value [-Wconversion]
  136 |             int len = strlen(token);
      |                       ^~~~~~
kernel/systemd/udev.c:137:65: warning: ‘size_t’ {或称 ‘long long unsigned int’}转换自‘int’时可能会改变结果的符号 [-Wsign-conversion]
  137 |             if (len > 13) strncpy(rule->device, token + 12, len - 14);
      |                                                             ~~~~^~~~
kernel/systemd/udev.c:139:23: warning: conversion from ‘size_t’ {或称 ‘long long unsigned int’} to ‘int’ may change value [-Wconversion]
  139 |             int len = strlen(token);
      |                       ^~~~~~
kernel/systemd/udev.c:140:63: warning: ‘size_t’ {或称 ‘long long unsigned int’}转换自‘int’时可能会改变结果的符号 [-Wsign-conversion]
  140 |             if (len > 9) strncpy(rule->action, token + 8, len - 10);
      |                                                           ~~~~^~~~
kernel/systemd/udev.c:142:23: warning: conversion from ‘size_t’ {或称 ‘long long unsigned int’} to ‘int’ may change value [-Wconversion]
  142 |             int len = strlen(token);
      |                       ^~~~~~
kernel/systemd/udev.c:143:64: warning: ‘size_t’ {或称 ‘long long unsigned int’}转换自‘int’时可能会改变结果的符号 [-Wsign-conversion]
  143 |             if (len > 6) strncpy(rule->program, token + 5, len - 7);
      |                                                            ~~~~^~~
kernel/systemd/udev.c:145:23: warning: conversion from ‘size_t’ {或称 ‘long long unsigned int’} to ‘int’ may change value [-Wconversion]
  145 |             int len = strlen(token);
      |                       ^~~~~~
kernel/systemd/udev.c:146:61: warning: ‘size_t’ {或称 ‘long long unsigned int’}转换自‘int’时可能会改变结果的符号 [-Wsign-conversion]
  146 |             if (len > 6) strncpy(rule->name, token + 5, len - 7);
      |                                                         ~~~~^~~
kernel/systemd/udev.c:148:23: warning: conversion from ‘size_t’ {或称 ‘long long unsigned int’} to ‘int’ may change value [-Wconversion]
  148 |             int len = strlen(token);
      |                       ^~~~~~
kernel/systemd/udev.c:149:66: warning: ‘size_t’ {或称 ‘long long unsigned int’}转换自‘int’时可能会改变结果的符号 [-Wsign-conversion]
  149 |             if (len > 11) strncpy(rule->symlink, token + 10, len - 12);
      |                                                              ~~~~^~~~
kernel/systemd/udev.c:151:23: warning: conversion from ‘size_t’ {或称 ‘long long unsigned int’} to ‘int’ may change value [-Wconversion]
  151 |             int len = strlen(token);
      |                       ^~~~~~
kernel/systemd/udev.c:152:64: warning: ‘size_t’ {或称 ‘long long unsigned int’}转换自‘int’时可能会改变结果的符号 [-Wsign-conversion]
  152 |             if (len > 10) strncpy(rule->driver, token + 9, len - 11);
      |                                                            ~~~~^~~~
kernel/systemd/udev.c:154:23: warning: conversion from ‘size_t’ {或称 ‘long long unsigned int’} to ‘int’ may change value [-Wconversion]
  154 |             int len = strlen(token);
      |                       ^~~~~~
kernel/systemd/udev.c:155:62: warning: ‘size_t’ {或称 ‘long long unsigned int’}转换自‘int’时可能会改变结果的符号 [-Wsign-conversion]
  155 |             if (len > 8) strncpy(rule->group, token + 7, len - 9);
      |                                                          ~~~~^~~
kernel/systemd/udev.c:157:23: warning: conversion from ‘size_t’ {或称 ‘long long unsigned int’} to ‘int’ may change value [-Wconversion]
  157 |             int len = strlen(token);
      |                       ^~~~~~
kernel/systemd/udev.c: 在函数‘udev_create_device_node’中:
kernel/systemd/udev.c:205:52: warning: ‘uint64_t’ {或称 ‘long long unsigned int’}转换自‘int’时可能会改变结果的符号 [-Wsign-conversion]
  205 |     udev_vfs_mknod(devpath, FS_TYPE_CHARDEV, device->major, device->minor);
      |                                              ~~~~~~^~~~~~~
kernel/systemd/udev.c:205:67: warning: ‘uint64_t’ {或称 ‘long long unsigned int’}转换自‘int’时可能会改变结果的符号 [-Wsign-conversion]
  205 |     udev_vfs_mknod(devpath, FS_TYPE_CHARDEV, device->major, device->minor);
      |                                                             ~~~~~~^~~~~~~
kernel/systemd/udev.c: 在函数‘pci_class_to_subsystem’中:
kernel/systemd/udev.c:283:66: warning: 未使用的参数‘subclass’ [-Wunused-parameter]
  283 | static const char* pci_class_to_subsystem(uint8_t class, uint8_t subclass)
      |                                                          ~~~~~~~~^~~~~~~~
kernel/systemd/timer.c: 在文件作用域：
kernel/systemd/udev.c: 在函数‘udev_scan_pci_devices’中:
kernel/systemd/timer.c:742:12: warning: ‘timer_find_next_activation’ 在此处定义 [-Wunused-function]
  742 | static int timer_find_next_activation(timer_t* timer, uint64_t now)
      |            ^~~~~~~~~~~~~~~~~~~~~~~~~~
kernel/systemd/udev.c:327:64: warning: conversion from ‘uint16_t’ {或称 ‘short unsigned int’} to ‘uint8_t’ {或称 ‘unsigned char’} may change value [-Wconversion]
  327 |                 uint32_t vendor_device = pci_read_config_dword(bus, slot, func, 0);
      |                                                                ^~~
kernel/systemd/udev.c:327:69: warning: conversion from ‘uint16_t’ {或称 ‘short unsigned int’} to ‘uint8_t’ {或称 ‘unsigned char’} may change value [-Wconversion]
  327 |                 uint32_t vendor_device = pci_read_config_dword(bus, slot, func, 0);
      |                                                                     ^~~~
kernel/systemd/udev.c:327:75: warning: conversion from ‘uint16_t’ {或称 ‘short unsigned int’} to ‘uint8_t’ {或称 ‘unsigned char’} may change value [-Wconversion]
  327 |                 uint32_t vendor_device = pci_read_config_dword(bus, slot, func, 0);
      |                                                                           ^~~~
kernel/systemd/udev.c:332:38: warning: conversion from ‘uint32_t’ {或称 ‘unsigned int’} to ‘uint16_t’ {或称 ‘short unsigned int’} may change value [-Wconversion]
  332 |                 uint16_t device_id = (vendor_device >> 16) & 0xFFFF;
      |                                      ^
kernel/systemd/udev.c:336:60: warning: conversion from ‘uint16_t’ {或称 ‘short unsigned int’} to ‘uint8_t’ {或称 ‘unsigned char’} may change value [-Wconversion]
  336 |                 uint32_t class_rev = pci_read_config_dword(bus, slot, func, 8);
      |                                                            ^~~
kernel/systemd/udev.c:336:65: warning: conversion from ‘uint16_t’ {或称 ‘short unsigned int’} to ‘uint8_t’ {或称 ‘unsigned char’} may change value [-Wconversion]
  336 |                 uint32_t class_rev = pci_read_config_dword(bus, slot, func, 8);
      |                                                                 ^~~~
kernel/systemd/udev.c:336:71: warning: conversion from ‘uint16_t’ {或称 ‘short unsigned int’} to ‘uint8_t’ {或称 ‘unsigned char’} may change value [-Wconversion]
  336 |                 uint32_t class_rev = pci_read_config_dword(bus, slot, func, 8);
      |                                                                       ^~~~
kernel/systemd/udev.c:337:33: warning: conversion from ‘uint32_t’ {或称 ‘unsigned int’} to ‘uint8_t’ {或称 ‘unsigned char’} may change value [-Wconversion]
  337 |                 uint8_t class = (class_rev >> 24) & 0xFF;
      |                                 ^
kernel/systemd/udev.c: 在文件作用域：
kernel/systemd/udev.c:109:20: warning: ‘udev_subsystems’ 在此处定义 [-Wunused-variable]
  109 | static const char* udev_subsystems[UDEV_MAX_SUBSYSTEMS] = {
      |                    ^~~~~~~~~~~~~~~
<1> Building kernel/systemd/systemd.c
<2> Building kernel/systemd/systemctl.c
kernel/systemd/systemd.c: 在函数‘systemd_topological_sort’中:
kernel/systemd/systemd.c:598:41: warning: ‘long long unsigned int’转换自‘int’时可能会改变结果的符号 [-Wsign-conversion]
  598 |     int* in_degree = (int*)malloc(count * sizeof(int));
      |                                         ^
kernel/systemd/systemd.c:601:32: warning: ‘long long unsigned int’转换自‘int’时可能会改变结果的符号 [-Wsign-conversion]
  601 |     memset(in_degree, 0, count * sizeof(int));
      |                                ^
kernel/systemd/systemd.c:615:37: warning: ‘long long unsigned int’转换自‘int’时可能会改变结果的符号 [-Wsign-conversion]
  615 |     int* queue = (int*)malloc(count * sizeof(int));
      |                                     ^
kernel/systemd/systemd.c: 在函数‘systemd_list_services’中:
kernel/systemd/systemd.c:986:9: warning: switch 没有处理枚举值‘UNIT_STATE_CONFIRMED’ [-Wswitch]
  986 |         switch (service->base.state) {
      |         ^~~~~~
kernel/systemd/systemd.c:986:9: warning: switch 没有处理枚举值‘UNIT_STATE_AWAITING’ [-Wswitch]
kernel/systemd/systemd.c:1000:19: warning: conversion from ‘size_t’ {或称 ‘long long unsigned int’} to ‘int’ may change value [-Wconversion]
 1000 |         int len = strlen(line);
      |                   ^~~~~~
kernel/systemd/systemd.c: 在函数‘systemd_get_service_status’中:
kernel/systemd/systemd.c:1017:5: warning: switch 没有处理枚举值‘UNIT_STATE_CONFIRMED’ [-Wswitch]
 1017 |     switch (service->base.state) {
      |     ^~~~~~
kernel/systemd/systemd.c:1017:5: warning: switch 没有处理枚举值‘UNIT_STATE_AWAITING’ [-Wswitch]
kernel/systemd/systemd.c: 在函数‘systemd_list_units’中:
kernel/systemd/systemd.c:1207:19: warning: conversion from ‘size_t’ {或称 ‘long long unsigned int’} to ‘int’ may change value [-Wconversion]
 1207 |         int len = strlen(line);
      |                   ^~~~~~
kernel/systemd/systemd.c: 在函数‘systemd_list_units_by_type’中:
kernel/systemd/systemd.c:1245:19: warning: conversion from ‘size_t’ {或称 ‘long long unsigned int’} to ‘int’ may change value [-Wconversion]
 1245 |         int len = strlen(line);
      |                   ^~~~~~
kernel/systemd/systemd.c: 在文件作用域：
kernel/systemd/systemd.c:527:13: warning: ‘systemd_detect_cycle’ 在此处定义 [-Wunused-function]
  527 | static bool systemd_detect_cycle(unit_t* unit, unit_t** visited, int visited_count)
      |             ^~~~~~~~~~~~~~~~~~~~
kernel/systemd/systemd.c:110:16: warning: ‘find_swap’ 在此处定义 [-Wunused-function]
  110 | static swap_t* find_swap(const char* name)
      |                ^~~~~~~~~
kernel/systemd/systemd.c:100:24: warning: ‘find_path’ 在此处定义 [-Wunused-function]
  100 | static systemd_path_t* find_path(const char* name)
      |                        ^~~~~~~~~
kernel/systemd/systemd.c:90:21: warning: ‘find_automount’ 在此处定义 [-Wunused-function]
   90 | static automount_t* find_automount(const char* name)
      |                     ^~~~~~~~~~~~~~
kernel/systemd/systemd.c:80:18: warning: ‘find_device’ 在此处定义 [-Wunused-function]
   80 | static device_t* find_device(const char* name)
      |                  ^~~~~~~~~~~
kernel/systemd/systemd.c:70:17: warning: ‘find_slice’ 在此处定义 [-Wunused-function]
   70 | static slice_t* find_slice(const char* name)
      |                 ^~~~~~~~~~
kernel/systemd/systemd.c:60:17: warning: ‘find_mount’ 在此处定义 [-Wunused-function]
   60 | static mount_t* find_mount(const char* name)
      |                 ^~~~~~~~~~
kernel/systemd/systemd.c:50:17: warning: ‘find_timer’ 在此处定义 [-Wunused-function]
   50 | static timer_t* find_timer(const char* name)
      |                 ^~~~~~~~~~
kernel/systemd/systemd.c:40:26: warning: ‘find_socket’ 在此处定义 [-Wunused-function]
   40 | static systemd_socket_t* find_socket(const char* name)
      |                          ^~~~~~~~~~~
kernel/systemd/systemctl.c: 在函数‘systemctl_list_units’中:
kernel/systemd/systemctl.c:73:21: warning: 变量‘sub_state’被设定但未被使用 [-Wunused-but-set-variable=]
   73 |         const char* sub_state = "-";
      |                     ^~~~~~~~~
<3> Building kernel/systemd/swap.c
<2> Building kernel/systemd/socket.c
kernel/systemd/socket.c: 在函数‘parse_socket_config’中:
kernel/systemd/socket.c:63:32: warning: ‘uint64_t’ {或称 ‘long long unsigned int’}转换自‘int’时可能会改变结果的符号 [-Wsign-conversion]
   63 |                 socket->port = atoi(value);
      |                                ^~~~
kernel/systemd/socket.c: 在函数‘socket_accept_thread’中:
kernel/systemd/socket.c:107:14: warning: ‘msg’的声明隐藏了先前的一个局部变量 [-Wshadow]
  107 |         char msg[256];
      |              ^~~
kernel/systemd/socket.c:96:10: note: 被隐藏的声明在这里
   96 |     char msg[256];
      |          ^~~
kernel/systemd/socket.c: 在函数‘socket_start’中:
kernel/systemd/socket.c:173:44: warning: ‘uint32_t’ {或称 ‘unsigned int’}转换自‘int’时可能会改变结果的符号 [-Wsign-conversion]
  173 |     socket->unix_sock = unix_socket_create(unix_type);
      |                                            ^~~~~~~~~
kernel/systemd/socket.c:223:57: warning: 将一个指针转换为大小不同的整数 [-Wpointer-to-int-cast]
  223 |         socket->accept_thread_id = thread_create((void*)(unsigned long)socket_accept_thread, socket);
      |                                                         ^
kernel/systemd/socket.c:225:18: warning: ‘msg’的声明隐藏了先前的一个局部变量 [-Wshadow]
  225 |             char msg[256];
      |                  ^~~
kernel/systemd/socket.c:219:14: note: 被隐藏的声明在这里
  219 |         char msg[256];
      |              ^~~
<3> Building kernel/systemd/slice.c
kernel/systemd/slice.c: 在函数‘parse_slice_config’中:
kernel/systemd/slice.c:45:37: warning: ‘uint64_t’ {或称 ‘long long unsigned int’}转换自‘int’时可能会改变结果的符号 [-Wsign-conversion]
   45 |                 slice->cpu_weight = atoi(value);
      |                                     ^~~~
kernel/systemd/slice.c:47:36: warning: ‘uint64_t’ {或称 ‘long long unsigned int’}转换自‘int’时可能会改变结果的符号 [-Wsign-conversion]
   47 |                 slice->io_weight = atoi(value);
      |                                    ^~~~
kernel/systemd/slice.c:49:40: warning: ‘uint64_t’ {或称 ‘long long unsigned int’}转换自‘int’时可能会改变结果的符号 [-Wsign-conversion]
   49 |                 slice->memory_weight = atoi(value);
      |                                        ^~~~
kernel/systemd/slice.c:51:34: warning: ‘uint64_t’ {或称 ‘long long unsigned int’}转换自‘int’时可能会改变结果的符号 [-Wsign-conversion]
   51 |                 slice->cpu_max = atoi(value);
      |                                  ^~~~
kernel/systemd/slice.c:53:33: warning: ‘uint64_t’ {或称 ‘long long unsigned int’}转换自‘int’时可能会改变结果的符号 [-Wsign-conversion]
   53 |                 slice->io_max = atoi(value);
      |                                 ^~~~
kernel/systemd/slice.c:55:37: warning: ‘uint64_t’ {或称 ‘long long unsigned int’}转换自‘int’时可能会改变结果的符号 [-Wsign-conversion]
   55 |                 slice->memory_max = atoi(value);
      |                                     ^~~~
<0> Building kernel/systemd/service.c
<3> Building kernel/systemd/path.c
<2> Building kernel/systemd/mount.c
kernel/systemd/service.c: 在函数‘strtoul’中:
kernel/systemd/service.c:34:25: warning: ‘long unsigned int’转换自‘int’时可能会改变结果的符号 [-Wsign-conversion]
   34 |         result = result * base + digit;
      |                         ^
kernel/systemd/service.c:34:32: warning: ‘long unsigned int’转换自‘int’时可能会改变结果的符号 [-Wsign-conversion]
   34 |         result = result * base + digit;
      |                                ^
kernel/systemd/service.c: 在函数‘strtoull’中:
kernel/systemd/service.c:64:25: warning: ‘long long unsigned int’转换自‘int’时可能会改变结果的符号 [-Wsign-conversion]
   64 |         result = result * base + digit;
      |                         ^
kernel/systemd/service.c:64:32: warning: ‘long long unsigned int’转换自‘int’时可能会改变结果的符号 [-Wsign-conversion]
   64 |         result = result * base + digit;
      |                                ^
kernel/systemd/service.c: 在函数‘parse_env_vars’中:
kernel/systemd/service.c:138:15: warning: conversion from ‘long long int’ to ‘int’ may change value [-Wconversion]
  138 |     int len = eq - line;
      |               ^~
kernel/systemd/service.c:143:58: warning: ‘size_t’ {或称 ‘long long unsigned int’}转换自‘int’时可能会改变结果的符号 [-Wsign-conversion]
  143 |     strncpy(service->env[service->env_count].name, line, len);
      |                                                          ^~~
kernel/systemd/service.c: 在函数‘parse_install_section’中:
kernel/systemd/service.c:217:70: warning: 未使用的参数‘value’ [-Wunused-parameter]
  217 | int parse_install_section(unit_t* unit, const char* key, const char* value)
      |                                                          ~~~~~~~~~~~~^~~~~
kernel/systemd/service.c: 在函数‘parse_service_section’中:
kernel/systemd/service.c:244:24: warning: ‘uint64_t’ {或称 ‘long long unsigned int’}转换自‘int’时可能会改变结果的符号 [-Wsign-conversion]
  244 |         service->uid = atoi(value);
      |                        ^~~~
kernel/systemd/service.c:247:24: warning: ‘uint64_t’ {或称 ‘long long unsigned int’}转换自‘int’时可能会改变结果的符号 [-Wsign-conversion]
  247 |         service->gid = atoi(value);
      |                        ^~~~
kernel/systemd/service.c:251:32: warning: ‘uint64_t’ {或称 ‘long long unsigned int’}转换自‘int’时可能会改变结果的符号 [-Wsign-conversion]
  251 |         service->restart_sec = atoi(value);
      |                                ^~~~
kernel/systemd/service.c:253:41: warning: ‘uint64_t’ {或称 ‘long long unsigned int’}转换自‘int’时可能会改变结果的符号 [-Wsign-conversion]
  253 |         service->start_limit_interval = atoi(value);
      |                                         ^~~~
kernel/systemd/service.c:255:38: warning: ‘uint64_t’ {或称 ‘long long unsigned int’}转换自‘int’时可能会改变结果的符号 [-Wsign-conversion]
  255 |         service->start_limit_burst = atoi(value);
      |                                      ^~~~
kernel/systemd/service.c:284:38: warning: ‘uint64_t’ {或称 ‘long long unsigned int’}转换自‘int’时可能会改变结果的符号 [-Wsign-conversion]
  284 |         service->timeout_start_sec = atoi(value);
      |                                      ^~~~
kernel/systemd/service.c:286:37: warning: ‘uint64_t’ {或称 ‘long long unsigned int’}转换自‘int’时可能会改变结果的符号 [-Wsign-conversion]
  286 |         service->timeout_stop_sec = atoi(value);
      |                                     ^~~~
kernel/systemd/service.c:288:38: warning: ‘uint64_t’ {或称 ‘long long unsigned int’}转换自‘int’时可能会改变结果的符号 [-Wsign-conversion]
  288 |         service->timeout_abort_sec = atoi(value);
      |                                      ^~~~
kernel/systemd/service.c:306:31: warning: ‘uint64_t’ {或称 ‘long long unsigned int’}转换自‘int’时可能会改变结果的符号 [-Wsign-conversion]
  306 |         service->cpu_shares = atoi(value);
      |                               ^~~~
kernel/systemd/service.c: 在函数‘service_build_envp’中:
kernel/systemd/service.c:376:50: warning: ‘long long unsigned int’转换自‘int’时可能会改变结果的符号 [-Wsign-conversion]
  376 |     char** envp = (char**)malloc((total_env + 1) * sizeof(char*));
      |                                                  ^
kernel/systemd/service.c: 在函数‘service_create_dynamic_user’中:
kernel/systemd/service.c:452:20: warning: ‘uint64_t’ {或称 ‘long long unsigned int’}转换自‘int’时可能会改变结果的符号 [-Wsign-conversion]
  452 |     service->uid = 1000 + systemd.service_count;
      |                    ^~~~
In file included from kernel/systemd/service.c:1:
kernel/systemd/service.c: 在函数‘service_setup_watchdog’中:
kernel/systemd/include/systemd.h:9:30: warning: ‘time_t’ {或称 ‘long long int’}转换自‘uint64_t’ {或称 ‘long long unsigned int’}时可能会改变结果的符号 [-Wsign-conversion]
    9 | #define time_get_timestamp() timer_get_jiffies()
      |                              ^~~~~~~~~~~~~~~~~
kernel/systemd/service.c:536:35: note: in expansion of macro ‘time_get_timestamp’
  536 |     service->watchdog_last_ping = time_get_timestamp();
      |                                   ^~~~~~~~~~~~~~~~~~
kernel/systemd/service.c: 在函数‘service_monitor_watchdog’中:
kernel/systemd/include/systemd.h:9:30: warning: ‘time_t’ {或称 ‘long long int’}转换自‘uint64_t’ {或称 ‘long long unsigned int’}时可能会改变结果的符号 [-Wsign-conversion]
    9 | #define time_get_timestamp() timer_get_jiffies()
      |                              ^~~~~~~~~~~~~~~~~
kernel/systemd/service.c:550:43: note: in expansion of macro ‘time_get_timestamp’
  550 |             service->watchdog_last_ping = time_get_timestamp();
      |                                           ^~~~~~~~~~~~~~~~~~
kernel/systemd/service.c: 在函数‘service_check_start_limit’中:
kernel/systemd/include/systemd.h:9:30: warning: ‘time_t’ {或称 ‘long long int’}转换自‘uint64_t’ {或称 ‘long long unsigned int’}时可能会改变结果的符号 [-Wsign-conversion]
    9 | #define time_get_timestamp() timer_get_jiffies()
      |                              ^~~~~~~~~~~~~~~~~
kernel/systemd/service.c:560:18: note: in expansion of macro ‘time_get_timestamp’
  560 |     time_t now = time_get_timestamp();
      |                  ^~~~~~~~~~~~~~~~~~
kernel/systemd/service.c:563:44: warning: comparison of integer expressions of different signedness: ‘time_t’ {或称 ‘long long int’} and ‘uint64_t’ {或称 ‘long long unsigned int’} [-Wsign-compare]
  563 |         if (now - service->last_start_time < service->start_limit_interval) {
      |                                            ^
kernel/systemd/service.c: 在函数‘service_run_command’中:
kernel/systemd/service.c:580:58: warning: 未使用的参数‘working_dir’ [-Wunused-parameter]
  580 | int service_run_command(exec_command_t* cmd, const char* working_dir)
      |                                              ~~~~~~~~~~~~^~~~~~~~~~~
kernel/systemd/service.c: 在函数‘service_start’中:
kernel/systemd/include/systemd.h:9:30: warning: ‘time_t’ {或称 ‘long long int’}转换自‘uint64_t’ {或称 ‘long long unsigned int’}时可能会改变结果的符号 [-Wsign-conversion]
    9 | #define time_get_timestamp() timer_get_jiffies()
      |                              ^~~~~~~~~~~~~~~~~
kernel/systemd/service.c:730:32: note: in expansion of macro ‘time_get_timestamp’
  730 |     service->last_start_time = time_get_timestamp();
      |                                ^~~~~~~~~~~~~~~~~~
kernel/systemd/service.c:782:33: warning: conversion from ‘uint64_t’ {或称 ‘long long unsigned int’} to ‘int’ may change value [-Wconversion]
  782 |             service->main_pid = pid;
      |                                 ^~~
kernel/systemd/service.c:797:31: warning: ISO C 不允许将‘thread_create’的第 1 个实参在函数指针和‘void *’间传递 [-Wpedantic]
  797 |                 thread_create(service_monitor_watchdog, service);
      |                               ^~~~~~~~~~~~~~~~~~~~~~~~
kernel/systemd/include/systemd.h:729:32: note: expected ‘void *’ but argument is of type ‘void (*)(void *)’
  729 | extern int thread_create(void* entry, void* arg);
      |                          ~~~~~~^~~~~
kernel/systemd/include/systemd.h:9:30: warning: ‘time_t’ {或称 ‘long long int’}转换自‘uint64_t’ {或称 ‘long long unsigned int’}时可能会改变结果的符号 [-Wsign-conversion]
    9 | #define time_get_timestamp() timer_get_jiffies()
      |                              ^~~~~~~~~~~~~~~~~
kernel/systemd/service.c:810:39: note: in expansion of macro ‘time_get_timestamp’
  810 |             service->last_exit_time = time_get_timestamp();
      |                                       ^~~~~~~~~~~~~~~~~~
kernel/systemd/service.c:841:33: warning: conversion from ‘uint64_t’ {或称 ‘long long unsigned int’} to ‘int’ may change value [-Wconversion]
  841 |             service->main_pid = pid;
      |                                 ^~~
kernel/systemd/service.c:852:31: warning: ISO C 不允许将‘thread_create’的第 1 个实参在函数指针和‘void *’间传递 [-Wpedantic]
  852 |                 thread_create(service_monitor_watchdog, service);
      |                               ^~~~~~~~~~~~~~~~~~~~~~~~
kernel/systemd/include/systemd.h:729:32: note: expected ‘void *’ but argument is of type ‘void (*)(void *)’
  729 | extern int thread_create(void* entry, void* arg);
      |                          ~~~~~~^~~~~
kernel/systemd/service.c:898:33: warning: conversion from ‘uint64_t’ {或称 ‘long long unsigned int’} to ‘int’ may change value [-Wconversion]
  898 |             service->main_pid = pid;
      |                                 ^~~
kernel/systemd/service.c:913:31: warning: ISO C 不允许将‘thread_create’的第 1 个实参在函数指针和‘void *’间传递 [-Wpedantic]
  913 |                 thread_create(service_monitor_watchdog, service);
      |                               ^~~~~~~~~~~~~~~~~~~~~~~~
kernel/systemd/include/systemd.h:729:32: note: expected ‘void *’ but argument is of type ‘void (*)(void *)’
  729 | extern int thread_create(void* entry, void* arg);
      |                          ~~~~~~^~~~~
kernel/systemd/service.c:932:33: warning: conversion from ‘uint64_t’ {或称 ‘long long unsigned int’} to ‘int’ may change value [-Wconversion]
  932 |             service->main_pid = pid;
      |                                 ^~~
kernel/systemd/service.c:947:31: warning: ISO C 不允许将‘thread_create’的第 1 个实参在函数指针和‘void *’间传递 [-Wpedantic]
  947 |                 thread_create(service_monitor_watchdog, service);
      |                               ^~~~~~~~~~~~~~~~~~~~~~~~
kernel/systemd/include/systemd.h:729:32: note: expected ‘void *’ but argument is of type ‘void (*)(void *)’
  729 | extern int thread_create(void* entry, void* arg);
      |                          ~~~~~~^~~~~
kernel/systemd/include/systemd.h:9:30: warning: ‘time_t’ {或称 ‘long long int’}转换自‘uint64_t’ {或称 ‘long long unsigned int’}时可能会改变结果的符号 [-Wsign-conversion]
    9 | #define time_get_timestamp() timer_get_jiffies()
      |                              ^~~~~~~~~~~~~~~~~
kernel/systemd/service.c:965:39: note: in expansion of macro ‘time_get_timestamp’
  965 |         service->watchdog_last_ping = time_get_timestamp();
      |                                       ^~~~~~~~~~~~~~~~~~
kernel/systemd/service.c: 在函数‘service_stop’中:
kernel/systemd/service.c:1009:57: warning: comparison of integer expressions of different signedness: ‘int’ and ‘uint64_t’ {或称 ‘long long unsigned int’} [-Wsign-compare]
 1009 |         if (service->main_pid != 0 && service->main_pid != service->pid) {
      |                                                         ^~
kernel/systemd/service.c:1010:33: warning: ‘uint64_t’ {或称 ‘long long unsigned int’}转换自‘int’时可能会改变结果的符号 [-Wsign-conversion]
 1010 |             process_kill(service->main_pid, service->kill_signal);
      |                          ~~~~~~~^~~~~~~~~~
kernel/systemd/include/systemd.h:9:30: warning: ‘time_t’ {或称 ‘long long int’}转换自‘uint64_t’ {或称 ‘long long unsigned int’}时可能会改变结果的符号 [-Wsign-conversion]
    9 | #define time_get_timestamp() timer_get_jiffies()
      |                              ^~~~~~~~~~~~~~~~~
kernel/systemd/service.c:1054:31: note: in expansion of macro ‘time_get_timestamp’
 1054 |     service->last_exit_time = time_get_timestamp();
      |                               ^~~~~~~~~~~~~~~~~~
kernel/systemd/service.c: 在函数‘service_check_watchdog’中:
kernel/systemd/include/systemd.h:9:30: warning: ‘time_t’ {或称 ‘long long int’}转换自‘uint64_t’ {或称 ‘long long unsigned int’}时可能会改变结果的符号 [-Wsign-conversion]
    9 | #define time_get_timestamp() timer_get_jiffies()
      |                              ^~~~~~~~~~~~~~~~~
kernel/systemd/service.c:1132:18: note: in expansion of macro ‘time_get_timestamp’
 1132 |     time_t now = time_get_timestamp();
      |                  ^~~~~~~~~~~~~~~~~~
kernel/systemd/service.c:1133:27: warning: ‘uint64_t’ {或称 ‘long long unsigned int’}转换自‘time_t’ {或称 ‘long long int’}时可能会改变结果的符号 [-Wsign-conversion]
 1133 |     uint64_t elapsed_ms = (now - service->watchdog_last_ping) * 1000;
      |                           ^
kernel/systemd/service.c: 在函数‘service_monitor’中:
kernel/systemd/include/systemd.h:9:30: warning: ‘time_t’ {或称 ‘long long int’}转换自‘uint64_t’ {或称 ‘long long unsigned int’}时可能会改变结果的符号 [-Wsign-conversion]
    9 | #define time_get_timestamp() timer_get_jiffies()
      |                              ^~~~~~~~~~~~~~~~~
kernel/systemd/service.c:1154:35: note: in expansion of macro ‘time_get_timestamp’
 1154 |         service->last_exit_time = time_get_timestamp();
      |                                   ^~~~~~~~~~~~~~~~~~
kernel/systemd/include/systemd.h:9:30: warning: ‘time_t’ {或称 ‘long long int’}转换自‘uint64_t’ {或称 ‘long long unsigned int’}时可能会改变结果的符号 [-Wsign-conversion]
    9 | #define time_get_timestamp() timer_get_jiffies()
      |                              ^~~~~~~~~~~~~~~~~
kernel/systemd/service.c:1171:35: note: in expansion of macro ‘time_get_timestamp’
 1171 |         service->last_exit_time = time_get_timestamp();
      |                                   ^~~~~~~~~~~~~~~~~~
kernel/systemd/mount.c: 在函数‘parse_mount_config’中:
kernel/systemd/mount.c:66:36: warning: ‘uint64_t’ {或称 ‘long long unsigned int’}转换自‘int’时可能会改变结果的符号 [-Wsign-conversion]
   66 |                 mount->dump_freq = atoi(value);
      |                                    ^~~~
kernel/systemd/mount.c:68:35: warning: ‘uint64_t’ {或称 ‘long long unsigned int’}转换自‘int’时可能会改变结果的符号 [-Wsign-conversion]
   68 |                 mount->pass_num = atoi(value);
      |                                   ^~~~
<3> Building kernel/systemd/journalctl.c
<2> Building kernel/systemd/journal.c
kernel/systemd/journalctl.c: 在函数‘journalctl_print_entry’中:
kernel/systemd/journalctl.c:53:52: warning: ‘int’转换自‘uint32_t’ {或称 ‘unsigned int’}时可能会改变结果的符号 [-Wsign-conversion]
   53 |     const char* prio_str = priority_to_string(entry->priority);
      |                                               ~~~~~^~~~~~~~~~
kernel/systemd/journalctl.c: 在函数‘journalctl_main’中:
kernel/systemd/journalctl.c:104:31: warning: ‘uint64_t’ {或称 ‘long long unsigned int’}转换自‘int’时可能会改变结果的符号 [-Wsign-conversion]
  104 |                 query.since = parse_time(argv[++i]);
      |                               ^~~~~~~~~~
kernel/systemd/journalctl.c:108:31: warning: ‘uint64_t’ {或称 ‘long long unsigned int’}转换自‘int’时可能会改变结果的符号 [-Wsign-conversion]
  108 |                 query.until = parse_time(argv[++i]);
      |                               ^~~~~~~~~~
kernel/systemd/journalctl.c:151:42: warning: comparison of integer expressions of different signedness: ‘time_t’ {或称 ‘long long int’} and ‘uint64_t’ {或称 ‘long long unsigned int’} [-Wsign-compare]
  151 |                 if (entries[i].timestamp > last_timestamp) {
      |                                          ^
kernel/systemd/journalctl.c:152:38: warning: ‘uint64_t’ {或称 ‘long long unsigned int’}转换自‘time_t’ {或称 ‘long long int’}时可能会改变结果的符号 [-Wsign-conversion]
  152 |                     last_timestamp = entries[i].timestamp;
      |                                      ^~~~~~~
kernel/systemd/journal.c: 在函数‘journal_crc32’中:
kernel/systemd/journal.c:99:24: warning: conversion from ‘size_t’ {或称 ‘long long unsigned int’} to ‘uint32_t’ {或称 ‘unsigned int’} may change value [-Wconversion]
   99 |     return crc32(data, len);
      |                        ^~~
kernel/systemd/journal.c: 在函数‘journal_update_header’中:
kernel/systemd/journal.c:148:24: warning: ‘long long unsigned int’转换自‘int’时可能会改变结果的符号 [-Wsign-conversion]
  148 |         .entry_count = journal_index.count,
      |                        ^~~~~~~~~~~~~
kernel/systemd/journal.c: 在函数‘journal_write_binary’中:
kernel/systemd/journal.c:191:33: warning: ‘uint64_t’ {或称 ‘long long unsigned int’}转换自‘int’时可能会改变结果的符号 [-Wsign-conversion]
  191 |             journal_file_size = vfs_lseek(journal_fd, 0, SEEK_END);
      |                                 ^~~~~~~~~
kernel/systemd/journal.c:201:25: warning: conversion from ‘size_t’ {或称 ‘long long unsigned int’} to ‘uint32_t’ {或称 ‘unsigned int’} may change value [-Wconversion]
  201 |     uint32_t unit_len = strlen(entry->unit);
      |                         ^~~~~~
kernel/systemd/journal.c:202:24: warning: conversion from ‘size_t’ {或称 ‘long long unsigned int’} to ‘uint32_t’ {或称 ‘unsigned int’} may change value [-Wconversion]
  202 |     uint32_t msg_len = strlen(entry->message);
      |                        ^~~~~~
kernel/systemd/journal.c:203:25: warning: conversion from ‘size_t’ {或称 ‘long long unsigned int’} to ‘uint32_t’ {或称 ‘unsigned int’} may change value [-Wconversion]
  203 |     uint32_t comm_len = strlen(entry->comm);
      |                         ^~~~~~
kernel/systemd/journal.c:215:23: warning: ‘uint64_t’ {或称 ‘long long unsigned int’}转换自‘time_t’ {或称 ‘long long int’}时可能会改变结果的符号 [-Wsign-conversion]
  215 |     *(uint64_t*)ptr = entry->timestamp; ptr += sizeof(uint64_t);
      |                       ^~~~~
kernel/systemd/journal.c:225:27: warning: ‘int64_t’ {或称 ‘long long int’}转换自‘uint64_t’ {或称 ‘long long unsigned int’}时可能会改变结果的符号 [-Wsign-conversion]
  225 |     vfs_lseek(journal_fd, offset, SEEK_SET);
      |                           ^~~~~~
kernel/systemd/journal.c:232:64: warning: ‘uint64_t’ {或称 ‘long long unsigned int’}转换自‘time_t’ {或称 ‘long long int’}时可能会改变结果的符号 [-Wsign-conversion]
  232 |         journal_index.entries[journal_index.count].timestamp = entry->timestamp;
      |                                                                ^~~~~
kernel/systemd/journal.c:236:40: warning: ‘uint64_t’ {或称 ‘long long unsigned int’}转换自‘time_t’ {或称 ‘long long int’}时可能会改变结果的符号 [-Wsign-conversion]
  236 |         journal_index.last_timestamp = entry->timestamp;
      |                                        ^~~~~
kernel/systemd/journal.c: 在函数‘journal_read_binary’中:
kernel/systemd/journal.c:254:27: warning: ‘int64_t’ {或称 ‘long long int’}转换自‘uint64_t’ {或称 ‘long long unsigned int’}时可能会改变结果的符号 [-Wsign-conversion]
  254 |     vfs_lseek(journal_fd, offset, SEEK_SET);
      |                           ^~~~~~
In file included from kernel/systemd/journal.c:1:
kernel/systemd/journal.c: 在函数‘journal_log’中:
kernel/systemd/include/systemd.h:9:30: warning: ‘time_t’ {或称 ‘long long int’}转换自‘uint64_t’ {或称 ‘long long unsigned int’}时可能会改变结果的符号 [-Wsign-conversion]
    9 | #define time_get_timestamp() timer_get_jiffies()
      |                              ^~~~~~~~~~~~~~~~~
kernel/systemd/journal.c:279:23: note: in expansion of macro ‘time_get_timestamp’
  279 |     entry.timestamp = time_get_timestamp();
      |                       ^~~~~~~~~~~~~~~~~~
kernel/systemd/journal.c:280:22: warning: ‘uint32_t’ {或称 ‘unsigned int’}转换自‘int’时可能会改变结果的符号 [-Wsign-conversion]
  280 |     entry.priority = priority;
      |                      ^~~~~~~~
kernel/systemd/journal.c: 在函数‘journal_query’中:
kernel/systemd/journal.c:366:57: warning: comparison of integer expressions of different signedness: ‘uint32_t’ {或称 ‘unsigned int’} and ‘int’ [-Wsign-compare]
  366 |         if (query->priority >= 0 && idx_entry->priority > query->priority) {
      |                                                         ^
kernel/systemd/journal.c:370:13: warning: the comparison will always evaluate as ‘true’ for the address of ‘unit’ will never be NULL [-Waddress]
  370 |         if (query->unit && strlen(query->unit) > 0) {
      |             ^~~~~
kernel/systemd/include/systemd.h:551:10: note: ‘unit’在此声明
  551 |     char unit[SYSTEMD_MAX_NAME];
      |          ^~~~
kernel/systemd/journal.c: 在函数‘journal_count’中:
kernel/systemd/journal.c:410:57: warning: comparison of integer expressions of different signedness: ‘uint32_t’ {或称 ‘unsigned int’} and ‘int’ [-Wsign-compare]
  410 |         if (query->priority >= 0 && idx_entry->priority > query->priority) {
      |                                                         ^
kernel/systemd/journal.c:414:13: warning: the comparison will always evaluate as ‘true’ for the address of ‘unit’ will never be NULL [-Waddress]
  414 |         if (query->unit && strlen(query->unit) > 0) {
      |             ^~~~~
kernel/systemd/include/systemd.h:551:10: note: ‘unit’在此声明
  551 |     char unit[SYSTEMD_MAX_NAME];
      |          ^~~~
kernel/systemd/journal.c: 在文件作用域：
kernel/systemd/journal.c:88:13: warning: ‘journal_current_file’ 在此处定义 [-Wunused-variable]
   88 | static char journal_current_file[SYSTEMD_MAX_PATH_LEN];
      |             ^~~~~~~~~~~~~~~~~~~~
<3> Building kernel/systemd/fstab.c
kernel/systemd/fstab.c: 在函数‘parse_fstab_line’中:
kernel/systemd/fstab.c:39:24: warning: ‘uint64_t’ {或称 ‘long long unsigned int’}转换自‘int’时可能会改变结果的符号 [-Wsign-conversion]
   39 |     entry->dump_freq = atoi(token);
      |                        ^~~~
kernel/systemd/fstab.c:43:23: warning: ‘uint64_t’ {或称 ‘long long unsigned int’}转换自‘int’时可能会改变结果的符号 [-Wsign-conversion]
   43 |     entry->pass_num = atoi(token);
      |                       ^~~~
在函数‘parse_service_section’中,
    内联自‘service_load’于 kernel/systemd/service.c:682:17:
kernel/systemd/service.c:310:13: warning: ‘end’ may be used uninitialized [-Wmaybe-uninitialized]
  310 |         if (*end == 'M') service->memory_limit *= 1024 * 1024;
      |             ^~~~
kernel/systemd/service.c: 在函数‘service_load’中:
kernel/systemd/service.c:308:15: note: ‘end’在此声明
  308 |         char* end;
      |               ^~~
在函数‘parse_service_section’中,
    内联自‘service_load’于 kernel/systemd/service.c:682:17:
kernel/systemd/service.c:315:13: warning: ‘end’ may be used uninitialized [-Wmaybe-uninitialized]
  315 |         if (*end == 'M') service->memory_max *= 1024 * 1024;
      |             ^~~~
kernel/systemd/service.c: 在函数‘service_load’中:
kernel/systemd/service.c:313:15: note: ‘end’在此声明
  313 |         char* end;
      |               ^~~
在函数‘parse_service_section’中,
    内联自‘service_load’于 kernel/systemd/service.c:682:17:
kernel/systemd/service.c:320:13: warning: ‘end’ may be used uninitialized [-Wmaybe-uninitialized]
  320 |         if (*end == 'M') service->memory_high *= 1024 * 1024;
      |             ^~~~
kernel/systemd/service.c: 在函数‘service_load’中:
kernel/systemd/service.c:318:15: note: ‘end’在此声明
  318 |         char* end;
      |               ^~~
在函数‘parse_service_section’中,
    内联自‘service_load’于 kernel/systemd/service.c:682:17:
kernel/systemd/service.c:325:13: warning: ‘end’ may be used uninitialized [-Wmaybe-uninitialized]
  325 |         if (*end == 'M') service->memory_low *= 1024 * 1024;
      |             ^~~~
kernel/systemd/service.c: 在函数‘service_load’中:
kernel/systemd/service.c:323:15: note: ‘end’在此声明
  323 |         char* end;
      |               ^~~
<3> Building kernel/systemd/device.c
<2> Building kernel/systemd/automount.c
kernel/systemd/automount.c:7:25: warning: ‘parse_automount_type’ 在此处定义 [-Wunused-function]
    7 | static automount_type_t parse_automount_type(const char* type)
      |                         ^~~~~~~~~~~~~~~~~~~~
-- Enter folder kernel/lib/libc --
<3> Building kernel/lib/libc/vsprintf.c
kernel/lib/libc/vsprintf.c: 在函数‘vsprintf’中:
kernel/lib/libc/vsprintf.c:27:35: warning: conversion from ‘int’ to ‘char’ may change value [-Wconversion]
   27 |                     buffer[i++] = '0' + (n % 10);
      |                                   ^~~
kernel/lib/libc/vsprintf.c:40:29: warning: ‘i’上的运算结果可能是未定义的 [-Wsequence-point]
   40 |                     buffer[i++] = (digit < 10) ? ('0' + digit) : ((format[i] == 'X') ? ('A' + digit - 10) : ('a' + digit - 10));
      |                            ~^~
<2> Building kernel/lib/libc/unistd.c
<1> Building kernel/lib/libc/time.c
kernel/lib/libc/unistd.c: 在函数‘execve’中:
kernel/lib/libc/unistd.c:415:38: warning: 将一个指针转换为大小不同的整数 [-Wpointer-to-int-cast]
  415 |     return (int)syscall3(SYS_execve, (long)filename, (long)argv, (long)envp);
      |                                      ^
kernel/lib/libc/unistd.c:415:54: warning: 将一个指针转换为大小不同的整数 [-Wpointer-to-int-cast]
  415 |     return (int)syscall3(SYS_execve, (long)filename, (long)argv, (long)envp);
      |                                                      ^
kernel/lib/libc/unistd.c:415:66: warning: 将一个指针转换为大小不同的整数 [-Wpointer-to-int-cast]
  415 |     return (int)syscall3(SYS_execve, (long)filename, (long)argv, (long)envp);
      |                                                                  ^
kernel/lib/libc/unistd.c: 在函数‘wait’中:
kernel/lib/libc/unistd.c:430:41: warning: 将一个指针转换为大小不同的整数 [-Wpointer-to-int-cast]
  430 |     return (int)syscall4(SYS_wait4, -1, (long)status, 0, 0);
      |                                         ^
kernel/lib/libc/unistd.c: 在函数‘waitpid’中:
kernel/lib/libc/unistd.c:435:42: warning: 将一个指针转换为大小不同的整数 [-Wpointer-to-int-cast]
  435 |     return (int)syscall4(SYS_wait4, pid, (long)status, options, 0);
      |                                          ^
kernel/lib/libc/unistd.c: 在函数‘pipe’中:
kernel/lib/libc/unistd.c:440:36: warning: 将一个指针转换为大小不同的整数 [-Wpointer-to-int-cast]
  440 |     return (int)syscall1(SYS_pipe, (long)pipefd);
      |                                    ^
kernel/lib/libc/unistd.c: 在函数‘chdir’中:
kernel/lib/libc/unistd.c:455:37: warning: 将一个指针转换为大小不同的整数 [-Wpointer-to-int-cast]
  455 |     return (int)syscall1(SYS_chdir, (long)path);
      |                                     ^
kernel/lib/libc/unistd.c: 在函数‘getcwd’中:
kernel/lib/libc/unistd.c:460:37: warning: 将一个指针转换为大小不同的整数 [-Wpointer-to-int-cast]
  460 |     long ret = syscall2(SYS_getcwd, (long)buf, size);
      |                                     ^
kernel/lib/libc/unistd.c:460:48: warning: conversion from ‘size_t’ {或称 ‘long long unsigned int’} to ‘long int’ may change value [-Wconversion]
  460 |     long ret = syscall2(SYS_getcwd, (long)buf, size);
      |                                                ^~~~
kernel/lib/libc/unistd.c: 在函数‘read’中:
kernel/lib/libc/unistd.c:472:40: warning: 将一个指针转换为大小不同的整数 [-Wpointer-to-int-cast]
  472 |     return (int)syscall3(SYS_read, fd, (long)buf, count);
      |                                        ^
kernel/lib/libc/unistd.c:472:51: warning: conversion from ‘size_t’ {或称 ‘long long unsigned int’} to ‘long int’ may change value [-Wconversion]
  472 |     return (int)syscall3(SYS_read, fd, (long)buf, count);
      |                                                   ^~~~~
kernel/lib/libc/unistd.c: 在函数‘write’中:
kernel/lib/libc/unistd.c:477:41: warning: 将一个指针转换为大小不同的整数 [-Wpointer-to-int-cast]
  477 |     return (int)syscall3(SYS_write, fd, (long)buf, count);
      |                                         ^
kernel/lib/libc/unistd.c:477:52: warning: conversion from ‘size_t’ {或称 ‘long long unsigned int’} to ‘long int’ may change value [-Wconversion]
  477 |     return (int)syscall3(SYS_write, fd, (long)buf, count);
      |                                                    ^~~~~
kernel/lib/libc/unistd.c: 在函数‘open’中:
kernel/lib/libc/unistd.c:488:36: warning: 将一个指针转换为大小不同的整数 [-Wpointer-to-int-cast]
  488 |     return (int)syscall3(SYS_open, (long)pathname, flags, mode);
      |                                    ^
kernel/lib/libc/unistd.c:488:59: warning: conversion from ‘mode_t’ {或称 ‘long long unsigned int’} to ‘long int’ may change value [-Wconversion]
  488 |     return (int)syscall3(SYS_open, (long)pathname, flags, mode);
      |                                                           ^~~~
kernel/lib/libc/unistd.c: 在函数‘creat’中:
kernel/lib/libc/unistd.c:493:37: warning: 将一个指针转换为大小不同的整数 [-Wpointer-to-int-cast]
  493 |     return (int)syscall2(SYS_creat, (long)pathname, mode);
      |                                     ^
kernel/lib/libc/unistd.c:493:53: warning: conversion from ‘mode_t’ {或称 ‘long long unsigned int’} to ‘long int’ may change value [-Wconversion]
  493 |     return (int)syscall2(SYS_creat, (long)pathname, mode);
      |                                                     ^~~~
kernel/lib/libc/unistd.c: 在函数‘lseek’中:
kernel/lib/libc/unistd.c:498:36: warning: conversion from ‘off_t’ {或称 ‘long long int’} to ‘long int’ may change value [-Wconversion]
  498 |     return syscall3(SYS_lseek, fd, offset, whence);
      |                                    ^~~~~~
kernel/lib/libc/unistd.c: 在函数‘sleep’中:
kernel/lib/libc/unistd.c:507:36: warning: 将一个指针转换为大小不同的整数 [-Wpointer-to-int-cast]
  507 |     while (syscall2(SYS_nanosleep, (long)&req, (long)&rem) < 0) {
      |                                    ^
kernel/lib/libc/unistd.c:507:48: warning: 将一个指针转换为大小不同的整数 [-Wpointer-to-int-cast]
  507 |     while (syscall2(SYS_nanosleep, (long)&req, (long)&rem) < 0) {
      |                                                ^
kernel/lib/libc/unistd.c: 在函数‘unlink’中:
kernel/lib/libc/unistd.c:517:38: warning: 将一个指针转换为大小不同的整数 [-Wpointer-to-int-cast]
  517 |     return (int)syscall1(SYS_unlink, (long)pathname);
      |                                      ^
kernel/lib/libc/unistd.c: 在函数‘rename’中:
kernel/lib/libc/unistd.c:522:38: warning: 将一个指针转换为大小不同的整数 [-Wpointer-to-int-cast]
  522 |     return (int)syscall2(SYS_rename, (long)oldpath, (long)newpath);
      |                                      ^
kernel/lib/libc/unistd.c:522:53: warning: 将一个指针转换为大小不同的整数 [-Wpointer-to-int-cast]
  522 |     return (int)syscall2(SYS_rename, (long)oldpath, (long)newpath);
      |                                                     ^
kernel/lib/libc/unistd.c: 在函数‘mkdir’中:
kernel/lib/libc/unistd.c:527:37: warning: 将一个指针转换为大小不同的整数 [-Wpointer-to-int-cast]
  527 |     return (int)syscall2(SYS_mkdir, (long)pathname, mode);
      |                                     ^
kernel/lib/libc/unistd.c:527:53: warning: conversion from ‘mode_t’ {或称 ‘long long unsigned int’} to ‘long int’ may change value [-Wconversion]
  527 |     return (int)syscall2(SYS_mkdir, (long)pathname, mode);
      |                                                     ^~~~
kernel/lib/libc/unistd.c: 在函数‘rmdir’中:
kernel/lib/libc/unistd.c:532:37: warning: 将一个指针转换为大小不同的整数 [-Wpointer-to-int-cast]
  532 |     return (int)syscall1(SYS_rmdir, (long)pathname);
      |                                     ^
kernel/lib/libc/unistd.c: 在函数‘chmod’中:
kernel/lib/libc/unistd.c:537:37: warning: 将一个指针转换为大小不同的整数 [-Wpointer-to-int-cast]
  537 |     return (int)syscall2(SYS_chmod, (long)pathname, mode);
      |                                     ^
kernel/lib/libc/unistd.c:537:53: warning: conversion from ‘mode_t’ {或称 ‘long long unsigned int’} to ‘long int’ may change value [-Wconversion]
  537 |     return (int)syscall2(SYS_chmod, (long)pathname, mode);
      |                                                     ^~~~
kernel/lib/libc/unistd.c: 在函数‘chown’中:
kernel/lib/libc/unistd.c:542:37: warning: 将一个指针转换为大小不同的整数 [-Wpointer-to-int-cast]
  542 |     return (int)syscall3(SYS_chown, (long)pathname, owner, group);
      |                                     ^
kernel/lib/libc/time.c: 在函数‘bcd_to_bin’中:
kernel/lib/libc/time.c:34:30: warning: conversion from ‘int’ to ‘uint8_t’ {或称 ‘unsigned char’} may change value [-Wconversion]
   34 |     return ((bcd >> 4) * 10) + (bcd & 0x0F);
      |            ~~~~~~~~~~~~~~~~~~^~~~~~~~~~~~~~
kernel/lib/libc/time.c: 在函数‘rtc_to_tm’中:
kernel/lib/libc/time.c:107:16: warning: conversion from ‘int’ to ‘uint8_t’ {或称 ‘unsigned char’} may change value [-Wconversion]
  107 |         hour = ((hour & 0x7F) % 12) + 12;
      |                ^
kernel/lib/libc/time.c: 在函数‘asctime’中:
kernel/lib/libc/time.c:229:13: warning: conversion from ‘int’ to ‘char’ may change value [-Wconversion]
  229 |     p[8]  = '0' + (tm->tm_mday / 10);
      |             ^~~
kernel/lib/libc/time.c:230:13: warning: conversion from ‘int’ to ‘char’ may change value [-Wconversion]
  230 |     p[9]  = '0' + (tm->tm_mday % 10);
      |             ^~~
<3> Building kernel/lib/libc/string.c
kernel/lib/libc/time.c:232:13: warning: conversion from ‘int’ to ‘char’ may change value [-Wconversion]
  232 |     p[11] = '0' + (tm->tm_hour / 10);
      |             ^~~
kernel/lib/libc/time.c:233:13: warning: conversion from ‘int’ to ‘char’ may change value [-Wconversion]
  233 |     p[12] = '0' + (tm->tm_hour % 10);
      |             ^~~
kernel/lib/libc/time.c:235:13: warning: conversion from ‘int’ to ‘char’ may change value [-Wconversion]
  235 |     p[14] = '0' + (tm->tm_min / 10);
      |             ^~~
kernel/lib/libc/time.c:236:13: warning: conversion from ‘int’ to ‘char’ may change value [-Wconversion]
  236 |     p[15] = '0' + (tm->tm_min % 10);
      |             ^~~
kernel/lib/libc/time.c:238:13: warning: conversion from ‘int’ to ‘char’ may change value [-Wconversion]
  238 |     p[17] = '0' + (tm->tm_sec / 10);
      |             ^~~
kernel/lib/libc/time.c:239:13: warning: conversion from ‘int’ to ‘char’ may change value [-Wconversion]
  239 |     p[18] = '0' + (tm->tm_sec % 10);
      |             ^~~
kernel/lib/libc/time.c:242:13: warning: conversion from ‘int’ to ‘char’ may change value [-Wconversion]
  242 |     p[20] = '0' + (yr / 1000);
      |             ^~~
kernel/lib/libc/time.c:243:13: warning: conversion from ‘int’ to ‘char’ may change value [-Wconversion]
  243 |     p[21] = '0' + ((yr / 100) % 10);
      |             ^~~
kernel/lib/libc/time.c:244:13: warning: conversion from ‘int’ to ‘char’ may change value [-Wconversion]
  244 |     p[22] = '0' + ((yr / 10) % 10);
      |             ^~~
kernel/lib/libc/time.c:245:13: warning: conversion from ‘int’ to ‘char’ may change value [-Wconversion]
  245 |     p[23] = '0' + (yr % 10);
      |             ^~~
kernel/lib/libc/time.c: 在函数‘strftime’中:
kernel/lib/libc/time.c:296:26: warning: conversion from ‘int’ to ‘char’ may change value [-Wconversion]
  296 |                 tmp[0] = '0' + (tm->tm_mday / 10);
      |                          ^~~
kernel/lib/libc/time.c:297:26: warning: conversion from ‘int’ to ‘char’ may change value [-Wconversion]
  297 |                 tmp[1] = '0' + (tm->tm_mday % 10);
      |                          ^~~
kernel/lib/libc/time.c:301:26: warning: conversion from ‘int’ to ‘char’ may change value [-Wconversion]
  301 |                 tmp[0] = '0' + (tm->tm_hour / 10);
      |                          ^~~
kernel/lib/libc/time.c:302:26: warning: conversion from ‘int’ to ‘char’ may change value [-Wconversion]
  302 |                 tmp[1] = '0' + (tm->tm_hour % 10);
      |                          ^~~
kernel/lib/libc/time.c:306:26: warning: conversion from ‘int’ to ‘char’ may change value [-Wconversion]
  306 |                 tmp[0] = '0' + (tm->tm_min / 10);
      |                          ^~~
kernel/lib/libc/time.c:307:26: warning: conversion from ‘int’ to ‘char’ may change value [-Wconversion]
  307 |                 tmp[1] = '0' + (tm->tm_min % 10);
      |                          ^~~
kernel/lib/libc/time.c:311:26: warning: conversion from ‘int’ to ‘char’ may change value [-Wconversion]
  311 |                 tmp[0] = '0' + ((tm->tm_mon + 1) / 10);
      |                          ^~~
kernel/lib/libc/time.c:312:26: warning: conversion from ‘int’ to ‘char’ may change value [-Wconversion]
  312 |                 tmp[1] = '0' + ((tm->tm_mon + 1) % 10);
      |                          ^~~
kernel/lib/libc/time.c:316:26: warning: conversion from ‘int’ to ‘char’ may change value [-Wconversion]
  316 |                 tmp[0] = '0' + (tm->tm_sec / 10);
      |                          ^~~
kernel/lib/libc/time.c:317:26: warning: conversion from ‘int’ to ‘char’ may change value [-Wconversion]
  317 |                 tmp[1] = '0' + (tm->tm_sec % 10);
      |                          ^~~
kernel/lib/libc/time.c:323:30: warning: conversion from ‘int’ to ‘char’ may change value [-Wconversion]
  323 |                     tmp[0] = '0' + (yr / 1000);
      |                              ^~~
kernel/lib/libc/time.c:324:30: warning: conversion from ‘int’ to ‘char’ may change value [-Wconversion]
  324 |                     tmp[1] = '0' + ((yr / 100) % 10);
      |                              ^~~
kernel/lib/libc/time.c:325:30: warning: conversion from ‘int’ to ‘char’ may change value [-Wconversion]
  325 |                     tmp[2] = '0' + ((yr / 10) % 10);
      |                              ^~~
kernel/lib/libc/time.c:326:30: warning: conversion from ‘int’ to ‘char’ may change value [-Wconversion]
  326 |                     tmp[3] = '0' + (yr % 10);
      |                              ^~~
<2> Building kernel/lib/libc/stdlib.c
In file included from kernel/lib/libc/stdlib.c:3:
include/kapi_syscall.h: 在函数‘sys_read’中:
include/kapi_syscall.h:494:38: warning: 将一个指针转换为大小不同的整数 [-Wpointer-to-int-cast]
  494 | { return kapi_syscall3(SYS_read, fd, (long)buf, count); }
      |                                      ^
include/kapi_syscall.h:494:49: warning: conversion from ‘size_t’ {或称 ‘long long unsigned int’} to ‘long int’ may change value [-Wconversion]
  494 | { return kapi_syscall3(SYS_read, fd, (long)buf, count); }
      |                                                 ^~~~~
include/kapi_syscall.h: 在函数‘sys_write’中:
include/kapi_syscall.h:497:39: warning: 将一个指针转换为大小不同的整数 [-Wpointer-to-int-cast]
  497 | { return kapi_syscall3(SYS_write, fd, (long)buf, count); }
      |                                       ^
include/kapi_syscall.h:497:50: warning: conversion from ‘size_t’ {或称 ‘long long unsigned int’} to ‘long int’ may change value [-Wconversion]
  497 | { return kapi_syscall3(SYS_write, fd, (long)buf, count); }
      |                                                  ^~~~~
include/kapi_syscall.h: 在函数‘sys_open’中:
include/kapi_syscall.h:500:34: warning: 将一个指针转换为大小不同的整数 [-Wpointer-to-int-cast]
  500 | { return kapi_syscall3(SYS_open, (long)pathname, flags, mode); }
      |                                  ^
include/kapi_syscall.h: 在函数‘sys_mmap’中:
include/kapi_syscall.h:509:34: warning: 将一个指针转换为大小不同的整数 [-Wpointer-to-int-cast]
  509 | { return kapi_syscall6(SYS_mmap, (long)addr, length, prot, flags, fd, offset); }
      |                                  ^
include/kapi_syscall.h:509:46: warning: conversion from ‘size_t’ {或称 ‘long long unsigned int’} to ‘long int’ may change value [-Wconversion]
  509 | { return kapi_syscall6(SYS_mmap, (long)addr, length, prot, flags, fd, offset); }
      |                                              ^~~~~~
include/kapi_syscall.h: 在函数‘sys_munmap’中:
include/kapi_syscall.h:512:36: warning: 将一个指针转换为大小不同的整数 [-Wpointer-to-int-cast]
  512 | { return kapi_syscall2(SYS_munmap, (long)addr, length); }
      |                                    ^
include/kapi_syscall.h:512:48: warning: conversion from ‘size_t’ {或称 ‘long long unsigned int’} to ‘long int’ may change value [-Wconversion]
  512 | { return kapi_syscall2(SYS_munmap, (long)addr, length); }
      |                                                ^~~~~~
include/kapi_syscall.h: 在函数‘sys_mprotect’中:
include/kapi_syscall.h:515:38: warning: 将一个指针转换为大小不同的整数 [-Wpointer-to-int-cast]
  515 | { return kapi_syscall3(SYS_mprotect, (long)addr, len, prot); }
      |                                      ^
include/kapi_syscall.h:515:50: warning: conversion from ‘size_t’ {或称 ‘long long unsigned int’} to ‘long int’ may change value [-Wconversion]
  515 | { return kapi_syscall3(SYS_mprotect, (long)addr, len, prot); }
      |                                                  ^~~
include/kapi_syscall.h: 在函数‘sys_brk’中:
include/kapi_syscall.h:518:33: warning: 将一个指针转换为大小不同的整数 [-Wpointer-to-int-cast]
  518 | { return kapi_syscall1(SYS_brk, (long)addr); }
      |                                 ^
include/kapi_syscall.h: 在函数‘sys_clone’中:
include/kapi_syscall.h:527:42: warning: 将一个指针转换为大小不同的整数 [-Wpointer-to-int-cast]
  527 | { return kapi_syscall5(SYS_clone, flags, (long)stack, (long)ptid, (long)ctid, tls); }
      |                                          ^
include/kapi_syscall.h:527:55: warning: 将一个指针转换为大小不同的整数 [-Wpointer-to-int-cast]
  527 | { return kapi_syscall5(SYS_clone, flags, (long)stack, (long)ptid, (long)ctid, tls); }
      |                                                       ^
include/kapi_syscall.h:527:67: warning: 将一个指针转换为大小不同的整数 [-Wpointer-to-int-cast]
  527 | { return kapi_syscall5(SYS_clone, flags, (long)stack, (long)ptid, (long)ctid, tls); }
      |                                                                   ^
include/kapi_syscall.h:527:35: warning: ‘long int’转换自‘long unsigned int’时可能会改变结果的符号 [-Wsign-conversion]
  527 | { return kapi_syscall5(SYS_clone, flags, (long)stack, (long)ptid, (long)ctid, tls); }
      |                                   ^~~~~
include/kapi_syscall.h:527:79: warning: ‘long int’转换自‘long unsigned int’时可能会改变结果的符号 [-Wsign-conversion]
  527 | { return kapi_syscall5(SYS_clone, flags, (long)stack, (long)ptid, (long)ctid, tls); }
      |                                                                               ^~~
include/kapi_syscall.h: 在函数‘sys_execve’中:
include/kapi_syscall.h:530:36: warning: 将一个指针转换为大小不同的整数 [-Wpointer-to-int-cast]
  530 | { return kapi_syscall3(SYS_execve, (long)filename, (long)argv, (long)envp); }
      |                                    ^
include/kapi_syscall.h:530:52: warning: 将一个指针转换为大小不同的整数 [-Wpointer-to-int-cast]
  530 | { return kapi_syscall3(SYS_execve, (long)filename, (long)argv, (long)envp); }
      |                                                    ^
include/kapi_syscall.h:530:64: warning: 将一个指针转换为大小不同的整数 [-Wpointer-to-int-cast]
  530 | { return kapi_syscall3(SYS_execve, (long)filename, (long)argv, (long)envp); }
      |                                                                ^
include/kapi_syscall.h: 在函数‘sys_wait4’中:
include/kapi_syscall.h:539:40: warning: 将一个指针转换为大小不同的整数 [-Wpointer-to-int-cast]
  539 | { return kapi_syscall4(SYS_wait4, pid, (long)wstatus, options, (long)rusage); }
      |                                        ^
include/kapi_syscall.h:539:64: warning: 将一个指针转换为大小不同的整数 [-Wpointer-to-int-cast]
  539 | { return kapi_syscall4(SYS_wait4, pid, (long)wstatus, options, (long)rusage); }
      |                                                                ^
include/kapi_syscall.h: 在函数‘sys_stat’中:
include/kapi_syscall.h:554:34: warning: 将一个指针转换为大小不同的整数 [-Wpointer-to-int-cast]
  554 | { return kapi_syscall2(SYS_stat, (long)pathname, (long)statbuf); }
      |                                  ^
include/kapi_syscall.h:554:50: warning: 将一个指针转换为大小不同的整数 [-Wpointer-to-int-cast]
  554 | { return kapi_syscall2(SYS_stat, (long)pathname, (long)statbuf); }
      |                                                  ^
include/kapi_syscall.h: 在函数‘sys_fstat’中:
include/kapi_syscall.h:557:39: warning: 将一个指针转换为大小不同的整数 [-Wpointer-to-int-cast]
  557 | { return kapi_syscall2(SYS_fstat, fd, (long)statbuf); }
      |                                       ^
include/kapi_syscall.h: 在函数‘sys_lstat’中:
include/kapi_syscall.h:560:35: warning: 将一个指针转换为大小不同的整数 [-Wpointer-to-int-cast]
  560 | { return kapi_syscall2(SYS_lstat, (long)pathname, (long)statbuf); }
      |                                   ^
include/kapi_syscall.h:560:51: warning: 将一个指针转换为大小不同的整数 [-Wpointer-to-int-cast]
  560 | { return kapi_syscall2(SYS_lstat, (long)pathname, (long)statbuf); }
      |                                                   ^
include/kapi_syscall.h: 在函数‘sys_access’中:
include/kapi_syscall.h:563:36: warning: 将一个指针转换为大小不同的整数 [-Wpointer-to-int-cast]
  563 | { return kapi_syscall2(SYS_access, (long)pathname, mode); }
      |                                    ^
include/kapi_syscall.h: 在函数‘sys_chdir’中:
include/kapi_syscall.h:566:35: warning: 将一个指针转换为大小不同的整数 [-Wpointer-to-int-cast]
  566 | { return kapi_syscall1(SYS_chdir, (long)path); }
      |                                   ^
include/kapi_syscall.h: 在函数‘sys_getcwd’中:
include/kapi_syscall.h:569:36: warning: 将一个指针转换为大小不同的整数 [-Wpointer-to-int-cast]
  569 | { return kapi_syscall2(SYS_getcwd, (long)buf, size); }
      |                                    ^
include/kapi_syscall.h:569:47: warning: conversion from ‘size_t’ {或称 ‘long long unsigned int’} to ‘long int’ may change value [-Wconversion]
  569 | { return kapi_syscall2(SYS_getcwd, (long)buf, size); }
      |                                               ^~~~
include/kapi_syscall.h: 在函数‘sys_mkdir’中:
include/kapi_syscall.h:572:35: warning: 将一个指针转换为大小不同的整数 [-Wpointer-to-int-cast]
  572 | { return kapi_syscall2(SYS_mkdir, (long)pathname, mode); }
      |                                   ^
include/kapi_syscall.h: 在函数‘sys_rmdir’中:
include/kapi_syscall.h:575:35: warning: 将一个指针转换为大小不同的整数 [-Wpointer-to-int-cast]
  575 | { return kapi_syscall1(SYS_rmdir, (long)pathname); }
      |                                   ^
include/kapi_syscall.h: 在函数‘sys_unlink’中:
include/kapi_syscall.h:578:36: warning: 将一个指针转换为大小不同的整数 [-Wpointer-to-int-cast]
  578 | { return kapi_syscall1(SYS_unlink, (long)pathname); }
      |                                    ^
include/kapi_syscall.h: 在函数‘sys_rename’中:
include/kapi_syscall.h:581:36: warning: 将一个指针转换为大小不同的整数 [-Wpointer-to-int-cast]
  581 | { return kapi_syscall2(SYS_rename, (long)oldpath, (long)newpath); }
      |                                    ^
include/kapi_syscall.h:581:51: warning: 将一个指针转换为大小不同的整数 [-Wpointer-to-int-cast]
  581 | { return kapi_syscall2(SYS_rename, (long)oldpath, (long)newpath); }
      |                                                   ^
include/kapi_syscall.h: 在函数‘sys_creat’中:
include/kapi_syscall.h:584:35: warning: 将一个指针转换为大小不同的整数 [-Wpointer-to-int-cast]
  584 | { return kapi_syscall2(SYS_creat, (long)pathname, mode); }
      |                                   ^
include/kapi_syscall.h: 在函数‘sys_link’中:
include/kapi_syscall.h:587:34: warning: 将一个指针转换为大小不同的整数 [-Wpointer-to-int-cast]
  587 | { return kapi_syscall2(SYS_link, (long)oldpath, (long)newpath); }
      |                                  ^
include/kapi_syscall.h:587:49: warning: 将一个指针转换为大小不同的整数 [-Wpointer-to-int-cast]
  587 | { return kapi_syscall2(SYS_link, (long)oldpath, (long)newpath); }
      |                                                 ^
include/kapi_syscall.h: 在函数‘sys_symlink’中:
include/kapi_syscall.h:590:37: warning: 将一个指针转换为大小不同的整数 [-Wpointer-to-int-cast]
  590 | { return kapi_syscall2(SYS_symlink, (long)target, (long)linkpath); }
      |                                     ^
include/kapi_syscall.h:590:51: warning: 将一个指针转换为大小不同的整数 [-Wpointer-to-int-cast]
  590 | { return kapi_syscall2(SYS_symlink, (long)target, (long)linkpath); }
      |                                                   ^
include/kapi_syscall.h: 在函数‘sys_readlink’中:
include/kapi_syscall.h:593:38: warning: 将一个指针转换为大小不同的整数 [-Wpointer-to-int-cast]
  593 | { return kapi_syscall3(SYS_readlink, (long)pathname, (long)buf, bufsiz); }
      |                                      ^
include/kapi_syscall.h:593:54: warning: 将一个指针转换为大小不同的整数 [-Wpointer-to-int-cast]
  593 | { return kapi_syscall3(SYS_readlink, (long)pathname, (long)buf, bufsiz); }
      |                                                      ^
include/kapi_syscall.h:593:65: warning: conversion from ‘size_t’ {或称 ‘long long unsigned int’} to ‘long int’ may change value [-Wconversion]
  593 | { return kapi_syscall3(SYS_readlink, (long)pathname, (long)buf, bufsiz); }
      |                                                                 ^~~~~~
include/kapi_syscall.h: 在函数‘sys_chmod’中:
include/kapi_syscall.h:596:35: warning: 将一个指针转换为大小不同的整数 [-Wpointer-to-int-cast]
  596 | { return kapi_syscall2(SYS_chmod, (long)pathname, mode); }
      |                                   ^
include/kapi_syscall.h: 在函数‘sys_chown’中:
include/kapi_syscall.h:599:35: warning: 将一个指针转换为大小不同的整数 [-Wpointer-to-int-cast]
  599 | { return kapi_syscall3(SYS_chown, (long)pathname, owner, group); }
      |                                   ^
include/kapi_syscall.h: 在函数‘sys_truncate’中:
include/kapi_syscall.h:602:38: warning: 将一个指针转换为大小不同的整数 [-Wpointer-to-int-cast]
  602 | { return kapi_syscall2(SYS_truncate, (long)path, length); }
      |                                      ^
include/kapi_syscall.h: 在函数‘sys_pipe’中:
include/kapi_syscall.h:626:34: warning: 将一个指针转换为大小不同的整数 [-Wpointer-to-int-cast]
  626 | { return kapi_syscall1(SYS_pipe, (long)pipefd); }
      |                                  ^
include/kapi_syscall.h: 在函数‘sys_pipe2’中:
include/kapi_syscall.h:629:35: warning: 将一个指针转换为大小不同的整数 [-Wpointer-to-int-cast]
  629 | { return kapi_syscall2(SYS_pipe2, (long)pipefd, flags); }
      |                                   ^
include/kapi_syscall.h: 在函数‘sys_mount’中:
include/kapi_syscall.h:634:35: warning: 将一个指针转换为大小不同的整数 [-Wpointer-to-int-cast]
  634 | { return kapi_syscall5(SYS_mount, (long)source, (long)target, (long)filesystemtype, mountflags, (long)data); }
      |                                   ^
include/kapi_syscall.h:634:49: warning: 将一个指针转换为大小不同的整数 [-Wpointer-to-int-cast]
  634 | { return kapi_syscall5(SYS_mount, (long)source, (long)target, (long)filesystemtype, mountflags, (long)data); }
      |                                                 ^
include/kapi_syscall.h:634:63: warning: 将一个指针转换为大小不同的整数 [-Wpointer-to-int-cast]
  634 | { return kapi_syscall5(SYS_mount, (long)source, (long)target, (long)filesystemtype, mountflags, (long)data); }
      |                                                               ^
include/kapi_syscall.h:634:97: warning: 将一个指针转换为大小不同的整数 [-Wpointer-to-int-cast]
  634 | { return kapi_syscall5(SYS_mount, (long)source, (long)target, (long)filesystemtype, mountflags, (long)data); }
      |                                                                                                 ^
include/kapi_syscall.h:634:85: warning: ‘long int’转换自‘long unsigned int’时可能会改变结果的符号 [-Wsign-conversion]
  634 | { return kapi_syscall5(SYS_mount, (long)source, (long)target, (long)filesystemtype, mountflags, (long)data); }
      |                                                                                     ^~~~~~~~~~
include/kapi_syscall.h: 在函数‘sys_umount2’中:
include/kapi_syscall.h:637:37: warning: 将一个指针转换为大小不同的整数 [-Wpointer-to-int-cast]
  637 | { return kapi_syscall2(SYS_umount2, (long)target, flags); }
      |                                     ^
include/kapi_syscall.h: 在函数‘sys_swapon’中:
include/kapi_syscall.h:640:36: warning: 将一个指针转换为大小不同的整数 [-Wpointer-to-int-cast]
  640 | { return kapi_syscall2(SYS_swapon, (long)path, swapflags); }
      |                                    ^
include/kapi_syscall.h: 在函数‘sys_swapoff’中:
include/kapi_syscall.h:643:37: warning: 将一个指针转换为大小不同的整数 [-Wpointer-to-int-cast]
  643 | { return kapi_syscall1(SYS_swapoff, (long)path); }
      |                                     ^
include/kapi_syscall.h: 在函数‘sys_nanosleep’中:
include/kapi_syscall.h:646:39: warning: 将一个指针转换为大小不同的整数 [-Wpointer-to-int-cast]
  646 | { return kapi_syscall2(SYS_nanosleep, (long)req, (long)rem); }
      |                                       ^
include/kapi_syscall.h:646:50: warning: 将一个指针转换为大小不同的整数 [-Wpointer-to-int-cast]
  646 | { return kapi_syscall2(SYS_nanosleep, (long)req, (long)rem); }
      |                                                  ^
include/kapi_syscall.h: 在函数‘sys_gettimeofday’中:
include/kapi_syscall.h:649:42: warning: 将一个指针转换为大小不同的整数 [-Wpointer-to-int-cast]
  649 | { return kapi_syscall2(SYS_gettimeofday, (long)tv, (long)tz); }
      |                                          ^
include/kapi_syscall.h:649:52: warning: 将一个指针转换为大小不同的整数 [-Wpointer-to-int-cast]
  649 | { return kapi_syscall2(SYS_gettimeofday, (long)tv, (long)tz); }
      |                                                    ^
include/kapi_syscall.h: 在函数‘sys_settimeofday’中:
include/kapi_syscall.h:652:42: warning: 将一个指针转换为大小不同的整数 [-Wpointer-to-int-cast]
  652 | { return kapi_syscall2(SYS_settimeofday, (long)tv, (long)tz); }
      |                                          ^
include/kapi_syscall.h:652:52: warning: 将一个指针转换为大小不同的整数 [-Wpointer-to-int-cast]
  652 | { return kapi_syscall2(SYS_settimeofday, (long)tv, (long)tz); }
      |                                                    ^
include/kapi_syscall.h: 在函数‘sys_time’中:
include/kapi_syscall.h:655:34: warning: 将一个指针转换为大小不同的整数 [-Wpointer-to-int-cast]
  655 | { return kapi_syscall1(SYS_time, (long)tloc); }
      |                                  ^
include/kapi_syscall.h: 在函数‘sys_clock_gettime’中:
include/kapi_syscall.h:658:51: warning: 将一个指针转换为大小不同的整数 [-Wpointer-to-int-cast]
  658 | { return kapi_syscall2(SYS_clock_gettime, clk_id, (long)tp); }
      |                                                   ^
include/kapi_syscall.h: 在函数‘sys_clock_settime’中:
include/kapi_syscall.h:661:51: warning: 将一个指针转换为大小不同的整数 [-Wpointer-to-int-cast]
  661 | { return kapi_syscall2(SYS_clock_settime, clk_id, (long)tp); }
      |                                                   ^
include/kapi_syscall.h: 在函数‘sys_clock_nanosleep’中:
include/kapi_syscall.h:664:60: warning: 将一个指针转换为大小不同的整数 [-Wpointer-to-int-cast]
  664 | { return kapi_syscall4(SYS_clock_nanosleep, clk_id, flags, (long)req, (long)rem); }
      |                                                            ^
include/kapi_syscall.h:664:71: warning: 将一个指针转换为大小不同的整数 [-Wpointer-to-int-cast]
  664 | { return kapi_syscall4(SYS_clock_nanosleep, clk_id, flags, (long)req, (long)rem); }
      |                                                                       ^
include/kapi_syscall.h: 在函数‘sys_rt_sigaction’中:
include/kapi_syscall.h:667:47: warning: 将一个指针转换为大小不同的整数 [-Wpointer-to-int-cast]
  667 | { return kapi_syscall4(SYS_rt_sigaction, sig, (long)act, (long)oact, sigsetsize); }
      |                                               ^
include/kapi_syscall.h:667:58: warning: 将一个指针转换为大小不同的整数 [-Wpointer-to-int-cast]
  667 | { return kapi_syscall4(SYS_rt_sigaction, sig, (long)act, (long)oact, sigsetsize); }
      |                                                          ^
include/kapi_syscall.h:667:70: warning: conversion from ‘size_t’ {或称 ‘long long unsigned int’} to ‘long int’ may change value [-Wconversion]
  667 | { return kapi_syscall4(SYS_rt_sigaction, sig, (long)act, (long)oact, sigsetsize); }
      |                                                                      ^~~~~~~~~~
include/kapi_syscall.h: 在函数‘sys_rt_sigprocmask’中:
include/kapi_syscall.h:670:49: warning: 将一个指针转换为大小不同的整数 [-Wpointer-to-int-cast]
  670 | { return kapi_syscall4(SYS_rt_sigprocmask, how, (long)set, (long)oldset, sigsetsize); }
      |                                                 ^
include/kapi_syscall.h:670:60: warning: 将一个指针转换为大小不同的整数 [-Wpointer-to-int-cast]
  670 | { return kapi_syscall4(SYS_rt_sigprocmask, how, (long)set, (long)oldset, sigsetsize); }
      |                                                            ^
include/kapi_syscall.h:670:74: warning: conversion from ‘size_t’ {或称 ‘long long unsigned int’} to ‘long int’ may change value [-Wconversion]
  670 | { return kapi_syscall4(SYS_rt_sigprocmask, how, (long)set, (long)oldset, sigsetsize); }
      |                                                                          ^~~~~~~~~~
include/kapi_syscall.h: 在函数‘sys_ioctl’中:
include/kapi_syscall.h:679:39: warning: ‘long int’转换自‘long unsigned int’时可能会改变结果的符号 [-Wsign-conversion]
  679 | { return kapi_syscall3(SYS_ioctl, fd, request, arg); }
      |                                       ^~~~~~~
include/kapi_syscall.h: 在函数‘sys_pread64’中:
include/kapi_syscall.h:682:41: warning: 将一个指针转换为大小不同的整数 [-Wpointer-to-int-cast]
  682 | { return kapi_syscall4(SYS_pread64, fd, (long)buf, count, offset); }
      |                                         ^
include/kapi_syscall.h:682:52: warning: conversion from ‘size_t’ {或称 ‘long long unsigned int’} to ‘long int’ may change value [-Wconversion]
  682 | { return kapi_syscall4(SYS_pread64, fd, (long)buf, count, offset); }
      |                                                    ^~~~~
include/kapi_syscall.h: 在函数‘sys_pwrite64’中:
include/kapi_syscall.h:685:42: warning: 将一个指针转换为大小不同的整数 [-Wpointer-to-int-cast]
  685 | { return kapi_syscall4(SYS_pwrite64, fd, (long)buf, count, offset); }
      |                                          ^
include/kapi_syscall.h:685:53: warning: conversion from ‘size_t’ {或称 ‘long long unsigned int’} to ‘long int’ may change value [-Wconversion]
  685 | { return kapi_syscall4(SYS_pwrite64, fd, (long)buf, count, offset); }
      |                                                     ^~~~~
include/kapi_syscall.h: 在函数‘sys_readv’中:
include/kapi_syscall.h:688:39: warning: 将一个指针转换为大小不同的整数 [-Wpointer-to-int-cast]
  688 | { return kapi_syscall3(SYS_readv, fd, (long)iov, iovcnt); }
      |                                       ^
include/kapi_syscall.h: 在函数‘sys_writev’中:
include/kapi_syscall.h:691:40: warning: 将一个指针转换为大小不同的整数 [-Wpointer-to-int-cast]
  691 | { return kapi_syscall3(SYS_writev, fd, (long)iov, iovcnt); }
      |                                        ^
include/kapi_syscall.h: 在函数‘sys_getdents’中:
include/kapi_syscall.h:694:42: warning: 将一个指针转换为大小不同的整数 [-Wpointer-to-int-cast]
  694 | { return kapi_syscall3(SYS_getdents, fd, (long)dirp, count); }
      |                                          ^
include/kapi_syscall.h:694:54: warning: ‘long int’转换自‘unsigned int’时可能会改变结果的符号 [-Wsign-conversion]
  694 | { return kapi_syscall3(SYS_getdents, fd, (long)dirp, count); }
      |                                                      ^~~~~
include/kapi_syscall.h: 在函数‘sys_getdents64’中:
include/kapi_syscall.h:697:44: warning: 将一个指针转换为大小不同的整数 [-Wpointer-to-int-cast]
  697 | { return kapi_syscall3(SYS_getdents64, fd, (long)dirp, count); }
      |                                            ^
include/kapi_syscall.h:697:56: warning: ‘long int’转换自‘unsigned int’时可能会改变结果的符号 [-Wsign-conversion]
  697 | { return kapi_syscall3(SYS_getdents64, fd, (long)dirp, count); }
      |                                                        ^~~~~
include/kapi_syscall.h: 在函数‘sys_getgroups’中:
include/kapi_syscall.h:718:45: warning: 将一个指针转换为大小不同的整数 [-Wpointer-to-int-cast]
  718 | { return kapi_syscall2(SYS_getgroups, size, (long)list); }
      |                                             ^
include/kapi_syscall.h: 在函数‘sys_setgroups’中:
include/kapi_syscall.h:721:45: warning: 将一个指针转换为大小不同的整数 [-Wpointer-to-int-cast]
  721 | { return kapi_syscall2(SYS_setgroups, size, (long)list); }
      |                                             ^
include/kapi_syscall.h: 在函数‘sys_uname’中:
include/kapi_syscall.h:724:35: warning: 将一个指针转换为大小不同的整数 [-Wpointer-to-int-cast]
  724 | { return kapi_syscall1(SYS_uname, (long)buf); }
      |                                   ^
include/kapi_syscall.h: 在函数‘sys_sysinfo’中:
include/kapi_syscall.h:727:37: warning: 将一个指针转换为大小不同的整数 [-Wpointer-to-int-cast]
  727 | { return kapi_syscall1(SYS_sysinfo, (long)info); }
      |                                     ^
include/kapi_syscall.h: 在函数‘sys_getrlimit’中:
include/kapi_syscall.h:730:49: warning: 将一个指针转换为大小不同的整数 [-Wpointer-to-int-cast]
  730 | { return kapi_syscall2(SYS_getrlimit, resource, (long)rlim); }
      |                                                 ^
include/kapi_syscall.h: 在函数‘sys_setrlimit’中:
include/kapi_syscall.h:733:49: warning: 将一个指针转换为大小不同的整数 [-Wpointer-to-int-cast]
  733 | { return kapi_syscall2(SYS_setrlimit, resource, (long)rlim); }
      |                                                 ^
include/kapi_syscall.h: 在函数‘sys_getrusage’中:
include/kapi_syscall.h:736:44: warning: 将一个指针转换为大小不同的整数 [-Wpointer-to-int-cast]
  736 | { return kapi_syscall2(SYS_getrusage, who, (long)usage); }
      |                                            ^
include/kapi_syscall.h: 在函数‘sys_times’中:
include/kapi_syscall.h:739:35: warning: 将一个指针转换为大小不同的整数 [-Wpointer-to-int-cast]
  739 | { return kapi_syscall1(SYS_times, (long)tbuf); }
      |                                   ^
include/kapi_syscall.h: 在函数‘sys_reboot’中:
include/kapi_syscall.h:754:57: warning: 将一个指针转换为大小不同的整数 [-Wpointer-to-int-cast]
  754 | { return kapi_syscall4(SYS_reboot, magic1, magic2, cmd, (long)arg); }
      |                                                         ^
include/kapi_syscall.h: 在函数‘sys_chroot’中:
include/kapi_syscall.h:757:36: warning: 将一个指针转换为大小不同的整数 [-Wpointer-to-int-cast]
  757 | { return kapi_syscall1(SYS_chroot, (long)path); }
      |                                    ^
include/kapi_syscall.h: 在函数‘sys_sethostname’中:
include/kapi_syscall.h:760:41: warning: 将一个指针转换为大小不同的整数 [-Wpointer-to-int-cast]
  760 | { return kapi_syscall2(SYS_sethostname, (long)name, len); }
      |                                         ^
include/kapi_syscall.h: 在函数‘sys_setdomainname’中:
include/kapi_syscall.h:763:43: warning: 将一个指针转换为大小不同的整数 [-Wpointer-to-int-cast]
  763 | { return kapi_syscall2(SYS_setdomainname, (long)name, len); }
      |                                           ^
include/kapi_syscall.h: 在函数‘sys_init_module’中:
include/kapi_syscall.h:766:41: warning: 将一个指针转换为大小不同的整数 [-Wpointer-to-int-cast]
  766 | { return kapi_syscall3(SYS_init_module, (long)module_image, len, (long)param_values); }
      |                                         ^
include/kapi_syscall.h:766:66: warning: 将一个指针转换为大小不同的整数 [-Wpointer-to-int-cast]
  766 | { return kapi_syscall3(SYS_init_module, (long)module_image, len, (long)param_values); }
      |                                                                  ^
include/kapi_syscall.h:766:61: warning: ‘long int’转换自‘long unsigned int’时可能会改变结果的符号 [-Wsign-conversion]
  766 | { return kapi_syscall3(SYS_init_module, (long)module_image, len, (long)param_values); }
      |                                                             ^~~
include/kapi_syscall.h: 在函数‘sys_delete_module’中:
include/kapi_syscall.h:769:43: warning: 将一个指针转换为大小不同的整数 [-Wpointer-to-int-cast]
  769 | { return kapi_syscall2(SYS_delete_module, (long)name, flags); }
      |                                           ^
include/kapi_syscall.h:769:55: warning: ‘long int’转换自‘unsigned int’时可能会改变结果的符号 [-Wsign-conversion]
  769 | { return kapi_syscall2(SYS_delete_module, (long)name, flags); }
      |                                                       ^~~~~
include/kapi_syscall.h: 在函数‘sys_finit_module’中:
include/kapi_syscall.h:772:46: warning: 将一个指针转换为大小不同的整数 [-Wpointer-to-int-cast]
  772 | { return kapi_syscall3(SYS_finit_module, fd, (long)param_values, flags); }
      |                                              ^
<3> Building kernel/lib/libc/stdio.c
<0> Building kernel/lib/libc/signal.c
<1> Building kernel/lib/libc/setjmp.c
kernel/lib/libc/signal.c: 在函数‘signal’中:
kernel/lib/libc/signal.c:66:51: warning: 将一个指针转换为大小不同的整数 [-Wpointer-to-int-cast]
   66 |     long ret = syscall4(SYS_rt_sigaction, signum, (long)&act, (long)&oldact, SIGSET_SIZE);
      |                                                   ^
kernel/lib/libc/signal.c:66:63: warning: 将一个指针转换为大小不同的整数 [-Wpointer-to-int-cast]
   66 |     long ret = syscall4(SYS_rt_sigaction, signum, (long)&act, (long)&oldact, SIGSET_SIZE);
      |                                                               ^
kernel/lib/libc/setjmp.c: 在函数‘setjmp’中:
kernel/lib/libc/setjmp.c:3:20: warning: 未使用的参数‘env’ [-Wunused-parameter]
    3 | int setjmp(jmp_buf env)
      |            ~~~~~~~~^~~
kernel/lib/libc/setjmp.c: 在函数‘longjmp’中:
kernel/lib/libc/setjmp.c:8:22: warning: 未使用的参数‘env’ [-Wunused-parameter]
    8 | void longjmp(jmp_buf env, int val)
      |              ~~~~~~~~^~~
kernel/lib/libc/setjmp.c:8:31: warning: 未使用的参数‘val’ [-Wunused-parameter]
    8 | void longjmp(jmp_buf env, int val)
      |                           ~~~~^~~
<3> Building kernel/lib/libc/math.c
<1> Building kernel/lib/libc/errno.c
-- Enter folder kernel/kernel --
<0> Building kernel/kernel/workqueue.c
kernel/lib/libc/math.c: 在函数‘exp’中:
kernel/lib/libc/math.c:174:22: warning: conversion from ‘long long int’ to ‘double’ may change value [-Wconversion]
  174 |     double r = x - k * 0.69314718055994530942;
      |                      ^
kernel/lib/libc/math.c: 在函数‘log’中:
kernel/lib/libc/math.c:210:18: warning: conversion from ‘long long int’ to ‘double’ may change value [-Wconversion]
  210 |     return y + k * 0.69314718055994530942;
      |                  ^
kernel/lib/libc/math.c: 在文件作用域：
kernel/lib/libc/math.c:8:21: warning: ‘E’ 在此处定义 [-Wunused-const-variable=]
    8 | static const double E       = 2.71828182845904523536;
      |                     ^
kernel/kernel/workqueue.c: 在函数‘__tasklet_add’中:
kernel/kernel/workqueue.c:216:22: warning: ‘int’转换自‘uint32_t’ {或称 ‘unsigned int’}时可能会改变结果的符号 [-Wsign-conversion]
  216 |         for (int i = tasklet_count; i > 0; i--) {
      |                      ^~~~~~~~~~~~~
<1> Building kernel/kernel/wait.c
<2> Building kernel/kernel/unixsock.c
kernel/kernel/unixsock.c: 在函数‘ring_write’中:
kernel/kernel/unixsock.c:62:21: warning: 未使用的变量‘to_copy’ [-Wunused-variable]
   62 |     uint32_t space, to_copy, contiguous, first_chunk;
      |                     ^~~~~~~
kernel/kernel/unixsock.c:59:38: warning: 未使用的参数‘rpos’ [-Wunused-parameter]
   59 |                            uint32_t* rpos, uint32_t* wpos, uint32_t* bytes,
      |                            ~~~~~~~~~~^~~~
kernel/kernel/unixsock.c: 在函数‘ring_read’中:
kernel/kernel/unixsock.c:89:14: warning: 未使用的变量‘to_copy’ [-Wunused-variable]
   89 |     uint32_t to_copy, contiguous, first_chunk;
      |              ^~~~~~~
kernel/kernel/unixsock.c:86:53: warning: 未使用的参数‘wpos’ [-Wunused-parameter]
   86 |                           uint32_t* rpos, uint32_t* wpos, uint32_t* bytes,
      |                                           ~~~~~~~~~~^~~~
<1> Building kernel/kernel/timer.c
<0> Building kernel/kernel/sysfs.c
In file included from kernel/kernel/timer.c:3:
kernel/kernel/timer.c: 在函数‘__calc_index’中:
kernel/kernel/timer.h:29:31: warning: ‘uint64_t’ {或称 ‘long long unsigned int’}转换自‘int’时可能会改变结果的符号 [-Wsign-conversion]
   29 | #define TIMER_WHEEL_BITS      8
      |                               ^
kernel/kernel/timer.c:63:22: note: in expansion of macro ‘TIMER_WHEEL_BITS’
   63 |     uint64_t shift = TIMER_WHEEL_BITS * (*level);
      |                      ^~~~~~~~~~~~~~~~
kernel/kernel/timer.c: 在文件作用域：
kernel/kernel/timer.c:274:13: warning: ‘__msleep_wakeup’ 在此处定义 [-Wunused-function]
  274 | static void __msleep_wakeup(void* arg)
      |             ^~~~~~~~~~~~~~~
kernel/kernel/sysfs.c: 在函数‘sysfs_vfs_read’中:
kernel/kernel/sysfs.c:87:57: warning: ‘long long unsigned int’转换自‘int’时可能会改变结果的符号 [-Wsign-conversion]
   87 |             len = attr->show(temp + total, sizeof(temp) - total);
      |                                                         ^
kernel/kernel/sysfs.c:89:55: warning: ‘long long unsigned int’转换自‘int’时可能会改变结果的符号 [-Wsign-conversion]
   89 |             len = snprintf(temp + total, sizeof(temp) - total, "%s\n", attr->value);
      |                                                       ^
<3> Building kernel/kernel/syscall.c
In file included from kernel/kernel/syscall.c:2:
include/kapi_syscall.h: 在函数‘sys_read’中:
include/kapi_syscall.h:494:38: warning: 将一个指针转换为大小不同的整数 [-Wpointer-to-int-cast]
  494 | { return kapi_syscall3(SYS_read, fd, (long)buf, count); }
      |                                      ^
include/kapi_syscall.h:494:49: warning: conversion from ‘size_t’ {或称 ‘long long unsigned int’} to ‘long int’ may change value [-Wconversion]
  494 | { return kapi_syscall3(SYS_read, fd, (long)buf, count); }
      |                                                 ^~~~~
include/kapi_syscall.h: 在函数‘sys_write’中:
include/kapi_syscall.h:497:39: warning: 将一个指针转换为大小不同的整数 [-Wpointer-to-int-cast]
  497 | { return kapi_syscall3(SYS_write, fd, (long)buf, count); }
      |                                       ^
include/kapi_syscall.h:497:50: warning: conversion from ‘size_t’ {或称 ‘long long unsigned int’} to ‘long int’ may change value [-Wconversion]
  497 | { return kapi_syscall3(SYS_write, fd, (long)buf, count); }
      |                                                  ^~~~~
include/kapi_syscall.h: 在函数‘sys_open’中:
include/kapi_syscall.h:500:34: warning: 将一个指针转换为大小不同的整数 [-Wpointer-to-int-cast]
  500 | { return kapi_syscall3(SYS_open, (long)pathname, flags, mode); }
      |                                  ^
include/kapi_syscall.h: 在函数‘sys_mmap’中:
include/kapi_syscall.h:509:34: warning: 将一个指针转换为大小不同的整数 [-Wpointer-to-int-cast]
  509 | { return kapi_syscall6(SYS_mmap, (long)addr, length, prot, flags, fd, offset); }
      |                                  ^
include/kapi_syscall.h:509:46: warning: conversion from ‘size_t’ {或称 ‘long long unsigned int’} to ‘long int’ may change value [-Wconversion]
  509 | { return kapi_syscall6(SYS_mmap, (long)addr, length, prot, flags, fd, offset); }
      |                                              ^~~~~~
include/kapi_syscall.h: 在函数‘sys_munmap’中:
include/kapi_syscall.h:512:36: warning: 将一个指针转换为大小不同的整数 [-Wpointer-to-int-cast]
  512 | { return kapi_syscall2(SYS_munmap, (long)addr, length); }
      |                                    ^
include/kapi_syscall.h:512:48: warning: conversion from ‘size_t’ {或称 ‘long long unsigned int’} to ‘long int’ may change value [-Wconversion]
  512 | { return kapi_syscall2(SYS_munmap, (long)addr, length); }
      |                                                ^~~~~~
include/kapi_syscall.h: 在函数‘sys_mprotect’中:
include/kapi_syscall.h:515:38: warning: 将一个指针转换为大小不同的整数 [-Wpointer-to-int-cast]
  515 | { return kapi_syscall3(SYS_mprotect, (long)addr, len, prot); }
      |                                      ^
include/kapi_syscall.h:515:50: warning: conversion from ‘size_t’ {或称 ‘long long unsigned int’} to ‘long int’ may change value [-Wconversion]
  515 | { return kapi_syscall3(SYS_mprotect, (long)addr, len, prot); }
      |                                                  ^~~
include/kapi_syscall.h: 在函数‘sys_brk’中:
include/kapi_syscall.h:518:33: warning: 将一个指针转换为大小不同的整数 [-Wpointer-to-int-cast]
  518 | { return kapi_syscall1(SYS_brk, (long)addr); }
      |                                 ^
include/kapi_syscall.h: 在函数‘sys_clone’中:
include/kapi_syscall.h:527:42: warning: 将一个指针转换为大小不同的整数 [-Wpointer-to-int-cast]
  527 | { return kapi_syscall5(SYS_clone, flags, (long)stack, (long)ptid, (long)ctid, tls); }
      |                                          ^
include/kapi_syscall.h:527:55: warning: 将一个指针转换为大小不同的整数 [-Wpointer-to-int-cast]
  527 | { return kapi_syscall5(SYS_clone, flags, (long)stack, (long)ptid, (long)ctid, tls); }
      |                                                       ^
include/kapi_syscall.h:527:67: warning: 将一个指针转换为大小不同的整数 [-Wpointer-to-int-cast]
  527 | { return kapi_syscall5(SYS_clone, flags, (long)stack, (long)ptid, (long)ctid, tls); }
      |                                                                   ^
include/kapi_syscall.h:527:35: warning: ‘long int’转换自‘long unsigned int’时可能会改变结果的符号 [-Wsign-conversion]
  527 | { return kapi_syscall5(SYS_clone, flags, (long)stack, (long)ptid, (long)ctid, tls); }
      |                                   ^~~~~
include/kapi_syscall.h:527:79: warning: ‘long int’转换自‘long unsigned int’时可能会改变结果的符号 [-Wsign-conversion]
  527 | { return kapi_syscall5(SYS_clone, flags, (long)stack, (long)ptid, (long)ctid, tls); }
      |                                                                               ^~~
include/kapi_syscall.h: 在函数‘sys_execve’中:
include/kapi_syscall.h:530:36: warning: 将一个指针转换为大小不同的整数 [-Wpointer-to-int-cast]
  530 | { return kapi_syscall3(SYS_execve, (long)filename, (long)argv, (long)envp); }
      |                                    ^
include/kapi_syscall.h:530:52: warning: 将一个指针转换为大小不同的整数 [-Wpointer-to-int-cast]
  530 | { return kapi_syscall3(SYS_execve, (long)filename, (long)argv, (long)envp); }
      |                                                    ^
include/kapi_syscall.h:530:64: warning: 将一个指针转换为大小不同的整数 [-Wpointer-to-int-cast]
  530 | { return kapi_syscall3(SYS_execve, (long)filename, (long)argv, (long)envp); }
      |                                                                ^
include/kapi_syscall.h: 在函数‘sys_wait4’中:
include/kapi_syscall.h:539:40: warning: 将一个指针转换为大小不同的整数 [-Wpointer-to-int-cast]
  539 | { return kapi_syscall4(SYS_wait4, pid, (long)wstatus, options, (long)rusage); }
      |                                        ^
include/kapi_syscall.h:539:64: warning: 将一个指针转换为大小不同的整数 [-Wpointer-to-int-cast]
  539 | { return kapi_syscall4(SYS_wait4, pid, (long)wstatus, options, (long)rusage); }
      |                                                                ^
include/kapi_syscall.h: 在函数‘sys_stat’中:
include/kapi_syscall.h:554:34: warning: 将一个指针转换为大小不同的整数 [-Wpointer-to-int-cast]
  554 | { return kapi_syscall2(SYS_stat, (long)pathname, (long)statbuf); }
      |                                  ^
include/kapi_syscall.h:554:50: warning: 将一个指针转换为大小不同的整数 [-Wpointer-to-int-cast]
  554 | { return kapi_syscall2(SYS_stat, (long)pathname, (long)statbuf); }
      |                                                  ^
include/kapi_syscall.h: 在函数‘sys_fstat’中:
include/kapi_syscall.h:557:39: warning: 将一个指针转换为大小不同的整数 [-Wpointer-to-int-cast]
  557 | { return kapi_syscall2(SYS_fstat, fd, (long)statbuf); }
      |                                       ^
include/kapi_syscall.h: 在函数‘sys_lstat’中:
include/kapi_syscall.h:560:35: warning: 将一个指针转换为大小不同的整数 [-Wpointer-to-int-cast]
  560 | { return kapi_syscall2(SYS_lstat, (long)pathname, (long)statbuf); }
      |                                   ^
include/kapi_syscall.h:560:51: warning: 将一个指针转换为大小不同的整数 [-Wpointer-to-int-cast]
  560 | { return kapi_syscall2(SYS_lstat, (long)pathname, (long)statbuf); }
      |                                                   ^
include/kapi_syscall.h: 在函数‘sys_access’中:
include/kapi_syscall.h:563:36: warning: 将一个指针转换为大小不同的整数 [-Wpointer-to-int-cast]
  563 | { return kapi_syscall2(SYS_access, (long)pathname, mode); }
      |                                    ^
include/kapi_syscall.h: 在函数‘sys_chdir’中:
include/kapi_syscall.h:566:35: warning: 将一个指针转换为大小不同的整数 [-Wpointer-to-int-cast]
  566 | { return kapi_syscall1(SYS_chdir, (long)path); }
      |                                   ^
include/kapi_syscall.h: 在函数‘sys_getcwd’中:
include/kapi_syscall.h:569:36: warning: 将一个指针转换为大小不同的整数 [-Wpointer-to-int-cast]
  569 | { return kapi_syscall2(SYS_getcwd, (long)buf, size); }
      |                                    ^
include/kapi_syscall.h:569:47: warning: conversion from ‘size_t’ {或称 ‘long long unsigned int’} to ‘long int’ may change value [-Wconversion]
  569 | { return kapi_syscall2(SYS_getcwd, (long)buf, size); }
      |                                               ^~~~
include/kapi_syscall.h: 在函数‘sys_mkdir’中:
include/kapi_syscall.h:572:35: warning: 将一个指针转换为大小不同的整数 [-Wpointer-to-int-cast]
  572 | { return kapi_syscall2(SYS_mkdir, (long)pathname, mode); }
      |                                   ^
include/kapi_syscall.h: 在函数‘sys_rmdir’中:
include/kapi_syscall.h:575:35: warning: 将一个指针转换为大小不同的整数 [-Wpointer-to-int-cast]
  575 | { return kapi_syscall1(SYS_rmdir, (long)pathname); }
      |                                   ^
include/kapi_syscall.h: 在函数‘sys_unlink’中:
include/kapi_syscall.h:578:36: warning: 将一个指针转换为大小不同的整数 [-Wpointer-to-int-cast]
  578 | { return kapi_syscall1(SYS_unlink, (long)pathname); }
      |                                    ^
include/kapi_syscall.h: 在函数‘sys_rename’中:
include/kapi_syscall.h:581:36: warning: 将一个指针转换为大小不同的整数 [-Wpointer-to-int-cast]
  581 | { return kapi_syscall2(SYS_rename, (long)oldpath, (long)newpath); }
      |                                    ^
include/kapi_syscall.h:581:51: warning: 将一个指针转换为大小不同的整数 [-Wpointer-to-int-cast]
  581 | { return kapi_syscall2(SYS_rename, (long)oldpath, (long)newpath); }
      |                                                   ^
include/kapi_syscall.h: 在函数‘sys_creat’中:
include/kapi_syscall.h:584:35: warning: 将一个指针转换为大小不同的整数 [-Wpointer-to-int-cast]
  584 | { return kapi_syscall2(SYS_creat, (long)pathname, mode); }
      |                                   ^
include/kapi_syscall.h: 在函数‘sys_link’中:
include/kapi_syscall.h:587:34: warning: 将一个指针转换为大小不同的整数 [-Wpointer-to-int-cast]
  587 | { return kapi_syscall2(SYS_link, (long)oldpath, (long)newpath); }
      |                                  ^
include/kapi_syscall.h:587:49: warning: 将一个指针转换为大小不同的整数 [-Wpointer-to-int-cast]
  587 | { return kapi_syscall2(SYS_link, (long)oldpath, (long)newpath); }
      |                                                 ^
include/kapi_syscall.h: 在函数‘sys_symlink’中:
include/kapi_syscall.h:590:37: warning: 将一个指针转换为大小不同的整数 [-Wpointer-to-int-cast]
  590 | { return kapi_syscall2(SYS_symlink, (long)target, (long)linkpath); }
      |                                     ^
include/kapi_syscall.h:590:51: warning: 将一个指针转换为大小不同的整数 [-Wpointer-to-int-cast]
  590 | { return kapi_syscall2(SYS_symlink, (long)target, (long)linkpath); }
      |                                                   ^
include/kapi_syscall.h: 在函数‘sys_readlink’中:
include/kapi_syscall.h:593:38: warning: 将一个指针转换为大小不同的整数 [-Wpointer-to-int-cast]
  593 | { return kapi_syscall3(SYS_readlink, (long)pathname, (long)buf, bufsiz); }
      |                                      ^
include/kapi_syscall.h:593:54: warning: 将一个指针转换为大小不同的整数 [-Wpointer-to-int-cast]
  593 | { return kapi_syscall3(SYS_readlink, (long)pathname, (long)buf, bufsiz); }
      |                                                      ^
include/kapi_syscall.h:593:65: warning: conversion from ‘size_t’ {或称 ‘long long unsigned int’} to ‘long int’ may change value [-Wconversion]
  593 | { return kapi_syscall3(SYS_readlink, (long)pathname, (long)buf, bufsiz); }
      |                                                                 ^~~~~~
include/kapi_syscall.h: 在函数‘sys_chmod’中:
include/kapi_syscall.h:596:35: warning: 将一个指针转换为大小不同的整数 [-Wpointer-to-int-cast]
  596 | { return kapi_syscall2(SYS_chmod, (long)pathname, mode); }
      |                                   ^
include/kapi_syscall.h: 在函数‘sys_chown’中:
include/kapi_syscall.h:599:35: warning: 将一个指针转换为大小不同的整数 [-Wpointer-to-int-cast]
  599 | { return kapi_syscall3(SYS_chown, (long)pathname, owner, group); }
      |                                   ^
include/kapi_syscall.h: 在函数‘sys_truncate’中:
include/kapi_syscall.h:602:38: warning: 将一个指针转换为大小不同的整数 [-Wpointer-to-int-cast]
  602 | { return kapi_syscall2(SYS_truncate, (long)path, length); }
      |                                      ^
include/kapi_syscall.h: 在函数‘sys_pipe’中:
include/kapi_syscall.h:626:34: warning: 将一个指针转换为大小不同的整数 [-Wpointer-to-int-cast]
  626 | { return kapi_syscall1(SYS_pipe, (long)pipefd); }
      |                                  ^
include/kapi_syscall.h: 在函数‘sys_pipe2’中:
include/kapi_syscall.h:629:35: warning: 将一个指针转换为大小不同的整数 [-Wpointer-to-int-cast]
  629 | { return kapi_syscall2(SYS_pipe2, (long)pipefd, flags); }
      |                                   ^
include/kapi_syscall.h: 在函数‘sys_mount’中:
include/kapi_syscall.h:634:35: warning: 将一个指针转换为大小不同的整数 [-Wpointer-to-int-cast]
  634 | { return kapi_syscall5(SYS_mount, (long)source, (long)target, (long)filesystemtype, mountflags, (long)data); }
      |                                   ^
include/kapi_syscall.h:634:49: warning: 将一个指针转换为大小不同的整数 [-Wpointer-to-int-cast]
  634 | { return kapi_syscall5(SYS_mount, (long)source, (long)target, (long)filesystemtype, mountflags, (long)data); }
      |                                                 ^
include/kapi_syscall.h:634:63: warning: 将一个指针转换为大小不同的整数 [-Wpointer-to-int-cast]
  634 | { return kapi_syscall5(SYS_mount, (long)source, (long)target, (long)filesystemtype, mountflags, (long)data); }
      |                                                               ^
include/kapi_syscall.h:634:97: warning: 将一个指针转换为大小不同的整数 [-Wpointer-to-int-cast]
  634 | { return kapi_syscall5(SYS_mount, (long)source, (long)target, (long)filesystemtype, mountflags, (long)data); }
      |                                                                                                 ^
include/kapi_syscall.h:634:85: warning: ‘long int’转换自‘long unsigned int’时可能会改变结果的符号 [-Wsign-conversion]
  634 | { return kapi_syscall5(SYS_mount, (long)source, (long)target, (long)filesystemtype, mountflags, (long)data); }
      |                                                                                     ^~~~~~~~~~
include/kapi_syscall.h: 在函数‘sys_umount2’中:
include/kapi_syscall.h:637:37: warning: 将一个指针转换为大小不同的整数 [-Wpointer-to-int-cast]
  637 | { return kapi_syscall2(SYS_umount2, (long)target, flags); }
      |                                     ^
include/kapi_syscall.h: 在函数‘sys_swapon’中:
include/kapi_syscall.h:640:36: warning: 将一个指针转换为大小不同的整数 [-Wpointer-to-int-cast]
  640 | { return kapi_syscall2(SYS_swapon, (long)path, swapflags); }
      |                                    ^
include/kapi_syscall.h: 在函数‘sys_swapoff’中:
include/kapi_syscall.h:643:37: warning: 将一个指针转换为大小不同的整数 [-Wpointer-to-int-cast]
  643 | { return kapi_syscall1(SYS_swapoff, (long)path); }
      |                                     ^
include/kapi_syscall.h: 在函数‘sys_nanosleep’中:
include/kapi_syscall.h:646:39: warning: 将一个指针转换为大小不同的整数 [-Wpointer-to-int-cast]
  646 | { return kapi_syscall2(SYS_nanosleep, (long)req, (long)rem); }
      |                                       ^
include/kapi_syscall.h:646:50: warning: 将一个指针转换为大小不同的整数 [-Wpointer-to-int-cast]
  646 | { return kapi_syscall2(SYS_nanosleep, (long)req, (long)rem); }
      |                                                  ^
include/kapi_syscall.h: 在函数‘sys_gettimeofday’中:
include/kapi_syscall.h:649:42: warning: 将一个指针转换为大小不同的整数 [-Wpointer-to-int-cast]
  649 | { return kapi_syscall2(SYS_gettimeofday, (long)tv, (long)tz); }
      |                                          ^
include/kapi_syscall.h:649:52: warning: 将一个指针转换为大小不同的整数 [-Wpointer-to-int-cast]
  649 | { return kapi_syscall2(SYS_gettimeofday, (long)tv, (long)tz); }
      |                                                    ^
include/kapi_syscall.h: 在函数‘sys_settimeofday’中:
include/kapi_syscall.h:652:42: warning: 将一个指针转换为大小不同的整数 [-Wpointer-to-int-cast]
  652 | { return kapi_syscall2(SYS_settimeofday, (long)tv, (long)tz); }
      |                                          ^
include/kapi_syscall.h:652:52: warning: 将一个指针转换为大小不同的整数 [-Wpointer-to-int-cast]
  652 | { return kapi_syscall2(SYS_settimeofday, (long)tv, (long)tz); }
      |                                                    ^
include/kapi_syscall.h: 在函数‘sys_time’中:
include/kapi_syscall.h:655:34: warning: 将一个指针转换为大小不同的整数 [-Wpointer-to-int-cast]
  655 | { return kapi_syscall1(SYS_time, (long)tloc); }
      |                                  ^
include/kapi_syscall.h: 在函数‘sys_clock_gettime’中:
include/kapi_syscall.h:658:51: warning: 将一个指针转换为大小不同的整数 [-Wpointer-to-int-cast]
  658 | { return kapi_syscall2(SYS_clock_gettime, clk_id, (long)tp); }
      |                                                   ^
include/kapi_syscall.h: 在函数‘sys_clock_settime’中:
include/kapi_syscall.h:661:51: warning: 将一个指针转换为大小不同的整数 [-Wpointer-to-int-cast]
  661 | { return kapi_syscall2(SYS_clock_settime, clk_id, (long)tp); }
      |                                                   ^
include/kapi_syscall.h: 在函数‘sys_clock_nanosleep’中:
include/kapi_syscall.h:664:60: warning: 将一个指针转换为大小不同的整数 [-Wpointer-to-int-cast]
  664 | { return kapi_syscall4(SYS_clock_nanosleep, clk_id, flags, (long)req, (long)rem); }
      |                                                            ^
include/kapi_syscall.h:664:71: warning: 将一个指针转换为大小不同的整数 [-Wpointer-to-int-cast]
  664 | { return kapi_syscall4(SYS_clock_nanosleep, clk_id, flags, (long)req, (long)rem); }
      |                                                                       ^
include/kapi_syscall.h: 在函数‘sys_rt_sigaction’中:
include/kapi_syscall.h:667:47: warning: 将一个指针转换为大小不同的整数 [-Wpointer-to-int-cast]
  667 | { return kapi_syscall4(SYS_rt_sigaction, sig, (long)act, (long)oact, sigsetsize); }
      |                                               ^
include/kapi_syscall.h:667:58: warning: 将一个指针转换为大小不同的整数 [-Wpointer-to-int-cast]
  667 | { return kapi_syscall4(SYS_rt_sigaction, sig, (long)act, (long)oact, sigsetsize); }
      |                                                          ^
include/kapi_syscall.h:667:70: warning: conversion from ‘size_t’ {或称 ‘long long unsigned int’} to ‘long int’ may change value [-Wconversion]
  667 | { return kapi_syscall4(SYS_rt_sigaction, sig, (long)act, (long)oact, sigsetsize); }
      |                                                                      ^~~~~~~~~~
include/kapi_syscall.h: 在函数‘sys_rt_sigprocmask’中:
include/kapi_syscall.h:670:49: warning: 将一个指针转换为大小不同的整数 [-Wpointer-to-int-cast]
  670 | { return kapi_syscall4(SYS_rt_sigprocmask, how, (long)set, (long)oldset, sigsetsize); }
      |                                                 ^
include/kapi_syscall.h:670:60: warning: 将一个指针转换为大小不同的整数 [-Wpointer-to-int-cast]
  670 | { return kapi_syscall4(SYS_rt_sigprocmask, how, (long)set, (long)oldset, sigsetsize); }
      |                                                            ^
include/kapi_syscall.h:670:74: warning: conversion from ‘size_t’ {或称 ‘long long unsigned int’} to ‘long int’ may change value [-Wconversion]
  670 | { return kapi_syscall4(SYS_rt_sigprocmask, how, (long)set, (long)oldset, sigsetsize); }
      |                                                                          ^~~~~~~~~~
include/kapi_syscall.h: 在函数‘sys_ioctl’中:
include/kapi_syscall.h:679:39: warning: ‘long int’转换自‘long unsigned int’时可能会改变结果的符号 [-Wsign-conversion]
  679 | { return kapi_syscall3(SYS_ioctl, fd, request, arg); }
      |                                       ^~~~~~~
include/kapi_syscall.h: 在函数‘sys_pread64’中:
include/kapi_syscall.h:682:41: warning: 将一个指针转换为大小不同的整数 [-Wpointer-to-int-cast]
  682 | { return kapi_syscall4(SYS_pread64, fd, (long)buf, count, offset); }
      |                                         ^
include/kapi_syscall.h:682:52: warning: conversion from ‘size_t’ {或称 ‘long long unsigned int’} to ‘long int’ may change value [-Wconversion]
  682 | { return kapi_syscall4(SYS_pread64, fd, (long)buf, count, offset); }
      |                                                    ^~~~~
include/kapi_syscall.h: 在函数‘sys_pwrite64’中:
include/kapi_syscall.h:685:42: warning: 将一个指针转换为大小不同的整数 [-Wpointer-to-int-cast]
  685 | { return kapi_syscall4(SYS_pwrite64, fd, (long)buf, count, offset); }
      |                                          ^
include/kapi_syscall.h:685:53: warning: conversion from ‘size_t’ {或称 ‘long long unsigned int’} to ‘long int’ may change value [-Wconversion]
  685 | { return kapi_syscall4(SYS_pwrite64, fd, (long)buf, count, offset); }
      |                                                     ^~~~~
include/kapi_syscall.h: 在函数‘sys_readv’中:
include/kapi_syscall.h:688:39: warning: 将一个指针转换为大小不同的整数 [-Wpointer-to-int-cast]
  688 | { return kapi_syscall3(SYS_readv, fd, (long)iov, iovcnt); }
      |                                       ^
include/kapi_syscall.h: 在函数‘sys_writev’中:
include/kapi_syscall.h:691:40: warning: 将一个指针转换为大小不同的整数 [-Wpointer-to-int-cast]
  691 | { return kapi_syscall3(SYS_writev, fd, (long)iov, iovcnt); }
      |                                        ^
include/kapi_syscall.h: 在函数‘sys_getdents’中:
include/kapi_syscall.h:694:42: warning: 将一个指针转换为大小不同的整数 [-Wpointer-to-int-cast]
  694 | { return kapi_syscall3(SYS_getdents, fd, (long)dirp, count); }
      |                                          ^
include/kapi_syscall.h:694:54: warning: ‘long int’转换自‘unsigned int’时可能会改变结果的符号 [-Wsign-conversion]
  694 | { return kapi_syscall3(SYS_getdents, fd, (long)dirp, count); }
      |                                                      ^~~~~
include/kapi_syscall.h: 在函数‘sys_getdents64’中:
include/kapi_syscall.h:697:44: warning: 将一个指针转换为大小不同的整数 [-Wpointer-to-int-cast]
  697 | { return kapi_syscall3(SYS_getdents64, fd, (long)dirp, count); }
      |                                            ^
include/kapi_syscall.h:697:56: warning: ‘long int’转换自‘unsigned int’时可能会改变结果的符号 [-Wsign-conversion]
  697 | { return kapi_syscall3(SYS_getdents64, fd, (long)dirp, count); }
      |                                                        ^~~~~
include/kapi_syscall.h: 在函数‘sys_getgroups’中:
include/kapi_syscall.h:718:45: warning: 将一个指针转换为大小不同的整数 [-Wpointer-to-int-cast]
  718 | { return kapi_syscall2(SYS_getgroups, size, (long)list); }
      |                                             ^
include/kapi_syscall.h: 在函数‘sys_setgroups’中:
include/kapi_syscall.h:721:45: warning: 将一个指针转换为大小不同的整数 [-Wpointer-to-int-cast]
  721 | { return kapi_syscall2(SYS_setgroups, size, (long)list); }
      |                                             ^
include/kapi_syscall.h: 在函数‘sys_uname’中:
include/kapi_syscall.h:724:35: warning: 将一个指针转换为大小不同的整数 [-Wpointer-to-int-cast]
  724 | { return kapi_syscall1(SYS_uname, (long)buf); }
      |                                   ^
include/kapi_syscall.h: 在函数‘sys_sysinfo’中:
include/kapi_syscall.h:727:37: warning: 将一个指针转换为大小不同的整数 [-Wpointer-to-int-cast]
  727 | { return kapi_syscall1(SYS_sysinfo, (long)info); }
      |                                     ^
include/kapi_syscall.h: 在函数‘sys_getrlimit’中:
include/kapi_syscall.h:730:49: warning: 将一个指针转换为大小不同的整数 [-Wpointer-to-int-cast]
  730 | { return kapi_syscall2(SYS_getrlimit, resource, (long)rlim); }
      |                                                 ^
include/kapi_syscall.h: 在函数‘sys_setrlimit’中:
include/kapi_syscall.h:733:49: warning: 将一个指针转换为大小不同的整数 [-Wpointer-to-int-cast]
  733 | { return kapi_syscall2(SYS_setrlimit, resource, (long)rlim); }
      |                                                 ^
include/kapi_syscall.h: 在函数‘sys_getrusage’中:
include/kapi_syscall.h:736:44: warning: 将一个指针转换为大小不同的整数 [-Wpointer-to-int-cast]
  736 | { return kapi_syscall2(SYS_getrusage, who, (long)usage); }
      |                                            ^
include/kapi_syscall.h: 在函数‘sys_times’中:
include/kapi_syscall.h:739:35: warning: 将一个指针转换为大小不同的整数 [-Wpointer-to-int-cast]
  739 | { return kapi_syscall1(SYS_times, (long)tbuf); }
      |                                   ^
include/kapi_syscall.h: 在函数‘sys_reboot’中:
include/kapi_syscall.h:754:57: warning: 将一个指针转换为大小不同的整数 [-Wpointer-to-int-cast]
  754 | { return kapi_syscall4(SYS_reboot, magic1, magic2, cmd, (long)arg); }
      |                                                         ^
include/kapi_syscall.h: 在函数‘sys_chroot’中:
include/kapi_syscall.h:757:36: warning: 将一个指针转换为大小不同的整数 [-Wpointer-to-int-cast]
  757 | { return kapi_syscall1(SYS_chroot, (long)path); }
      |                                    ^
include/kapi_syscall.h: 在函数‘sys_sethostname’中:
include/kapi_syscall.h:760:41: warning: 将一个指针转换为大小不同的整数 [-Wpointer-to-int-cast]
  760 | { return kapi_syscall2(SYS_sethostname, (long)name, len); }
      |                                         ^
include/kapi_syscall.h: 在函数‘sys_setdomainname’中:
include/kapi_syscall.h:763:43: warning: 将一个指针转换为大小不同的整数 [-Wpointer-to-int-cast]
  763 | { return kapi_syscall2(SYS_setdomainname, (long)name, len); }
      |                                           ^
include/kapi_syscall.h: 在函数‘sys_init_module’中:
include/kapi_syscall.h:766:41: warning: 将一个指针转换为大小不同的整数 [-Wpointer-to-int-cast]
  766 | { return kapi_syscall3(SYS_init_module, (long)module_image, len, (long)param_values); }
      |                                         ^
include/kapi_syscall.h:766:66: warning: 将一个指针转换为大小不同的整数 [-Wpointer-to-int-cast]
  766 | { return kapi_syscall3(SYS_init_module, (long)module_image, len, (long)param_values); }
      |                                                                  ^
include/kapi_syscall.h:766:61: warning: ‘long int’转换自‘long unsigned int’时可能会改变结果的符号 [-Wsign-conversion]
  766 | { return kapi_syscall3(SYS_init_module, (long)module_image, len, (long)param_values); }
      |                                                             ^~~
include/kapi_syscall.h: 在函数‘sys_delete_module’中:
include/kapi_syscall.h:769:43: warning: 将一个指针转换为大小不同的整数 [-Wpointer-to-int-cast]
  769 | { return kapi_syscall2(SYS_delete_module, (long)name, flags); }
      |                                           ^
include/kapi_syscall.h:769:55: warning: ‘long int’转换自‘unsigned int’时可能会改变结果的符号 [-Wsign-conversion]
  769 | { return kapi_syscall2(SYS_delete_module, (long)name, flags); }
      |                                                       ^~~~~
include/kapi_syscall.h: 在函数‘sys_finit_module’中:
include/kapi_syscall.h:772:46: warning: 将一个指针转换为大小不同的整数 [-Wpointer-to-int-cast]
  772 | { return kapi_syscall3(SYS_finit_module, fd, (long)param_values, flags); }
      |                                              ^
kernel/kernel/syscall.c: 在函数‘kenux_syscall_entry’中:
kernel/kernel/syscall.c:51:32: warning: ISO C 不允许将一个对象指针转换为一个函数指针 [-Wpedantic]
   51 |         kapi_syscall_fn_t fn = (kapi_syscall_fn_t)syscall_table[nr].handler;
      |                                ^
<3> Building kernel/kernel/sync.c
kernel/kernel/sync.c: 在函数‘mutex_is_locked’中:
kernel/kernel/sync.c:249:15: warning: ‘int’转换自‘uint32_t’ {或称 ‘unsigned int’}时可能会改变结果的符号 [-Wsign-conversion]
  249 |     return mtx->locked;
      |            ~~~^~~~~~~~
<0> Building kernel/kernel/stacktrace.c
kernel/kernel/stacktrace.c: 在函数‘console_hex64’中:
kernel/kernel/stacktrace.c:48:23: warning: conversion from ‘int’ to ‘char’ may change value [-Wconversion]
   48 |         buf[15 - i] = (n < 10) ? ('0' + n) : ('a' + n - 10);
      |                       ^
kernel/kernel/stacktrace.c: 在函数‘console_hex32’中:
kernel/kernel/stacktrace.c:59:22: warning: conversion from ‘int’ to ‘char’ may change value [-Wconversion]
   59 |         buf[7 - i] = (n < 10) ? ('0' + n) : ('a' + n - 10);
      |                      ^
kernel/kernel/stacktrace.c: 在函数‘console_dec’中:
kernel/kernel/stacktrace.c:71:20: warning: conversion from ‘int’ to ‘char’ may change value [-Wconversion]
   71 |         buf[i++] = '0' + (int)(v % 10);
      |                    ^~~
kernel/kernel/stacktrace.c: 在函数‘print_frame’中:
kernel/kernel/stacktrace.c:222:17: warning: ‘uint64_t’ {或称 ‘long long unsigned int’}转换自‘int’时可能会改变结果的符号 [-Wsign-conversion]
  222 |     console_dec(frame_no);
      |                 ^~~~~~~~
kernel/kernel/stacktrace.c: 在函数‘__assert_fail’中:
kernel/kernel/stacktrace.c:309:20: warning: conversion from ‘int’ to ‘char’ may change value [-Wconversion]
  309 |         num[n++] = '0' + (l % 10);
      |                    ^~~
kernel/kernel/stacktrace.c: 在文件作用域：
kernel/kernel/stacktrace.c:54:13: warning: ‘console_hex32’ 在此处定义 [-Wunused-function]
   54 | static void console_hex32(uint32_t v)
      |             ^~~~~~~~~~~~~
kernel/kernel/stacktrace.c:25:13: warning: ‘serial_puts’ 在此处定义 [-Wunused-function]
   25 | static void serial_puts(const char* s)
      |             ^~~~~~~~~~~
<1> Building kernel/kernel/signal.c
kernel/kernel/signal.c: 在函数‘signal_send_info’中:
kernel/kernel/signal.c:184:19: warning: conversion from ‘uint64_t’ {或称 ‘long long unsigned int’} to ‘int’ may change value [-Wconversion]
  184 |     info.si_pid = current_process;
      |                   ^~~~~~~~~~~~~~~
kernel/kernel/signal.c: 在函数‘__signal_setup_frame’中:
kernel/kernel/signal.c:222:27: warning: conversion from ‘uint64_t’ {或称 ‘long long unsigned int’} to ‘int’ may change value [-Wconversion]
  222 |     siginfo_ptr->si_pid = current_process;
      |                           ^~~~~~~~~~~~~~~
kernel/kernel/signal.c: 在函数‘signal_do_pending’中:
kernel/kernel/signal.c:251:29: warning: ISO C 不允许在‘void *’和函数指针间比较 [-Wpedantic]
  251 |         if (act->sa_handler == (void*)1) {
      |                             ^~
kernel/kernel/signal.c:280:23: warning: conversion from ‘uint64_t’ {或称 ‘long long unsigned int’} to ‘int’ may change value [-Wconversion]
  280 |         info.si_pid = current_process;
      |                       ^~~~~~~~~~~~~~~
kernel/kernel/signal.c:289:20: warning: 未使用的变量‘old_blocked’ [-Wunused-variable]
  289 |         k_sigset_t old_blocked = sig_data->blocked;
      |                    ^~~~~~~~~~~
<2> Building kernel/kernel/shell_enhanced.c
kernel/kernel/shell_enhanced.c:238:12: warning: ‘shell_create_pipe’ 在此处定义 [-Wunused-function]
  238 | static int shell_create_pipe(int pipefd[2])
      |            ^~~~~~~~~~~~~~~~~
kernel/kernel/shell_enhanced.c:139:13: warning: ‘shell_unquote’ 在此处定义 [-Wunused-function]
  139 | static void shell_unquote(char* dst, const char* src, uint64_t max)
      |             ^~~~~~~~~~~~~
kernel/kernel/shell_enhanced.c:84:17: warning: ‘history_index’ 在此处定义 [-Wunused-variable]
   84 | static uint32_t history_index = 0;
      |                 ^~~~~~~~~~~~~
<3> Building kernel/kernel/rcu.c
<1> Building kernel/kernel/process.c
<0> Building kernel/kernel/printk.c
kernel/kernel/process.c: 在函数‘__process_trampoline’中:
kernel/kernel/process.c:23:29: warning: ISO C 不允许将一个对象指针转换为一个函数指针 [-Wpedantic]
   23 |         void (*fn)(void*) = (void (*)(void*))p->entry;
      |                             ^
kernel/kernel/process.c: 在函数‘process_switch’中:
kernel/kernel/process.c:133:63: warning: 未使用的参数‘old’ [-Wunused-parameter]
  133 | __attribute__((naked)) void process_switch(process_context_t* old, process_context_t* new)
      |                                            ~~~~~~~~~~~~~~~~~~~^~~
kernel/kernel/process.c:133:87: warning: 未使用的参数‘new’ [-Wunused-parameter]
  133 | __attribute__((naked)) void process_switch(process_context_t* old, process_context_t* new)
      |                                                                    ~~~~~~~~~~~~~~~~~~~^~~
kernel/kernel/printk.c: 在函数‘__vsnprintf’中:
kernel/kernel/printk.c:86:32: warning: conversion from ‘int’ to ‘char’ may change value [-Wconversion]
   86 |                     num[n++] = '0' + (val % 10);
      |                                ^~~
kernel/kernel/printk.c:97:32: warning: conversion from ‘unsigned int’ to ‘char’ may change value [-Wconversion]
   97 |                     num[n++] = '0' + (val % 10);
      |                                ^~~
kernel/kernel/printk.c:109:32: warning: conversion from ‘int’ to ‘char’ may change value [-Wconversion]
  109 |                     buf[i++] = (nibble < 10) ? ('0' + nibble) : ('a' + nibble - 10);
      |                                ^
kernel/kernel/printk.c:120:36: warning: conversion from ‘uint64_t’ {或称 ‘long long unsigned int’} to ‘char’ may change value [-Wconversion]
  120 |                         num[n++] = '0' + (val % 10);
      |                                    ^~~
kernel/kernel/printk.c:130:36: warning: conversion from ‘int’ to ‘char’ may change value [-Wconversion]
  130 |                         buf[i++] = (nibble < 10) ? ('0' + nibble) : ('a' + nibble - 10);
      |                                    ^
kernel/kernel/printk.c:141:36: warning: conversion from ‘int64_t’ {或称 ‘long long int’} to ‘char’ may change value [-Wconversion]
  141 |                         num[n++] = '0' + (val % 10);
      |                                    ^~~
kernel/kernel/printk.c:159:32: warning: conversion from ‘int’ to ‘char’ may change value [-Wconversion]
  159 |                     buf[i++] = (nibble < 10) ? ('0' + nibble) : ('a' + nibble - 10);
      |                                ^
kernel/kernel/process.c: 在函数‘process_fork’中:
kernel/kernel/process.c:556:15: warning: conversion from ‘uint64_t’ {或称 ‘long long unsigned int’} to ‘uint32_t’ {或称 ‘unsigned int’} may change value [-Wconversion]
  556 |         parent->flags,
      |         ~~~~~~^~~~~~~
kernel/kernel/printk.c: 在函数‘printk’中:
kernel/kernel/printk.c:199:22: warning: ‘uint64_t’ {或称 ‘long long unsigned int’}转换自‘int’时可能会改变结果的符号 [-Wsign-conversion]
  199 |     __log_store(buf, len);
      |                      ^~~
kernel/kernel/printk.c:202:28: warning: ‘uint64_t’ {或称 ‘long long unsigned int’}转换自‘int’时可能会改变结果的符号 [-Wsign-conversion]
  202 |         console_write(buf, len);
      |                            ^~~
kernel/kernel/printk.c: 在函数‘printk_emerg’中:
kernel/kernel/printk.c:213:22: warning: ‘uint64_t’ {或称 ‘long long unsigned int’}转换自‘int’时可能会改变结果的符号 [-Wsign-conversion]
  213 |     __log_store(buf, len);
      |                      ^~~
kernel/kernel/printk.c:214:24: warning: ‘uint64_t’ {或称 ‘long long unsigned int’}转换自‘int’时可能会改变结果的符号 [-Wsign-conversion]
  214 |     console_write(buf, len);
      |                        ^~~
kernel/kernel/printk.c: 在函数‘printk_alert’中:
kernel/kernel/printk.c:224:22: warning: ‘uint64_t’ {或称 ‘long long unsigned int’}转换自‘int’时可能会改变结果的符号 [-Wsign-conversion]
  224 |     __log_store(buf, len);
      |                      ^~~
kernel/kernel/printk.c:225:51: warning: ‘uint64_t’ {或称 ‘long long unsigned int’}转换自‘int’时可能会改变结果的符号 [-Wsign-conversion]
  225 |     if (1 <= console_loglevel) console_write(buf, len);
      |                                                   ^~~
kernel/kernel/printk.c: 在函数‘printk_crit’中:
kernel/kernel/printk.c:235:22: warning: ‘uint64_t’ {或称 ‘long long unsigned int’}转换自‘int’时可能会改变结果的符号 [-Wsign-conversion]
  235 |     __log_store(buf, len);
      |                      ^~~
kernel/kernel/printk.c:236:51: warning: ‘uint64_t’ {或称 ‘long long unsigned int’}转换自‘int’时可能会改变结果的符号 [-Wsign-conversion]
  236 |     if (2 <= console_loglevel) console_write(buf, len);
      |                                                   ^~~
kernel/kernel/printk.c: 在函数‘printk_err’中:
kernel/kernel/printk.c:246:22: warning: ‘uint64_t’ {或称 ‘long long unsigned int’}转换自‘int’时可能会改变结果的符号 [-Wsign-conversion]
  246 |     __log_store(buf, len);
      |                      ^~~
kernel/kernel/printk.c:247:51: warning: ‘uint64_t’ {或称 ‘long long unsigned int’}转换自‘int’时可能会改变结果的符号 [-Wsign-conversion]
  247 |     if (3 <= console_loglevel) console_write(buf, len);
      |                                                   ^~~
kernel/kernel/printk.c: 在函数‘printk_warn’中:
kernel/kernel/printk.c:257:22: warning: ‘uint64_t’ {或称 ‘long long unsigned int’}转换自‘int’时可能会改变结果的符号 [-Wsign-conversion]
  257 |     __log_store(buf, len);
      |                      ^~~
kernel/kernel/printk.c:258:51: warning: ‘uint64_t’ {或称 ‘long long unsigned int’}转换自‘int’时可能会改变结果的符号 [-Wsign-conversion]
  258 |     if (4 <= console_loglevel) console_write(buf, len);
      |                                                   ^~~
kernel/kernel/printk.c: 在函数‘printk_notice’中:
kernel/kernel/printk.c:268:22: warning: ‘uint64_t’ {或称 ‘long long unsigned int’}转换自‘int’时可能会改变结果的符号 [-Wsign-conversion]
  268 |     __log_store(buf, len);
      |                      ^~~
kernel/kernel/printk.c:269:51: warning: ‘uint64_t’ {或称 ‘long long unsigned int’}转换自‘int’时可能会改变结果的符号 [-Wsign-conversion]
  269 |     if (5 <= console_loglevel) console_write(buf, len);
      |                                                   ^~~
kernel/kernel/printk.c: 在函数‘printk_info’中:
kernel/kernel/printk.c:279:22: warning: ‘uint64_t’ {或称 ‘long long unsigned int’}转换自‘int’时可能会改变结果的符号 [-Wsign-conversion]
  279 |     __log_store(buf, len);
      |                      ^~~
kernel/kernel/printk.c:280:51: warning: ‘uint64_t’ {或称 ‘long long unsigned int’}转换自‘int’时可能会改变结果的符号 [-Wsign-conversion]
  280 |     if (6 <= console_loglevel) console_write(buf, len);
      |                                                   ^~~
kernel/kernel/printk.c: 在函数‘printk_debug’中:
kernel/kernel/printk.c:290:22: warning: ‘uint64_t’ {或称 ‘long long unsigned int’}转换自‘int’时可能会改变结果的符号 [-Wsign-conversion]
  290 |     __log_store(buf, len);
      |                      ^~~
kernel/kernel/printk.c:291:51: warning: ‘uint64_t’ {或称 ‘long long unsigned int’}转换自‘int’时可能会改变结果的符号 [-Wsign-conversion]
  291 |     if (7 <= console_loglevel) console_write(buf, len);
      |                                                   ^~~
<3> Building kernel/kernel/module.c
kernel/kernel/module.c: 在函数‘__apply_relocations’中:
kernel/kernel/module.c:147:47: warning: conversion from ‘uint32_t’ {或称 ‘unsigned int’} to ‘uint16_t’ {或称 ‘short unsigned int’} may change value [-Wconversion]
  147 |         void* target_base = section_base(mod, target_idx, shdrs, shstr, data);
      |                                               ^~~~~~~~~~
kernel/kernel/module.c:153:21: warning: 未使用的变量‘strtab’ [-Wunused-variable]
  153 |         const char* strtab = (const char*)mod->strtab;
      |                     ^~~~~~
kernel/kernel/module.c: 在函数‘module_load’中:
kernel/kernel/module.c:275:56: warning: ‘void *’型指针用在了算术表达式中 [-Wpointer-arith]
  275 |     const Elf64_Shdr* shdrs = (const Elf64_Shdr*)(data + ehdr->e_shoff);
      |                                                        ^
kernel/kernel/module.c:277:44: warning: ‘void *’型指针用在了算术表达式中 [-Wpointer-arith]
  277 |     const char* shstr = (const char*)(data + shstrtab->sh_offset);
      |                                            ^
kernel/kernel/module.c:290:52: warning: ‘void *’型指针用在了算术表达式中 [-Wpointer-arith]
  290 |                     memcpy(mod->text_section, data + shdrs[i].sh_offset, shdrs[i].sh_size);
      |                                                    ^
kernel/kernel/module.c:297:52: warning: ‘void *’型指针用在了算术表达式中 [-Wpointer-arith]
  297 |                     memcpy(mod->data_section, data + shdrs[i].sh_offset, shdrs[i].sh_size);
      |                                                    ^
kernel/kernel/module.c:304:54: warning: ‘void *’型指针用在了算术表达式中 [-Wpointer-arith]
  304 |                     memcpy(mod->rodata_section, data + shdrs[i].sh_offset, shdrs[i].sh_size);
      |                                                      ^
kernel/kernel/module.c:315:55: warning: ‘void *’型指针用在了算术表达式中 [-Wpointer-arith]
  315 |             if (mod->symtab) memcpy(mod->symtab, data + shdrs[i].sh_offset, shdrs[i].sh_size);
      |                                                       ^
kernel/kernel/module.c:321:59: warning: ‘void *’型指针用在了算术表达式中 [-Wpointer-arith]
  321 |                 if (mod->strtab) memcpy(mod->strtab, data + shdrs[i].sh_offset, shdrs[i].sh_size);
      |                                                           ^
kernel/kernel/module.c: 在函数‘module_get_next’中:
kernel/kernel/module.c:472:20: warning: conversion from ‘long long int’ to ‘uint32_t’ {或称 ‘unsigned int’} may change value [-Wconversion]
  472 |     uint32_t idx = mod - module_table;
      |                    ^~~
<2> Building kernel/kernel/kthread.c
kernel/kernel/kthread.c: 在函数‘kthread_entry’中:
kernel/kernel/kthread.c:29:18: warning: ‘uint64_t’ {或称 ‘long long unsigned int’}转换自‘int’时可能会改变结果的符号 [-Wsign-conversion]
   29 |     kt->result = ret;
      |                  ^~~
kernel/kernel/kthread.c: 在函数‘kthread_create’中:
kernel/kernel/kthread.c:50:44: warning: ISO C 不允许将一个函数指针转换为一个对象指针 [-Wpedantic]
   50 |     uint64_t pid = process_create_ex(name, (void*)kthread_entry, NULL,
      |                                            ^
kernel/kernel/kthread.c: 在文件作用域：
kernel/kernel/kthread.c:14:13: warning: ‘__kthread_wrapper’声明为‘static’却从未定义过 [-Wunused-function]
   14 | static void __kthread_wrapper(void);
      |             ^~~~~~~~~~~~~~~~~
<1> Building kernel/kernel/kernel.c
<2> Building kernel/kernel/ipc.c
kernel/kernel/ipc.c: 在函数‘shm_get’中:
kernel/kernel/ipc.c:73:40: warning: unsigned conversion from ‘int’ to ‘uint64_t’ {或称 ‘long long unsigned int’} changes value from ‘-4096’ to ‘18446744073709547520’ [-Wsign-conversion]
   73 |     seg->size = (size + PAGE_SIZE - 1) & ~(PAGE_SIZE - 1);
      |                                        ^
kernel/kernel/ipc.c:81:24: warning: conversion from ‘uint64_t’ {或称 ‘long long unsigned int’} to ‘uint32_t’ {或称 ‘unsigned int’} may change value [-Wconversion]
   81 |     seg->creator_pid = current_process;
      |                        ^~~~~~~~~~~~~~~
kernel/kernel/ipc.c: 在函数‘shm_at’中:
kernel/kernel/ipc.c:111:14: warning: unsigned conversion from ‘int’ to ‘uint32_t’ {或称 ‘unsigned int’} changes value from ‘-3’ to ‘4294967293’ [-Wsign-conversion]
  111 |         prot &= ~PROT_WRITE;
      |              ^~
kernel/kernel/ipc.c: 在函数‘msg_get’中:
kernel/kernel/ipc.c:245:34: warning: conversion from ‘uint64_t’ {或称 ‘long long unsigned int’} to ‘uint32_t’ {或称 ‘unsigned int’} may change value [-Wconversion]
  245 |     msg_queues[id].creator_pid = current_process;
      |                                  ^~~~~~~~~~~~~~~
kernel/kernel/ipc.c: 在函数‘sem_get’中:
kernel/kernel/ipc.c:410:17: warning: conversion from ‘int’ to ‘uint16_t’ {或称 ‘short unsigned int’} may change value [-Wconversion]
  410 |     ss->nsems = nsems;
      |                 ^~~~~
kernel/kernel/ipc.c:412:23: warning: conversion from ‘uint64_t’ {或称 ‘long long unsigned int’} to ‘uint32_t’ {或称 ‘unsigned int’} may change value [-Wconversion]
  412 |     ss->creator_pid = current_process;
      |                       ^~~~~~~~~~~~~~~
kernel/kernel/ipc.c: 在函数‘sem_op’中:
kernel/kernel/ipc.c:452:27: warning: conversion from ‘int’ to ‘int16_t’ {或称 ‘short int’} may change value [-Wconversion]
  452 |         ss->values[num] = val;
      |                           ^~~
kernel/kernel/ipc.c: 在函数‘sem_ctl’中:
kernel/kernel/ipc.c:472:38: warning: conversion from ‘int’ to ‘int16_t’ {或称 ‘short int’} may change value [-Wconversion]
  472 |                 ss->values[semnum] = *(int*)arg;
      |                                      ^
kernel/kernel/ipc.c: 在函数‘futex_wait’中:
kernel/kernel/ipc.c:503:52: warning: 未使用的参数‘timeout_ms’ [-Wunused-parameter]
  503 | int futex_wait(void* uaddr, uint32_t val, uint64_t timeout_ms)
      |                                           ~~~~~~~~~^~~~~~~~~~
kernel/kernel/ipc.c: 在函数‘futex_wake’中:
kernel/kernel/ipc.c:573:12: warning: ‘int’转换自‘uint32_t’ {或称 ‘unsigned int’}时可能会改变结果的符号 [-Wsign-conversion]
  573 |     return woken;
      |            ^~~~~
kernel/kernel/ipc.c: 在函数‘futex_requeue’中:
kernel/kernel/ipc.c:600:12: warning: ‘int’转换自‘uint32_t’ {或称 ‘unsigned int’}时可能会改变结果的符号 [-Wsign-conversion]
  600 |     return moved;
      |            ^~~~~
kernel/kernel/ipc.c: 在函数‘ipc_syscall’中:
kernel/kernel/ipc.c:626:53: warning: 将一个整数转换为大小不同的指针 [-Wint-to-pointer-cast]
  626 |                 void* ret = shm_at((uint32_t)first, (void*)second, (int)third);
      |                                                     ^
kernel/kernel/ipc.c:627:30: warning: 将一个指针转换为大小不同的整数 [-Wpointer-to-int-cast]
  627 |                 return ret ? (long)ret : -1;
      |                              ^
kernel/kernel/ipc.c:630:27: warning: 将一个整数转换为大小不同的指针 [-Wint-to-pointer-cast]
  630 |             return shm_dt((void*)first);
      |                           ^
kernel/kernel/ipc.c:632:58: warning: 将一个整数转换为大小不同的指针 [-Wint-to-pointer-cast]
  632 |             return shm_ctl((uint32_t)first, (int)second, (void*)third);
      |                                                          ^
kernel/kernel/ipc.c:641:46: warning: 将一个整数转换为大小不同的指针 [-Wint-to-pointer-cast]
  641 |             return msg_send((uint32_t)first, (void*)second, (uint64_t)third, (int)fourth);
      |                                              ^
kernel/kernel/ipc.c:643:46: warning: 将一个整数转换为大小不同的指针 [-Wint-to-pointer-cast]
  643 |             return msg_recv((uint32_t)first, (void*)second, (uint64_t)third, (long)fourth, (int)fifth);
      |                                              ^
kernel/kernel/ipc.c:645:58: warning: 将一个整数转换为大小不同的指针 [-Wint-to-pointer-cast]
  645 |             return msg_ctl((uint32_t)first, (int)second, (void*)third);
      |                                                          ^
kernel/kernel/ipc.c:654:44: warning: 将一个整数转换为大小不同的指针 [-Wint-to-pointer-cast]
  654 |             return sem_op((uint32_t)first, (struct sembuf*)second, (uint32_t)third);
      |                                            ^
kernel/kernel/ipc.c:656:70: warning: 将一个整数转换为大小不同的指针 [-Wint-to-pointer-cast]
  656 |             return sem_ctl((uint32_t)first, (int)second, (int)third, (void*)fifth);
      |                                                                      ^
kernel/kernel/ipc.c: 在函数‘ipc_shm_create’中:
kernel/kernel/ipc.c:917:52: warning: unsigned conversion from ‘int’ to ‘uint64_t’ {或称 ‘long long unsigned int’} changes value from ‘-4096’ to ‘18446744073709547520’ [-Wsign-conversion]
  917 |     uint64_t aligned_size = (size + PAGE_SIZE - 1) & ~(PAGE_SIZE - 1);
      |                                                    ^
<0> Building kernel/kernel/interrupt.c
kernel/kernel/interrupt.c: 在函数‘interrupt_register’中:
kernel/kernel/interrupt.c:16:13: warning: 由于数据类型范围限制，比较结果永远为真 [-Wtype-limits]
   16 |     if (irq < 256) {
      |             ^
kernel/kernel/interrupt.c: 在函数‘interrupt_dispatch’中:
kernel/kernel/interrupt.c:75:33: warning: ISO C 不允许将一个对象指针转换为一个函数指针 [-Wpedantic]
   75 |         void (*handler)(void) = (void (*)(void))interrupt_handlers[irq];
      |                                 ^
kernel/kernel/interrupt.c: 在文件作用域：
kernel/kernel/interrupt.c:22:12: warning: ‘exception_has_error_code’ 在此处定义 [-Wunused-function]
   22 | static int exception_has_error_code(uint8_t vector)
      |            ^~~~~~~~~~~~~~~~~~~~~~~~
<0> Building kernel/kernel/gdb_stub.c
<1> Building kernel/kernel/fs.c
kernel/kernel/gdb_stub.c: 在函数‘com1_read’中:
kernel/kernel/gdb_stub.c:49:12: warning: ‘char’转换自‘uint8_t’ {或称 ‘unsigned char’}时可能会改变结果的符号 [-Wsign-conversion]
   49 |     return inb(COM1_RBR);
      |            ^~~~~~~~~~~~~
kernel/kernel/gdb_stub.c: 在函数‘com1_write’中:
kernel/kernel/gdb_stub.c:55:20: warning: ‘uint8_t’ {或称 ‘unsigned char’}转换自‘char’时可能会改变结果的符号 [-Wsign-conversion]
   55 |     outb(COM1_THR, c);
      |                    ^
kernel/kernel/gdb_stub.c: 在函数‘gdb_get_packet’中:
kernel/kernel/gdb_stub.c:100:21: warning: conversion from ‘int’ to ‘uint8_t’ {或称 ‘unsigned char’} may change value [-Wconversion]
  100 |     recv_checksum = (c >= 'a') ? (c - 'a' + 10) : (c - '0') << 4;
      |                     ^
kernel/kernel/gdb_stub.c:102:22: warning: conversion from ‘int’ to ‘uint8_t’ {或称 ‘unsigned char’} may change value [-Wconversion]
  102 |     recv_checksum |= (c >= 'a') ? (c - 'a' + 10) : (c - '0');
      |                      ^
kernel/kernel/gdb_stub.c: 在函数‘hex_to_u64’中:
kernel/kernel/gdb_stub.c:130:13: warning: ‘uint64_t’ {或称 ‘long long unsigned int’}转换自‘int’时可能会改变结果的符号 [-Wsign-conversion]
  130 |         val |= hex2int(*s);
      |             ^~
kernel/kernel/gdb_stub.c: 在函数‘gdb_stub_enter’中:
kernel/kernel/gdb_stub.c:261:59: warning: ‘size_t’ {或称 ‘long long unsigned int’}转换自‘int’时可能会改变结果的符号 [-Wsign-conversion]
  261 |                 char* comma = (char*)memchr(gdb_buf, ',', len);
      |                                                           ^~~
kernel/kernel/gdb_stub.c:282:59: warning: ‘size_t’ {或称 ‘long long unsigned int’}转换自‘int’时可能会改变结果的符号 [-Wsign-conversion]
  282 |                 char* comma = (char*)memchr(gdb_buf, ',', len);
      |                                                           ^~~
kernel/kernel/gdb_stub.c:286:89: warning: ‘size_t’ {或称 ‘long long unsigned int’}转换自‘long long int’时可能会改变结果的符号 [-Wsign-conversion]
  286 |                     char* colon = (char*)memchr(comma + 1, ':', len - (comma - gdb_buf) - 1);
      |                                                                 ~~~~~~~~~~~~~~~~~~~~~~~~^~~
kernel/kernel/gdb_stub.c:305:63: warning: ‘size_t’ {或称 ‘long long unsigned int’}转换自‘int’时可能会改变结果的符号 [-Wsign-conversion]
  305 |                 char* comma = (char*)memchr(gdb_buf + 2, ',', len);
      |                                                               ^~~
kernel/kernel/gdb_stub.c:319:63: warning: ‘size_t’ {或称 ‘long long unsigned int’}转换自‘int’时可能会改变结果的符号 [-Wsign-conversion]
  319 |                 char* comma = (char*)memchr(gdb_buf + 2, ',', len);
      |                                                               ^~~
kernel/kernel/gdb_stub.c:354:21: warning: 未使用的变量‘len’ [-Wunused-variable]
  354 |                 int len = gdb_get_packet(gdb_buf, sizeof(gdb_buf));
      |                     ^~~
<3> Building kernel/kernel/fifo.c
<3> Building kernel/kernel/epoll.c
<0> Building kernel/kernel/drivers.c
kernel/kernel/drivers.c: 在函数‘drivers_register’中:
kernel/kernel/drivers.c:39:34: warning: ISO C 不允许将一个对象指针转换为一个函数指针 [-Wpedantic]
   39 |     drivers[driver_count].init = (int (*)(void))init_func;
      |                                  ^
<0> Building kernel/kernel/devtmpfs.c
<3> Building kernel/kernel/cgroup.c
-- Enter folder kernel/gui/src --
<1> Building kernel/gui/src/window_manager.c
<2> Building kernel/gui/src/window.c
<0> Building kernel/gui/src/widget.c
kernel/gui/src/window.c:39:17: warning: ‘strlen8’ 在此处定义 [-Wunused-function]
   39 | static uint32_t strlen8(const char* s) {
      |                 ^~~~~~~
kernel/gui/src/window.c:20:17: warning: ‘widget_pool_idx’ 在此处定义 [-Wunused-variable]
   20 | static uint32_t widget_pool_idx = 0;
      |                 ^~~~~~~~~~~~~~~
kernel/gui/src/window.c:19:17: warning: ‘widget_pool’ 在此处定义 [-Wunused-variable]
   19 | static widget_t widget_pool[MAX_WIDGETS];
      |                 ^~~~~~~~~~~
kernel/gui/src/widget.c: 在函数‘widget_destroy’中:
kernel/gui/src/widget.c:161:31: warning: 未使用的参数‘widget’ [-Wunused-parameter]
  161 | void widget_destroy(widget_t* widget) {
      |                     ~~~~~~~~~~^~~~~~
<3> Building kernel/gui/src/wallpaper_data.c
<0> Building kernel/gui/src/thispc.c
<2> Building kernel/gui/src/textedit.c
kernel/gui/src/thispc.c: 在函数‘pc_int_to_str’中:
kernel/gui/src/thispc.c:50:34: warning: conversion from ‘uint32_t’ {或称 ‘unsigned int’} to ‘char’ may change value [-Wconversion]
   50 |     while (val > 0) { tmp[i++] = '0' + (val % 10); val /= 10; }
      |                                  ^~~
kernel/gui/src/thispc.c: 在函数‘pc_format_size’中:
kernel/gui/src/thispc.c:101:19: warning: conversion from ‘int’ to ‘char’ may change value [-Wconversion]
  101 |         frac[1] = '0' + (uint8_t)gb_frac;
      |                   ^~~
kernel/gui/src/textedit.c: 在函数‘te_int_to_str’中:
kernel/gui/src/textedit.c:84:34: warning: conversion from ‘uint32_t’ {或称 ‘unsigned int’} to ‘char’ may change value [-Wconversion]
   84 |     while (val > 0) { tmp[i++] = '0' + (val % 10); val /= 10; }
      |                                  ^~~
kernel/gui/src/textedit.c: 在函数‘te_draw_line_numbers’中:
kernel/gui/src/textedit.c:274:69: warning: 未使用的参数‘cw’ [-Wunused-parameter]
  274 | static void te_draw_line_numbers(uint32_t cx, uint32_t cy, uint32_t cw, uint32_t ch) {
      |                                                            ~~~~~~~~~^~
<0> Building kernel/gui/src/terminal.c
kernel/gui/src/terminal.c: 在函数‘term_int_to_str’中:
kernel/gui/src/terminal.c:95:34: warning: conversion from ‘uint32_t’ {或称 ‘unsigned int’} to ‘char’ may change value [-Wconversion]
   95 |     while (val > 0) { tmp[i++] = '0' + (val % 10); val /= 10; }
      |                                  ^~~
<2> Building kernel/gui/src/taskmgr.c
<1> Building kernel/gui/src/sysinfo.c
<2> Building kernel/gui/src/psf.c
<1> Building kernel/gui/src/msf.c
kernel/gui/src/msf.c: 在函数‘hex_to_uint’中:
kernel/gui/src/msf.c:41:43: warning: ‘uint32_t’ {或称 ‘unsigned int’}转换自‘int’时可能会改变结果的符号 [-Wsign-conversion]
   41 |         if (c >= '0' && c <= '9') digit = c - '0';
      |                                           ^
kernel/gui/src/msf.c:42:48: warning: ‘uint32_t’ {或称 ‘unsigned int’}转换自‘int’时可能会改变结果的符号 [-Wsign-conversion]
   42 |         else if (c >= 'A' && c <= 'F') digit = c - 'A' + 10;
      |                                                ^
kernel/gui/src/msf.c:43:48: warning: ‘uint32_t’ {或称 ‘unsigned int’}转换自‘int’时可能会改变结果的符号 [-Wsign-conversion]
   43 |         else if (c >= 'a' && c <= 'f') digit = c - 'a' + 10;
      |                                                ^
kernel/gui/src/msf.c: 在函数‘parse_uint’中:
kernel/gui/src/msf.c:64:24: warning: ‘uint32_t’ {或称 ‘unsigned int’}转换自‘int’时可能会改变结果的符号 [-Wsign-conversion]
   64 |         val = val * 10 + (*s - '0');
      |                        ^
kernel/gui/src/msf.c: 在函数‘uint_to_str’中:
kernel/gui/src/msf.c:647:34: warning: conversion from ‘uint32_t’ {或称 ‘unsigned int’} to ‘char’ may change value [-Wconversion]
  647 |     while (val > 0) { tmp[i++] = '0' + (val % 10); val /= 10; }
      |                                  ^~~
kernel/gui/src/msf.c: 在函数‘msf_save_to_buffer’中:
kernel/gui/src/msf.c:661:45: warning: 未使用的参数‘buf_size’ [-Wunused-parameter]
  661 | void msf_save_to_buffer(char* buf, uint32_t buf_size) {
      |                                    ~~~~~~~~~^~~~~~~~
kernel/gui/src/msf.c: 在文件作用域：
kernel/gui/src/msf.c:616:13: warning: ‘uint_to_hex’ 在此处定义 [-Wunused-function]
  616 | static void uint_to_hex(uint32_t val, char* buf) {
      |             ^~~~~~~~~~~
kernel/gui/src/msf.c:101:13: warning: ‘str_copy’ 在此处定义 [-Wunused-function]
  101 | static void str_copy(char* dst, const char* src, uint32_t max) {
      |             ^~~~~~~~
kernel/gui/src/msf.c:92:16: warning: ‘str_find_char’ 在此处定义 [-Wunused-function]
   92 | static int32_t str_find_char(const char* s, char c) {
      |                ^~~~~~~~~~~~~
kernel/gui/src/msf.c:83:13: warning: ‘str_starts_with’ 在此处定义 [-Wunused-function]
   83 | static bool str_starts_with(const char* s, const char* prefix) {
      |             ^~~~~~~~~~~~~~~
kernel/gui/src/msf.c:7:20: warning: ‘default_msf’ 在此处定义 [-Wunused-variable]
    7 | static const char* default_msf =
      |                    ^~~~~~~~~~~
<2> Building kernel/gui/src/main.c
kernel/gui/src/main.c: 在函数‘int_to_string’中:
kernel/gui/src/main.c:53:34: warning: conversion from ‘uint32_t’ {或称 ‘unsigned int’} to ‘char’ may change value [-Wconversion]
   53 |     while (val > 0) { tmp[i++] = '0' + (val % 10); val /= 10; }
      |                                  ^~~
kernel/gui/src/main.c: 在函数‘button_ok_click’中:
kernel/gui/src/main.c:92:39: warning: 未使用的参数‘wgt’ [-Wunused-parameter]
   92 | static void button_ok_click(widget_t* wgt, void* user_data) {
      |                             ~~~~~~~~~~^~~
kernel/gui/src/main.c:92:50: warning: 未使用的参数‘user_data’ [-Wunused-parameter]
   92 | static void button_ok_click(widget_t* wgt, void* user_data) {
      |                                            ~~~~~~^~~~~~~~~
kernel/gui/src/main.c: 在函数‘button_clear_click’中:
kernel/gui/src/main.c:109:42: warning: 未使用的参数‘wgt’ [-Wunused-parameter]
  109 | static void button_clear_click(widget_t* wgt, void* user_data) {
      |                                ~~~~~~~~~~^~~
kernel/gui/src/main.c:109:53: warning: 未使用的参数‘user_data’ [-Wunused-parameter]
  109 | static void button_clear_click(widget_t* wgt, void* user_data) {
      |                                               ~~~~~~^~~~~~~~~
kernel/gui/src/main.c: 在函数‘button_about_click’中:
kernel/gui/src/main.c:117:42: warning: 未使用的参数‘wgt’ [-Wunused-parameter]
  117 | static void button_about_click(widget_t* wgt, void* user_data) {
      |                                ~~~~~~~~~~^~~
kernel/gui/src/main.c:117:53: warning: 未使用的参数‘user_data’ [-Wunused-parameter]
  117 | static void button_about_click(widget_t* wgt, void* user_data) {
      |                                               ~~~~~~^~~~~~~~~
kernel/gui/src/main.c: 在函数‘theme_light_click’中:
kernel/gui/src/main.c:276:41: warning: 未使用的参数‘wgt’ [-Wunused-parameter]
  276 | static void theme_light_click(widget_t* wgt, void* user_data) {
      |                               ~~~~~~~~~~^~~
kernel/gui/src/main.c:276:52: warning: 未使用的参数‘user_data’ [-Wunused-parameter]
  276 | static void theme_light_click(widget_t* wgt, void* user_data) {
      |                                              ~~~~~~^~~~~~~~~
kernel/gui/src/main.c: 在函数‘theme_dark_click’中:
kernel/gui/src/main.c:282:40: warning: 未使用的参数‘wgt’ [-Wunused-parameter]
  282 | static void theme_dark_click(widget_t* wgt, void* user_data) {
      |                              ~~~~~~~~~~^~~
kernel/gui/src/main.c:282:51: warning: 未使用的参数‘user_data’ [-Wunused-parameter]
  282 | static void theme_dark_click(widget_t* wgt, void* user_data) {
      |                                             ~~~~~~^~~~~~~~~
kernel/gui/src/main.c: 在函数‘theme_blue_click’中:
kernel/gui/src/main.c:288:40: warning: 未使用的参数‘wgt’ [-Wunused-parameter]
  288 | static void theme_blue_click(widget_t* wgt, void* user_data) {
      |                              ~~~~~~~~~~^~~
kernel/gui/src/main.c:288:51: warning: 未使用的参数‘user_data’ [-Wunused-parameter]
  288 | static void theme_blue_click(widget_t* wgt, void* user_data) {
      |                                             ~~~~~~^~~~~~~~~
kernel/gui/src/main.c: 在函数‘theme_green_click’中:
kernel/gui/src/main.c:294:41: warning: 未使用的参数‘wgt’ [-Wunused-parameter]
  294 | static void theme_green_click(widget_t* wgt, void* user_data) {
      |                               ~~~~~~~~~~^~~
kernel/gui/src/main.c:294:52: warning: 未使用的参数‘user_data’ [-Wunused-parameter]
  294 | static void theme_green_click(widget_t* wgt, void* user_data) {
      |                                              ~~~~~~^~~~~~~~~
kernel/gui/src/main.c: 在函数‘theme_sunset_click’中:
kernel/gui/src/main.c:300:42: warning: 未使用的参数‘wgt’ [-Wunused-parameter]
  300 | static void theme_sunset_click(widget_t* wgt, void* user_data) {
      |                                ~~~~~~~~~~^~~
kernel/gui/src/main.c:300:53: warning: 未使用的参数‘user_data’ [-Wunused-parameter]
  300 | static void theme_sunset_click(widget_t* wgt, void* user_data) {
      |                                               ~~~~~~^~~~~~~~~
kernel/gui/src/main.c: 在函数‘theme_ocean_click’中:
kernel/gui/src/main.c:306:41: warning: 未使用的参数‘wgt’ [-Wunused-parameter]
  306 | static void theme_ocean_click(widget_t* wgt, void* user_data) {
      |                               ~~~~~~~~~~^~~
kernel/gui/src/main.c:306:52: warning: 未使用的参数‘user_data’ [-Wunused-parameter]
  306 | static void theme_ocean_click(widget_t* wgt, void* user_data) {
      |                                              ~~~~~~^~~~~~~~~
kernel/gui/src/main.c: 在函数‘theme_forest_click’中:
kernel/gui/src/main.c:312:42: warning: 未使用的参数‘wgt’ [-Wunused-parameter]
  312 | static void theme_forest_click(widget_t* wgt, void* user_data) {
      |                                ~~~~~~~~~~^~~
kernel/gui/src/main.c:312:53: warning: 未使用的参数‘user_data’ [-Wunused-parameter]
  312 | static void theme_forest_click(widget_t* wgt, void* user_data) {
      |                                               ~~~~~~^~~~~~~~~
kernel/gui/src/main.c: 在函数‘theme_aurora_click’中:
kernel/gui/src/main.c:318:42: warning: 未使用的参数‘wgt’ [-Wunused-parameter]
  318 | static void theme_aurora_click(widget_t* wgt, void* user_data) {
      |                                ~~~~~~~~~~^~~
kernel/gui/src/main.c:318:53: warning: 未使用的参数‘user_data’ [-Wunused-parameter]
  318 | static void theme_aurora_click(widget_t* wgt, void* user_data) {
      |                                               ~~~~~~^~~~~~~~~
kernel/gui/src/main.c: 在函数‘theme_rose_click’中:
kernel/gui/src/main.c:324:40: warning: 未使用的参数‘wgt’ [-Wunused-parameter]
  324 | static void theme_rose_click(widget_t* wgt, void* user_data) {
      |                              ~~~~~~~~~~^~~
kernel/gui/src/main.c:324:51: warning: 未使用的参数‘user_data’ [-Wunused-parameter]
  324 | static void theme_rose_click(widget_t* wgt, void* user_data) {
      |                                             ~~~~~~^~~~~~~~~
kernel/gui/src/main.c: 在函数‘theme_gold_click’中:
kernel/gui/src/main.c:330:40: warning: 未使用的参数‘wgt’ [-Wunused-parameter]
  330 | static void theme_gold_click(widget_t* wgt, void* user_data) {
      |                              ~~~~~~~~~~^~~
kernel/gui/src/main.c:330:51: warning: 未使用的参数‘user_data’ [-Wunused-parameter]
  330 | static void theme_gold_click(widget_t* wgt, void* user_data) {
      |                                             ~~~~~~^~~~~~~~~
kernel/gui/src/main.c: 在函数‘theme_midnight_click’中:
kernel/gui/src/main.c:336:44: warning: 未使用的参数‘wgt’ [-Wunused-parameter]
  336 | static void theme_midnight_click(widget_t* wgt, void* user_data) {
      |                                  ~~~~~~~~~~^~~
kernel/gui/src/main.c:336:55: warning: 未使用的参数‘user_data’ [-Wunused-parameter]
  336 | static void theme_midnight_click(widget_t* wgt, void* user_data) {
      |                                                 ~~~~~~^~~~~~~~~
kernel/gui/src/main.c: 在函数‘theme_lavender_click’中:
kernel/gui/src/main.c:342:44: warning: 未使用的参数‘wgt’ [-Wunused-parameter]
  342 | static void theme_lavender_click(widget_t* wgt, void* user_data) {
      |                                  ~~~~~~~~~~^~~
kernel/gui/src/main.c:342:55: warning: 未使用的参数‘user_data’ [-Wunused-parameter]
  342 | static void theme_lavender_click(widget_t* wgt, void* user_data) {
      |                                                 ~~~~~~^~~~~~~~~
kernel/gui/src/main.c: 在函数‘accent_blue_click’中:
kernel/gui/src/main.c:348:41: warning: 未使用的参数‘wgt’ [-Wunused-parameter]
  348 | static void accent_blue_click(widget_t* wgt, void* user_data) {
      |                               ~~~~~~~~~~^~~
kernel/gui/src/main.c:348:52: warning: 未使用的参数‘user_data’ [-Wunused-parameter]
  348 | static void accent_blue_click(widget_t* wgt, void* user_data) {
      |                                              ~~~~~~^~~~~~~~~
kernel/gui/src/main.c: 在函数‘accent_red_click’中:
kernel/gui/src/main.c:353:40: warning: 未使用的参数‘wgt’ [-Wunused-parameter]
  353 | static void accent_red_click(widget_t* wgt, void* user_data) {
      |                              ~~~~~~~~~~^~~
kernel/gui/src/main.c:353:51: warning: 未使用的参数‘user_data’ [-Wunused-parameter]
  353 | static void accent_red_click(widget_t* wgt, void* user_data) {
      |                                             ~~~~~~^~~~~~~~~
kernel/gui/src/main.c: 在函数‘accent_green_click’中:
kernel/gui/src/main.c:358:42: warning: 未使用的参数‘wgt’ [-Wunused-parameter]
  358 | static void accent_green_click(widget_t* wgt, void* user_data) {
      |                                ~~~~~~~~~~^~~
kernel/gui/src/main.c:358:53: warning: 未使用的参数‘user_data’ [-Wunused-parameter]
  358 | static void accent_green_click(widget_t* wgt, void* user_data) {
      |                                               ~~~~~~^~~~~~~~~
kernel/gui/src/main.c: 在函数‘accent_purple_click’中:
kernel/gui/src/main.c:363:43: warning: 未使用的参数‘wgt’ [-Wunused-parameter]
  363 | static void accent_purple_click(widget_t* wgt, void* user_data) {
      |                                 ~~~~~~~~~~^~~
kernel/gui/src/main.c:363:54: warning: 未使用的参数‘user_data’ [-Wunused-parameter]
  363 | static void accent_purple_click(widget_t* wgt, void* user_data) {
      |                                                ~~~~~~^~~~~~~~~
kernel/gui/src/main.c: 在函数‘accent_orange_click’中:
kernel/gui/src/main.c:368:43: warning: 未使用的参数‘wgt’ [-Wunused-parameter]
  368 | static void accent_orange_click(widget_t* wgt, void* user_data) {
      |                                 ~~~~~~~~~~^~~
kernel/gui/src/main.c:368:54: warning: 未使用的参数‘user_data’ [-Wunused-parameter]
  368 | static void accent_orange_click(widget_t* wgt, void* user_data) {
      |                                                ~~~~~~^~~~~~~~~
kernel/gui/src/main.c: 在函数‘accent_pink_click’中:
kernel/gui/src/main.c:373:41: warning: 未使用的参数‘wgt’ [-Wunused-parameter]
  373 | static void accent_pink_click(widget_t* wgt, void* user_data) {
      |                               ~~~~~~~~~~^~~
kernel/gui/src/main.c:373:52: warning: 未使用的参数‘user_data’ [-Wunused-parameter]
  373 | static void accent_pink_click(widget_t* wgt, void* user_data) {
      |                                              ~~~~~~^~~~~~~~~
kernel/gui/src/main.c: 在函数‘accent_teal_click’中:
kernel/gui/src/main.c:378:41: warning: 未使用的参数‘wgt’ [-Wunused-parameter]
  378 | static void accent_teal_click(widget_t* wgt, void* user_data) {
      |                               ~~~~~~~~~~^~~
kernel/gui/src/main.c:378:52: warning: 未使用的参数‘user_data’ [-Wunused-parameter]
  378 | static void accent_teal_click(widget_t* wgt, void* user_data) {
      |                                              ~~~~~~^~~~~~~~~
kernel/gui/src/main.c: 在函数‘accent_indigo_click’中:
kernel/gui/src/main.c:383:43: warning: 未使用的参数‘wgt’ [-Wunused-parameter]
  383 | static void accent_indigo_click(widget_t* wgt, void* user_data) {
      |                                 ~~~~~~~~~~^~~
kernel/gui/src/main.c:383:54: warning: 未使用的参数‘user_data’ [-Wunused-parameter]
  383 | static void accent_indigo_click(widget_t* wgt, void* user_data) {
      |                                                ~~~~~~^~~~~~~~~
kernel/gui/src/main.c: 在函数‘accent_rose_click’中:
kernel/gui/src/main.c:388:41: warning: 未使用的参数‘wgt’ [-Wunused-parameter]
  388 | static void accent_rose_click(widget_t* wgt, void* user_data) {
      |                               ~~~~~~~~~~^~~
kernel/gui/src/main.c:388:52: warning: 未使用的参数‘user_data’ [-Wunused-parameter]
  388 | static void accent_rose_click(widget_t* wgt, void* user_data) {
      |                                              ~~~~~~^~~~~~~~~
kernel/gui/src/main.c: 在函数‘accent_amber_click’中:
kernel/gui/src/main.c:393:42: warning: 未使用的参数‘wgt’ [-Wunused-parameter]
  393 | static void accent_amber_click(widget_t* wgt, void* user_data) {
      |                                ~~~~~~~~~~^~~
kernel/gui/src/main.c:393:53: warning: 未使用的参数‘user_data’ [-Wunused-parameter]
  393 | static void accent_amber_click(widget_t* wgt, void* user_data) {
      |                                               ~~~~~~^~~~~~~~~
kernel/gui/src/main.c: 在函数‘accent_emerald_click’中:
kernel/gui/src/main.c:398:44: warning: 未使用的参数‘wgt’ [-Wunused-parameter]
  398 | static void accent_emerald_click(widget_t* wgt, void* user_data) {
      |                                  ~~~~~~~~~~^~~
kernel/gui/src/main.c:398:55: warning: 未使用的参数‘user_data’ [-Wunused-parameter]
  398 | static void accent_emerald_click(widget_t* wgt, void* user_data) {
      |                                                 ~~~~~~^~~~~~~~~
kernel/gui/src/main.c: 在函数‘accent_violet_click’中:
kernel/gui/src/main.c:403:43: warning: 未使用的参数‘wgt’ [-Wunused-parameter]
  403 | static void accent_violet_click(widget_t* wgt, void* user_data) {
      |                                 ~~~~~~~~~~^~~
kernel/gui/src/main.c:403:54: warning: 未使用的参数‘user_data’ [-Wunused-parameter]
  403 | static void accent_violet_click(widget_t* wgt, void* user_data) {
      |                                                ~~~~~~^~~~~~~~~
kernel/gui/src/main.c: 在函数‘accent_fuchsia_click’中:
kernel/gui/src/main.c:408:44: warning: 未使用的参数‘wgt’ [-Wunused-parameter]
  408 | static void accent_fuchsia_click(widget_t* wgt, void* user_data) {
      |                                  ~~~~~~~~~~^~~
kernel/gui/src/main.c:408:55: warning: 未使用的参数‘user_data’ [-Wunused-parameter]
  408 | static void accent_fuchsia_click(widget_t* wgt, void* user_data) {
      |                                                 ~~~~~~^~~~~~~~~
kernel/gui/src/main.c: 在函数‘accent_sky_click’中:
kernel/gui/src/main.c:413:40: warning: 未使用的参数‘wgt’ [-Wunused-parameter]
  413 | static void accent_sky_click(widget_t* wgt, void* user_data) {
      |                              ~~~~~~~~~~^~~
kernel/gui/src/main.c:413:51: warning: 未使用的参数‘user_data’ [-Wunused-parameter]
  413 | static void accent_sky_click(widget_t* wgt, void* user_data) {
      |                                             ~~~~~~^~~~~~~~~
kernel/gui/src/main.c: 在函数‘accent_lime_click’中:
kernel/gui/src/main.c:418:41: warning: 未使用的参数‘wgt’ [-Wunused-parameter]
  418 | static void accent_lime_click(widget_t* wgt, void* user_data) {
      |                               ~~~~~~~~~~^~~
kernel/gui/src/main.c:418:52: warning: 未使用的参数‘user_data’ [-Wunused-parameter]
  418 | static void accent_lime_click(widget_t* wgt, void* user_data) {
      |                                              ~~~~~~^~~~~~~~~
kernel/gui/src/main.c: 在函数‘wall_default_click’中:
kernel/gui/src/main.c:423:42: warning: 未使用的参数‘wgt’ [-Wunused-parameter]
  423 | static void wall_default_click(widget_t* wgt, void* user_data) {
      |                                ~~~~~~~~~~^~~
kernel/gui/src/main.c:423:53: warning: 未使用的参数‘user_data’ [-Wunused-parameter]
  423 | static void wall_default_click(widget_t* wgt, void* user_data) {
      |                                               ~~~~~~^~~~~~~~~
kernel/gui/src/main.c: 在函数‘wall_sunset_click’中:
kernel/gui/src/main.c:427:41: warning: 未使用的参数‘wgt’ [-Wunused-parameter]
  427 | static void wall_sunset_click(widget_t* wgt, void* user_data) {
      |                               ~~~~~~~~~~^~~
kernel/gui/src/main.c:427:52: warning: 未使用的参数‘user_data’ [-Wunused-parameter]
  427 | static void wall_sunset_click(widget_t* wgt, void* user_data) {
      |                                              ~~~~~~^~~~~~~~~
kernel/gui/src/main.c: 在函数‘wall_forest_click’中:
kernel/gui/src/main.c:431:41: warning: 未使用的参数‘wgt’ [-Wunused-parameter]
  431 | static void wall_forest_click(widget_t* wgt, void* user_data) {
      |                               ~~~~~~~~~~^~~
kernel/gui/src/main.c:431:52: warning: 未使用的参数‘user_data’ [-Wunused-parameter]
  431 | static void wall_forest_click(widget_t* wgt, void* user_data) {
      |                                              ~~~~~~^~~~~~~~~
kernel/gui/src/main.c: 在函数‘wall_night_click’中:
kernel/gui/src/main.c:435:40: warning: 未使用的参数‘wgt’ [-Wunused-parameter]
  435 | static void wall_night_click(widget_t* wgt, void* user_data) {
      |                              ~~~~~~~~~~^~~
kernel/gui/src/main.c:435:51: warning: 未使用的参数‘user_data’ [-Wunused-parameter]
  435 | static void wall_night_click(widget_t* wgt, void* user_data) {
      |                                             ~~~~~~^~~~~~~~~
kernel/gui/src/main.c: 在函数‘wall_ocean_click’中:
kernel/gui/src/main.c:439:40: warning: 未使用的参数‘wgt’ [-Wunused-parameter]
  439 | static void wall_ocean_click(widget_t* wgt, void* user_data) {
      |                              ~~~~~~~~~~^~~
kernel/gui/src/main.c:439:51: warning: 未使用的参数‘user_data’ [-Wunused-parameter]
  439 | static void wall_ocean_click(widget_t* wgt, void* user_data) {
      |                                             ~~~~~~^~~~~~~~~
kernel/gui/src/main.c: 在函数‘wall_aurora_click’中:
kernel/gui/src/main.c:443:41: warning: 未使用的参数‘wgt’ [-Wunused-parameter]
  443 | static void wall_aurora_click(widget_t* wgt, void* user_data) {
      |                               ~~~~~~~~~~^~~
kernel/gui/src/main.c:443:52: warning: 未使用的参数‘user_data’ [-Wunused-parameter]
  443 | static void wall_aurora_click(widget_t* wgt, void* user_data) {
      |                                              ~~~~~~^~~~~~~~~
kernel/gui/src/main.c: 在函数‘wall_rose_click’中:
kernel/gui/src/main.c:447:39: warning: 未使用的参数‘wgt’ [-Wunused-parameter]
  447 | static void wall_rose_click(widget_t* wgt, void* user_data) {
      |                             ~~~~~~~~~~^~~
kernel/gui/src/main.c:447:50: warning: 未使用的参数‘user_data’ [-Wunused-parameter]
  447 | static void wall_rose_click(widget_t* wgt, void* user_data) {
      |                                            ~~~~~~^~~~~~~~~
kernel/gui/src/main.c: 在函数‘wall_gold_click’中:
kernel/gui/src/main.c:451:39: warning: 未使用的参数‘wgt’ [-Wunused-parameter]
  451 | static void wall_gold_click(widget_t* wgt, void* user_data) {
      |                             ~~~~~~~~~~^~~
kernel/gui/src/main.c:451:50: warning: 未使用的参数‘user_data’ [-Wunused-parameter]
  451 | static void wall_gold_click(widget_t* wgt, void* user_data) {
      |                                            ~~~~~~^~~~~~~~~
kernel/gui/src/main.c: 在函数‘gui_run’中:
kernel/gui/src/main.c:1036:34: warning: conversion from ‘uint64_t’ {或称 ‘long long unsigned int’} to ‘uint32_t’ {或称 ‘unsigned int’} may change value [-Wconversion]
 1036 |             uint32_t total_min = desktop_clock_base_min + elapsed_sec / 60;
      |                                  ^~~~~~~~~~~~~~~~~~~~~~
kernel/gui/src/main.c: 在文件作用域：
kernel/gui/src/main.c:133:13: warning: ‘menu_open_main’ 在此处定义 [-Wunused-function]
  133 | static void menu_open_main(void) {
      |             ^~~~~~~~~~~~~~
kernel/gui/src/main.c:109:13: warning: ‘button_clear_click’ 在此处定义 [-Wunused-function]
  109 | static void button_clear_click(widget_t* wgt, void* user_data) {
      |             ^~~~~~~~~~~~~~~~~~
kernel/gui/src/main.c:39:18: warning: ‘color_gallery_win’ 在此处定义 [-Wunused-variable]
   39 | static window_t* color_gallery_win = NULL;
      |                  ^~~~~~~~~~~~~~~~~
kernel/gui/src/main.c:34:13: warning: ‘test_pattern_active’ 在此处定义 [-Wunused-variable]
   34 | static bool test_pattern_active = false;  /* 颜色测试界面激活标志 */
      |             ^~~~~~~~~~~~~~~~~~~
kernel/gui/src/main.c:31:18: warning: ‘textbox_input’ 在此处定义 [-Wunused-variable]
   31 | static widget_t* textbox_input;
      |                  ^~~~~~~~~~~~~
<0> Building kernel/gui/src/logo_data.c
<0> Building kernel/gui/src/kenux_ui.c
kernel/gui/src/kenux_ui.c: 在函数‘kenux_ui_md3_card’中:
kernel/gui/src/kenux_ui.c:1320:37: warning: conversion from ‘uint32_t’ {或称 ‘unsigned int’} to ‘uint8_t’ {或称 ‘unsigned char’} may change value [-Wconversion]
 1320 |                       RGB(0, 0, 0), shadow_alpha);
      |                                     ^~~~~~~~~~~~
<2> Building kernel/gui/src/kenux_render.c
kernel/gui/src/kenux_render.c: 在函数‘KENUX_Render_DrawDashboardCard’中:
kernel/gui/src/kenux_render.c:363:36: warning: conversion from ‘uint32_t’ {或称 ‘unsigned int’} to ‘char’ may change value [-Wconversion]
  363 |         while (v > 0) { tmp[i++] = '0' + (v % 10); v /= 10; }
      |                                    ^~~
kernel/gui/src/kenux_render.c: 在函数‘KAPI_Process_GetCount’中:
kernel/gui/src/kenux_render.c:599:23: warning: comparison of integer expressions of different signedness: ‘int’ and ‘uint64_t’ {或称 ‘long long unsigned int’} [-Wsign-compare]
  599 |     for (int i = 0; i < process_count; i++) {
      |                       ^
kernel/gui/src/kenux_render.c: 在函数‘KAPI_Process_GetList’中:
kernel/gui/src/kenux_render.c:612:23: warning: comparison of integer expressions of different signedness: ‘int’ and ‘uint64_t’ {或称 ‘long long unsigned int’} [-Wsign-compare]
  612 |     for (int i = 0; i < process_count; i++) {
      |                       ^
kernel/gui/src/kenux_render.c:620:23: warning: comparison of integer expressions of different signedness: ‘int’ and ‘uint64_t’ {或称 ‘long long unsigned int’} [-Wsign-compare]
  620 |     for (int i = 0; i < process_count && out < max_count; i++) {
      |                       ^
<2> Building kernel/gui/src/kenux_asset_folder.c
<1> Building kernel/gui/src/kenux_asset_file.c
<2> Building kernel/gui/src/kapi_curvo_icons.c
<1> Building kernel/gui/src/kanvas_window.c
kernel/gui/src/kapi_curvo_icons.c: 在函数‘curvo_register_defaults’中:
kernel/gui/src/kapi_curvo_icons.c:22:33: warning: ‘unsigned int’转换自‘int’时可能会改变结果的符号 [-Wsign-conversion]
   22 |     e[i] = (curvo_icon_entry_t){i, "上锁", "lock", CURVO_CAT_UI, 1,1,1,1}; i++;
      |                                 ^
kernel/gui/src/kapi_curvo_icons.c:23:33: warning: ‘unsigned int’转换自‘int’时可能会改变结果的符号 [-Wsign-conversion]
   23 |     e[i] = (curvo_icon_entry_t){i, "不可见", "invisible", CURVO_CAT_UI, 1,1,1,1}; i++;
      |                                 ^
kernel/gui/src/kapi_curvo_icons.c:24:33: warning: ‘unsigned int’转换自‘int’时可能会改变结果的符号 [-Wsign-conversion]
   24 |     e[i] = (curvo_icon_entry_t){i, "休息", "rest", CURVO_CAT_UI, 1,1,1,1}; i++;
      |                                 ^
kernel/gui/src/kapi_curvo_icons.c:25:33: warning: ‘unsigned int’转换自‘int’时可能会改变结果的符号 [-Wsign-conversion]
   25 |     e[i] = (curvo_icon_entry_t){i, "保存", "save", CURVO_CAT_UI, 1,1,1,1}; i++;
      |                                 ^
kernel/gui/src/kapi_curvo_icons.c:26:33: warning: ‘unsigned int’转换自‘int’时可能会改变结果的符号 [-Wsign-conversion]
   26 |     e[i] = (curvo_icon_entry_t){i, "信息", "info", CURVO_CAT_UI, 1,1,1,1}; i++;
      |                                 ^
kernel/gui/src/kapi_curvo_icons.c:27:33: warning: ‘unsigned int’转换自‘int’时可能会改变结果的符号 [-Wsign-conversion]
   27 |     e[i] = (curvo_icon_entry_t){i, "删除用户", "delete_user", CURVO_CAT_UI, 1,1,1,1}; i++;
      |                                 ^
kernel/gui/src/kapi_curvo_icons.c:28:33: warning: ‘unsigned int’转换自‘int’时可能会改变结果的符号 [-Wsign-conversion]
   28 |     e[i] = (curvo_icon_entry_t){i, "刷新", "refresh", CURVO_CAT_UI, 1,1,1,1}; i++;
      |                                 ^
kernel/gui/src/kapi_curvo_icons.c:29:33: warning: ‘unsigned int’转换自‘int’时可能会改变结果的符号 [-Wsign-conversion]
   29 |     e[i] = (curvo_icon_entry_t){i, "加载", "loading", CURVO_CAT_UI, 1,1,1,1}; i++;
      |                                 ^
kernel/gui/src/kapi_curvo_icons.c:30:33: warning: ‘unsigned int’转换自‘int’时可能会改变结果的符号 [-Wsign-conversion]
   30 |     e[i] = (curvo_icon_entry_t){i, "叉号", "close", CURVO_CAT_UI, 1,1,1,1}; i++;
      |                                 ^
kernel/gui/src/kapi_curvo_icons.c:31:33: warning: ‘unsigned int’转换自‘int’时可能会改变结果的符号 [-Wsign-conversion]
   31 |     e[i] = (curvo_icon_entry_t){i, "对勾", "check", CURVO_CAT_UI, 1,1,1,1}; i++;
      |                                 ^
kernel/gui/src/kapi_curvo_icons.c:32:33: warning: ‘unsigned int’转换自‘int’时可能会改变结果的符号 [-Wsign-conversion]
   32 |     e[i] = (curvo_icon_entry_t){i, "搜索", "search", CURVO_CAT_UI, 1,1,1,1}; i++;
      |                                 ^
kernel/gui/src/kapi_curvo_icons.c:33:33: warning: ‘unsigned int’转换自‘int’时可能会改变结果的符号 [-Wsign-conversion]
   33 |     e[i] = (curvo_icon_entry_t){i, "放大", "zoom_in", CURVO_CAT_UI, 1,1,1,1}; i++;
      |                                 ^
kernel/gui/src/kapi_curvo_icons.c:34:33: warning: ‘unsigned int’转换自‘int’时可能会改变结果的符号 [-Wsign-conversion]
   34 |     e[i] = (curvo_icon_entry_t){i, "缩小", "zoom_out", CURVO_CAT_UI, 1,1,1,1}; i++;
      |                                 ^
kernel/gui/src/kapi_curvo_icons.c:35:33: warning: ‘unsigned int’转换自‘int’时可能会改变结果的符号 [-Wsign-conversion]
   35 |     e[i] = (curvo_icon_entry_t){i, "用户", "user", CURVO_CAT_UI, 1,1,1,1}; i++;
      |                                 ^
kernel/gui/src/kapi_curvo_icons.c:36:33: warning: ‘unsigned int’转换自‘int’时可能会改变结果的符号 [-Wsign-conversion]
   36 |     e[i] = (curvo_icon_entry_t){i, "用户头像", "avatar", CURVO_CAT_UI, 1,1,1,1}; i++;
      |                                 ^
kernel/gui/src/kapi_curvo_icons.c:37:33: warning: ‘unsigned int’转换自‘int’时可能会改变结果的符号 [-Wsign-conversion]
   37 |     e[i] = (curvo_icon_entry_t){i, "开关", "toggle", CURVO_CAT_UI, 1,1,1,1}; i++;
      |                                 ^
kernel/gui/src/kapi_curvo_icons.c:38:33: warning: ‘unsigned int’转换自‘int’时可能会改变结果的符号 [-Wsign-conversion]
   38 |     e[i] = (curvo_icon_entry_t){i, "开关开启", "toggle_on", CURVO_CAT_UI, 1,1,1,1}; i++;
      |                                 ^
kernel/gui/src/kapi_curvo_icons.c:39:33: warning: ‘unsigned int’转换自‘int’时可能会改变结果的符号 [-Wsign-conversion]
   39 |     e[i] = (curvo_icon_entry_t){i, "开关关闭", "toggle_off", CURVO_CAT_UI, 1,1,1,1}; i++;
      |                                 ^
kernel/gui/src/kapi_curvo_icons.c:40:33: warning: ‘unsigned int’转换自‘int’时可能会改变结果的符号 [-Wsign-conversion]
   40 |     e[i] = (curvo_icon_entry_t){i, "菜单", "menu", CURVO_CAT_UI, 1,1,1,1}; i++;
      |                                 ^
kernel/gui/src/kapi_curvo_icons.c:41:33: warning: ‘unsigned int’转换自‘int’时可能会改变结果的符号 [-Wsign-conversion]
   41 |     e[i] = (curvo_icon_entry_t){i, "网格", "grid", CURVO_CAT_UI, 1,1,1,1}; i++;
      |                                 ^
kernel/gui/src/kapi_curvo_icons.c:42:33: warning: ‘unsigned int’转换自‘int’时可能会改变结果的符号 [-Wsign-conversion]
   42 |     e[i] = (curvo_icon_entry_t){i, "深色模式", "dark_mode", CURVO_CAT_UI, 1,1,1,1}; i++;
      |                                 ^
kernel/gui/src/kapi_curvo_icons.c:43:33: warning: ‘unsigned int’转换自‘int’时可能会改变结果的符号 [-Wsign-conversion]
   43 |     e[i] = (curvo_icon_entry_t){i, "浅色模式", "light_mode", CURVO_CAT_UI, 1,1,1,1}; i++;
      |                                 ^
kernel/gui/src/kapi_curvo_icons.c:44:33: warning: ‘unsigned int’转换自‘int’时可能会改变结果的符号 [-Wsign-conversion]
   44 |     e[i] = (curvo_icon_entry_t){i, "感叹号", "warning", CURVO_CAT_UI, 1,1,1,1}; i++;
      |                                 ^
kernel/gui/src/kapi_curvo_icons.c:45:33: warning: ‘unsigned int’转换自‘int’时可能会改变结果的符号 [-Wsign-conversion]
   45 |     e[i] = (curvo_icon_entry_t){i, "滑块", "slider", CURVO_CAT_UI, 1,1,1,1}; i++;
      |                                 ^
kernel/gui/src/kapi_curvo_icons.c:46:33: warning: ‘unsigned int’转换自‘int’时可能会改变结果的符号 [-Wsign-conversion]
   46 |     e[i] = (curvo_icon_entry_t){i, "展开", "expand", CURVO_CAT_UI, 1,1,1,1}; i++;
      |                                 ^
kernel/gui/src/kapi_curvo_icons.c:47:33: warning: ‘unsigned int’转换自‘int’时可能会改变结果的符号 [-Wsign-conversion]
   47 |     e[i] = (curvo_icon_entry_t){i, "圆圈", "circle", CURVO_CAT_UI, 1,1,1,1}; i++;
      |                                 ^
kernel/gui/src/kapi_curvo_icons.c:48:33: warning: ‘unsigned int’转换自‘int’时可能会改变结果的符号 [-Wsign-conversion]
   48 |     e[i] = (curvo_icon_entry_t){i, "可见", "visible", CURVO_CAT_UI, 1,1,1,1}; i++;
      |                                 ^
kernel/gui/src/kapi_curvo_icons.c:49:33: warning: ‘unsigned int’转换自‘int’时可能会改变结果的符号 [-Wsign-conversion]
   49 |     e[i] = (curvo_icon_entry_t){i, "设置", "settings", CURVO_CAT_UI, 1,1,1,1}; i++;
      |                                 ^
kernel/gui/src/kapi_curvo_icons.c:50:33: warning: ‘unsigned int’转换自‘int’时可能会改变结果的符号 [-Wsign-conversion]
   50 |     e[i] = (curvo_icon_entry_t){i, "禁止", "forbidden", CURVO_CAT_UI, 1,1,1,1}; i++;
      |                                 ^
kernel/gui/src/kapi_curvo_icons.c:52:33: warning: ‘unsigned int’转换自‘int’时可能会改变结果的符号 [-Wsign-conversion]
   52 |     e[i] = (curvo_icon_entry_t){i, "无线网络", "wifi", CURVO_CAT_MEDIA_TECH, 1,1,1,1}; i++;
      |                                 ^
kernel/gui/src/kapi_curvo_icons.c:53:33: warning: ‘unsigned int’转换自‘int’时可能会改变结果的符号 [-Wsign-conversion]
   53 |     e[i] = (curvo_icon_entry_t){i, "蓝牙", "bluetooth", CURVO_CAT_MEDIA_TECH, 1,1,1,1}; i++;
      |                                 ^
kernel/gui/src/kapi_curvo_icons.c:54:33: warning: ‘unsigned int’转换自‘int’时可能会改变结果的符号 [-Wsign-conversion]
   54 |     e[i] = (curvo_icon_entry_t){i, "音量", "volume", CURVO_CAT_MEDIA_TECH, 1,1,1,1}; i++;
      |                                 ^
kernel/gui/src/kapi_curvo_icons.c:55:33: warning: ‘unsigned int’转换自‘int’时可能会改变结果的符号 [-Wsign-conversion]
   55 |     e[i] = (curvo_icon_entry_t){i, "静音", "mute", CURVO_CAT_MEDIA_TECH, 1,1,1,1}; i++;
      |                                 ^
kernel/gui/src/kapi_curvo_icons.c:56:33: warning: ‘unsigned int’转换自‘int’时可能会改变结果的符号 [-Wsign-conversion]
   56 |     e[i] = (curvo_icon_entry_t){i, "麦克风", "microphone", CURVO_CAT_MEDIA_TECH, 1,1,1,1}; i++;
      |                                 ^
kernel/gui/src/kapi_curvo_icons.c:57:33: warning: ‘unsigned int’转换自‘int’时可能会改变结果的符号 [-Wsign-conversion]
   57 |     e[i] = (curvo_icon_entry_t){i, "摄像头", "camera", CURVO_CAT_MEDIA_TECH, 1,1,1,1}; i++;
      |                                 ^
kernel/gui/src/kapi_curvo_icons.c:58:33: warning: ‘unsigned int’转换自‘int’时可能会改变结果的符号 [-Wsign-conversion]
   58 |     e[i] = (curvo_icon_entry_t){i, "显示器", "display", CURVO_CAT_MEDIA_TECH, 1,1,1,1}; i++;
      |                                 ^
kernel/gui/src/kapi_curvo_icons.c:59:33: warning: ‘unsigned int’转换自‘int’时可能会改变结果的符号 [-Wsign-conversion]
   59 |     e[i] = (curvo_icon_entry_t){i, "电池正", "battery_full", CURVO_CAT_MEDIA_TECH, 1,1,1,1}; i++;
      |                                 ^
kernel/gui/src/kapi_curvo_icons.c:60:33: warning: ‘unsigned int’转换自‘int’时可能会改变结果的符号 [-Wsign-conversion]
   60 |     e[i] = (curvo_icon_entry_t){i, "地球", "globe", CURVO_CAT_MEDIA_TECH, 1,1,1,1}; i++;
      |                                 ^
kernel/gui/src/kapi_curvo_icons.c:61:33: warning: ‘unsigned int’转换自‘int’时可能会改变结果的符号 [-Wsign-conversion]
   61 |     e[i] = (curvo_icon_entry_t){i, "下载", "download", CURVO_CAT_MEDIA_TECH, 1,1,1,1}; i++;
      |                                 ^
kernel/gui/src/kapi_curvo_icons.c:62:33: warning: ‘unsigned int’转换自‘int’时可能会改变结果的符号 [-Wsign-conversion]
   62 |     e[i] = (curvo_icon_entry_t){i, "上传", "upload", CURVO_CAT_MEDIA_TECH, 1,1,1,1}; i++;
      |                                 ^
kernel/gui/src/kapi_curvo_icons.c:63:33: warning: ‘unsigned int’转换自‘int’时可能会改变结果的符号 [-Wsign-conversion]
   63 |     e[i] = (curvo_icon_entry_t){i, "代码", "code", CURVO_CAT_MEDIA_TECH, 1,1,1,1}; i++;
      |                                 ^
kernel/gui/src/kapi_curvo_icons.c:64:33: warning: ‘unsigned int’转换自‘int’时可能会改变结果的符号 [-Wsign-conversion]
   64 |     e[i] = (curvo_icon_entry_t){i, "通知", "notification", CURVO_CAT_MEDIA_TECH, 1,1,1,1}; i++;
      |                                 ^
kernel/gui/src/kapi_curvo_icons.c:65:33: warning: ‘unsigned int’转换自‘int’时可能会改变结果的符号 [-Wsign-conversion]
   65 |     e[i] = (curvo_icon_entry_t){i, "邮件", "email", CURVO_CAT_MEDIA_TECH, 1,1,1,1}; i++;
      |                                 ^
kernel/gui/src/kapi_curvo_icons.c:66:33: warning: ‘unsigned int’转换自‘int’时可能会改变结果的符号 [-Wsign-conversion]
   66 |     e[i] = (curvo_icon_entry_t){i, "消息", "message", CURVO_CAT_MEDIA_TECH, 1,1,1,1}; i++;
      |                                 ^
kernel/gui/src/kapi_curvo_icons.c:67:33: warning: ‘unsigned int’转换自‘int’时可能会改变结果的符号 [-Wsign-conversion]
   67 |     e[i] = (curvo_icon_entry_t){i, "日历", "calendar", CURVO_CAT_MEDIA_TECH, 1,1,1,1}; i++;
      |                                 ^
kernel/gui/src/kapi_curvo_icons.c:68:33: warning: ‘unsigned int’转换自‘int’时可能会改变结果的符号 [-Wsign-conversion]
   68 |     e[i] = (curvo_icon_entry_t){i, "闹钟", "alarm", CURVO_CAT_MEDIA_TECH, 1,1,1,1}; i++;
      |                                 ^
kernel/gui/src/kapi_curvo_icons.c:69:33: warning: ‘unsigned int’转换自‘int’时可能会改变结果的符号 [-Wsign-conversion]
   69 |     e[i] = (curvo_icon_entry_t){i, "时间", "clock", CURVO_CAT_MEDIA_TECH, 1,1,1,1}; i++;
      |                                 ^
kernel/gui/src/kapi_curvo_icons.c:70:33: warning: ‘unsigned int’转换自‘int’时可能会改变结果的符号 [-Wsign-conversion]
   70 |     e[i] = (curvo_icon_entry_t){i, "播放", "play", CURVO_CAT_MEDIA_TECH, 1,1,1,1}; i++;
      |                                 ^
kernel/gui/src/kapi_curvo_icons.c:71:33: warning: ‘unsigned int’转换自‘int’时可能会改变结果的符号 [-Wsign-conversion]
   71 |     e[i] = (curvo_icon_entry_t){i, "暂停", "pause", CURVO_CAT_MEDIA_TECH, 1,1,1,1}; i++;
      |                                 ^
kernel/gui/src/kapi_curvo_icons.c:72:33: warning: ‘unsigned int’转换自‘int’时可能会改变结果的符号 [-Wsign-conversion]
   72 |     e[i] = (curvo_icon_entry_t){i, "音乐", "music", CURVO_CAT_MEDIA_TECH, 1,1,1,1}; i++;
      |                                 ^
kernel/gui/src/kapi_curvo_icons.c:73:33: warning: ‘unsigned int’转换自‘int’时可能会改变结果的符号 [-Wsign-conversion]
   73 |     e[i] = (curvo_icon_entry_t){i, "视频", "video", CURVO_CAT_MEDIA_TECH, 1,1,1,1}; i++;
      |                                 ^
kernel/gui/src/kapi_curvo_icons.c:74:33: warning: ‘unsigned int’转换自‘int’时可能会改变结果的符号 [-Wsign-conversion]
   74 |     e[i] = (curvo_icon_entry_t){i, "图像", "image", CURVO_CAT_MEDIA_TECH, 1,1,1,1}; i++;
      |                                 ^
kernel/gui/src/kapi_curvo_icons.c:75:33: warning: ‘unsigned int’转换自‘int’时可能会改变结果的符号 [-Wsign-conversion]
   75 |     e[i] = (curvo_icon_entry_t){i, "文件夹", "folder", CURVO_CAT_MEDIA_TECH, 1,1,1,1}; i++;
      |                                 ^
kernel/gui/src/kapi_curvo_icons.c:76:33: warning: ‘unsigned int’转换自‘int’时可能会改变结果的符号 [-Wsign-conversion]
   76 |     e[i] = (curvo_icon_entry_t){i, "文档", "document", CURVO_CAT_MEDIA_TECH, 1,1,1,1}; i++;
      |                                 ^
kernel/gui/src/kapi_curvo_icons.c:77:33: warning: ‘unsigned int’转换自‘int’时可能会改变结果的符号 [-Wsign-conversion]
   77 |     e[i] = (curvo_icon_entry_t){i, "互联网", "internet", CURVO_CAT_MEDIA_TECH, 1,1,1,1}; i++;
      |                                 ^
kernel/gui/src/kapi_curvo_icons.c:78:33: warning: ‘unsigned int’转换自‘int’时可能会改变结果的符号 [-Wsign-conversion]
   78 |     e[i] = (curvo_icon_entry_t){i, "手机", "phone", CURVO_CAT_MEDIA_TECH, 1,1,1,1}; i++;
      |                                 ^
kernel/gui/src/kapi_curvo_icons.c:79:33: warning: ‘unsigned int’转换自‘int’时可能会改变结果的符号 [-Wsign-conversion]
   79 |     e[i] = (curvo_icon_entry_t){i, "笔记本", "laptop", CURVO_CAT_MEDIA_TECH, 1,1,1,1}; i++;
      |                                 ^
kernel/gui/src/kapi_curvo_icons.c:80:33: warning: ‘unsigned int’转换自‘int’时可能会改变结果的符号 [-Wsign-conversion]
   80 |     e[i] = (curvo_icon_entry_t){i, "芯片", "chip", CURVO_CAT_MEDIA_TECH, 1,1,1,1}; i++;
      |                                 ^
kernel/gui/src/kapi_curvo_icons.c:81:33: warning: ‘unsigned int’转换自‘int’时可能会改变结果的符号 [-Wsign-conversion]
   81 |     e[i] = (curvo_icon_entry_t){i, "键盘", "keyboard", CURVO_CAT_MEDIA_TECH, 1,1,1,1}; i++;
      |                                 ^
kernel/gui/src/kapi_curvo_icons.c:82:33: warning: ‘unsigned int’转换自‘int’时可能会改变结果的符号 [-Wsign-conversion]
   82 |     e[i] = (curvo_icon_entry_t){i, "鼠标", "mouse", CURVO_CAT_MEDIA_TECH, 1,1,1,1}; i++;
      |                                 ^
kernel/gui/src/kapi_curvo_icons.c:83:33: warning: ‘unsigned int’转换自‘int’时可能会改变结果的符号 [-Wsign-conversion]
   83 |     e[i] = (curvo_icon_entry_t){i, "闪存盘", "usb_drive", CURVO_CAT_MEDIA_TECH, 1,1,1,1}; i++;
      |                                 ^
kernel/gui/src/kapi_curvo_icons.c:84:33: warning: ‘unsigned int’转换自‘int’时可能会改变结果的符号 [-Wsign-conversion]
   84 |     e[i] = (curvo_icon_entry_t){i, "主机", "server", CURVO_CAT_MEDIA_TECH, 1,1,1,1}; i++;
      |                                 ^
kernel/gui/src/kapi_curvo_icons.c:85:33: warning: ‘unsigned int’转换自‘int’时可能会改变结果的符号 [-Wsign-conversion]
   85 |     e[i] = (curvo_icon_entry_t){i, "电源开关", "power", CURVO_CAT_MEDIA_TECH, 1,1,1,1}; i++;
      |                                 ^
kernel/gui/src/kapi_curvo_icons.c:86:33: warning: ‘unsigned int’转换自‘int’时可能会改变结果的符号 [-Wsign-conversion]
   86 |     e[i] = (curvo_icon_entry_t){i, "连接", "link", CURVO_CAT_MEDIA_TECH, 1,1,1,1}; i++;
      |                                 ^
kernel/gui/src/kapi_curvo_icons.c:87:33: warning: ‘unsigned int’转换自‘int’时可能会改变结果的符号 [-Wsign-conversion]
   87 |     e[i] = (curvo_icon_entry_t){i, "分享", "share", CURVO_CAT_MEDIA_TECH, 1,1,1,1}; i++;
      |                                 ^
kernel/gui/src/kapi_curvo_icons.c:88:33: warning: ‘unsigned int’转换自‘int’时可能会改变结果的符号 [-Wsign-conversion]
   88 |     e[i] = (curvo_icon_entry_t){i, "书签", "bookmark", CURVO_CAT_MEDIA_TECH, 1,1,1,1}; i++;
      |                                 ^
kernel/gui/src/kapi_curvo_icons.c:89:33: warning: ‘unsigned int’转换自‘int’时可能会改变结果的符号 [-Wsign-conversion]
   89 |     e[i] = (curvo_icon_entry_t){i, "位置", "location", CURVO_CAT_MEDIA_TECH, 1,1,1,1}; i++;
      |                                 ^
kernel/gui/src/kapi_curvo_icons.c:91:33: warning: ‘unsigned int’转换自‘int’时可能会改变结果的符号 [-Wsign-conversion]
   91 |     e[i] = (curvo_icon_entry_t){i, "复制", "copy", CURVO_CAT_EDIT, 1,1,1,1}; i++;
      |                                 ^
kernel/gui/src/kapi_curvo_icons.c:92:33: warning: ‘unsigned int’转换自‘int’时可能会改变结果的符号 [-Wsign-conversion]
   92 |     e[i] = (curvo_icon_entry_t){i, "撤销", "undo", CURVO_CAT_EDIT, 1,1,1,1}; i++;
      |                                 ^
kernel/gui/src/kapi_curvo_icons.c:93:33: warning: ‘unsigned int’转换自‘int’时可能会改变结果的符号 [-Wsign-conversion]
   93 |     e[i] = (curvo_icon_entry_t){i, "重做", "redo", CURVO_CAT_EDIT, 1,1,1,1}; i++;
      |                                 ^
kernel/gui/src/kapi_curvo_icons.c:94:33: warning: ‘unsigned int’转换自‘int’时可能会改变结果的符号 [-Wsign-conversion]
   94 |     e[i] = (curvo_icon_entry_t){i, "粗体", "bold", CURVO_CAT_EDIT, 1,1,1,1}; i++;
      |                                 ^
kernel/gui/src/kapi_curvo_icons.c:95:33: warning: ‘unsigned int’转换自‘int’时可能会改变结果的符号 [-Wsign-conversion]
   95 |     e[i] = (curvo_icon_entry_t){i, "斜体", "italic", CURVO_CAT_EDIT, 1,1,1,1}; i++;
      |                                 ^
kernel/gui/src/kapi_curvo_icons.c:96:33: warning: ‘unsigned int’转换自‘int’时可能会改变结果的符号 [-Wsign-conversion]
   96 |     e[i] = (curvo_icon_entry_t){i, "画笔", "paintbrush", CURVO_CAT_EDIT, 1,1,1,1}; i++;
      |                                 ^
kernel/gui/src/kapi_curvo_icons.c:97:33: warning: ‘unsigned int’转换自‘int’时可能会改变结果的符号 [-Wsign-conversion]
   97 |     e[i] = (curvo_icon_entry_t){i, "橡皮", "eraser", CURVO_CAT_EDIT, 1,1,1,1}; i++;
      |                                 ^
kernel/gui/src/kapi_curvo_icons.c:98:33: warning: ‘unsigned int’转换自‘int’时可能会改变结果的符号 [-Wsign-conversion]
   98 |     e[i] = (curvo_icon_entry_t){i, "取色器", "eyedropper", CURVO_CAT_EDIT, 1,1,1,1}; i++;
      |                                 ^
kernel/gui/src/kapi_curvo_icons.c:100:33: warning: ‘unsigned int’转换自‘int’时可能会改变结果的符号 [-Wsign-conversion]
  100 |     e[i] = (curvo_icon_entry_t){i, "爱心", "heart", CURVO_CAT_EMOJI, 1,1,1,1}; i++;
      |                                 ^
kernel/gui/src/kapi_curvo_icons.c:101:33: warning: ‘unsigned int’转换自‘int’时可能会改变结果的符号 [-Wsign-conversion]
  101 |     e[i] = (curvo_icon_entry_t){i, "星星", "star", CURVO_CAT_EMOJI, 1,1,1,1}; i++;
      |                                 ^
kernel/gui/src/kapi_curvo_icons.c:102:33: warning: ‘unsigned int’转换自‘int’时可能会改变结果的符号 [-Wsign-conversion]
  102 |     e[i] = (curvo_icon_entry_t){i, "表情", "smile", CURVO_CAT_EMOJI, 1,1,1,1}; i++;
      |                                 ^
kernel/gui/src/kapi_curvo_icons.c:103:33: warning: ‘unsigned int’转换自‘int’时可能会改变结果的符号 [-Wsign-conversion]
  103 |     e[i] = (curvo_icon_entry_t){i, "点赞", "thumbs_up", CURVO_CAT_EMOJI, 1,1,1,1}; i++;
      |                                 ^
kernel/gui/src/kapi_curvo_icons.c:105:33: warning: ‘unsigned int’转换自‘int’时可能会改变结果的符号 [-Wsign-conversion]
  105 |     e[i] = (curvo_icon_entry_t){i, "游戏手柄", "gamepad", CURVO_CAT_GAME, 1,1,1,1}; i++;
      |                                 ^
kernel/gui/src/kapi_curvo_icons.c:106:33: warning: ‘unsigned int’转换自‘int’时可能会改变结果的符号 [-Wsign-conversion]
  106 |     e[i] = (curvo_icon_entry_t){i, "奖杯", "trophy", CURVO_CAT_GAME, 1,1,1,1}; i++;
      |                                 ^
kernel/gui/src/kapi_curvo_icons.c:107:33: warning: ‘unsigned int’转换自‘int’时可能会改变结果的符号 [-Wsign-conversion]
  107 |     e[i] = (curvo_icon_entry_t){i, "骰子", "dice", CURVO_CAT_GAME, 1,1,1,1}; i++;
      |                                 ^
kernel/gui/src/kapi_curvo_icons.c:109:33: warning: ‘unsigned int’转换自‘int’时可能会改变结果的符号 [-Wsign-conversion]
  109 |     e[i] = (curvo_icon_entry_t){i, "钥匙", "key", CURVO_CAT_OBJECT, 1,1,1,1}; i++;
      |                                 ^
kernel/gui/src/kapi_curvo_icons.c:110:33: warning: ‘unsigned int’转换自‘int’时可能会改变结果的符号 [-Wsign-conversion]
  110 |     e[i] = (curvo_icon_entry_t){i, "锤子", "hammer", CURVO_CAT_OBJECT, 1,1,1,1}; i++;
      |                                 ^
kernel/gui/src/kapi_curvo_icons.c:111:33: warning: ‘unsigned int’转换自‘int’时可能会改变结果的符号 [-Wsign-conversion]
  111 |     e[i] = (curvo_icon_entry_t){i, "盾", "shield", CURVO_CAT_OBJECT, 1,1,1,1}; i++;
      |                                 ^
kernel/gui/src/kapi_curvo_icons.c:112:33: warning: ‘unsigned int’转换自‘int’时可能会改变结果的符号 [-Wsign-conversion]
  112 |     e[i] = (curvo_icon_entry_t){i, "王冠", "crown", CURVO_CAT_OBJECT, 1,1,1,1}; i++;
      |                                 ^
kernel/gui/src/kapi_curvo_icons.c:113:33: warning: ‘unsigned int’转换自‘int’时可能会改变结果的符号 [-Wsign-conversion]
  113 |     e[i] = (curvo_icon_entry_t){i, "钻石", "diamond", CURVO_CAT_OBJECT, 1,1,1,1}; i++;
      |                                 ^
kernel/gui/src/kapi_curvo_icons.c:114:33: warning: ‘unsigned int’转换自‘int’时可能会改变结果的符号 [-Wsign-conversion]
  114 |     e[i] = (curvo_icon_entry_t){i, "箱子", "chest", CURVO_CAT_OBJECT, 1,1,1,1}; i++;
      |                                 ^
kernel/gui/src/kapi_curvo_icons.c:115:33: warning: ‘unsigned int’转换自‘int’时可能会改变结果的符号 [-Wsign-conversion]
  115 |     e[i] = (curvo_icon_entry_t){i, "书", "book", CURVO_CAT_OBJECT, 1,1,1,1}; i++;
      |                                 ^
kernel/gui/src/kapi_curvo_icons.c:116:33: warning: ‘unsigned int’转换自‘int’时可能会改变结果的符号 [-Wsign-conversion]
  116 |     e[i] = (curvo_icon_entry_t){i, "地图", "map", CURVO_CAT_OBJECT, 1,1,1,1}; i++;
      |                                 ^
kernel/gui/src/kapi_curvo_icons.c:117:33: warning: ‘unsigned int’转换自‘int’时可能会改变结果的符号 [-Wsign-conversion]
  117 |     e[i] = (curvo_icon_entry_t){i, "指南针", "compass", CURVO_CAT_OBJECT, 1,1,1,1}; i++;
      |                                 ^
kernel/gui/src/kapi_curvo_icons.c:118:33: warning: ‘unsigned int’转换自‘int’时可能会改变结果的符号 [-Wsign-conversion]
  118 |     e[i] = (curvo_icon_entry_t){i, "灯", "lamp", CURVO_CAT_OBJECT, 1,1,1,1}; i++;
      |                                 ^
kernel/gui/src/kapi_curvo_icons.c:119:33: warning: ‘unsigned int’转换自‘int’时可能会改变结果的符号 [-Wsign-conversion]
  119 |     e[i] = (curvo_icon_entry_t){i, "商店", "shop", CURVO_CAT_OBJECT, 1,1,1,1}; i++;
      |                                 ^
kernel/gui/src/kapi_curvo_icons.c:120:33: warning: ‘unsigned int’转换自‘int’时可能会改变结果的符号 [-Wsign-conversion]
  120 |     e[i] = (curvo_icon_entry_t){i, "银行", "bank", CURVO_CAT_OBJECT, 1,1,1,1}; i++;
      |                                 ^
kernel/gui/src/kapi_curvo_icons.c:121:33: warning: ‘unsigned int’转换自‘int’时可能会改变结果的符号 [-Wsign-conversion]
  121 |     e[i] = (curvo_icon_entry_t){i, "房子", "house", CURVO_CAT_OBJECT, 1,1,1,1}; i++;
      |                                 ^
kernel/gui/src/kapi_curvo_icons.c:122:33: warning: ‘unsigned int’转换自‘int’时可能会改变结果的符号 [-Wsign-conversion]
  122 |     e[i] = (curvo_icon_entry_t){i, "火箭", "rocket", CURVO_CAT_OBJECT, 1,1,1,1}; i++;
      |                                 ^
kernel/gui/src/kapi_curvo_icons.c:124:33: warning: ‘unsigned int’转换自‘int’时可能会改变结果的符号 [-Wsign-conversion]
  124 |     e[i] = (curvo_icon_entry_t){i, "太阳", "sun", CURVO_CAT_NATURE, 1,1,1,1}; i++;
      |                                 ^
kernel/gui/src/kapi_curvo_icons.c:125:33: warning: ‘unsigned int’转换自‘int’时可能会改变结果的符号 [-Wsign-conversion]
  125 |     e[i] = (curvo_icon_entry_t){i, "月亮", "moon", CURVO_CAT_NATURE, 1,1,1,1}; i++;
      |                                 ^
kernel/gui/src/kapi_curvo_icons.c:126:33: warning: ‘unsigned int’转换自‘int’时可能会改变结果的符号 [-Wsign-conversion]
  126 |     e[i] = (curvo_icon_entry_t){i, "云", "cloud", CURVO_CAT_NATURE, 1,1,1,1}; i++;
      |                                 ^
kernel/gui/src/kapi_curvo_icons.c:127:33: warning: ‘unsigned int’转换自‘int’时可能会改变结果的符号 [-Wsign-conversion]
  127 |     e[i] = (curvo_icon_entry_t){i, "火", "fire", CURVO_CAT_NATURE, 1,1,1,1}; i++;
      |                                 ^
kernel/gui/src/kapi_curvo_icons.c:128:33: warning: ‘unsigned int’转换自‘int’时可能会改变结果的符号 [-Wsign-conversion]
  128 |     e[i] = (curvo_icon_entry_t){i, "水", "water", CURVO_CAT_NATURE, 1,1,1,1}; i++;
      |                                 ^
kernel/gui/src/kapi_curvo_icons.c:129:33: warning: ‘unsigned int’转换自‘int’时可能会改变结果的符号 [-Wsign-conversion]
  129 |     e[i] = (curvo_icon_entry_t){i, "树", "tree", CURVO_CAT_NATURE, 1,1,1,1}; i++;
      |                                 ^
kernel/gui/src/kapi_curvo_icons.c:130:33: warning: ‘unsigned int’转换自‘int’时可能会改变结果的符号 [-Wsign-conversion]
  130 |     e[i] = (curvo_icon_entry_t){i, "花", "flower", CURVO_CAT_NATURE, 1,1,1,1}; i++;
      |                                 ^
kernel/gui/src/kapi_curvo_icons.c:131:33: warning: ‘unsigned int’转换自‘int’时可能会改变结果的符号 [-Wsign-conversion]
  131 |     e[i] = (curvo_icon_entry_t){i, "山", "mountain", CURVO_CAT_NATURE, 1,1,1,1}; i++;
      |                                 ^
kernel/gui/src/kapi_curvo_icons.c:132:33: warning: ‘unsigned int’转换自‘int’时可能会改变结果的符号 [-Wsign-conversion]
  132 |     e[i] = (curvo_icon_entry_t){i, "雨", "rain", CURVO_CAT_NATURE, 1,1,1,1}; i++;
      |                                 ^
kernel/gui/src/kapi_curvo_icons.c:133:33: warning: ‘unsigned int’转换自‘int’时可能会改变结果的符号 [-Wsign-conversion]
  133 |     e[i] = (curvo_icon_entry_t){i, "雪", "snow", CURVO_CAT_NATURE, 1,1,1,1}; i++;
      |                                 ^
kernel/gui/src/kapi_curvo_icons.c:134:33: warning: ‘unsigned int’转换自‘int’时可能会改变结果的符号 [-Wsign-conversion]
  134 |     e[i] = (curvo_icon_entry_t){i, "雷电", "lightning", CURVO_CAT_NATURE, 1,1,1,1}; i++;
      |                                 ^
kernel/gui/src/kapi_curvo_icons.c:135:33: warning: ‘unsigned int’转换自‘int’时可能会改变结果的符号 [-Wsign-conversion]
  135 |     e[i] = (curvo_icon_entry_t){i, "风", "wind", CURVO_CAT_NATURE, 1,1,1,1}; i++;
      |                                 ^
kernel/gui/src/kapi_curvo_icons.c:136:33: warning: ‘unsigned int’转换自‘int’时可能会改变结果的符号 [-Wsign-conversion]
  136 |     e[i] = (curvo_icon_entry_t){i, "温度", "temperature", CURVO_CAT_NATURE, 1,1,1,1}; i++;
      |                                 ^
kernel/gui/src/kapi_curvo_icons.c:139:37: warning: ‘unsigned int’转换自‘int’时可能会改变结果的符号 [-Wsign-conversion]
  139 |         e[i] = (curvo_icon_entry_t){i, "", "", CURVO_CAT_UI, 0,0,0,0};
      |                                     ^
In file included from kernel/gui/include/kanvas_window.h:4,
                 from kernel/gui/src/kanvas_window.c:1:
include/kapi_kanvasui.h:155:29: warning: ‘struct kui_button’ declared inside parameter list will not be visible outside of this definition or declaration
  155 |     void (*on_click)(struct kui_button*);
      |                             ^~~~~~~~~~
include/kapi_kanvasui.h:179:36: warning: ‘struct kui_textbox’ declared inside parameter list will not be visible outside of this definition or declaration
  179 |     void (*on_text_changed)(struct kui_textbox*);
      |                                    ^~~~~~~~~~~
include/kapi_kanvasui.h:180:37: warning: ‘struct kui_textbox’ declared inside parameter list will not be visible outside of this definition or declaration
  180 |     void (*on_enter_pressed)(struct kui_textbox*);
      |                                     ^~~~~~~~~~~
include/kapi_kanvasui.h:205:37: warning: ‘struct kui_slider’ declared inside parameter list will not be visible outside of this definition or declaration
  205 |     void (*on_value_changed)(struct kui_slider*, int);
      |                                     ^~~~~~~~~~
include/kapi_kanvasui.h:214:37: warning: ‘struct kui_checkbox’ declared inside parameter list will not be visible outside of this definition or declaration
  214 |     void (*on_state_changed)(struct kui_checkbox*, bool);
      |                                     ^~~~~~~~~~~~
include/kapi_kanvasui.h:238:41: warning: ‘struct kui_listbox’ declared inside parameter list will not be visible outside of this definition or declaration
  238 |     void (*on_selection_changed)(struct kui_listbox*, int);
      |                                         ^~~~~~~~~~~
include/kapi_kanvasui.h:239:41: warning: ‘struct kui_listbox’ declared inside parameter list will not be visible outside of this definition or declaration
  239 |     void (*on_item_double_click)(struct kui_listbox*, int);
      |                                         ^~~~~~~~~~~
include/kapi_kanvasui.h:308:29: warning: ‘struct kui_toolbar_btn’ declared inside parameter list will not be visible outside of this definition or declaration
  308 |     void (*on_click)(struct kui_toolbar_btn*);
      |                             ^~~~~~~~~~~~~~~
include/kapi_kanvasui.h:342:35: warning: ‘struct kui_tabcontrol’ declared inside parameter list will not be visible outside of this definition or declaration
  342 |     void (*on_tab_changed)(struct kui_tabcontrol*, int);
      |                                   ^~~~~~~~~~~~~~
include/kapi_kanvasui.h:366:37: warning: ‘struct kui_treeview’ declared inside parameter list will not be visible outside of this definition or declaration
  366 |     void (*on_node_selected)(struct kui_treeview*, kui_treeview_node_t*);
      |                                     ^~~~~~~~~~~~
include/kapi_kanvasui.h:379:38: warning: ‘struct kui_splitter’ declared inside parameter list will not be visible outside of this definition or declaration
  379 |     void (*on_splitter_moved)(struct kui_splitter*, int);
      |                                      ^~~~~~~~~~~~
kernel/gui/src/kanvas_window.c: 在函数‘kanvas_window_create’中:
kernel/gui/src/kanvas_window.c:60:31: warning: ‘long long unsigned int’转换自‘int’时可能会改变结果的符号 [-Wsign-conversion]
   60 |     size_t buf_sz = (size_t)w * h * 4;
      |                               ^
kernel/gui/src/kanvas_window.c: 在函数‘blend_pixel’中:
kernel/gui/src/kanvas_window.c:126:24: warning: ‘unsigned int’转换自‘int’时可能会改变结果的符号 [-Wsign-conversion]
  126 |     p[x] = 0xFF000000u | (((sr * alpha + dr * ia) / 255) << 16) | (((sg * alpha + dg * ia) / 255) << 8) | ((sb * alpha + db * ia) / 255);
      |                        ^
kernel/gui/src/kanvas_window.c:126:65: warning: ‘unsigned int’转换自‘int’时可能会改变结果的符号 [-Wsign-conversion]
  126 |     p[x] = 0xFF000000u | (((sr * alpha + dr * ia) / 255) << 16) | (((sg * alpha + dg * ia) / 255) << 8) | ((sb * alpha + db * ia) / 255);
      |                                                                 ^
kernel/gui/src/kanvas_window.c:126:105: warning: ‘unsigned int’转换自‘int’时可能会改变结果的符号 [-Wsign-conversion]
  126 |     p[x] = 0xFF000000u | (((sr * alpha + dr * ia) / 255) << 16) | (((sg * alpha + dg * ia) / 255) << 8) | ((sb * alpha + db * ia) / 255);
      |                                                                                                         ^
kernel/gui/src/kanvas_window.c: 在函数‘kanvas_window_paint_shadow’中:
kernel/gui/src/kanvas_window.c:136:63: warning: conversion from ‘int’ to ‘float’ may change value [-Wconversion]
  136 |         uint8_t a = (uint8_t)((float)alpha * (1.0f - (float)i / blur));
      |                                                               ^
<1> Building kernel/gui/src/kanvas_terminal.c
In file included from kernel/gui/include/kanvas_terminal.h:4,
                 from kernel/gui/src/kanvas_terminal.c:1:
include/kapi_kanvasui.h:155:29: warning: ‘struct kui_button’ declared inside parameter list will not be visible outside of this definition or declaration
  155 |     void (*on_click)(struct kui_button*);
      |                             ^~~~~~~~~~
include/kapi_kanvasui.h:179:36: warning: ‘struct kui_textbox’ declared inside parameter list will not be visible outside of this definition or declaration
  179 |     void (*on_text_changed)(struct kui_textbox*);
      |                                    ^~~~~~~~~~~
include/kapi_kanvasui.h:180:37: warning: ‘struct kui_textbox’ declared inside parameter list will not be visible outside of this definition or declaration
  180 |     void (*on_enter_pressed)(struct kui_textbox*);
      |                                     ^~~~~~~~~~~
include/kapi_kanvasui.h:205:37: warning: ‘struct kui_slider’ declared inside parameter list will not be visible outside of this definition or declaration
  205 |     void (*on_value_changed)(struct kui_slider*, int);
      |                                     ^~~~~~~~~~
include/kapi_kanvasui.h:214:37: warning: ‘struct kui_checkbox’ declared inside parameter list will not be visible outside of this definition or declaration
  214 |     void (*on_state_changed)(struct kui_checkbox*, bool);
      |                                     ^~~~~~~~~~~~
include/kapi_kanvasui.h:238:41: warning: ‘struct kui_listbox’ declared inside parameter list will not be visible outside of this definition or declaration
  238 |     void (*on_selection_changed)(struct kui_listbox*, int);
      |                                         ^~~~~~~~~~~
include/kapi_kanvasui.h:239:41: warning: ‘struct kui_listbox’ declared inside parameter list will not be visible outside of this definition or declaration
  239 |     void (*on_item_double_click)(struct kui_listbox*, int);
      |                                         ^~~~~~~~~~~
include/kapi_kanvasui.h:308:29: warning: ‘struct kui_toolbar_btn’ declared inside parameter list will not be visible outside of this definition or declaration
  308 |     void (*on_click)(struct kui_toolbar_btn*);
      |                             ^~~~~~~~~~~~~~~
include/kapi_kanvasui.h:342:35: warning: ‘struct kui_tabcontrol’ declared inside parameter list will not be visible outside of this definition or declaration
  342 |     void (*on_tab_changed)(struct kui_tabcontrol*, int);
      |                                   ^~~~~~~~~~~~~~
include/kapi_kanvasui.h:366:37: warning: ‘struct kui_treeview’ declared inside parameter list will not be visible outside of this definition or declaration
  366 |     void (*on_node_selected)(struct kui_treeview*, kui_treeview_node_t*);
      |                                     ^~~~~~~~~~~~
include/kapi_kanvasui.h:379:38: warning: ‘struct kui_splitter’ declared inside parameter list will not be visible outside of this definition or declaration
  379 |     void (*on_splitter_moved)(struct kui_splitter*, int);
      |                                      ^~~~~~~~~~~~
kernel/gui/src/kanvas_terminal.c: 在函数‘t_fill_rect’中:
kernel/gui/src/kanvas_terminal.c:10:5: warning: this ‘if’ clause does not guard... [-Wmisleading-indentation]
   10 |     if (x + w > fw) w = fw - x; if (y + h > fh) h = fh - y;
      |     ^~
kernel/gui/src/kanvas_terminal.c:10:33: note: ...this statement, but the latter is misleadingly indented as if it were guarded by the ‘if’
   10 |     if (x + w > fw) w = fw - x; if (y + h > fh) h = fh - y;
      |                                 ^~
kernel/gui/src/kanvas_terminal.c: 在函数‘kanvas_terminal_paint’中:
kernel/gui/src/kanvas_terminal.c:100:75: warning: conversion from ‘int’ to ‘float’ may change value [-Wconversion]
  100 |             int thumb_h = (int)((float)max_lines / (float)tab->line_count * (term->h - KTERM_TAB_BAR_H));
      |                                                                           ^
kernel/gui/src/kanvas_terminal.c:101:110: warning: conversion from ‘int’ to ‘float’ may change value [-Wconversion]
  101 |             int thumb_y = content_y + (int)((float)tab->scroll_offset / (float)(tab->line_count - max_lines) * (term->h - KTERM_TAB_BAR_H - thumb_h));
      |                                                                                                              ^
<0> Building kernel/gui/src/kanvas_taskbar.c
In file included from kernel/gui/include/kanvas_taskbar.h:4,
                 from kernel/gui/src/kanvas_taskbar.c:1:
include/kapi_kanvasui.h:155:29: warning: ‘struct kui_button’ declared inside parameter list will not be visible outside of this definition or declaration
  155 |     void (*on_click)(struct kui_button*);
      |                             ^~~~~~~~~~
include/kapi_kanvasui.h:179:36: warning: ‘struct kui_textbox’ declared inside parameter list will not be visible outside of this definition or declaration
  179 |     void (*on_text_changed)(struct kui_textbox*);
      |                                    ^~~~~~~~~~~
include/kapi_kanvasui.h:180:37: warning: ‘struct kui_textbox’ declared inside parameter list will not be visible outside of this definition or declaration
  180 |     void (*on_enter_pressed)(struct kui_textbox*);
      |                                     ^~~~~~~~~~~
include/kapi_kanvasui.h:205:37: warning: ‘struct kui_slider’ declared inside parameter list will not be visible outside of this definition or declaration
  205 |     void (*on_value_changed)(struct kui_slider*, int);
      |                                     ^~~~~~~~~~
include/kapi_kanvasui.h:214:37: warning: ‘struct kui_checkbox’ declared inside parameter list will not be visible outside of this definition or declaration
  214 |     void (*on_state_changed)(struct kui_checkbox*, bool);
      |                                     ^~~~~~~~~~~~
include/kapi_kanvasui.h:238:41: warning: ‘struct kui_listbox’ declared inside parameter list will not be visible outside of this definition or declaration
  238 |     void (*on_selection_changed)(struct kui_listbox*, int);
      |                                         ^~~~~~~~~~~
include/kapi_kanvasui.h:239:41: warning: ‘struct kui_listbox’ declared inside parameter list will not be visible outside of this definition or declaration
  239 |     void (*on_item_double_click)(struct kui_listbox*, int);
      |                                         ^~~~~~~~~~~
include/kapi_kanvasui.h:308:29: warning: ‘struct kui_toolbar_btn’ declared inside parameter list will not be visible outside of this definition or declaration
  308 |     void (*on_click)(struct kui_toolbar_btn*);
      |                             ^~~~~~~~~~~~~~~
include/kapi_kanvasui.h:342:35: warning: ‘struct kui_tabcontrol’ declared inside parameter list will not be visible outside of this definition or declaration
  342 |     void (*on_tab_changed)(struct kui_tabcontrol*, int);
      |                                   ^~~~~~~~~~~~~~
include/kapi_kanvasui.h:366:37: warning: ‘struct kui_treeview’ declared inside parameter list will not be visible outside of this definition or declaration
  366 |     void (*on_node_selected)(struct kui_treeview*, kui_treeview_node_t*);
      |                                     ^~~~~~~~~~~~
include/kapi_kanvasui.h:379:38: warning: ‘struct kui_splitter’ declared inside parameter list will not be visible outside of this definition or declaration
  379 |     void (*on_splitter_moved)(struct kui_splitter*, int);
      |                                      ^~~~~~~~~~~~
<1> Building kernel/gui/src/kanvas_task_manager.c
In file included from kernel/gui/include/kanvas_task_manager.h:4,
                 from kernel/gui/src/kanvas_task_manager.c:1:
include/kapi_kanvasui.h:155:29: warning: ‘struct kui_button’ declared inside parameter list will not be visible outside of this definition or declaration
  155 |     void (*on_click)(struct kui_button*);
      |                             ^~~~~~~~~~
include/kapi_kanvasui.h:179:36: warning: ‘struct kui_textbox’ declared inside parameter list will not be visible outside of this definition or declaration
  179 |     void (*on_text_changed)(struct kui_textbox*);
      |                                    ^~~~~~~~~~~
include/kapi_kanvasui.h:180:37: warning: ‘struct kui_textbox’ declared inside parameter list will not be visible outside of this definition or declaration
  180 |     void (*on_enter_pressed)(struct kui_textbox*);
      |                                     ^~~~~~~~~~~
include/kapi_kanvasui.h:205:37: warning: ‘struct kui_slider’ declared inside parameter list will not be visible outside of this definition or declaration
  205 |     void (*on_value_changed)(struct kui_slider*, int);
      |                                     ^~~~~~~~~~
include/kapi_kanvasui.h:214:37: warning: ‘struct kui_checkbox’ declared inside parameter list will not be visible outside of this definition or declaration
  214 |     void (*on_state_changed)(struct kui_checkbox*, bool);
      |                                     ^~~~~~~~~~~~
include/kapi_kanvasui.h:238:41: warning: ‘struct kui_listbox’ declared inside parameter list will not be visible outside of this definition or declaration
  238 |     void (*on_selection_changed)(struct kui_listbox*, int);
      |                                         ^~~~~~~~~~~
include/kapi_kanvasui.h:239:41: warning: ‘struct kui_listbox’ declared inside parameter list will not be visible outside of this definition or declaration
  239 |     void (*on_item_double_click)(struct kui_listbox*, int);
      |                                         ^~~~~~~~~~~
include/kapi_kanvasui.h:308:29: warning: ‘struct kui_toolbar_btn’ declared inside parameter list will not be visible outside of this definition or declaration
  308 |     void (*on_click)(struct kui_toolbar_btn*);
      |                             ^~~~~~~~~~~~~~~
include/kapi_kanvasui.h:342:35: warning: ‘struct kui_tabcontrol’ declared inside parameter list will not be visible outside of this definition or declaration
  342 |     void (*on_tab_changed)(struct kui_tabcontrol*, int);
      |                                   ^~~~~~~~~~~~~~
include/kapi_kanvasui.h:366:37: warning: ‘struct kui_treeview’ declared inside parameter list will not be visible outside of this definition or declaration
  366 |     void (*on_node_selected)(struct kui_treeview*, kui_treeview_node_t*);
      |                                     ^~~~~~~~~~~~
include/kapi_kanvasui.h:379:38: warning: ‘struct kui_splitter’ declared inside parameter list will not be visible outside of this definition or declaration
  379 |     void (*on_splitter_moved)(struct kui_splitter*, int);
      |                                      ^~~~~~~~~~~~
kernel/gui/src/kanvas_task_manager.c: 在函数‘tm_fill_rect’中:
kernel/gui/src/kanvas_task_manager.c:10:5: warning: this ‘if’ clause does not guard... [-Wmisleading-indentation]
   10 |     if (x + w > fw) w = fw - x; if (y + h > fh) h = fh - y;
      |     ^~
kernel/gui/src/kanvas_task_manager.c:10:33: note: ...this statement, but the latter is misleadingly indented as if it were guarded by the ‘if’
   10 |     if (x + w > fw) w = fw - x; if (y + h > fh) h = fh - y;
      |                                 ^~
kernel/gui/src/kanvas_task_manager.c: 在函数‘kanvas_task_manager_paint’中:
kernel/gui/src/kanvas_task_manager.c:72:77: warning: conversion from ‘int’ to ‘char’ may change value [-Wconversion]
   72 |                 else { char tmp[8]; int ti = 0; while (v > 0) { tmp[ti++] = '0' + (v % 10); v /= 10; } while (ti > 0) pid_s[pos++] = tmp[--ti]; }
      |                                                                             ^~~
kernel/gui/src/kanvas_task_manager.c:77:126: warning: conversion from ‘int’ to ‘char’ may change value [-Wconversion]
   77 |                 { int ci = 0; if (cpu == 0) cpu_s[ci++] = '0'; else { char tmp[8]; int ti = 0; while (cpu > 0) { tmp[ti++] = '0' + (cpu % 10); cpu /= 10; } while (ti > 0) cpu_s[ci++] = tmp[--ti]; } cpu_s[ci++] = '%'; cpu_s[ci] = '\0'; }
      |                                                                                                                              ^~~
kernel/gui/src/kanvas_task_manager.c:90:131: warning: conversion from ‘int’ to ‘float’ may change value [-Wconversion]
   90 |                 int y1 = graph_y + graph_h - (int)((float)tm->perf_history[idx].cpu_user / (float)tm->perf_history[idx].cpu_total * graph_h);
      |                                                                                                                                   ^
kernel/gui/src/kanvas_task_manager.c:91:133: warning: conversion from ‘int’ to ‘float’ may change value [-Wconversion]
   91 |                 int y2 = graph_y + graph_h - (int)((float)tm->perf_history[next].cpu_user / (float)tm->perf_history[next].cpu_total * graph_h);
      |                                                                                                                                     ^
kernel/gui/src/kanvas_task_manager.c:58:5: warning: switch 没有处理枚举值‘KTM_TAB_COUNT’ [-Wswitch]
   58 |     switch (tm->active_tab) {
      |     ^~~~~~
<2> Building kernel/gui/src/kanvas_system_tray.c
In file included from kernel/gui/include/kanvas_system_tray.h:4,
                 from kernel/gui/src/kanvas_system_tray.c:1:
include/kapi_kanvasui.h:155:29: warning: ‘struct kui_button’ declared inside parameter list will not be visible outside of this definition or declaration
  155 |     void (*on_click)(struct kui_button*);
      |                             ^~~~~~~~~~
include/kapi_kanvasui.h:179:36: warning: ‘struct kui_textbox’ declared inside parameter list will not be visible outside of this definition or declaration
  179 |     void (*on_text_changed)(struct kui_textbox*);
      |                                    ^~~~~~~~~~~
include/kapi_kanvasui.h:180:37: warning: ‘struct kui_textbox’ declared inside parameter list will not be visible outside of this definition or declaration
  180 |     void (*on_enter_pressed)(struct kui_textbox*);
      |                                     ^~~~~~~~~~~
include/kapi_kanvasui.h:205:37: warning: ‘struct kui_slider’ declared inside parameter list will not be visible outside of this definition or declaration
  205 |     void (*on_value_changed)(struct kui_slider*, int);
      |                                     ^~~~~~~~~~
include/kapi_kanvasui.h:214:37: warning: ‘struct kui_checkbox’ declared inside parameter list will not be visible outside of this definition or declaration
  214 |     void (*on_state_changed)(struct kui_checkbox*, bool);
      |                                     ^~~~~~~~~~~~
include/kapi_kanvasui.h:238:41: warning: ‘struct kui_listbox’ declared inside parameter list will not be visible outside of this definition or declaration
  238 |     void (*on_selection_changed)(struct kui_listbox*, int);
      |                                         ^~~~~~~~~~~
include/kapi_kanvasui.h:239:41: warning: ‘struct kui_listbox’ declared inside parameter list will not be visible outside of this definition or declaration
  239 |     void (*on_item_double_click)(struct kui_listbox*, int);
      |                                         ^~~~~~~~~~~
include/kapi_kanvasui.h:308:29: warning: ‘struct kui_toolbar_btn’ declared inside parameter list will not be visible outside of this definition or declaration
  308 |     void (*on_click)(struct kui_toolbar_btn*);
      |                             ^~~~~~~~~~~~~~~
include/kapi_kanvasui.h:342:35: warning: ‘struct kui_tabcontrol’ declared inside parameter list will not be visible outside of this definition or declaration
  342 |     void (*on_tab_changed)(struct kui_tabcontrol*, int);
      |                                   ^~~~~~~~~~~~~~
include/kapi_kanvasui.h:366:37: warning: ‘struct kui_treeview’ declared inside parameter list will not be visible outside of this definition or declaration
  366 |     void (*on_node_selected)(struct kui_treeview*, kui_treeview_node_t*);
      |                                     ^~~~~~~~~~~~
include/kapi_kanvasui.h:379:38: warning: ‘struct kui_splitter’ declared inside parameter list will not be visible outside of this definition or declaration
  379 |     void (*on_splitter_moved)(struct kui_splitter*, int);
      |                                      ^~~~~~~~~~~~
kernel/gui/src/kanvas_system_tray.c: 在函数‘draw_icon_glyph’中:
kernel/gui/src/kanvas_system_tray.c:52:43: warning: conversion from ‘int’ to ‘float’ may change value [-Wconversion]
   52 |                     int px = cx + (int)(r * __builtin_sinf(rad));
      |                                           ^
kernel/gui/src/kanvas_system_tray.c:53:46: warning: conversion from ‘int’ to ‘float’ may change value [-Wconversion]
   53 |                     int py = arc_y + (int)(r * __builtin_cosf(rad));
      |                                              ^
kernel/gui/src/kanvas_system_tray.c:86:49: warning: conversion from ‘int’ to ‘float’ may change value [-Wconversion]
   86 |                 float angle = (float)i * 360.0f / rays * 3.14159265f / 180.0f;
      |                                                 ^
kernel/gui/src/kanvas_system_tray.c: 在函数‘kanvas_system_tray_paint_popup’中:
kernel/gui/src/kanvas_system_tray.c:216:79: warning: conversion from ‘int’ to ‘char’ may change value [-Wconversion]
  216 |                 else { char tmp[8]; int ti = 0; while (sig > 0) { tmp[ti++] = '0' + (sig % 10); sig /= 10; } while (ti > 0) sig_text[pos++] = tmp[--ti]; }
      |                                                                               ^~~
kernel/gui/src/kanvas_system_tray.c:254:73: warning: conversion from ‘int’ to ‘char’ may change value [-Wconversion]
  254 |             else { char tmp[8]; int ti = 0; while (v > 0) { tmp[ti++] = '0' + (v % 10); v /= 10; } while (ti > 0) vol_text[pos++] = tmp[--ti]; }
      |                                                                         ^~~
kernel/gui/src/kanvas_system_tray.c:290:73: warning: conversion from ‘int’ to ‘char’ may change value [-Wconversion]
  290 |             else { char tmp[8]; int ti = 0; while (v > 0) { tmp[ti++] = '0' + (v % 10); v /= 10; } while (ti > 0) pct_text[pos++] = tmp[--ti]; }
      |                                                                         ^~~
<0> Building kernel/gui/src/kanvas_start_menu.c
In file included from kernel/gui/include/kanvas_start_menu.h:4,
                 from kernel/gui/src/kanvas_start_menu.c:1:
include/kapi_kanvasui.h:155:29: warning: ‘struct kui_button’ declared inside parameter list will not be visible outside of this definition or declaration
  155 |     void (*on_click)(struct kui_button*);
      |                             ^~~~~~~~~~
include/kapi_kanvasui.h:179:36: warning: ‘struct kui_textbox’ declared inside parameter list will not be visible outside of this definition or declaration
  179 |     void (*on_text_changed)(struct kui_textbox*);
      |                                    ^~~~~~~~~~~
include/kapi_kanvasui.h:180:37: warning: ‘struct kui_textbox’ declared inside parameter list will not be visible outside of this definition or declaration
  180 |     void (*on_enter_pressed)(struct kui_textbox*);
      |                                     ^~~~~~~~~~~
include/kapi_kanvasui.h:205:37: warning: ‘struct kui_slider’ declared inside parameter list will not be visible outside of this definition or declaration
  205 |     void (*on_value_changed)(struct kui_slider*, int);
      |                                     ^~~~~~~~~~
include/kapi_kanvasui.h:214:37: warning: ‘struct kui_checkbox’ declared inside parameter list will not be visible outside of this definition or declaration
  214 |     void (*on_state_changed)(struct kui_checkbox*, bool);
      |                                     ^~~~~~~~~~~~
include/kapi_kanvasui.h:238:41: warning: ‘struct kui_listbox’ declared inside parameter list will not be visible outside of this definition or declaration
  238 |     void (*on_selection_changed)(struct kui_listbox*, int);
      |                                         ^~~~~~~~~~~
include/kapi_kanvasui.h:239:41: warning: ‘struct kui_listbox’ declared inside parameter list will not be visible outside of this definition or declaration
  239 |     void (*on_item_double_click)(struct kui_listbox*, int);
      |                                         ^~~~~~~~~~~
include/kapi_kanvasui.h:308:29: warning: ‘struct kui_toolbar_btn’ declared inside parameter list will not be visible outside of this definition or declaration
  308 |     void (*on_click)(struct kui_toolbar_btn*);
      |                             ^~~~~~~~~~~~~~~
include/kapi_kanvasui.h:342:35: warning: ‘struct kui_tabcontrol’ declared inside parameter list will not be visible outside of this definition or declaration
  342 |     void (*on_tab_changed)(struct kui_tabcontrol*, int);
      |                                   ^~~~~~~~~~~~~~
include/kapi_kanvasui.h:366:37: warning: ‘struct kui_treeview’ declared inside parameter list will not be visible outside of this definition or declaration
  366 |     void (*on_node_selected)(struct kui_treeview*, kui_treeview_node_t*);
      |                                     ^~~~~~~~~~~~
include/kapi_kanvasui.h:379:38: warning: ‘struct kui_splitter’ declared inside parameter list will not be visible outside of this definition or declaration
  379 |     void (*on_splitter_moved)(struct kui_splitter*, int);
      |                                      ^~~~~~~~~~~~
<1> Building kernel/gui/src/kanvas_kex_runner.c
In file included from kernel/gui/include/kanvas_kex_runner.h:4,
                 from kernel/gui/src/kanvas_kex_runner.c:1:
include/kapi_kanvasui.h:155:29: warning: ‘struct kui_button’ declared inside parameter list will not be visible outside of this definition or declaration
  155 |     void (*on_click)(struct kui_button*);
      |                             ^~~~~~~~~~
include/kapi_kanvasui.h:179:36: warning: ‘struct kui_textbox’ declared inside parameter list will not be visible outside of this definition or declaration
  179 |     void (*on_text_changed)(struct kui_textbox*);
      |                                    ^~~~~~~~~~~
include/kapi_kanvasui.h:180:37: warning: ‘struct kui_textbox’ declared inside parameter list will not be visible outside of this definition or declaration
  180 |     void (*on_enter_pressed)(struct kui_textbox*);
      |                                     ^~~~~~~~~~~
include/kapi_kanvasui.h:205:37: warning: ‘struct kui_slider’ declared inside parameter list will not be visible outside of this definition or declaration
  205 |     void (*on_value_changed)(struct kui_slider*, int);
      |                                     ^~~~~~~~~~
include/kapi_kanvasui.h:214:37: warning: ‘struct kui_checkbox’ declared inside parameter list will not be visible outside of this definition or declaration
  214 |     void (*on_state_changed)(struct kui_checkbox*, bool);
      |                                     ^~~~~~~~~~~~
include/kapi_kanvasui.h:238:41: warning: ‘struct kui_listbox’ declared inside parameter list will not be visible outside of this definition or declaration
  238 |     void (*on_selection_changed)(struct kui_listbox*, int);
      |                                         ^~~~~~~~~~~
include/kapi_kanvasui.h:239:41: warning: ‘struct kui_listbox’ declared inside parameter list will not be visible outside of this definition or declaration
  239 |     void (*on_item_double_click)(struct kui_listbox*, int);
      |                                         ^~~~~~~~~~~
include/kapi_kanvasui.h:308:29: warning: ‘struct kui_toolbar_btn’ declared inside parameter list will not be visible outside of this definition or declaration
  308 |     void (*on_click)(struct kui_toolbar_btn*);
      |                             ^~~~~~~~~~~~~~~
include/kapi_kanvasui.h:342:35: warning: ‘struct kui_tabcontrol’ declared inside parameter list will not be visible outside of this definition or declaration
  342 |     void (*on_tab_changed)(struct kui_tabcontrol*, int);
      |                                   ^~~~~~~~~~~~~~
include/kapi_kanvasui.h:366:37: warning: ‘struct kui_treeview’ declared inside parameter list will not be visible outside of this definition or declaration
  366 |     void (*on_node_selected)(struct kui_treeview*, kui_treeview_node_t*);
      |                                     ^~~~~~~~~~~~
include/kapi_kanvasui.h:379:38: warning: ‘struct kui_splitter’ declared inside parameter list will not be visible outside of this definition or declaration
  379 |     void (*on_splitter_moved)(struct kui_splitter*, int);
      |                                      ^~~~~~~~~~~~
kernel/gui/src/kanvas_kex_runner.c: 在函数‘kanvas_kex_runner_paint’中:
kernel/gui/src/kanvas_kex_runner.c:118:47: warning: conversion from ‘int’ to ‘char’ may change value [-Wconversion]
  118 |                 while (pid > 0) { tmp[ti++] = '0' + (pid % 10); pid /= 10; }
      |                                               ^~~
kernel/gui/src/kanvas_kex_runner.c:133:73: warning: ‘size_t’ {或称 ‘long long unsigned int’}转换自‘int’时可能会改变结果的符号 [-Wsign-conversion]
  133 |                             memcpy(buf, &runner->current.output[start], len);
      |                                                                         ^~~
kernel/gui/src/kanvas_kex_runner.c: 在函数‘kanvas_kex_detect_format’中:
kernel/gui/src/kanvas_kex_runner.c:193:74: warning: 多字节字符常量 [-Wmultichar]
  193 |         if (ext[0] == '.' && ext[1] == 'e' && ext[2] == 'l' && ext[3] == 'fB') return KEX_FORMAT_ELF;
      |                                                                          ^~~~
kernel/gui/src/kanvas_kex_runner.c:193:71: warning: 由于数据类型范围限制，比较结果永远为假 [-Wtype-limits]
  193 |         if (ext[0] == '.' && ext[1] == 'e' && ext[2] == 'l' && ext[3] == 'fB') return KEX_FORMAT_ELF;
      |                                                                       ^~
kernel/gui/src/kanvas_kex_runner.c: 在函数‘kanvas_kex_run’中:
kernel/gui/src/kanvas_kex_runner.c:232:27: warning: 将一个指针转换为大小不同的整数 [-Wpointer-to-int-cast]
  232 |     runner->current.pid = (uint32_t)(runner + 1);
      |                           ^
<0> Building kernel/gui/src/kanvas_gui.c
<1> Building kernel/gui/src/kanvas_file_manager.c
<2> Building kernel/gui/src/kanvas_desktop.c
<3> Building kernel/gui/src/kanvas_boot_splash.c
In file included from kernel/gui/include/kanvas_desktop.h:4,
                 from kernel/gui/src/kanvas_gui.c:1:
include/kapi_kanvasui.h:155:29: warning: ‘struct kui_button’ declared inside parameter list will not be visible outside of this definition or declaration
  155 |     void (*on_click)(struct kui_button*);
      |                             ^~~~~~~~~~
include/kapi_kanvasui.h:179:36: warning: ‘struct kui_textbox’ declared inside parameter list will not be visible outside of this definition or declaration
  179 |     void (*on_text_changed)(struct kui_textbox*);
      |                                    ^~~~~~~~~~~
include/kapi_kanvasui.h:180:37: warning: ‘struct kui_textbox’ declared inside parameter list will not be visible outside of this definition or declaration
  180 |     void (*on_enter_pressed)(struct kui_textbox*);
      |                                     ^~~~~~~~~~~
include/kapi_kanvasui.h:205:37: warning: ‘struct kui_slider’ declared inside parameter list will not be visible outside of this definition or declaration
  205 |     void (*on_value_changed)(struct kui_slider*, int);
      |                                     ^~~~~~~~~~
include/kapi_kanvasui.h:214:37: warning: ‘struct kui_checkbox’ declared inside parameter list will not be visible outside of this definition or declaration
  214 |     void (*on_state_changed)(struct kui_checkbox*, bool);
      |                                     ^~~~~~~~~~~~
include/kapi_kanvasui.h:238:41: warning: ‘struct kui_listbox’ declared inside parameter list will not be visible outside of this definition or declaration
  238 |     void (*on_selection_changed)(struct kui_listbox*, int);
      |                                         ^~~~~~~~~~~
include/kapi_kanvasui.h:239:41: warning: ‘struct kui_listbox’ declared inside parameter list will not be visible outside of this definition or declaration
  239 |     void (*on_item_double_click)(struct kui_listbox*, int);
      |                                         ^~~~~~~~~~~
include/kapi_kanvasui.h:308:29: warning: ‘struct kui_toolbar_btn’ declared inside parameter list will not be visible outside of this definition or declaration
  308 |     void (*on_click)(struct kui_toolbar_btn*);
      |                             ^~~~~~~~~~~~~~~
include/kapi_kanvasui.h:342:35: warning: ‘struct kui_tabcontrol’ declared inside parameter list will not be visible outside of this definition or declaration
  342 |     void (*on_tab_changed)(struct kui_tabcontrol*, int);
      |                                   ^~~~~~~~~~~~~~
include/kapi_kanvasui.h:366:37: warning: ‘struct kui_treeview’ declared inside parameter list will not be visible outside of this definition or declaration
  366 |     void (*on_node_selected)(struct kui_treeview*, kui_treeview_node_t*);
      |                                     ^~~~~~~~~~~~
include/kapi_kanvasui.h:379:38: warning: ‘struct kui_splitter’ declared inside parameter list will not be visible outside of this definition or declaration
  379 |     void (*on_splitter_moved)(struct kui_splitter*, int);
      |                                      ^~~~~~~~~~~~
In file included from kernel/gui/src/kanvas_gui.c:3:
kernel/gui/include/kanvas_taskbar.h:15:9: warning: ‘KANVAS_TASKBAR_RADIUS’ 重定义
   15 | #define KANVAS_TASKBAR_RADIUS       0
      |         ^~~~~~~~~~~~~~~~~~~~~
kernel/gui/include/kanvas_desktop.h:16:9: note: 这是先前定义的位置
   16 | #define KANVAS_TASKBAR_RADIUS       12
      |         ^~~~~~~~~~~~~~~~~~~~~
In file included from kernel/gui/include/kanvas_desktop.h:4,
                 from kernel/gui/src/kanvas_desktop.c:1:
include/kapi_kanvasui.h:155:29: warning: ‘struct kui_button’ declared inside parameter list will not be visible outside of this definition or declaration
  155 |     void (*on_click)(struct kui_button*);
      |                             ^~~~~~~~~~
include/kapi_kanvasui.h:179:36: warning: ‘struct kui_textbox’ declared inside parameter list will not be visible outside of this definition or declaration
  179 |     void (*on_text_changed)(struct kui_textbox*);
      |                                    ^~~~~~~~~~~
include/kapi_kanvasui.h:180:37: warning: ‘struct kui_textbox’ declared inside parameter list will not be visible outside of this definition or declaration
  180 |     void (*on_enter_pressed)(struct kui_textbox*);
      |                                     ^~~~~~~~~~~
include/kapi_kanvasui.h:205:37: warning: ‘struct kui_slider’ declared inside parameter list will not be visible outside of this definition or declaration
  205 |     void (*on_value_changed)(struct kui_slider*, int);
      |                                     ^~~~~~~~~~
include/kapi_kanvasui.h:214:37: warning: ‘struct kui_checkbox’ declared inside parameter list will not be visible outside of this definition or declaration
  214 |     void (*on_state_changed)(struct kui_checkbox*, bool);
      |                                     ^~~~~~~~~~~~
include/kapi_kanvasui.h:238:41: warning: ‘struct kui_listbox’ declared inside parameter list will not be visible outside of this definition or declaration
  238 |     void (*on_selection_changed)(struct kui_listbox*, int);
      |                                         ^~~~~~~~~~~
include/kapi_kanvasui.h:239:41: warning: ‘struct kui_listbox’ declared inside parameter list will not be visible outside of this definition or declaration
  239 |     void (*on_item_double_click)(struct kui_listbox*, int);
      |                                         ^~~~~~~~~~~
include/kapi_kanvasui.h:308:29: warning: ‘struct kui_toolbar_btn’ declared inside parameter list will not be visible outside of this definition or declaration
  308 |     void (*on_click)(struct kui_toolbar_btn*);
      |                             ^~~~~~~~~~~~~~~
include/kapi_kanvasui.h:342:35: warning: ‘struct kui_tabcontrol’ declared inside parameter list will not be visible outside of this definition or declaration
  342 |     void (*on_tab_changed)(struct kui_tabcontrol*, int);
      |                                   ^~~~~~~~~~~~~~
include/kapi_kanvasui.h:366:37: warning: ‘struct kui_treeview’ declared inside parameter list will not be visible outside of this definition or declaration
  366 |     void (*on_node_selected)(struct kui_treeview*, kui_treeview_node_t*);
      |                                     ^~~~~~~~~~~~
include/kapi_kanvasui.h:379:38: warning: ‘struct kui_splitter’ declared inside parameter list will not be visible outside of this definition or declaration
  379 |     void (*on_splitter_moved)(struct kui_splitter*, int);
      |                                      ^~~~~~~~~~~~
In file included from kernel/gui/include/kanvas_file_manager.h:4,
                 from kernel/gui/src/kanvas_file_manager.c:1:
include/kapi_kanvasui.h:155:29: warning: ‘struct kui_button’ declared inside parameter list will not be visible outside of this definition or declaration
  155 |     void (*on_click)(struct kui_button*);
      |                             ^~~~~~~~~~
include/kapi_kanvasui.h:179:36: warning: ‘struct kui_textbox’ declared inside parameter list will not be visible outside of this definition or declaration
  179 |     void (*on_text_changed)(struct kui_textbox*);
      |                                    ^~~~~~~~~~~
include/kapi_kanvasui.h:180:37: warning: ‘struct kui_textbox’ declared inside parameter list will not be visible outside of this definition or declaration
  180 |     void (*on_enter_pressed)(struct kui_textbox*);
      |                                     ^~~~~~~~~~~
include/kapi_kanvasui.h:205:37: warning: ‘struct kui_slider’ declared inside parameter list will not be visible outside of this definition or declaration
  205 |     void (*on_value_changed)(struct kui_slider*, int);
      |                                     ^~~~~~~~~~
include/kapi_kanvasui.h:214:37: warning: ‘struct kui_checkbox’ declared inside parameter list will not be visible outside of this definition or declaration
  214 |     void (*on_state_changed)(struct kui_checkbox*, bool);
      |                                     ^~~~~~~~~~~~
include/kapi_kanvasui.h:238:41: warning: ‘struct kui_listbox’ declared inside parameter list will not be visible outside of this definition or declaration
  238 |     void (*on_selection_changed)(struct kui_listbox*, int);
      |                                         ^~~~~~~~~~~
include/kapi_kanvasui.h:239:41: warning: ‘struct kui_listbox’ declared inside parameter list will not be visible outside of this definition or declaration
  239 |     void (*on_item_double_click)(struct kui_listbox*, int);
      |                                         ^~~~~~~~~~~
include/kapi_kanvasui.h:308:29: warning: ‘struct kui_toolbar_btn’ declared inside parameter list will not be visible outside of this definition or declaration
  308 |     void (*on_click)(struct kui_toolbar_btn*);
      |                             ^~~~~~~~~~~~~~~
include/kapi_kanvasui.h:342:35: warning: ‘struct kui_tabcontrol’ declared inside parameter list will not be visible outside of this definition or declaration
  342 |     void (*on_tab_changed)(struct kui_tabcontrol*, int);
      |                                   ^~~~~~~~~~~~~~
include/kapi_kanvasui.h:366:37: warning: ‘struct kui_treeview’ declared inside parameter list will not be visible outside of this definition or declaration
  366 |     void (*on_node_selected)(struct kui_treeview*, kui_treeview_node_t*);
      |                                     ^~~~~~~~~~~~
include/kapi_kanvasui.h:379:38: warning: ‘struct kui_splitter’ declared inside parameter list will not be visible outside of this definition or declaration
  379 |     void (*on_splitter_moved)(struct kui_splitter*, int);
      |                                      ^~~~~~~~~~~~
In file included from kernel/gui/src/kanvas_desktop.c:3:
kernel/gui/include/kanvas_taskbar.h:15:9: warning: ‘KANVAS_TASKBAR_RADIUS’ 重定义
   15 | #define KANVAS_TASKBAR_RADIUS       0
      |         ^~~~~~~~~~~~~~~~~~~~~
kernel/gui/include/kanvas_desktop.h:16:9: note: 这是先前定义的位置
   16 | #define KANVAS_TASKBAR_RADIUS       12
      |         ^~~~~~~~~~~~~~~~~~~~~
In file included from kernel/gui/include/kanvas_boot_splash.h:4,
                 from kernel/gui/src/kanvas_boot_splash.c:1:
include/kapi_kanvasui.h:155:29: warning: ‘struct kui_button’ declared inside parameter list will not be visible outside of this definition or declaration
  155 |     void (*on_click)(struct kui_button*);
      |                             ^~~~~~~~~~
include/kapi_kanvasui.h:179:36: warning: ‘struct kui_textbox’ declared inside parameter list will not be visible outside of this definition or declaration
  179 |     void (*on_text_changed)(struct kui_textbox*);
      |                                    ^~~~~~~~~~~
include/kapi_kanvasui.h:180:37: warning: ‘struct kui_textbox’ declared inside parameter list will not be visible outside of this definition or declaration
  180 |     void (*on_enter_pressed)(struct kui_textbox*);
      |                                     ^~~~~~~~~~~
include/kapi_kanvasui.h:205:37: warning: ‘struct kui_slider’ declared inside parameter list will not be visible outside of this definition or declaration
  205 |     void (*on_value_changed)(struct kui_slider*, int);
      |                                     ^~~~~~~~~~
include/kapi_kanvasui.h:214:37: warning: ‘struct kui_checkbox’ declared inside parameter list will not be visible outside of this definition or declaration
  214 |     void (*on_state_changed)(struct kui_checkbox*, bool);
      |                                     ^~~~~~~~~~~~
include/kapi_kanvasui.h:238:41: warning: ‘struct kui_listbox’ declared inside parameter list will not be visible outside of this definition or declaration
  238 |     void (*on_selection_changed)(struct kui_listbox*, int);
      |                                         ^~~~~~~~~~~
include/kapi_kanvasui.h:239:41: warning: ‘struct kui_listbox’ declared inside parameter list will not be visible outside of this definition or declaration
  239 |     void (*on_item_double_click)(struct kui_listbox*, int);
      |                                         ^~~~~~~~~~~
include/kapi_kanvasui.h:308:29: warning: ‘struct kui_toolbar_btn’ declared inside parameter list will not be visible outside of this definition or declaration
  308 |     void (*on_click)(struct kui_toolbar_btn*);
      |                             ^~~~~~~~~~~~~~~
include/kapi_kanvasui.h:342:35: warning: ‘struct kui_tabcontrol’ declared inside parameter list will not be visible outside of this definition or declaration
  342 |     void (*on_tab_changed)(struct kui_tabcontrol*, int);
      |                                   ^~~~~~~~~~~~~~
include/kapi_kanvasui.h:366:37: warning: ‘struct kui_treeview’ declared inside parameter list will not be visible outside of this definition or declaration
  366 |     void (*on_node_selected)(struct kui_treeview*, kui_treeview_node_t*);
      |                                     ^~~~~~~~~~~~
include/kapi_kanvasui.h:379:38: warning: ‘struct kui_splitter’ declared inside parameter list will not be visible outside of this definition or declaration
  379 |     void (*on_splitter_moved)(struct kui_splitter*, int);
      |                                      ^~~~~~~~~~~~
kernel/gui/src/kanvas_file_manager.c: 在函数‘fm_fill_rect’中:
kernel/gui/src/kanvas_file_manager.c:10:5: warning: this ‘if’ clause does not guard... [-Wmisleading-indentation]
   10 |     if (x + w > fw) w = fw - x; if (y + h > fh) h = fh - y;
      |     ^~
kernel/gui/src/kanvas_file_manager.c:10:33: note: ...this statement, but the latter is misleadingly indented as if it were guarded by the ‘if’
   10 |     if (x + w > fw) w = fw - x; if (y + h > fh) h = fh - y;
      |                                 ^~
kernel/gui/src/kanvas_desktop.c: 在函数‘kanvas_desktop_create’中:
kernel/gui/src/kanvas_desktop.c:157:79: warning: 未使用的参数‘fb’ [-Wunused-parameter]
  157 | kanvas_desktop_t* kanvas_desktop_create(int screen_w, int screen_h, uint32_t* fb, int stride)
      |                                                                     ~~~~~~~~~~^~
kernel/gui/src/kanvas_desktop.c:157:87: warning: 未使用的参数‘stride’ [-Wunused-parameter]
  157 | kanvas_desktop_t* kanvas_desktop_create(int screen_w, int screen_h, uint32_t* fb, int stride)
      |                                                                                   ~~~~^~~~~~
kernel/gui/src/kanvas_desktop.c: 在函数‘kanvas_desktop_handle_mouse’中:
kernel/gui/src/kanvas_desktop.c:215:100: warning: 未使用的参数‘mid’ [-Wunused-parameter]
  215 | void kanvas_desktop_handle_mouse(kanvas_desktop_t* desk, int x, int y, bool left, bool right, bool mid)
kernel/gui/src/kanvas_desktop.c: 在函数‘kanvas_desktop_set_wallpaper_image’中:
kernel/gui/src/kanvas_desktop.c:450:27: warning: ‘long long unsigned int’转换自‘int’时可能会改变结果的符号 [-Wsign-conversion]
  450 |     size_t sz = (size_t)w * h * 4;
      |                           ^
kernel/gui/src/kanvas_boot_splash.c: 在函数‘blend_pixel’中:
kernel/gui/src/kanvas_boot_splash.c:47:24: warning: ‘unsigned int’转换自‘int’时可能会改变结果的符号 [-Wsign-conversion]
   47 |     p[x] = 0xFF000000u | (((sr * alpha + dr * ia) / 255) << 16) | (((sg * alpha + dg * ia) / 255) << 8) | ((sb * alpha + db * ia) / 255);
      |                        ^
kernel/gui/src/kanvas_boot_splash.c:47:65: warning: ‘unsigned int’转换自‘int’时可能会改变结果的符号 [-Wsign-conversion]
   47 |     p[x] = 0xFF000000u | (((sr * alpha + dr * ia) / 255) << 16) | (((sg * alpha + dg * ia) / 255) << 8) | ((sb * alpha + db * ia) / 255);
      |                                                                 ^
kernel/gui/src/kanvas_boot_splash.c:47:105: warning: ‘unsigned int’转换自‘int’时可能会改变结果的符号 [-Wsign-conversion]
   47 |     p[x] = 0xFF000000u | (((sr * alpha + dr * ia) / 255) << 16) | (((sg * alpha + dg * ia) / 255) << 8) | ((sb * alpha + db * ia) / 255);
      |                                                                                                         ^
kernel/gui/src/kanvas_boot_splash.c: 在函数‘kanvas_boot_splash_paint’中:
kernel/gui/src/kanvas_boot_splash.c:100:40: warning: conversion from ‘int’ to ‘float’ may change value [-Wconversion]
  100 |             int px = cx + (int)(ring_r * __builtin_cosf(rad));
      |                                        ^
kernel/gui/src/kanvas_boot_splash.c:101:40: warning: conversion from ‘int’ to ‘float’ may change value [-Wconversion]
  101 |             int py = cy + (int)(ring_r * __builtin_sinf(rad));
      |                                        ^
kernel/gui/src/kanvas_boot_splash.c:94:13: warning: 未使用的变量‘ly’ [-Wunused-variable]
   94 |         int ly = cy - logo_sz / 2;
      |             ^~
kernel/gui/src/kanvas_boot_splash.c:93:13: warning: 未使用的变量‘lx’ [-Wunused-variable]
   93 |         int lx = cx - logo_sz / 2;
      |             ^~
kernel/gui/src/kanvas_boot_splash.c:150:29: warning: conversion from ‘uint32_t’ {或称 ‘unsigned int’} to ‘uint8_t’ {或称 ‘unsigned char’} may change value [-Wconversion]
  150 |                 uint8_t a = (c >> 24) & 0xFF;
      |                             ^
<0> Building kernel/gui/src/kanvas_animator.c
<1> Building kernel/gui/src/icon_registry.c
In file included from kernel/gui/include/kanvas_animator.h:4,
                 from kernel/gui/src/kanvas_animator.c:1:
include/kapi_kanvasui.h:155:29: warning: ‘struct kui_button’ declared inside parameter list will not be visible outside of this definition or declaration
  155 |     void (*on_click)(struct kui_button*);
      |                             ^~~~~~~~~~
include/kapi_kanvasui.h:179:36: warning: ‘struct kui_textbox’ declared inside parameter list will not be visible outside of this definition or declaration
  179 |     void (*on_text_changed)(struct kui_textbox*);
      |                                    ^~~~~~~~~~~
include/kapi_kanvasui.h:180:37: warning: ‘struct kui_textbox’ declared inside parameter list will not be visible outside of this definition or declaration
  180 |     void (*on_enter_pressed)(struct kui_textbox*);
      |                                     ^~~~~~~~~~~
include/kapi_kanvasui.h:205:37: warning: ‘struct kui_slider’ declared inside parameter list will not be visible outside of this definition or declaration
  205 |     void (*on_value_changed)(struct kui_slider*, int);
      |                                     ^~~~~~~~~~
include/kapi_kanvasui.h:214:37: warning: ‘struct kui_checkbox’ declared inside parameter list will not be visible outside of this definition or declaration
  214 |     void (*on_state_changed)(struct kui_checkbox*, bool);
      |                                     ^~~~~~~~~~~~
include/kapi_kanvasui.h:238:41: warning: ‘struct kui_listbox’ declared inside parameter list will not be visible outside of this definition or declaration
  238 |     void (*on_selection_changed)(struct kui_listbox*, int);
      |                                         ^~~~~~~~~~~
include/kapi_kanvasui.h:239:41: warning: ‘struct kui_listbox’ declared inside parameter list will not be visible outside of this definition or declaration
  239 |     void (*on_item_double_click)(struct kui_listbox*, int);
      |                                         ^~~~~~~~~~~
include/kapi_kanvasui.h:308:29: warning: ‘struct kui_toolbar_btn’ declared inside parameter list will not be visible outside of this definition or declaration
  308 |     void (*on_click)(struct kui_toolbar_btn*);
      |                             ^~~~~~~~~~~~~~~
include/kapi_kanvasui.h:342:35: warning: ‘struct kui_tabcontrol’ declared inside parameter list will not be visible outside of this definition or declaration
  342 |     void (*on_tab_changed)(struct kui_tabcontrol*, int);
      |                                   ^~~~~~~~~~~~~~
include/kapi_kanvasui.h:366:37: warning: ‘struct kui_treeview’ declared inside parameter list will not be visible outside of this definition or declaration
  366 |     void (*on_node_selected)(struct kui_treeview*, kui_treeview_node_t*);
      |                                     ^~~~~~~~~~~~
include/kapi_kanvasui.h:379:38: warning: ‘struct kui_splitter’ declared inside parameter list will not be visible outside of this definition or declaration
  379 |     void (*on_splitter_moved)(struct kui_splitter*, int);
      |                                      ^~~~~~~~~~~~
<1> Building kernel/gui/src/icon_data.c
<3> Building kernel/gui/src/icon.c
kernel/gui/src/icon.c: 在函数‘draw_settings’中:
kernel/gui/src/icon.c:102:23: warning: conversion from ‘int32_t’ {或称 ‘int’} to ‘float’ may change value [-Wconversion]
  102 |         float ang = a * 3.14159265f / 180.0f;
      |                       ^
kernel/gui/src/icon.c:103:45: warning: conversion from ‘int’ to ‘float’ may change value [-Wconversion]
  103 |         int32_t tx = (int32_t)(cx + (r + 2) * cos_approx(ang));
      |                                             ^
kernel/gui/src/icon.c:103:35: warning: conversion from ‘uint32_t’ {或称 ‘unsigned int’} to ‘float’ may change value [-Wconversion]
  103 |         int32_t tx = (int32_t)(cx + (r + 2) * cos_approx(ang));
      |                                   ^
kernel/gui/src/icon.c:104:45: warning: conversion from ‘int’ to ‘float’ may change value [-Wconversion]
  104 |         int32_t ty = (int32_t)(cy + (r + 2) * sin_approx(ang));
      |                                             ^
kernel/gui/src/icon.c:104:35: warning: conversion from ‘uint32_t’ {或称 ‘unsigned int’} to ‘float’ may change value [-Wconversion]
  104 |         int32_t ty = (int32_t)(cy + (r + 2) * sin_approx(ang));
      |                                   ^
kernel/gui/src/icon.c: 在函数‘draw_user’中:
kernel/gui/src/icon.c:129:14: warning: 未使用的变量‘bx’ [-Wunused-variable]
  129 |     uint32_t bx = cx - bw / 2;
      |              ^~
kernel/gui/src/icon.c: 在函数‘draw_refresh’中:
kernel/gui/src/icon.c:156:24: warning: conversion from ‘int32_t’ {或称 ‘int’} to ‘float’ may change value [-Wconversion]
  156 |         float ang1 = a * 3.14159265f / 180.0f;
      |                        ^
kernel/gui/src/icon.c:157:30: warning: conversion from ‘int’ to ‘float’ may change value [-Wconversion]
  157 |         float ang2 = (a + 5) * 3.14159265f / 180.0f;
      |                              ^
kernel/gui/src/icon.c:158:35: warning: conversion from ‘int32_t’ {或称 ‘int’} to ‘float’ may change value [-Wconversion]
  158 |         line_abs((int32_t)(cx + r * cos_approx(ang1)), (int32_t)(cy + r * sin_approx(ang1)),
      |                                   ^
kernel/gui/src/icon.c:158:31: warning: conversion from ‘uint32_t’ {或称 ‘unsigned int’} to ‘float’ may change value [-Wconversion]
  158 |         line_abs((int32_t)(cx + r * cos_approx(ang1)), (int32_t)(cy + r * sin_approx(ang1)),
      |                               ^
kernel/gui/src/icon.c:158:73: warning: conversion from ‘int32_t’ {或称 ‘int’} to ‘float’ may change value [-Wconversion]
  158 |         line_abs((int32_t)(cx + r * cos_approx(ang1)), (int32_t)(cy + r * sin_approx(ang1)),
      |                                                                         ^
kernel/gui/src/icon.c:158:69: warning: conversion from ‘uint32_t’ {或称 ‘unsigned int’} to ‘float’ may change value [-Wconversion]
  158 |         line_abs((int32_t)(cx + r * cos_approx(ang1)), (int32_t)(cy + r * sin_approx(ang1)),
      |                                                                     ^
kernel/gui/src/icon.c:159:35: warning: conversion from ‘int32_t’ {或称 ‘int’} to ‘float’ may change value [-Wconversion]
  159 |                  (int32_t)(cx + r * cos_approx(ang2)), (int32_t)(cy + r * sin_approx(ang2)), C_WIN_GREEN);
      |                                   ^
kernel/gui/src/icon.c:159:31: warning: conversion from ‘uint32_t’ {或称 ‘unsigned int’} to ‘float’ may change value [-Wconversion]
  159 |                  (int32_t)(cx + r * cos_approx(ang2)), (int32_t)(cy + r * sin_approx(ang2)), C_WIN_GREEN);
      |                               ^
kernel/gui/src/icon.c:159:73: warning: conversion from ‘int32_t’ {或称 ‘int’} to ‘float’ may change value [-Wconversion]
  159 |                  (int32_t)(cx + r * cos_approx(ang2)), (int32_t)(cy + r * sin_approx(ang2)), C_WIN_GREEN);
      |                                                                         ^
kernel/gui/src/icon.c:159:69: warning: conversion from ‘uint32_t’ {或称 ‘unsigned int’} to ‘float’ may change value [-Wconversion]
  159 |                  (int32_t)(cx + r * cos_approx(ang2)), (int32_t)(cy + r * sin_approx(ang2)), C_WIN_GREEN);
      |                                                                     ^
kernel/gui/src/icon.c:161:35: warning: conversion from ‘int32_t’ {或称 ‘int’} to ‘float’ may change value [-Wconversion]
  161 |     int32_t ax = (int32_t)(cx + r * cos_approx(45 * 3.14159265f / 180.0f));
      |                                   ^
kernel/gui/src/icon.c:161:31: warning: conversion from ‘uint32_t’ {或称 ‘unsigned int’} to ‘float’ may change value [-Wconversion]
  161 |     int32_t ax = (int32_t)(cx + r * cos_approx(45 * 3.14159265f / 180.0f));
      |                               ^
kernel/gui/src/icon.c:162:35: warning: conversion from ‘int32_t’ {或称 ‘int’} to ‘float’ may change value [-Wconversion]
  162 |     int32_t ay = (int32_t)(cy + r * sin_approx(45 * 3.14159265f / 180.0f));
      |                                   ^
kernel/gui/src/icon.c:162:31: warning: conversion from ‘uint32_t’ {或称 ‘unsigned int’} to ‘float’ may change value [-Wconversion]
  162 |     int32_t ay = (int32_t)(cy + r * sin_approx(45 * 3.14159265f / 180.0f));
      |                               ^
kernel/gui/src/icon.c: 在函数‘draw_check’中:
kernel/gui/src/icon.c:204:41: warning: ‘uint32_t’ {或称 ‘unsigned int’}转换自‘int’时可能会改变结果的符号 [-Wsign-conversion]
  204 |     line_abs((int32_t)x + 2, (int32_t)y + s / 2, (int32_t)x + s / 3, (int32_t)y + s * 2 / 3, C_WIN_GREEN);
      |                                         ^
kernel/gui/src/icon.c:204:61: warning: ‘uint32_t’ {或称 ‘unsigned int’}转换自‘int’时可能会改变结果的符号 [-Wsign-conversion]
  204 |     line_abs((int32_t)x + 2, (int32_t)y + s / 2, (int32_t)x + s / 3, (int32_t)y + s * 2 / 3, C_WIN_GREEN);
      |                                                             ^
kernel/gui/src/icon.c:204:81: warning: ‘uint32_t’ {或称 ‘unsigned int’}转换自‘int’时可能会改变结果的符号 [-Wsign-conversion]
  204 |     line_abs((int32_t)x + 2, (int32_t)y + s / 2, (int32_t)x + s / 3, (int32_t)y + s * 2 / 3, C_WIN_GREEN);
      |                                                                                 ^
kernel/gui/src/icon.c:204:41: warning: ‘int32_t’ {或称 ‘int’}转换自‘uint32_t’ {或称 ‘unsigned int’}时可能会改变结果的符号 [-Wsign-conversion]
  204 |     line_abs((int32_t)x + 2, (int32_t)y + s / 2, (int32_t)x + s / 3, (int32_t)y + s * 2 / 3, C_WIN_GREEN);
      |                              ~~~~~~~~~~~^~~~~~~
kernel/gui/src/icon.c:204:61: warning: ‘int32_t’ {或称 ‘int’}转换自‘uint32_t’ {或称 ‘unsigned int’}时可能会改变结果的符号 [-Wsign-conversion]
  204 |     line_abs((int32_t)x + 2, (int32_t)y + s / 2, (int32_t)x + s / 3, (int32_t)y + s * 2 / 3, C_WIN_GREEN);
      |                                                  ~~~~~~~~~~~^~~~~~~
kernel/gui/src/icon.c:204:81: warning: ‘int32_t’ {或称 ‘int’}转换自‘uint32_t’ {或称 ‘unsigned int’}时可能会改变结果的符号 [-Wsign-conversion]
  204 |     line_abs((int32_t)x + 2, (int32_t)y + s / 2, (int32_t)x + s / 3, (int32_t)y + s * 2 / 3, C_WIN_GREEN);
      |                                                                      ~~~~~~~~~~~^~~~~~~~~~~
kernel/gui/src/icon.c:205:25: warning: ‘uint32_t’ {或称 ‘unsigned int’}转换自‘int’时可能会改变结果的符号 [-Wsign-conversion]
  205 |     line_abs((int32_t)x + s / 3, (int32_t)y + s * 2 / 3, (int32_t)x + s - 2, (int32_t)y + 2, C_WIN_GREEN);
      |                         ^
kernel/gui/src/icon.c:205:45: warning: ‘uint32_t’ {或称 ‘unsigned int’}转换自‘int’时可能会改变结果的符号 [-Wsign-conversion]
  205 |     line_abs((int32_t)x + s / 3, (int32_t)y + s * 2 / 3, (int32_t)x + s - 2, (int32_t)y + 2, C_WIN_GREEN);
      |                                             ^
kernel/gui/src/icon.c:205:69: warning: ‘uint32_t’ {或称 ‘unsigned int’}转换自‘int’时可能会改变结果的符号 [-Wsign-conversion]
  205 |     line_abs((int32_t)x + s / 3, (int32_t)y + s * 2 / 3, (int32_t)x + s - 2, (int32_t)y + 2, C_WIN_GREEN);
      |                                                                     ^
kernel/gui/src/icon.c:205:25: warning: ‘int32_t’ {或称 ‘int’}转换自‘uint32_t’ {或称 ‘unsigned int’}时可能会改变结果的符号 [-Wsign-conversion]
  205 |     line_abs((int32_t)x + s / 3, (int32_t)y + s * 2 / 3, (int32_t)x + s - 2, (int32_t)y + 2, C_WIN_GREEN);
      |              ~~~~~~~~~~~^~~~~~~
kernel/gui/src/icon.c:205:45: warning: ‘int32_t’ {或称 ‘int’}转换自‘uint32_t’ {或称 ‘unsigned int’}时可能会改变结果的符号 [-Wsign-conversion]
  205 |     line_abs((int32_t)x + s / 3, (int32_t)y + s * 2 / 3, (int32_t)x + s - 2, (int32_t)y + 2, C_WIN_GREEN);
      |                                  ~~~~~~~~~~~^~~~~~~~~~~
kernel/gui/src/icon.c:205:73: warning: ‘int32_t’ {或称 ‘int’}转换自‘uint32_t’ {或称 ‘unsigned int’}时可能会改变结果的符号 [-Wsign-conversion]
  205 |     line_abs((int32_t)x + s / 3, (int32_t)y + s * 2 / 3, (int32_t)x + s - 2, (int32_t)y + 2, C_WIN_GREEN);
      |                                                          ~~~~~~~~~~~~~~~^~~
kernel/gui/src/icon.c:206:41: warning: ‘uint32_t’ {或称 ‘unsigned int’}转换自‘int’时可能会改变结果的符号 [-Wsign-conversion]
  206 |     line_abs((int32_t)x + 2, (int32_t)y + s / 2 + 1, (int32_t)x + s / 3, (int32_t)y + s * 2 / 3 + 1, C_WIN_GREEN);
      |                                         ^
kernel/gui/src/icon.c:206:65: warning: ‘uint32_t’ {或称 ‘unsigned int’}转换自‘int’时可能会改变结果的符号 [-Wsign-conversion]
  206 |     line_abs((int32_t)x + 2, (int32_t)y + s / 2 + 1, (int32_t)x + s / 3, (int32_t)y + s * 2 / 3 + 1, C_WIN_GREEN);
      |                                                                 ^
kernel/gui/src/icon.c:206:85: warning: ‘uint32_t’ {或称 ‘unsigned int’}转换自‘int’时可能会改变结果的符号 [-Wsign-conversion]
  206 |     line_abs((int32_t)x + 2, (int32_t)y + s / 2 + 1, (int32_t)x + s / 3, (int32_t)y + s * 2 / 3 + 1, C_WIN_GREEN);
      |                                                                                     ^
kernel/gui/src/icon.c:206:49: warning: ‘int32_t’ {或称 ‘int’}转换自‘uint32_t’ {或称 ‘unsigned int’}时可能会改变结果的符号 [-Wsign-conversion]
  206 |     line_abs((int32_t)x + 2, (int32_t)y + s / 2 + 1, (int32_t)x + s / 3, (int32_t)y + s * 2 / 3 + 1, C_WIN_GREEN);
      |                              ~~~~~~~~~~~~~~~~~~~^~~
kernel/gui/src/icon.c:206:65: warning: ‘int32_t’ {或称 ‘int’}转换自‘uint32_t’ {或称 ‘unsigned int’}时可能会改变结果的符号 [-Wsign-conversion]
  206 |     line_abs((int32_t)x + 2, (int32_t)y + s / 2 + 1, (int32_t)x + s / 3, (int32_t)y + s * 2 / 3 + 1, C_WIN_GREEN);
      |                                                      ~~~~~~~~~~~^~~~~~~
kernel/gui/src/icon.c:206:97: warning: ‘int32_t’ {或称 ‘int’}转换自‘uint32_t’ {或称 ‘unsigned int’}时可能会改变结果的符号 [-Wsign-conversion]
  206 |     line_abs((int32_t)x + 2, (int32_t)y + s / 2 + 1, (int32_t)x + s / 3, (int32_t)y + s * 2 / 3 + 1, C_WIN_GREEN);
      |                                                                          ~~~~~~~~~~~~~~~~~~~~~~~^~~
kernel/gui/src/icon.c: 在函数‘draw_error’中:
kernel/gui/src/icon.c:228:25: warning: ‘uint32_t’ {或称 ‘unsigned int’}转换自‘int’时可能会改变结果的符号 [-Wsign-conversion]
  228 |     line_abs((int32_t)x + s / 4, (int32_t)y + s / 4, (int32_t)x + s * 3 / 4, (int32_t)y + s * 3 / 4, C_WIN_WHITE);
      |                         ^
kernel/gui/src/icon.c:228:45: warning: ‘uint32_t’ {或称 ‘unsigned int’}转换自‘int’时可能会改变结果的符号 [-Wsign-conversion]
  228 |     line_abs((int32_t)x + s / 4, (int32_t)y + s / 4, (int32_t)x + s * 3 / 4, (int32_t)y + s * 3 / 4, C_WIN_WHITE);
      |                                             ^
kernel/gui/src/icon.c:228:65: warning: ‘uint32_t’ {或称 ‘unsigned int’}转换自‘int’时可能会改变结果的符号 [-Wsign-conversion]
  228 |     line_abs((int32_t)x + s / 4, (int32_t)y + s / 4, (int32_t)x + s * 3 / 4, (int32_t)y + s * 3 / 4, C_WIN_WHITE);
      |                                                                 ^
kernel/gui/src/icon.c:228:89: warning: ‘uint32_t’ {或称 ‘unsigned int’}转换自‘int’时可能会改变结果的符号 [-Wsign-conversion]
  228 |     line_abs((int32_t)x + s / 4, (int32_t)y + s / 4, (int32_t)x + s * 3 / 4, (int32_t)y + s * 3 / 4, C_WIN_WHITE);
      |                                                                                         ^
kernel/gui/src/icon.c:228:25: warning: ‘int32_t’ {或称 ‘int’}转换自‘uint32_t’ {或称 ‘unsigned int’}时可能会改变结果的符号 [-Wsign-conversion]
  228 |     line_abs((int32_t)x + s / 4, (int32_t)y + s / 4, (int32_t)x + s * 3 / 4, (int32_t)y + s * 3 / 4, C_WIN_WHITE);
      |              ~~~~~~~~~~~^~~~~~~
kernel/gui/src/icon.c:228:45: warning: ‘int32_t’ {或称 ‘int’}转换自‘uint32_t’ {或称 ‘unsigned int’}时可能会改变结果的符号 [-Wsign-conversion]
  228 |     line_abs((int32_t)x + s / 4, (int32_t)y + s / 4, (int32_t)x + s * 3 / 4, (int32_t)y + s * 3 / 4, C_WIN_WHITE);
      |                                  ~~~~~~~~~~~^~~~~~~
kernel/gui/src/icon.c:228:65: warning: ‘int32_t’ {或称 ‘int’}转换自‘uint32_t’ {或称 ‘unsigned int’}时可能会改变结果的符号 [-Wsign-conversion]
  228 |     line_abs((int32_t)x + s / 4, (int32_t)y + s / 4, (int32_t)x + s * 3 / 4, (int32_t)y + s * 3 / 4, C_WIN_WHITE);
      |                                                      ~~~~~~~~~~~^~~~~~~~~~~
kernel/gui/src/icon.c:228:89: warning: ‘int32_t’ {或称 ‘int’}转换自‘uint32_t’ {或称 ‘unsigned int’}时可能会改变结果的符号 [-Wsign-conversion]
  228 |     line_abs((int32_t)x + s / 4, (int32_t)y + s / 4, (int32_t)x + s * 3 / 4, (int32_t)y + s * 3 / 4, C_WIN_WHITE);
      |                                                                              ~~~~~~~~~~~^~~~~~~~~~~
kernel/gui/src/icon.c:229:25: warning: ‘uint32_t’ {或称 ‘unsigned int’}转换自‘int’时可能会改变结果的符号 [-Wsign-conversion]
  229 |     line_abs((int32_t)x + s / 4, (int32_t)y + s * 3 / 4, (int32_t)x + s * 3 / 4, (int32_t)y + s / 4, C_WIN_WHITE);
      |                         ^
kernel/gui/src/icon.c:229:45: warning: ‘uint32_t’ {或称 ‘unsigned int’}转换自‘int’时可能会改变结果的符号 [-Wsign-conversion]
  229 |     line_abs((int32_t)x + s / 4, (int32_t)y + s * 3 / 4, (int32_t)x + s * 3 / 4, (int32_t)y + s / 4, C_WIN_WHITE);
      |                                             ^
kernel/gui/src/icon.c:229:69: warning: ‘uint32_t’ {或称 ‘unsigned int’}转换自‘int’时可能会改变结果的符号 [-Wsign-conversion]
  229 |     line_abs((int32_t)x + s / 4, (int32_t)y + s * 3 / 4, (int32_t)x + s * 3 / 4, (int32_t)y + s / 4, C_WIN_WHITE);
      |                                                                     ^
kernel/gui/src/icon.c:229:93: warning: ‘uint32_t’ {或称 ‘unsigned int’}转换自‘int’时可能会改变结果的符号 [-Wsign-conversion]
  229 |     line_abs((int32_t)x + s / 4, (int32_t)y + s * 3 / 4, (int32_t)x + s * 3 / 4, (int32_t)y + s / 4, C_WIN_WHITE);
      |                                                                                             ^
kernel/gui/src/icon.c:229:25: warning: ‘int32_t’ {或称 ‘int’}转换自‘uint32_t’ {或称 ‘unsigned int’}时可能会改变结果的符号 [-Wsign-conversion]
  229 |     line_abs((int32_t)x + s / 4, (int32_t)y + s * 3 / 4, (int32_t)x + s * 3 / 4, (int32_t)y + s / 4, C_WIN_WHITE);
      |              ~~~~~~~~~~~^~~~~~~
kernel/gui/src/icon.c:229:45: warning: ‘int32_t’ {或称 ‘int’}转换自‘uint32_t’ {或称 ‘unsigned int’}时可能会改变结果的符号 [-Wsign-conversion]
  229 |     line_abs((int32_t)x + s / 4, (int32_t)y + s * 3 / 4, (int32_t)x + s * 3 / 4, (int32_t)y + s / 4, C_WIN_WHITE);
      |                                  ~~~~~~~~~~~^~~~~~~~~~~
kernel/gui/src/icon.c:229:69: warning: ‘int32_t’ {或称 ‘int’}转换自‘uint32_t’ {或称 ‘unsigned int’}时可能会改变结果的符号 [-Wsign-conversion]
  229 |     line_abs((int32_t)x + s / 4, (int32_t)y + s * 3 / 4, (int32_t)x + s * 3 / 4, (int32_t)y + s / 4, C_WIN_WHITE);
      |                                                          ~~~~~~~~~~~^~~~~~~~~~~
kernel/gui/src/icon.c:229:93: warning: ‘int32_t’ {或称 ‘int’}转换自‘uint32_t’ {或称 ‘unsigned int’}时可能会改变结果的符号 [-Wsign-conversion]
  229 |     line_abs((int32_t)x + s / 4, (int32_t)y + s * 3 / 4, (int32_t)x + s * 3 / 4, (int32_t)y + s / 4, C_WIN_WHITE);
      |                                                                                  ~~~~~~~~~~~^~~~~~~
kernel/gui/src/icon.c: 在函数‘draw_lock’中:
kernel/gui/src/icon.c:242:23: warning: conversion from ‘int32_t’ {或称 ‘int’} to ‘float’ may change value [-Wconversion]
  242 |         float ang = a * 3.14159265f / 180.0f;
      |                       ^
kernel/gui/src/icon.c:243:30: warning: conversion from ‘int32_t’ {或称 ‘int’} to ‘float’ may change value [-Wconversion]
  243 |         px((uint32_t)(cx + r * cos_approx(ang)), (uint32_t)(cy + r * sin_approx(ang) / 2), C_WIN_DKGRAY);
      |                              ^
kernel/gui/src/icon.c:243:26: warning: conversion from ‘int32_t’ {或称 ‘int’} to ‘float’ may change value [-Wconversion]
  243 |         px((uint32_t)(cx + r * cos_approx(ang)), (uint32_t)(cy + r * sin_approx(ang) / 2), C_WIN_DKGRAY);
      |                          ^
kernel/gui/src/icon.c:243:68: warning: conversion from ‘int32_t’ {或称 ‘int’} to ‘float’ may change value [-Wconversion]
  243 |         px((uint32_t)(cx + r * cos_approx(ang)), (uint32_t)(cy + r * sin_approx(ang) / 2), C_WIN_DKGRAY);
      |                                                                    ^
kernel/gui/src/icon.c:243:64: warning: conversion from ‘int32_t’ {或称 ‘int’} to ‘float’ may change value [-Wconversion]
  243 |         px((uint32_t)(cx + r * cos_approx(ang)), (uint32_t)(cy + r * sin_approx(ang) / 2), C_WIN_DKGRAY);
      |                                                                ^
kernel/gui/src/icon.c:244:36: warning: conversion from ‘int’ to ‘float’ may change value [-Wconversion]
  244 |         px((uint32_t)(cx + (r - 1) * cos_approx(ang)), (uint32_t)(cy + (r - 1) * sin_approx(ang) / 2), C_WIN_DKGRAY);
      |                                    ^
kernel/gui/src/icon.c:244:26: warning: conversion from ‘int32_t’ {或称 ‘int’} to ‘float’ may change value [-Wconversion]
  244 |         px((uint32_t)(cx + (r - 1) * cos_approx(ang)), (uint32_t)(cy + (r - 1) * sin_approx(ang) / 2), C_WIN_DKGRAY);
      |                          ^
kernel/gui/src/icon.c:244:80: warning: conversion from ‘int’ to ‘float’ may change value [-Wconversion]
  244 |         px((uint32_t)(cx + (r - 1) * cos_approx(ang)), (uint32_t)(cy + (r - 1) * sin_approx(ang) / 2), C_WIN_DKGRAY);
      |                                                                                ^
kernel/gui/src/icon.c:244:70: warning: conversion from ‘int32_t’ {或称 ‘int’} to ‘float’ may change value [-Wconversion]
  244 |         px((uint32_t)(cx + (r - 1) * cos_approx(ang)), (uint32_t)(cy + (r - 1) * sin_approx(ang) / 2), C_WIN_DKGRAY);
      |                                                                      ^
kernel/gui/src/icon.c: 在函数‘draw_arrow_left’中:
kernel/gui/src/icon.c:278:25: warning: ‘uint32_t’ {或称 ‘unsigned int’}转换自‘int’时可能会改变结果的符号 [-Wsign-conversion]
  278 |     line_abs((int32_t)x + s / 2, (int32_t)y + 2, (int32_t)x + 2, cy, C_WIN_DKGRAY);
      |                         ^
kernel/gui/src/icon.c:278:25: warning: ‘int32_t’ {或称 ‘int’}转换自‘uint32_t’ {或称 ‘unsigned int’}时可能会改变结果的符号 [-Wsign-conversion]
  278 |     line_abs((int32_t)x + s / 2, (int32_t)y + 2, (int32_t)x + 2, cy, C_WIN_DKGRAY);
      |              ~~~~~~~~~~~^~~~~~~
kernel/gui/src/icon.c:279:45: warning: ‘uint32_t’ {或称 ‘unsigned int’}转换自‘int’时可能会改变结果的符号 [-Wsign-conversion]
  279 |     line_abs((int32_t)x + 2, cy, (int32_t)x + s / 2, (int32_t)(y + s - 2), C_WIN_DKGRAY);
      |                                             ^
kernel/gui/src/icon.c:279:45: warning: ‘int32_t’ {或称 ‘int’}转换自‘uint32_t’ {或称 ‘unsigned int’}时可能会改变结果的符号 [-Wsign-conversion]
  279 |     line_abs((int32_t)x + 2, cy, (int32_t)x + s / 2, (int32_t)(y + s - 2), C_WIN_DKGRAY);
      |                                  ~~~~~~~~~~~^~~~~~~
kernel/gui/src/icon.c: 在函数‘draw_arrow_right’中:
kernel/gui/src/icon.c:284:57: warning: ‘uint32_t’ {或称 ‘unsigned int’}转换自‘int’时可能会改变结果的符号 [-Wsign-conversion]
  284 |     line_abs((int32_t)x + 2, (int32_t)y + 2, (int32_t)x + s / 2, cy, C_WIN_DKGRAY);
      |                                                         ^
kernel/gui/src/icon.c:284:57: warning: ‘int32_t’ {或称 ‘int’}转换自‘uint32_t’ {或称 ‘unsigned int’}时可能会改变结果的符号 [-Wsign-conversion]
  284 |     line_abs((int32_t)x + 2, (int32_t)y + 2, (int32_t)x + s / 2, cy, C_WIN_DKGRAY);
      |                                              ~~~~~~~~~~~^~~~~~~
kernel/gui/src/icon.c:285:25: warning: ‘uint32_t’ {或称 ‘unsigned int’}转换自‘int’时可能会改变结果的符号 [-Wsign-conversion]
  285 |     line_abs((int32_t)x + s / 2, cy, (int32_t)x + 2, (int32_t)(y + s - 2), C_WIN_DKGRAY);
      |                         ^
kernel/gui/src/icon.c:285:25: warning: ‘int32_t’ {或称 ‘int’}转换自‘uint32_t’ {或称 ‘unsigned int’}时可能会改变结果的符号 [-Wsign-conversion]
  285 |     line_abs((int32_t)x + s / 2, cy, (int32_t)x + 2, (int32_t)(y + s - 2), C_WIN_DKGRAY);
      |              ~~~~~~~~~~~^~~~~~~
kernel/gui/src/icon.c: 在函数‘draw_fill’中:
kernel/gui/src/icon.c:366:23: warning: conversion from ‘int32_t’ {或称 ‘int’} to ‘float’ may change value [-Wconversion]
  366 |         float ang = a * 3.14159265f / 180.0f;
      |                       ^
kernel/gui/src/icon.c:367:47: warning: conversion from ‘uint32_t’ {或称 ‘unsigned int’} to ‘float’ may change value [-Wconversion]
  367 |         line_abs(cx, cy, (int32_t)(cx + s / 3 * cos_approx(ang)), (int32_t)(cy + s / 3 * sin_approx(ang) / 2), C_WIN_BLUE);
      |                                               ^
kernel/gui/src/icon.c:367:39: warning: conversion from ‘int32_t’ {或称 ‘int’} to ‘float’ may change value [-Wconversion]
  367 |         line_abs(cx, cy, (int32_t)(cx + s / 3 * cos_approx(ang)), (int32_t)(cy + s / 3 * sin_approx(ang) / 2), C_WIN_BLUE);
      |                                       ^
kernel/gui/src/icon.c:367:88: warning: conversion from ‘uint32_t’ {或称 ‘unsigned int’} to ‘float’ may change value [-Wconversion]
  367 |         line_abs(cx, cy, (int32_t)(cx + s / 3 * cos_approx(ang)), (int32_t)(cy + s / 3 * sin_approx(ang) / 2), C_WIN_BLUE);
      |                                                                                        ^
kernel/gui/src/icon.c:367:80: warning: conversion from ‘int32_t’ {或称 ‘int’} to ‘float’ may change value [-Wconversion]
  367 |         line_abs(cx, cy, (int32_t)(cx + s / 3 * cos_approx(ang)), (int32_t)(cy + s / 3 * sin_approx(ang) / 2), C_WIN_BLUE);
      |                                                                                ^
kernel/gui/src/icon.c: 在函数‘draw_network’中:
kernel/gui/src/icon.c:432:58: warning: ‘int32_t’ {或称 ‘int’}转换自‘uint32_t’ {或称 ‘unsigned int’}时可能会改变结果的符号 [-Wsign-conversion]
  432 |     gfx_draw_circle((int32_t)cx, (int32_t)(y + s / 2), s / 3, C_WIN_GREEN);
      |                                                        ~~^~~
kernel/gui/src/icon.c:433:62: warning: ‘int32_t’ {或称 ‘int’}转换自‘uint32_t’ {或称 ‘unsigned int’}时可能会改变结果的符号 [-Wsign-conversion]
  433 |     gfx_draw_circle((int32_t)cx, (int32_t)(y + s / 2), s / 2 - 1, C_WIN_GREEN);
      |                                                        ~~~~~~^~~
kernel/gui/src/icon.c: 在函数‘draw_power’中:
kernel/gui/src/icon.c:441:23: warning: conversion from ‘int32_t’ {或称 ‘int’} to ‘float’ may change value [-Wconversion]
  441 |         float ang = a * 3.14159265f / 180.0f;
      |                       ^
kernel/gui/src/icon.c:442:49: warning: conversion from ‘int32_t’ {或称 ‘int’} to ‘float’ may change value [-Wconversion]
  442 |         px((uint32_t)((int32_t)cx + (int32_t)(r * cos_approx(ang))),
      |                                                 ^
kernel/gui/src/icon.c:443:49: warning: conversion from ‘int32_t’ {或称 ‘int’} to ‘float’ may change value [-Wconversion]
  443 |            (uint32_t)((int32_t)cy + (int32_t)(r * sin_approx(ang))), C_WIN_RED);
      |                                                 ^
kernel/gui/src/icon.c: 在函数‘cos_approx’中:
kernel/gui/src/icon.c:449:50: warning: conversion from ‘int’ to ‘float’ may change value [-Wconversion]
  449 |     x = x - (int32_t)(x / (2 * 3.14159265f)) * 2 * 3.14159265f;
      |                                                  ^
kernel/gui/src/icon.c: 在文件作用域：
kernel/gui/src/icon.c:16:17: warning: ‘col_folder_dark’ 在此处定义 [-Wunused-variable]
   16 | static uint32_t col_folder_dark = 0;
      |                 ^~~~~~~~~~~~~~~
kernel/gui/src/icon.c:15:17: warning: ‘col_folder’ 在此处定义 [-Wunused-variable]
   15 | static uint32_t col_folder = 0;
      |                 ^~~~~~~~~~
<2> Building kernel/gui/src/graphics.c
kernel/gui/src/graphics.c: 在函数‘gfx_draw_circle’中:
kernel/gui/src/graphics.c:49:25: warning: ‘uint32_t’ {或称 ‘unsigned int’}转换自‘int32_t’ {或称 ‘int’}时可能会改变结果的符号 [-Wsign-conversion]
   49 |         fb_set_pixel(xc + x, yc + y, color);
      |                      ~~~^~~
kernel/gui/src/graphics.c:49:33: warning: ‘uint32_t’ {或称 ‘unsigned int’}转换自‘int32_t’ {或称 ‘int’}时可能会改变结果的符号 [-Wsign-conversion]
   49 |         fb_set_pixel(xc + x, yc + y, color);
      |                              ~~~^~~
kernel/gui/src/graphics.c:50:25: warning: ‘uint32_t’ {或称 ‘unsigned int’}转换自‘int32_t’ {或称 ‘int’}时可能会改变结果的符号 [-Wsign-conversion]
   50 |         fb_set_pixel(xc - x, yc + y, color);
      |                      ~~~^~~
kernel/gui/src/graphics.c:50:33: warning: ‘uint32_t’ {或称 ‘unsigned int’}转换自‘int32_t’ {或称 ‘int’}时可能会改变结果的符号 [-Wsign-conversion]
   50 |         fb_set_pixel(xc - x, yc + y, color);
      |                              ~~~^~~
kernel/gui/src/graphics.c:51:25: warning: ‘uint32_t’ {或称 ‘unsigned int’}转换自‘int32_t’ {或称 ‘int’}时可能会改变结果的符号 [-Wsign-conversion]
   51 |         fb_set_pixel(xc + x, yc - y, color);
      |                      ~~~^~~
kernel/gui/src/graphics.c:51:33: warning: ‘uint32_t’ {或称 ‘unsigned int’}转换自‘int32_t’ {或称 ‘int’}时可能会改变结果的符号 [-Wsign-conversion]
   51 |         fb_set_pixel(xc + x, yc - y, color);
      |                              ~~~^~~
kernel/gui/src/graphics.c:52:25: warning: ‘uint32_t’ {或称 ‘unsigned int’}转换自‘int32_t’ {或称 ‘int’}时可能会改变结果的符号 [-Wsign-conversion]
   52 |         fb_set_pixel(xc - x, yc - y, color);
      |                      ~~~^~~
kernel/gui/src/graphics.c:52:33: warning: ‘uint32_t’ {或称 ‘unsigned int’}转换自‘int32_t’ {或称 ‘int’}时可能会改变结果的符号 [-Wsign-conversion]
   52 |         fb_set_pixel(xc - x, yc - y, color);
      |                              ~~~^~~
kernel/gui/src/graphics.c:53:25: warning: ‘uint32_t’ {或称 ‘unsigned int’}转换自‘int32_t’ {或称 ‘int’}时可能会改变结果的符号 [-Wsign-conversion]
   53 |         fb_set_pixel(xc + y, yc + x, color);
      |                      ~~~^~~
kernel/gui/src/graphics.c:53:33: warning: ‘uint32_t’ {或称 ‘unsigned int’}转换自‘int32_t’ {或称 ‘int’}时可能会改变结果的符号 [-Wsign-conversion]
   53 |         fb_set_pixel(xc + y, yc + x, color);
      |                              ~~~^~~
kernel/gui/src/graphics.c:54:25: warning: ‘uint32_t’ {或称 ‘unsigned int’}转换自‘int32_t’ {或称 ‘int’}时可能会改变结果的符号 [-Wsign-conversion]
   54 |         fb_set_pixel(xc - y, yc + x, color);
      |                      ~~~^~~
kernel/gui/src/graphics.c:54:33: warning: ‘uint32_t’ {或称 ‘unsigned int’}转换自‘int32_t’ {或称 ‘int’}时可能会改变结果的符号 [-Wsign-conversion]
   54 |         fb_set_pixel(xc - y, yc + x, color);
      |                              ~~~^~~
kernel/gui/src/graphics.c:55:25: warning: ‘uint32_t’ {或称 ‘unsigned int’}转换自‘int32_t’ {或称 ‘int’}时可能会改变结果的符号 [-Wsign-conversion]
   55 |         fb_set_pixel(xc + y, yc - x, color);
      |                      ~~~^~~
kernel/gui/src/graphics.c:55:33: warning: ‘uint32_t’ {或称 ‘unsigned int’}转换自‘int32_t’ {或称 ‘int’}时可能会改变结果的符号 [-Wsign-conversion]
   55 |         fb_set_pixel(xc + y, yc - x, color);
      |                              ~~~^~~
kernel/gui/src/graphics.c:56:25: warning: ‘uint32_t’ {或称 ‘unsigned int’}转换自‘int32_t’ {或称 ‘int’}时可能会改变结果的符号 [-Wsign-conversion]
   56 |         fb_set_pixel(xc - y, yc - x, color);
      |                      ~~~^~~
kernel/gui/src/graphics.c:56:33: warning: ‘uint32_t’ {或称 ‘unsigned int’}转换自‘int32_t’ {或称 ‘int’}时可能会改变结果的符号 [-Wsign-conversion]
   56 |         fb_set_pixel(xc - y, yc - x, color);
      |                              ~~~^~~
kernel/gui/src/graphics.c: 在函数‘gfx_draw_filled_circle’中:
kernel/gui/src/graphics.c:72:33: warning: ‘uint32_t’ {或称 ‘unsigned int’}转换自‘int32_t’ {或称 ‘int’}时可能会改变结果的符号 [-Wsign-conversion]
   72 |                 fb_set_pixel(xc + x, yc + y, color);
      |                              ~~~^~~
kernel/gui/src/graphics.c:72:41: warning: ‘uint32_t’ {或称 ‘unsigned int’}转换自‘int32_t’ {或称 ‘int’}时可能会改变结果的符号 [-Wsign-conversion]
   72 |                 fb_set_pixel(xc + x, yc + y, color);
      |                                      ~~~^~~
<0> Building kernel/gui/src/framebuffer.c
kernel/gui/src/framebuffer.c: 在函数‘gui_fb_init’中:
kernel/gui/src/framebuffer.c:52:14: warning: conversion from ‘uint32_t’ {或称 ‘unsigned int’} to ‘uint8_t’ {或称 ‘unsigned char’} may change value [-Wconversion]
   52 |     fb.bpp = info->bpp;
      |              ^~~~
kernel/gui/src/framebuffer.c: 在函数‘fb_convert_color’中:
kernel/gui/src/framebuffer.c:91:17: warning: conversion from ‘uint32_t’ {或称 ‘unsigned int’} to ‘uint8_t’ {或称 ‘unsigned char’} may change value [-Wconversion]
   91 |     uint8_t a = (rgb_color >> 24) & 0xFF;
      |                 ^
kernel/gui/src/framebuffer.c: 在函数‘fb_blit_alpha’中:
kernel/gui/src/framebuffer.c:475:25: warning: conversion from ‘uint32_t’ {或称 ‘unsigned int’} to ‘uint8_t’ {或称 ‘unsigned char’} may change value [-Wconversion]
  475 |             uint8_t a = (pixel >> 24) & 0xFF;
      |                         ^
kernel/gui/src/framebuffer.c: 在函数‘fb_fill_rounded_rect’中:
kernel/gui/src/framebuffer.c:520:36: warning: ‘uint32_t’ {或称 ‘unsigned int’}转换自‘int32_t’ {或称 ‘int’}时可能会改变结果的符号 [-Wsign-conversion]
  520 |                 set_pixel_direct(x + dx, y + dy, color);               /* TL */
      |                                    ^
kernel/gui/src/framebuffer.c:520:44: warning: ‘uint32_t’ {或称 ‘unsigned int’}转换自‘int32_t’ {或称 ‘int’}时可能会改变结果的符号 [-Wsign-conversion]
  520 |                 set_pixel_direct(x + dx, y + dy, color);               /* TL */
      |                                            ^
kernel/gui/src/framebuffer.c:521:44: warning: ‘uint32_t’ {或称 ‘unsigned int’}转换自‘int32_t’ {或称 ‘int’}时可能会改变结果的符号 [-Wsign-conversion]
  521 |                 set_pixel_direct(x + w - 1 - dx, y + dy, color);       /* TR */
      |                                            ^
kernel/gui/src/framebuffer.c:521:52: warning: ‘uint32_t’ {或称 ‘unsigned int’}转换自‘int32_t’ {或称 ‘int’}时可能会改变结果的符号 [-Wsign-conversion]
  521 |                 set_pixel_direct(x + w - 1 - dx, y + dy, color);       /* TR */
      |                                                    ^
kernel/gui/src/framebuffer.c:522:36: warning: ‘uint32_t’ {或称 ‘unsigned int’}转换自‘int32_t’ {或称 ‘int’}时可能会改变结果的符号 [-Wsign-conversion]
  522 |                 set_pixel_direct(x + dx, y + h - 1 - dy, color);       /* BL */
      |                                    ^
kernel/gui/src/framebuffer.c:522:52: warning: ‘uint32_t’ {或称 ‘unsigned int’}转换自‘int32_t’ {或称 ‘int’}时可能会改变结果的符号 [-Wsign-conversion]
  522 |                 set_pixel_direct(x + dx, y + h - 1 - dy, color);       /* BL */
      |                                                    ^
kernel/gui/src/framebuffer.c:523:44: warning: ‘uint32_t’ {或称 ‘unsigned int’}转换自‘int32_t’ {或称 ‘int’}时可能会改变结果的符号 [-Wsign-conversion]
  523 |                 set_pixel_direct(x + w - 1 - dx, y + h - 1 - dy, color); /* BR */
      |                                            ^
kernel/gui/src/framebuffer.c:523:60: warning: ‘uint32_t’ {或称 ‘unsigned int’}转换自‘int32_t’ {或称 ‘int’}时可能会改变结果的符号 [-Wsign-conversion]
  523 |                 set_pixel_direct(x + w - 1 - dx, y + h - 1 - dy, color); /* BR */
      |                                                            ^
kernel/gui/src/framebuffer.c: 在函数‘fb_fill_rounded_top_rect’中:
kernel/gui/src/framebuffer.c:548:36: warning: ‘uint32_t’ {或称 ‘unsigned int’}转换自‘int32_t’ {或称 ‘int’}时可能会改变结果的符号 [-Wsign-conversion]
  548 |                 set_pixel_direct(x + dx, y + dy, color);
      |                                    ^
kernel/gui/src/framebuffer.c:548:44: warning: ‘uint32_t’ {或称 ‘unsigned int’}转换自‘int32_t’ {或称 ‘int’}时可能会改变结果的符号 [-Wsign-conversion]
  548 |                 set_pixel_direct(x + dx, y + dy, color);
      |                                            ^
kernel/gui/src/framebuffer.c:549:44: warning: ‘uint32_t’ {或称 ‘unsigned int’}转换自‘int32_t’ {或称 ‘int’}时可能会改变结果的符号 [-Wsign-conversion]
  549 |                 set_pixel_direct(x + w - 1 - dx, y + dy, color);
      |                                            ^
kernel/gui/src/framebuffer.c:549:52: warning: ‘uint32_t’ {或称 ‘unsigned int’}转换自‘int32_t’ {或称 ‘int’}时可能会改变结果的符号 [-Wsign-conversion]
  549 |                 set_pixel_direct(x + w - 1 - dx, y + dy, color);
      |                                                    ^
kernel/gui/src/framebuffer.c: 在函数‘fb_draw_rounded_rect_outline’中:
kernel/gui/src/framebuffer.c:578:36: warning: ‘uint32_t’ {或称 ‘unsigned int’}转换自‘int32_t’ {或称 ‘int’}时可能会改变结果的符号 [-Wsign-conversion]
  578 |                 set_pixel_direct(x + dx, y + dy, color);
      |                                    ^
kernel/gui/src/framebuffer.c:578:44: warning: ‘uint32_t’ {或称 ‘unsigned int’}转换自‘int32_t’ {或称 ‘int’}时可能会改变结果的符号 [-Wsign-conversion]
  578 |                 set_pixel_direct(x + dx, y + dy, color);
      |                                            ^
kernel/gui/src/framebuffer.c:579:44: warning: ‘uint32_t’ {或称 ‘unsigned int’}转换自‘int32_t’ {或称 ‘int’}时可能会改变结果的符号 [-Wsign-conversion]
  579 |                 set_pixel_direct(x + w - 1 - dx, y + dy, color);
      |                                            ^
kernel/gui/src/framebuffer.c:579:52: warning: ‘uint32_t’ {或称 ‘unsigned int’}转换自‘int32_t’ {或称 ‘int’}时可能会改变结果的符号 [-Wsign-conversion]
  579 |                 set_pixel_direct(x + w - 1 - dx, y + dy, color);
      |                                                    ^
kernel/gui/src/framebuffer.c:580:36: warning: ‘uint32_t’ {或称 ‘unsigned int’}转换自‘int32_t’ {或称 ‘int’}时可能会改变结果的符号 [-Wsign-conversion]
  580 |                 set_pixel_direct(x + dx, y + h - 1 - dy, color);
      |                                    ^
kernel/gui/src/framebuffer.c:580:52: warning: ‘uint32_t’ {或称 ‘unsigned int’}转换自‘int32_t’ {或称 ‘int’}时可能会改变结果的符号 [-Wsign-conversion]
  580 |                 set_pixel_direct(x + dx, y + h - 1 - dy, color);
      |                                                    ^
kernel/gui/src/framebuffer.c:581:44: warning: ‘uint32_t’ {或称 ‘unsigned int’}转换自‘int32_t’ {或称 ‘int’}时可能会改变结果的符号 [-Wsign-conversion]
  581 |                 set_pixel_direct(x + w - 1 - dx, y + h - 1 - dy, color);
      |                                            ^
kernel/gui/src/framebuffer.c:581:60: warning: ‘uint32_t’ {或称 ‘unsigned int’}转换自‘int32_t’ {或称 ‘int’}时可能会改变结果的符号 [-Wsign-conversion]
  581 |                 set_pixel_direct(x + w - 1 - dx, y + h - 1 - dy, color);
      |                                                            ^
<2> Building kernel/gui/src/font_ttf.c
In file included from kernel/gui/src/font_ttf.c:40:
kernel/gui/include/stb_truetype.h: 在函数‘stbtt__cff_get_index’中:
kernel/gui/include/stb_truetype.h:1178:30: warning: ‘int’转换自‘stbtt_uint32’ {或称 ‘unsigned int’}时可能会改变结果的符号 [-Wsign-conversion]
 1178 | #define stbtt__buf_get16(b)  stbtt__buf_get((b), 2)
      |                              ^~~~~~~~~~~~~~
kernel/gui/include/stb_truetype.h:1194:12: note: in expansion of macro ‘stbtt__buf_get16’
 1194 |    count = stbtt__buf_get16(b);
      |            ^~~~~~~~~~~~~~~~
kernel/gui/include/stb_truetype.h:1199:53: warning: ‘int’转换自‘stbtt_uint32’ {或称 ‘unsigned int’}时可能会改变结果的符号 [-Wsign-conversion]
 1199 |       stbtt__buf_skip(b, stbtt__buf_get(b, offsize) - 1);
      |                          ~~~~~~~~~~~~~~~~~~~~~~~~~~~^~~
kernel/gui/include/stb_truetype.h: 在函数‘stbtt__cff_int’中:
kernel/gui/include/stb_truetype.h:1207:47: warning: ‘stbtt_uint32’ {或称 ‘unsigned int’}转换自‘int’时可能会改变结果的符号 [-Wsign-conversion]
 1207 |    if (b0 >= 32 && b0 <= 246)       return b0 - 139;
      |                                            ~~~^~~~~
kernel/gui/include/stb_truetype.h:1208:80: warning: ‘stbtt_uint32’ {或称 ‘unsigned int’}转换自‘int’时可能会改变结果的符号 [-Wsign-conversion]
 1208 |    else if (b0 >= 247 && b0 <= 250) return (b0 - 247)*256 + stbtt__buf_get8(b) + 108;
      |                                            ~~~~~~~~~~~~~~~~~~~~~~~~~~~~~~~~~~~~^~~~~
kernel/gui/include/stb_truetype.h:1209:81: warning: ‘stbtt_uint32’ {或称 ‘unsigned int’}转换自‘int’时可能会改变结果的符号 [-Wsign-conversion]
 1209 |    else if (b0 >= 251 && b0 <= 254) return -(b0 - 251)*256 - stbtt__buf_get8(b) - 108;
      |                                            ~~~~~~~~~~~~~~~~~~~~~~~~~~~~~~~~~~~~~^~~~~
kernel/gui/include/stb_truetype.h: 在函数‘stbtt__cff_index_count’中:
kernel/gui/include/stb_truetype.h:1178:30: warning: ‘int’转换自‘stbtt_uint32’ {或称 ‘unsigned int’}时可能会改变结果的符号 [-Wsign-conversion]
 1178 | #define stbtt__buf_get16(b)  stbtt__buf_get((b), 2)
      |                              ^~~~~~~~~~~~~~~~~~~~~~
kernel/gui/include/stb_truetype.h:1257:11: note: in expansion of macro ‘stbtt__buf_get16’
 1257 |    return stbtt__buf_get16(b);
      |           ^~~~~~~~~~~~~~~~
kernel/gui/include/stb_truetype.h: 在函数‘stbtt__cff_index_get’中:
kernel/gui/include/stb_truetype.h:1178:30: warning: ‘int’转换自‘stbtt_uint32’ {或称 ‘unsigned int’}时可能会改变结果的符号 [-Wsign-conversion]
 1178 | #define stbtt__buf_get16(b)  stbtt__buf_get((b), 2)
      |                              ^~~~~~~~~~~~~~
kernel/gui/include/stb_truetype.h:1264:12: note: in expansion of macro ‘stbtt__buf_get16’
 1264 |    count = stbtt__buf_get16(&b);
      |            ^~~~~~~~~~~~~~~~
kernel/gui/include/stb_truetype.h:1269:12: warning: ‘int’转换自‘stbtt_uint32’ {或称 ‘unsigned int’}时可能会改变结果的符号 [-Wsign-conversion]
 1269 |    start = stbtt__buf_get(&b, offsize);
      |            ^~~~~~~~~~~~~~
kernel/gui/include/stb_truetype.h:1270:10: warning: ‘int’转换自‘stbtt_uint32’ {或称 ‘unsigned int’}时可能会改变结果的符号 [-Wsign-conversion]
 1270 |    end = stbtt__buf_get(&b, offsize);
      |          ^~~~~~~~~~~~~~
kernel/gui/include/stb_truetype.h: 在函数‘ttUSHORT’中:
kernel/gui/include/stb_truetype.h:1286:64: warning: conversion from ‘int’ to ‘stbtt_uint16’ {或称 ‘short unsigned int’} may change value [-Wconversion]
 1286 | static stbtt_uint16 ttUSHORT(stbtt_uint8 *p) { return p[0]*256 + p[1]; }
      |                                                       ~~~~~~~~~^~~~~~
kernel/gui/include/stb_truetype.h: 在函数‘ttSHORT’中:
kernel/gui/include/stb_truetype.h:1287:64: warning: conversion from ‘int’ to ‘stbtt_int16’ {或称 ‘short int’} may change value [-Wconversion]
 1287 | static stbtt_int16 ttSHORT(stbtt_uint8 *p)   { return p[0]*256 + p[1]; }
      |                                                       ~~~~~~~~~^~~~~~
kernel/gui/include/stb_truetype.h: 在函数‘ttULONG’中:
kernel/gui/include/stb_truetype.h:1288:91: warning: ‘stbtt_uint32’ {或称 ‘unsigned int’}转换自‘int’时可能会改变结果的符号 [-Wsign-conversion]
 1288 | static stbtt_uint32 ttULONG(stbtt_uint8 *p)  { return (p[0]<<24) + (p[1]<<16) + (p[2]<<8) + p[3]; }
      |                                                       ~~~~~~~~~~~~~~~~~~~~~~~~~~~~~~~~~~~~^~~~~~
kernel/gui/include/stb_truetype.h: 在函数‘stbtt__find_table’中:
kernel/gui/include/stb_truetype.h:1312:35: warning: ‘stbtt_uint32’ {或称 ‘unsigned int’}转换自‘stbtt_int32’ {或称 ‘int’}时可能会改变结果的符号 [-Wsign-conversion]
 1312 |       stbtt_uint32 loc = tabledir + 16*i;
      |                                   ^
kernel/gui/include/stb_truetype.h: 在函数‘stbtt_GetFontOffsetForIndex_internal’中:
kernel/gui/include/stb_truetype.h:1332:17: warning: ‘int’转换自‘stbtt_uint32’ {或称 ‘unsigned int’}时可能会改变结果的符号 [-Wsign-conversion]
 1332 |          return ttULONG(font_collection+12+index*4);
      |                 ^~~~~~~~~~~~~~~~~~~~~~~~~~~~~~~~~~~
kernel/gui/include/stb_truetype.h: 在函数‘stbtt__get_subrs’中:
kernel/gui/include/stb_truetype.h:1360:46: warning: ‘int’转换自‘stbtt_uint32’ {或称 ‘unsigned int’}时可能会改变结果的符号 [-Wsign-conversion]
 1360 |    pdict = stbtt__buf_range(&cff, private_loc[1], private_loc[0]);
      |                                   ~~~~~~~~~~~^~~
kernel/gui/include/stb_truetype.h:1360:62: warning: ‘int’转换自‘stbtt_uint32’ {或称 ‘unsigned int’}时可能会改变结果的符号 [-Wsign-conversion]
 1360 |    pdict = stbtt__buf_range(&cff, private_loc[1], private_loc[0]);
      |                                                   ~~~~~~~~~~~^~~
kernel/gui/include/stb_truetype.h:1363:40: warning: ‘int’转换自‘stbtt_uint32’ {或称 ‘unsigned int’}时可能会改变结果的符号 [-Wsign-conversion]
 1363 |    stbtt__buf_seek(&cff, private_loc[1]+subrsoff);
      |                          ~~~~~~~~~~~~~~^~~~~~~~~
kernel/gui/include/stb_truetype.h: 在函数‘stbtt__get_svg’中:
kernel/gui/include/stb_truetype.h:1372:45: warning: ‘stbtt_uint32’ {或称 ‘unsigned int’}转换自‘int’时可能会改变结果的符号 [-Wsign-conversion]
 1372 |       t = stbtt__find_table(info->data, info->fontstart, "SVG ");
      |                                         ~~~~^~~~~~~~~~~
kernel/gui/include/stb_truetype.h:1375:22: warning: ‘int’转换自‘stbtt_uint32’ {或称 ‘unsigned int’}时可能会改变结果的符号 [-Wsign-conversion]
 1375 |          info->svg = t + offset;
      |                      ^
kernel/gui/include/stb_truetype.h: 在函数‘stbtt_InitFont_internal’中:
kernel/gui/include/stb_truetype.h:1392:35: warning: ‘stbtt_uint32’ {或称 ‘unsigned int’}转换自‘int’时可能会改变结果的符号 [-Wsign-conversion]
 1392 |    cmap = stbtt__find_table(data, fontstart, "cmap");       // required
      |                                   ^~~~~~~~~
kernel/gui/include/stb_truetype.h:1393:41: warning: ‘stbtt_uint32’ {或称 ‘unsigned int’}转换自‘int’时可能会改变结果的符号 [-Wsign-conversion]
 1393 |    info->loca = stbtt__find_table(data, fontstart, "loca"); // required
      |                                         ^~~~~~~~~
kernel/gui/include/stb_truetype.h:1393:17: warning: ‘int’转换自‘stbtt_uint32’ {或称 ‘unsigned int’}时可能会改变结果的符号 [-Wsign-conversion]
 1393 |    info->loca = stbtt__find_table(data, fontstart, "loca"); // required
      |                 ^~~~~~~~~~~~~~~~~
kernel/gui/include/stb_truetype.h:1394:41: warning: ‘stbtt_uint32’ {或称 ‘unsigned int’}转换自‘int’时可能会改变结果的符号 [-Wsign-conversion]
 1394 |    info->head = stbtt__find_table(data, fontstart, "head"); // required
      |                                         ^~~~~~~~~
kernel/gui/include/stb_truetype.h:1394:17: warning: ‘int’转换自‘stbtt_uint32’ {或称 ‘unsigned int’}时可能会改变结果的符号 [-Wsign-conversion]
 1394 |    info->head = stbtt__find_table(data, fontstart, "head"); // required
      |                 ^~~~~~~~~~~~~~~~~
kernel/gui/include/stb_truetype.h:1395:41: warning: ‘stbtt_uint32’ {或称 ‘unsigned int’}转换自‘int’时可能会改变结果的符号 [-Wsign-conversion]
 1395 |    info->glyf = stbtt__find_table(data, fontstart, "glyf"); // required
      |                                         ^~~~~~~~~
kernel/gui/include/stb_truetype.h:1395:17: warning: ‘int’转换自‘stbtt_uint32’ {或称 ‘unsigned int’}时可能会改变结果的符号 [-Wsign-conversion]
 1395 |    info->glyf = stbtt__find_table(data, fontstart, "glyf"); // required
      |                 ^~~~~~~~~~~~~~~~~
kernel/gui/include/stb_truetype.h:1396:41: warning: ‘stbtt_uint32’ {或称 ‘unsigned int’}转换自‘int’时可能会改变结果的符号 [-Wsign-conversion]
 1396 |    info->hhea = stbtt__find_table(data, fontstart, "hhea"); // required
      |                                         ^~~~~~~~~
kernel/gui/include/stb_truetype.h:1396:17: warning: ‘int’转换自‘stbtt_uint32’ {或称 ‘unsigned int’}时可能会改变结果的符号 [-Wsign-conversion]
 1396 |    info->hhea = stbtt__find_table(data, fontstart, "hhea"); // required
      |                 ^~~~~~~~~~~~~~~~~
kernel/gui/include/stb_truetype.h:1397:41: warning: ‘stbtt_uint32’ {或称 ‘unsigned int’}转换自‘int’时可能会改变结果的符号 [-Wsign-conversion]
 1397 |    info->hmtx = stbtt__find_table(data, fontstart, "hmtx"); // required
      |                                         ^~~~~~~~~
kernel/gui/include/stb_truetype.h:1397:17: warning: ‘int’转换自‘stbtt_uint32’ {或称 ‘unsigned int’}时可能会改变结果的符号 [-Wsign-conversion]
 1397 |    info->hmtx = stbtt__find_table(data, fontstart, "hmtx"); // required
      |                 ^~~~~~~~~~~~~~~~~
kernel/gui/include/stb_truetype.h:1398:41: warning: ‘stbtt_uint32’ {或称 ‘unsigned int’}转换自‘int’时可能会改变结果的符号 [-Wsign-conversion]
 1398 |    info->kern = stbtt__find_table(data, fontstart, "kern"); // not required
      |                                         ^~~~~~~~~
kernel/gui/include/stb_truetype.h:1398:17: warning: ‘int’转换自‘stbtt_uint32’ {或称 ‘unsigned int’}时可能会改变结果的符号 [-Wsign-conversion]
 1398 |    info->kern = stbtt__find_table(data, fontstart, "kern"); // not required
      |                 ^~~~~~~~~~~~~~~~~
kernel/gui/include/stb_truetype.h:1399:41: warning: ‘stbtt_uint32’ {或称 ‘unsigned int’}转换自‘int’时可能会改变结果的符号 [-Wsign-conversion]
 1399 |    info->gpos = stbtt__find_table(data, fontstart, "GPOS"); // not required
      |                                         ^~~~~~~~~
kernel/gui/include/stb_truetype.h:1399:17: warning: ‘int’转换自‘stbtt_uint32’ {或称 ‘unsigned int’}时可能会改变结果的符号 [-Wsign-conversion]
 1399 |    info->gpos = stbtt__find_table(data, fontstart, "GPOS"); // not required
      |                 ^~~~~~~~~~~~~~~~~
kernel/gui/include/stb_truetype.h:1412:37: warning: ‘stbtt_uint32’ {或称 ‘unsigned int’}转换自‘int’时可能会改变结果的符号 [-Wsign-conversion]
 1412 |       cff = stbtt__find_table(data, fontstart, "CFF ");
      |                                     ^~~~~~~~~
kernel/gui/include/stb_truetype.h:1447:30: warning: ‘int’转换自‘stbtt_uint32’ {或称 ‘unsigned int’}时可能会改变结果的符号 [-Wsign-conversion]
 1447 |          stbtt__buf_seek(&b, fdarrayoff);
      |                              ^~~~~~~~~~
kernel/gui/include/stb_truetype.h:1449:67: warning: ‘stbtt_uint32’ {或称 ‘unsigned int’}转换自‘int’时可能会改变结果的符号 [-Wsign-conversion]
 1449 |          info->fdselect = stbtt__buf_range(&b, fdselectoff, b.size-fdselectoff);
      |                                                                   ^
kernel/gui/include/stb_truetype.h:1449:48: warning: ‘int’转换自‘stbtt_uint32’ {或称 ‘unsigned int’}时可能会改变结果的符号 [-Wsign-conversion]
 1449 |          info->fdselect = stbtt__buf_range(&b, fdselectoff, b.size-fdselectoff);
      |                                                ^~~~~~~~~~~
kernel/gui/include/stb_truetype.h:1449:67: warning: ‘int’转换自‘stbtt_uint32’ {或称 ‘unsigned int’}时可能会改变结果的符号 [-Wsign-conversion]
 1449 |          info->fdselect = stbtt__buf_range(&b, fdselectoff, b.size-fdselectoff);
      |                                                             ~~~~~~^~~~~~~~~~~~
kernel/gui/include/stb_truetype.h:1452:27: warning: ‘int’转换自‘stbtt_uint32’ {或称 ‘unsigned int’}时可能会改变结果的符号 [-Wsign-conversion]
 1452 |       stbtt__buf_seek(&b, charstrings);
      |                           ^~~~~~~~~~~
kernel/gui/include/stb_truetype.h:1456:32: warning: ‘stbtt_uint32’ {或称 ‘unsigned int’}转换自‘int’时可能会改变结果的符号 [-Wsign-conversion]
 1456 |    t = stbtt__find_table(data, fontstart, "maxp");
      |                                ^~~~~~~~~
kernel/gui/include/stb_truetype.h:1470:47: warning: ‘stbtt_uint32’ {或称 ‘unsigned int’}转换自‘stbtt_int32’ {或称 ‘int’}时可能会改变结果的符号 [-Wsign-conversion]
 1470 |       stbtt_uint32 encoding_record = cmap + 4 + 8 * i;
      |                                               ^
kernel/gui/include/stb_truetype.h:1478:37: warning: ‘int’转换自‘stbtt_uint32’ {或称 ‘unsigned int’}时可能会改变结果的符号 [-Wsign-conversion]
 1478 |                   info->index_map = cmap + ttULONG(data+encoding_record+4);
      |                                     ^~~~
kernel/gui/include/stb_truetype.h:1485:31: warning: ‘int’转换自‘stbtt_uint32’ {或称 ‘unsigned int’}时可能会改变结果的符号 [-Wsign-conversion]
 1485 |             info->index_map = cmap + ttULONG(data+encoding_record+4);
      |                               ^~~~
kernel/gui/include/stb_truetype.h: 在函数‘stbtt_FindGlyphIndex’中:
kernel/gui/include/stb_truetype.h:1499:29: warning: ‘stbtt_uint32’ {或称 ‘unsigned int’}转换自‘int’时可能会改变结果的符号 [-Wsign-conversion]
 1499 |    stbtt_uint32 index_map = info->index_map;
      |                             ^~~~
kernel/gui/include/stb_truetype.h:1511:69: warning: ‘stbtt_uint32’ {或称 ‘unsigned int’}转换自‘int’时可能会改变结果的符号 [-Wsign-conversion]
 1511 |          return ttUSHORT(data + index_map + 10 + (unicode_codepoint - first)*2);
      |                                                                     ^
kernel/gui/include/stb_truetype.h:1577:35: warning: ‘stbtt_uint32’ {或称 ‘unsigned int’}转换自‘int’时可能会改变结果的符号 [-Wsign-conversion]
 1577 |                return start_glyph + unicode_codepoint-start_char;
      |                                   ^
kernel/gui/include/stb_truetype.h:1577:54: warning: ‘int’转换自‘stbtt_uint32’ {或称 ‘unsigned int’}时可能会改变结果的符号 [-Wsign-conversion]
 1577 |                return start_glyph + unicode_codepoint-start_char;
      |                       ~~~~~~~~~~~~~~~~~~~~~~~~~~~~~~~^~~~~~~~~~~
kernel/gui/include/stb_truetype.h:1579:23: warning: ‘int’转换自‘stbtt_uint32’ {或称 ‘unsigned int’}时可能会改变结果的符号 [-Wsign-conversion]
 1579 |                return start_glyph;
      |                       ^~~~~~~~~~~
kernel/gui/include/stb_truetype.h: 在函数‘stbtt__GetGlyfOffset’中:
kernel/gui/include/stb_truetype.h:1616:23: warning: ‘stbtt_uint32’ {或称 ‘unsigned int’}转换自‘int’时可能会改变结果的符号 [-Wsign-conversion]
 1616 |       g1 = info->glyf + ttULONG (info->data + info->loca + glyph_index * 4);
      |                       ^
kernel/gui/include/stb_truetype.h:1616:12: warning: ‘int’转换自‘stbtt_uint32’ {或称 ‘unsigned int’}时可能会改变结果的符号 [-Wsign-conversion]
 1616 |       g1 = info->glyf + ttULONG (info->data + info->loca + glyph_index * 4);
      |            ^~~~
kernel/gui/include/stb_truetype.h:1617:23: warning: ‘stbtt_uint32’ {或称 ‘unsigned int’}转换自‘int’时可能会改变结果的符号 [-Wsign-conversion]
 1617 |       g2 = info->glyf + ttULONG (info->data + info->loca + glyph_index * 4 + 4);
      |                       ^
kernel/gui/include/stb_truetype.h:1617:12: warning: ‘int’转换自‘stbtt_uint32’ {或称 ‘unsigned int’}时可能会改变结果的符号 [-Wsign-conversion]
 1617 |       g2 = info->glyf + ttULONG (info->data + info->loca + glyph_index * 4 + 4);
      |            ^~~~
kernel/gui/include/stb_truetype.h: 在函数‘stbtt__GetGlyphShapeTT’中:
kernel/gui/include/stb_truetype.h:1701:50: warning: ‘long long unsigned int’转换自‘stbtt_int32’ {或称 ‘int’}时可能会改变结果的符号 [-Wsign-conversion]
 1701 |       vertices = (stbtt_vertex *) STBTT_malloc(m * sizeof(vertices[0]), info->userdata);
      |                                                  ^
kernel/gui/src/font_ttf.c:26:64: note: in definition of macro ‘STBTT_malloc’
   26 | #define STBTT_malloc(x, u) ((void)(u), memory_alloc((uint64_t)(x)))
      |                                                                ^
kernel/gui/include/stb_truetype.h:1824:18: warning: ‘stbtt_uint16’ {或称 ‘short unsigned int’}转换自‘stbtt_int16’ {或称 ‘short int’}时可能会改变结果的符号 [-Wsign-conversion]
 1824 |          flags = ttSHORT(comp); comp+=2;
      |                  ^~~~~~~
kernel/gui/include/stb_truetype.h:1825:17: warning: ‘stbtt_uint16’ {或称 ‘short unsigned int’}转换自‘stbtt_int16’ {或称 ‘short int’}时可能会改变结果的符号 [-Wsign-conversion]
 1825 |          gidx = ttSHORT(comp); comp+=2;
      |                 ^~~~~~~
kernel/gui/include/stb_truetype.h:1873:76: warning: ‘long long unsigned int’转换自‘int’时可能会改变结果的符号 [-Wsign-conversion]
 1873 |             tmp = (stbtt_vertex*)STBTT_malloc((num_vertices+comp_num_verts)*sizeof(stbtt_vertex), info->userdata);
      |                                                                            ^
kernel/gui/src/font_ttf.c:26:64: note: in definition of macro ‘STBTT_malloc’
   26 | #define STBTT_malloc(x, u) ((void)(u), memory_alloc((uint64_t)(x)))
      |                                                                ^
kernel/gui/include/stb_truetype.h:1879:87: warning: ‘long long unsigned int’转换自‘int’时可能会改变结果的符号 [-Wsign-conversion]
 1879 |             if (num_vertices > 0 && vertices) STBTT_memcpy(tmp, vertices, num_vertices*sizeof(stbtt_vertex));
      |                                                                                       ^
kernel/gui/include/stb_truetype.h:1880:70: warning: ‘long long unsigned int’转换自‘int’时可能会改变结果的符号 [-Wsign-conversion]
 1880 |             STBTT_memcpy(tmp+num_vertices, comp_verts, comp_num_verts*sizeof(stbtt_vertex));
      |                                                                      ^
kernel/gui/include/stb_truetype.h: 在函数‘stbtt__cid_get_glyph_subrs’中:
kernel/gui/include/stb_truetype.h:1178:30: warning: ‘int’转换自‘stbtt_uint32’ {或称 ‘unsigned int’}时可能会改变结果的符号 [-Wsign-conversion]
 1178 | #define stbtt__buf_get16(b)  stbtt__buf_get((b), 2)
      |                              ^~~~~~~~~~~~~~
kernel/gui/include/stb_truetype.h:1994:17: note: in expansion of macro ‘stbtt__buf_get16’
 1994 |       nranges = stbtt__buf_get16(&fdselect);
      |                 ^~~~~~~~~~~~~~~~
kernel/gui/include/stb_truetype.h:1178:30: warning: ‘int’转换自‘stbtt_uint32’ {或称 ‘unsigned int’}时可能会改变结果的符号 [-Wsign-conversion]
 1178 | #define stbtt__buf_get16(b)  stbtt__buf_get((b), 2)
      |                              ^~~~~~~~~~~~~~
kernel/gui/include/stb_truetype.h:1995:15: note: in expansion of macro ‘stbtt__buf_get16’
 1995 |       start = stbtt__buf_get16(&fdselect);
      |               ^~~~~~~~~~~~~~~~
kernel/gui/include/stb_truetype.h:1178:30: warning: ‘int’转换自‘stbtt_uint32’ {或称 ‘unsigned int’}时可能会改变结果的符号 [-Wsign-conversion]
 1178 | #define stbtt__buf_get16(b)  stbtt__buf_get((b), 2)
      |                              ^~~~~~~~~~~~~~
kernel/gui/include/stb_truetype.h:1998:16: note: in expansion of macro ‘stbtt__buf_get16’
 1998 |          end = stbtt__buf_get16(&fdselect);
      |                ^~~~~~~~~~~~~~~~
kernel/gui/include/stb_truetype.h: 在函数‘stbtt__GetGlyphShapeT2’中:
kernel/gui/include/stb_truetype.h:2275:70: warning: ‘long long unsigned int’转换自‘int’时可能会改变结果的符号 [-Wsign-conversion]
 2275 |       *pvertices = (stbtt_vertex*)STBTT_malloc(count_ctx.num_vertices*sizeof(stbtt_vertex), info->userdata);
      |                                                                      ^
kernel/gui/src/font_ttf.c:26:64: note: in definition of macro ‘STBTT_malloc’
   26 | #define STBTT_malloc(x, u) ((void)(u), memory_alloc((uint64_t)(x)))
      |                                                                ^
kernel/gui/include/stb_truetype.h: 在函数‘stbtt__GetGlyphKernInfoAdvance’中:
kernel/gui/include/stb_truetype.h:2375:13: warning: ‘stbtt_uint32’ {或称 ‘unsigned int’}转换自‘int’时可能会改变结果的符号 [-Wsign-conversion]
 2375 |    needle = glyph1 << 16 | glyph2;
      |             ^~~~~~
kernel/gui/include/stb_truetype.h: 在函数‘stbtt_GetFontVMetricsOS2’中:
kernel/gui/include/stb_truetype.h:2643:48: warning: ‘stbtt_uint32’ {或称 ‘unsigned int’}转换自‘int’时可能会改变结果的符号 [-Wsign-conversion]
 2643 |    int tab = stbtt__find_table(info->data, info->fontstart, "OS/2");
      |                                            ~~~~^~~~~~~~~~~
kernel/gui/include/stb_truetype.h:2643:14: warning: ‘int’转换自‘stbtt_uint32’ {或称 ‘unsigned int’}时可能会改变结果的符号 [-Wsign-conversion]
 2643 |    int tab = stbtt__find_table(info->data, info->fontstart, "OS/2");
      |              ^~~~~~~~~~~~~~~~~
kernel/gui/include/stb_truetype.h: 在函数‘stbtt_ScaleForPixelHeight’中:
kernel/gui/include/stb_truetype.h:2663:26: warning: conversion from ‘int’ to ‘float’ may change value [-Wconversion]
 2663 |    return (float) height / fheight;
      |                          ^
kernel/gui/include/stb_truetype.h: 在函数‘stbtt_ScaleForMappingEmToPixels’中:
kernel/gui/include/stb_truetype.h:2669:18: warning: conversion from ‘int’ to ‘float’ may change value [-Wconversion]
 2669 |    return pixels / unitsPerEm;
      |                  ^
kernel/gui/include/stb_truetype.h: 在函数‘stbtt_GetGlyphSVG’中:
kernel/gui/include/stb_truetype.h:2705:14: warning: ‘int’转换自‘stbtt_uint32’ {或称 ‘unsigned int’}时可能会改变结果的符号 [-Wsign-conversion]
 2705 |       return ttULONG(svg_doc + 8);
      |              ^~~~~~~~~~~~~~~~~~~~
kernel/gui/include/stb_truetype.h: 在函数‘stbtt_GetGlyphBitmapBoxSubpixel’中:
kernel/gui/include/stb_truetype.h:2732:40: warning: conversion from ‘int’ to ‘float’ may change value [-Wconversion]
 2732 |       if (ix0) *ix0 = STBTT_ifloor( x0 * scale_x + shift_x);
      |                                        ^
kernel/gui/src/font_ttf.c:29:47: note: in definition of macro ‘STBTT_ifloor’
   29 | #define STBTT_ifloor(x)    ttf_ifloor((float)(x))
      |                                               ^
kernel/gui/include/stb_truetype.h:2733:40: warning: conversion from ‘int’ to ‘float’ may change value [-Wconversion]
 2733 |       if (iy0) *iy0 = STBTT_ifloor(-y1 * scale_y + shift_y);
      |                                        ^
kernel/gui/src/font_ttf.c:29:47: note: in definition of macro ‘STBTT_ifloor’
   29 | #define STBTT_ifloor(x)    ttf_ifloor((float)(x))
      |                                               ^
kernel/gui/include/stb_truetype.h:2734:40: warning: conversion from ‘int’ to ‘float’ may change value [-Wconversion]
 2734 |       if (ix1) *ix1 = STBTT_iceil ( x1 * scale_x + shift_x);
      |                                        ^
kernel/gui/src/font_ttf.c:30:46: note: in definition of macro ‘STBTT_iceil’
   30 | #define STBTT_iceil(x)     ttf_iceil((float)(x))
      |                                              ^
kernel/gui/include/stb_truetype.h:2735:40: warning: conversion from ‘int’ to ‘float’ may change value [-Wconversion]
 2735 |       if (iy1) *iy1 = STBTT_iceil (-y0 * scale_y + shift_y);
      |                                        ^
kernel/gui/src/font_ttf.c:30:46: note: in definition of macro ‘STBTT_iceil’
   30 | #define STBTT_iceil(x)     ttf_iceil((float)(x))
      |                                              ^
kernel/gui/include/stb_truetype.h: 在函数‘stbtt__hheap_alloc’中:
kernel/gui/include/stb_truetype.h:2779:104: warning: ‘size_t’ {或称 ‘long long unsigned int’}转换自‘int’时可能会改变结果的符号 [-Wsign-conversion]
 2779 |          stbtt__hheap_chunk *c = (stbtt__hheap_chunk *) STBTT_malloc(sizeof(stbtt__hheap_chunk) + size * count, userdata);
      |                                                                                                        ^
kernel/gui/src/font_ttf.c:26:64: note: in definition of macro ‘STBTT_malloc’
   26 | #define STBTT_malloc(x, u) ((void)(u), memory_alloc((uint64_t)(x)))
      |                                                                ^
kernel/gui/include/stb_truetype.h:2787:70: warning: ‘size_t’ {或称 ‘long long unsigned int’}转换自‘int’时可能会改变结果的符号 [-Wsign-conversion]
 2787 |       return (char *) (hh->head) + sizeof(stbtt__hheap_chunk) + size * hh->num_remaining_in_head_chunk;
      |                                                                      ^
kernel/gui/include/stb_truetype.h: 在函数‘stbtt__new_active’中:
kernel/gui/include/stb_truetype.h:2867:10: warning: conversion from ‘int’ to ‘float’ may change value [-Wconversion]
 2867 |    z->fx -= off_x;
      |          ^~
kernel/gui/include/stb_truetype.h: 在函数‘stbtt__handle_clipped_edge’中:
kernel/gui/include/stb_truetype.h:3061:54: warning: conversion from ‘int’ to ‘float’ may change value [-Wconversion]
 3061 |       scanline[x] += e->direction * (y1-y0) * (1-((x0-x)+(x1-x))/2); // coverage = 1 - average x position
      |                                                      ^
kernel/gui/include/stb_truetype.h:3061:61: warning: conversion from ‘int’ to ‘float’ may change value [-Wconversion]
 3061 |       scanline[x] += e->direction * (y1-y0) * (1-((x0-x)+(x1-x))/2); // coverage = 1 - average x position
      |                                                             ^
kernel/gui/include/stb_truetype.h: 在函数‘stbtt__fill_active_edges_new’中:
kernel/gui/include/stb_truetype.h:3138:83: warning: conversion from ‘int’ to ‘float’ may change value [-Wconversion]
 3138 |                scanline[x]      += stbtt__position_trapezoid_area(height, x_top, x+1.0f, x_bottom, x+1.0f);
      |                                                                                   ^
kernel/gui/include/stb_truetype.h:3138:101: warning: conversion from ‘int’ to ‘float’ may change value [-Wconversion]
 3138 |                scanline[x]      += stbtt__position_trapezoid_area(height, x_top, x+1.0f, x_bottom, x+1.0f);
      |                                                                                                     ^
kernel/gui/include/stb_truetype.h:3161:48: warning: conversion from ‘int’ to ‘float’ may change value [-Wconversion]
 3161 |                y_crossing = y_top + dy * (x1+1 - x0);
      |                                                ^
kernel/gui/include/stb_truetype.h:3164:43: warning: conversion from ‘int’ to ‘float’ may change value [-Wconversion]
 3164 |                y_final = y_top + dy * (x2 - x0);
      |                                           ^
kernel/gui/include/stb_truetype.h:3194:70: warning: conversion from ‘int’ to ‘float’ may change value [-Wconversion]
 3194 |                scanline[x1] += stbtt__sized_triangle_area(area, x1+1 - x_top);
      |                                                                      ^
kernel/gui/include/stb_truetype.h:3199:48: warning: conversion from ‘int’ to ‘float’ may change value [-Wconversion]
 3199 |                   dy = (y_final - y_crossing ) / (x2 - (x1+1)); // if denom=0, y_final = y_crossing, so y_final <= y_bottom
      |                                                ^
kernel/gui/include/stb_truetype.h:3225:104: warning: conversion from ‘int’ to ‘float’ may change value [-Wconversion]
 3225 |                scanline[x2] += area + sign * stbtt__position_trapezoid_area(sy1-y_final, (float) x2, x2+1.0f, x_bottom, x2+1.0f);
      |                                                                                                        ^
kernel/gui/include/stb_truetype.h:3225:123: warning: conversion from ‘int’ to ‘float’ may change value [-Wconversion]
 3225 |                scanline[x2] += area + sign * stbtt__position_trapezoid_area(sy1-y_final, (float) x2, x2+1.0f, x_bottom, x2+1.0f);
      |                                                                                                                           ^
kernel/gui/include/stb_truetype.h:3263:30: warning: conversion from ‘int’ to ‘float’ may change value [-Wconversion]
 3263 |                float y1 = (x - x0) / dx + y_top;
      |                              ^
kernel/gui/include/stb_truetype.h:3264:32: warning: conversion from ‘int’ to ‘float’ may change value [-Wconversion]
 3264 |                float y2 = (x+1 - x0) / dx + y_top;
      |                                ^
kernel/gui/include/stb_truetype.h: 在函数‘stbtt__rasterize_sorted_edges’中:
kernel/gui/include/stb_truetype.h:3307:57: warning: ‘long long unsigned int’转换自‘int’时可能会改变结果的符号 [-Wsign-conversion]
 3307 |       scanline = (float *) STBTT_malloc((result->w*2+1) * sizeof(float), userdata);
      |                                                         ^
kernel/gui/src/font_ttf.c:26:64: note: in definition of macro ‘STBTT_malloc’
   26 | #define STBTT_malloc(x, u) ((void)(u), memory_alloc((uint64_t)(x)))
      |                                                                ^
kernel/gui/include/stb_truetype.h:3318:31: warning: conversion from ‘int’ to ‘float’ may change value [-Wconversion]
 3318 |       float scan_y_top    = y + 0.0f;
      |                               ^
kernel/gui/include/stb_truetype.h:3319:31: warning: conversion from ‘int’ to ‘float’ may change value [-Wconversion]
 3319 |       float scan_y_bottom = y + 1.0f;
      |                               ^
kernel/gui/include/stb_truetype.h:3322:43: warning: ‘long long unsigned int’转换自‘int’时可能会改变结果的符号 [-Wsign-conversion]
 3322 |       STBTT_memset(scanline , 0, result->w*sizeof(scanline[0]));
      |                                           ^
kernel/gui/include/stb_truetype.h:3323:47: warning: ‘long long unsigned int’转换自‘int’时可能会改变结果的符号 [-Wsign-conversion]
 3323 |       STBTT_memset(scanline2, 0, (result->w+1)*sizeof(scanline[0]));
      |                                               ^
kernel/gui/include/stb_truetype.h: 在函数‘stbtt__rasterize’中:
kernel/gui/include/stb_truetype.h:3509:48: warning: ‘long long unsigned int’转换自‘int’时可能会改变结果的符号 [-Wsign-conversion]
 3509 |    e = (stbtt__edge *) STBTT_malloc(sizeof(*e) * (n+1), userdata); // add an extra one as a sentinel
      |                                                ^
kernel/gui/src/font_ttf.c:26:64: note: in definition of macro ‘STBTT_malloc’
   26 | #define STBTT_malloc(x, u) ((void)(u), memory_alloc((uint64_t)(x)))
      |                                                                ^
kernel/gui/include/stb_truetype.h:3530:53: warning: conversion from ‘int’ to ‘float’ may change value [-Wconversion]
 3530 |          e[n].y0 = (p[a].y * y_scale_inv + shift_y) * vsubsample;
      |                                                     ^
kernel/gui/include/stb_truetype.h:3532:53: warning: conversion from ‘int’ to ‘float’ may change value [-Wconversion]
 3532 |          e[n].y1 = (p[b].y * y_scale_inv + shift_y) * vsubsample;
      |                                                     ^
kernel/gui/include/stb_truetype.h: 在函数‘stbtt_FlattenCurves’中:
kernel/gui/include/stb_truetype.h:3634:70: warning: ‘long long unsigned int’转换自‘int’时可能会改变结果的符号 [-Wsign-conversion]
 3634 |    *contour_lengths = (int *) STBTT_malloc(sizeof(**contour_lengths) * n, userdata);
      |                                                                      ^
kernel/gui/src/font_ttf.c:26:64: note: in definition of macro ‘STBTT_malloc’
   26 | #define STBTT_malloc(x, u) ((void)(u), memory_alloc((uint64_t)(x)))
      |                                                                ^
kernel/gui/include/stb_truetype.h:3645:60: warning: ‘long long unsigned int’转换自‘int’时可能会改变结果的符号 [-Wsign-conversion]
 3645 |          points = (stbtt__point *) STBTT_malloc(num_points * sizeof(points[0]), userdata);
      |                                                            ^
kernel/gui/src/font_ttf.c:26:64: note: in definition of macro ‘STBTT_malloc’
   26 | #define STBTT_malloc(x, u) ((void)(u), memory_alloc((uint64_t)(x)))
      |                                                                ^
kernel/gui/include/stb_truetype.h: 在函数‘stbtt_BakeFontBitmap_internal’中:
kernel/gui/include/stb_truetype.h:3825:30: warning: ‘size_t’ {或称 ‘long long unsigned int’}转换自‘int’时可能会改变结果的符号 [-Wsign-conversion]
 3825 |    STBTT_memset(pixels, 0, pw*ph); // background of 0 around pixels
      |                            ~~^~~
kernel/gui/include/stb_truetype.h:3845:24: warning: ‘short unsigned int’转换自‘short int’时可能会改变结果的符号 [-Wsign-conversion]
 3845 |       chardata[i].x0 = (stbtt_int16) x;
      |                        ^
kernel/gui/include/stb_truetype.h:3846:24: warning: ‘short unsigned int’转换自‘short int’时可能会改变结果的符号 [-Wsign-conversion]
 3846 |       chardata[i].y0 = (stbtt_int16) y;
      |                        ^
kernel/gui/include/stb_truetype.h:3847:24: warning: ‘short unsigned int’转换自‘short int’时可能会改变结果的符号 [-Wsign-conversion]
 3847 |       chardata[i].x1 = (stbtt_int16) (x + gw);
      |                        ^
kernel/gui/include/stb_truetype.h:3848:24: warning: ‘short unsigned int’转换自‘short int’时可能会改变结果的符号 [-Wsign-conversion]
 3848 |       chardata[i].y1 = (stbtt_int16) (y + gh);
      |                        ^
kernel/gui/include/stb_truetype.h:3849:36: warning: conversion from ‘int’ to ‘float’ may change value [-Wconversion]
 3849 |       chardata[i].xadvance = scale * advance;
      |                                    ^
kernel/gui/include/stb_truetype.h: 在函数‘stbtt_GetBakedQuad’中:
kernel/gui/include/stb_truetype.h:3862:21: warning: conversion from ‘int’ to ‘float’ may change value [-Wconversion]
 3862 |    float ipw = 1.0f / pw, iph = 1.0f / ph;
      |                     ^
kernel/gui/include/stb_truetype.h:3862:38: warning: conversion from ‘int’ to ‘float’ may change value [-Wconversion]
 3862 |    float ipw = 1.0f / pw, iph = 1.0f / ph;
      |                                      ^
kernel/gui/include/stb_truetype.h:3867:20: warning: conversion from ‘int’ to ‘float’ may change value [-Wconversion]
 3867 |    q->x0 = round_x + d3d_bias;
      |                    ^
kernel/gui/include/stb_truetype.h:3868:20: warning: conversion from ‘int’ to ‘float’ may change value [-Wconversion]
 3868 |    q->y0 = round_y + d3d_bias;
      |                    ^
kernel/gui/include/stb_truetype.h:3869:36: warning: conversion from ‘int’ to ‘float’ may change value [-Wconversion]
 3869 |    q->x1 = round_x + b->x1 - b->x0 + d3d_bias;
      |                                    ^
kernel/gui/include/stb_truetype.h:3870:36: warning: conversion from ‘int’ to ‘float’ may change value [-Wconversion]
 3870 |    q->y1 = round_y + b->y1 - b->y0 + d3d_bias;
      |                                    ^
kernel/gui/include/stb_truetype.h: 在函数‘stbtt_PackBegin’中:
kernel/gui/include/stb_truetype.h:3961:77: warning: ‘long long unsigned int’转换自‘int’时可能会改变结果的符号 [-Wsign-conversion]
 3961 |    stbrp_node    *nodes   = (stbrp_node    *) STBTT_malloc(sizeof(*nodes  ) * num_nodes,alloc_context);
      |                                                                             ^
kernel/gui/src/font_ttf.c:26:64: note: in definition of macro ‘STBTT_malloc’
   26 | #define STBTT_malloc(x, u) ((void)(u), memory_alloc((uint64_t)(x)))
      |                                                                ^
kernel/gui/include/stb_truetype.h:3984:33: warning: ‘size_t’ {或称 ‘long long unsigned int’}转换自‘int’时可能会改变结果的符号 [-Wsign-conversion]
 3984 |       STBTT_memset(pixels, 0, pw*ph); // background of 0 around pixels
      |                               ~~^~~
kernel/gui/include/stb_truetype.h: 在函数‘stbtt__h_prefilter’中:
kernel/gui/include/stb_truetype.h:4015:19: warning: ‘unsigned int’转换自‘int’时可能会改变结果的符号 [-Wsign-conversion]
 4015 |    int safe_w = w - kernel_width;
      |                   ^
kernel/gui/include/stb_truetype.h:4015:17: warning: ‘int’转换自‘unsigned int’时可能会改变结果的符号 [-Wsign-conversion]
 4015 |    int safe_w = w - kernel_width;
      |                 ^
kernel/gui/include/stb_truetype.h:4030:25: warning: ‘unsigned int’转换自‘int’时可能会改变结果的符号 [-Wsign-conversion]
 4030 |                buffer[(i+kernel_width) & STBTT__OVER_MASK] = pixels[i];
      |                         ^
kernel/gui/include/stb_truetype.h:4037:25: warning: ‘unsigned int’转换自‘int’时可能会改变结果的符号 [-Wsign-conversion]
 4037 |                buffer[(i+kernel_width) & STBTT__OVER_MASK] = pixels[i];
      |                         ^
kernel/gui/include/stb_truetype.h:4044:25: warning: ‘unsigned int’转换自‘int’时可能会改变结果的符号 [-Wsign-conversion]
 4044 |                buffer[(i+kernel_width) & STBTT__OVER_MASK] = pixels[i];
      |                         ^
kernel/gui/include/stb_truetype.h:4051:25: warning: ‘unsigned int’转换自‘int’时可能会改变结果的符号 [-Wsign-conversion]
 4051 |                buffer[(i+kernel_width) & STBTT__OVER_MASK] = pixels[i];
      |                         ^
kernel/gui/include/stb_truetype.h:4058:25: warning: ‘unsigned int’转换自‘int’时可能会改变结果的符号 [-Wsign-conversion]
 4058 |                buffer[(i+kernel_width) & STBTT__OVER_MASK] = pixels[i];
      |                         ^
kernel/gui/include/stb_truetype.h: 在函数‘stbtt__v_prefilter’中:
kernel/gui/include/stb_truetype.h:4077:19: warning: ‘unsigned int’转换自‘int’时可能会改变结果的符号 [-Wsign-conversion]
 4077 |    int safe_h = h - kernel_width;
      |                   ^
kernel/gui/include/stb_truetype.h:4077:17: warning: ‘int’转换自‘unsigned int’时可能会改变结果的符号 [-Wsign-conversion]
 4077 |    int safe_h = h - kernel_width;
      |                 ^
kernel/gui/include/stb_truetype.h:4092:25: warning: ‘unsigned int’转换自‘int’时可能会改变结果的符号 [-Wsign-conversion]
 4092 |                buffer[(i+kernel_width) & STBTT__OVER_MASK] = pixels[i*stride_in_bytes];
      |                         ^
kernel/gui/include/stb_truetype.h:4099:25: warning: ‘unsigned int’转换自‘int’时可能会改变结果的符号 [-Wsign-conversion]
 4099 |                buffer[(i+kernel_width) & STBTT__OVER_MASK] = pixels[i*stride_in_bytes];
      |                         ^
kernel/gui/include/stb_truetype.h:4106:25: warning: ‘unsigned int’转换自‘int’时可能会改变结果的符号 [-Wsign-conversion]
 4106 |                buffer[(i+kernel_width) & STBTT__OVER_MASK] = pixels[i*stride_in_bytes];
      |                         ^
kernel/gui/include/stb_truetype.h:4113:25: warning: ‘unsigned int’转换自‘int’时可能会改变结果的符号 [-Wsign-conversion]
 4113 |                buffer[(i+kernel_width) & STBTT__OVER_MASK] = pixels[i*stride_in_bytes];
      |                         ^
kernel/gui/include/stb_truetype.h:4120:25: warning: ‘unsigned int’转换自‘int’时可能会改变结果的符号 [-Wsign-conversion]
 4120 |                buffer[(i+kernel_width) & STBTT__OVER_MASK] = pixels[i*stride_in_bytes];
      |                         ^
kernel/gui/include/stb_truetype.h: 在函数‘stbtt_PackFontRangesGatherRects’中:
kernel/gui/include/stb_truetype.h:4168:51: warning: conversion from ‘unsigned int’ to ‘float’ may change value [-Wconversion]
 4168 |                                             scale * spc->h_oversample,
      |                                                   ^
kernel/gui/include/stb_truetype.h:4169:51: warning: conversion from ‘unsigned int’ to ‘float’ may change value [-Wconversion]
 4169 |                                             scale * spc->v_oversample,
      |                                                   ^
kernel/gui/include/stb_truetype.h:4172:62: warning: ‘unsigned int’转换自‘int’时可能会改变结果的符号 [-Wsign-conversion]
 4172 |             rects[k].w = (stbrp_coord) (x1-x0 + spc->padding + spc->h_oversample-1);
      |                                                              ^
kernel/gui/include/stb_truetype.h:4173:62: warning: ‘unsigned int’转换自‘int’时可能会改变结果的符号 [-Wsign-conversion]
 4173 |             rects[k].h = (stbrp_coord) (y1-y0 + spc->padding + spc->v_oversample-1);
      |                                                              ^
kernel/gui/include/stb_truetype.h: 在函数‘stbtt_MakeGlyphBitmapSubpixelPrefilter’中:
kernel/gui/include/stb_truetype.h:4198:60: warning: ‘unsigned int’转换自‘int’时可能会改变结果的符号 [-Wsign-conversion]
 4198 |       stbtt__h_prefilter(output, out_w, out_h, out_stride, prefilter_x);
      |                                                            ^~~~~~~~~~~
kernel/gui/include/stb_truetype.h:4201:60: warning: ‘unsigned int’转换自‘int’时可能会改变结果的符号 [-Wsign-conversion]
 4201 |       stbtt__v_prefilter(output, out_w, out_h, out_stride, prefilter_y);
      |                                                            ^~~~~~~~~~~
kernel/gui/include/stb_truetype.h: 在函数‘stbtt_PackFontRangesRenderIntoRects’中:
kernel/gui/include/stb_truetype.h:4213:21: warning: ‘int’转换自‘unsigned int’时可能会改变结果的符号 [-Wsign-conversion]
 4213 |    int old_h_over = spc->h_oversample;
      |                     ^~~
kernel/gui/include/stb_truetype.h:4214:21: warning: ‘int’转换自‘unsigned int’时可能会改变结果的符号 [-Wsign-conversion]
 4214 |    int old_v_over = spc->v_oversample;
      |                     ^~~
kernel/gui/include/stb_truetype.h:4223:22: warning: conversion from ‘unsigned int’ to ‘float’ may change value [-Wconversion]
 4223 |       recip_h = 1.0f / spc->h_oversample;
      |                      ^
kernel/gui/include/stb_truetype.h:4224:22: warning: conversion from ‘unsigned int’ to ‘float’ may change value [-Wconversion]
 4224 |       recip_v = 1.0f / spc->v_oversample;
      |                      ^
kernel/gui/include/stb_truetype.h:4225:42: warning: ‘int’转换自‘unsigned int’时可能会改变结果的符号 [-Wsign-conversion]
 4225 |       sub_x = stbtt__oversample_shift(spc->h_oversample);
      |                                       ~~~^~~~~~~~~~~~~~
kernel/gui/include/stb_truetype.h:4226:42: warning: ‘int’转换自‘unsigned int’时可能会改变结果的符号 [-Wsign-conversion]
 4226 |       sub_y = stbtt__oversample_shift(spc->v_oversample);
      |                                       ~~~^~~~~~~~~~~~~~
kernel/gui/include/stb_truetype.h:4243:43: warning: conversion from ‘unsigned int’ to ‘float’ may change value [-Wconversion]
 4243 |                                     scale * spc->h_oversample,
      |                                           ^
kernel/gui/include/stb_truetype.h:4244:43: warning: conversion from ‘unsigned int’ to ‘float’ may change value [-Wconversion]
 4244 |                                     scale * spc->v_oversample,
      |                                           ^
kernel/gui/include/stb_truetype.h:4248:48: warning: ‘unsigned int’转换自‘int’时可能会改变结果的符号 [-Wsign-conversion]
 4248 |                                           r->w - spc->h_oversample+1,
      |                                                ^
kernel/gui/include/stb_truetype.h:4249:48: warning: ‘unsigned int’转换自‘int’时可能会改变结果的符号 [-Wsign-conversion]
 4249 |                                           r->h - spc->v_oversample+1,
      |                                                ^
kernel/gui/include/stb_truetype.h:4251:49: warning: conversion from ‘unsigned int’ to ‘float’ may change value [-Wconversion]
 4251 |                                           scale * spc->h_oversample,
      |                                                 ^
kernel/gui/include/stb_truetype.h:4252:49: warning: conversion from ‘unsigned int’ to ‘float’ may change value [-Wconversion]
 4252 |                                           scale * spc->v_oversample,
      |                                                 ^
kernel/gui/include/stb_truetype.h:4248:67: warning: ‘int’转换自‘unsigned int’时可能会改变结果的符号 [-Wsign-conversion]
 4248 |                                           r->w - spc->h_oversample+1,
      |                                           ~~~~~~~~~~~~~~~~~~~~~~~~^~
kernel/gui/include/stb_truetype.h:4249:67: warning: ‘int’转换自‘unsigned int’时可能会改变结果的符号 [-Wsign-conversion]
 4249 |                                           r->h - spc->v_oversample+1,
      |                                           ~~~~~~~~~~~~~~~~~~~~~~~~^~
kernel/gui/include/stb_truetype.h:4266:28: warning: ‘short unsigned int’转换自‘short int’时可能会改变结果的符号 [-Wsign-conversion]
 4266 |             bc->x0       = (stbtt_int16)  r->x;
      |                            ^
kernel/gui/include/stb_truetype.h:4267:28: warning: ‘short unsigned int’转换自‘short int’时可能会改变结果的符号 [-Wsign-conversion]
 4267 |             bc->y0       = (stbtt_int16)  r->y;
      |                            ^
kernel/gui/include/stb_truetype.h:4268:28: warning: ‘short unsigned int’转换自‘short int’时可能会改变结果的符号 [-Wsign-conversion]
 4268 |             bc->x1       = (stbtt_int16) (r->x + r->w);
      |                            ^
kernel/gui/include/stb_truetype.h:4269:28: warning: ‘short unsigned int’转换自‘short int’时可能会改变结果的符号 [-Wsign-conversion]
 4269 |             bc->y1       = (stbtt_int16) (r->y + r->h);
      |                            ^
kernel/gui/include/stb_truetype.h:4270:49: warning: conversion from ‘int’ to ‘float’ may change value [-Wconversion]
 4270 |             bc->xadvance =                scale * advance;
      |                                                 ^
kernel/gui/include/stb_truetype.h:4273:55: warning: conversion from ‘int’ to ‘float’ may change value [-Wconversion]
 4273 |             bc->xoff2    =                (x0 + r->w) * recip_h + sub_x;
      |                                                       ^
kernel/gui/include/stb_truetype.h:4274:55: warning: conversion from ‘int’ to ‘float’ may change value [-Wconversion]
 4274 |             bc->yoff2    =                (y0 + r->h) * recip_v + sub_y;
      |                                                       ^
kernel/gui/include/stb_truetype.h:4291:24: warning: ‘unsigned int’转换自‘int’时可能会改变结果的符号 [-Wsign-conversion]
 4291 |    spc->h_oversample = old_h_over;
      |                        ^~~~~~~~~~
kernel/gui/include/stb_truetype.h:4292:24: warning: ‘unsigned int’转换自‘int’时可能会改变结果的符号 [-Wsign-conversion]
 4292 |    spc->v_oversample = old_v_over;
      |                        ^~~~~~~~~~
kernel/gui/include/stb_truetype.h: 在函数‘stbtt_PackFontRanges’中:
kernel/gui/include/stb_truetype.h:4321:55: warning: ‘long long unsigned int’转换自‘int’时可能会改变结果的符号 [-Wsign-conversion]
 4321 |    rects = (stbrp_rect *) STBTT_malloc(sizeof(*rects) * n, spc->user_allocator_context);
      |                                                       ^
kernel/gui/src/font_ttf.c:26:64: note: in definition of macro ‘STBTT_malloc’
   26 | #define STBTT_malloc(x, u) ((void)(u), memory_alloc((uint64_t)(x)))
      |                                                                ^
kernel/gui/include/stb_truetype.h: 在函数‘stbtt_GetPackedQuad’中:
kernel/gui/include/stb_truetype.h:4365:21: warning: conversion from ‘int’ to ‘float’ may change value [-Wconversion]
 4365 |    float ipw = 1.0f / pw, iph = 1.0f / ph;
      |                     ^
kernel/gui/include/stb_truetype.h:4365:38: warning: conversion from ‘int’ to ‘float’ may change value [-Wconversion]
 4365 |    float ipw = 1.0f / pw, iph = 1.0f / ph;
      |                                      ^
kernel/gui/include/stb_truetype.h: 在函数‘stbtt__ray_intersect_bezier’中:
kernel/gui/include/stb_truetype.h:4412:10: warning: implicit conversion from ‘float’ to ‘double’ to match other operand of binary expression [-Wdouble-promotion]
 4412 |    if (a != 0.0) {
      |          ^~
kernel/gui/include/stb_truetype.h:4414:17: warning: implicit conversion from ‘float’ to ‘double’ to match other operand of binary expression [-Wdouble-promotion]
 4414 |       if (discr > 0.0) {
      |                 ^
kernel/gui/include/stb_truetype.h:4419:17: warning: implicit conversion from ‘float’ to ‘double’ to match other operand of binary expression [-Wdouble-promotion]
 4419 |          if (s0 >= 0.0 && s0 <= 1.0)
      |                 ^~
kernel/gui/include/stb_truetype.h:4419:30: warning: implicit conversion from ‘float’ to ‘double’ to match other operand of binary expression [-Wdouble-promotion]
 4419 |          if (s0 >= 0.0 && s0 <= 1.0)
      |                              ^~
kernel/gui/include/stb_truetype.h:4421:16: warning: implicit conversion from ‘float’ to ‘double’ to match other operand of binary expression [-Wdouble-promotion]
 4421 |          if (d > 0.0 && s1 >= 0.0 && s1 <= 1.0) {
      |                ^
kernel/gui/include/stb_truetype.h:4421:28: warning: implicit conversion from ‘float’ to ‘double’ to match other operand of binary expression [-Wdouble-promotion]
 4421 |          if (d > 0.0 && s1 >= 0.0 && s1 <= 1.0) {
      |                            ^~
kernel/gui/include/stb_truetype.h:4421:41: warning: implicit conversion from ‘float’ to ‘double’ to match other operand of binary expression [-Wdouble-promotion]
 4421 |          if (d > 0.0 && s1 >= 0.0 && s1 <= 1.0) {
      |                                         ^~
kernel/gui/include/stb_truetype.h:4430:14: warning: implicit conversion from ‘float’ to ‘double’ to match other operand of binary expression [-Wdouble-promotion]
 4430 |       if (s0 >= 0.0 && s0 <= 1.0)
      |              ^~
kernel/gui/include/stb_truetype.h:4430:27: warning: implicit conversion from ‘float’ to ‘double’ to match other operand of binary expression [-Wdouble-promotion]
 4430 |       if (s0 >= 0.0 && s0 <= 1.0)
      |                           ^~
kernel/gui/include/stb_truetype.h: 在函数‘stbtt__compute_crossings_x’中:
kernel/gui/include/stb_truetype.h:4490:32: warning: conversion from ‘int’ to ‘float’ may change value [-Wconversion]
 4490 |             float x_inter = (y - y0) / (y1 - y0) * (x1-x0) + x0;
      |                                ^
kernel/gui/include/stb_truetype.h:4490:38: warning: conversion from ‘int’ to ‘float’ may change value [-Wconversion]
 4490 |             float x_inter = (y - y0) / (y1 - y0) * (x1-x0) + x0;
      |                                      ^
kernel/gui/include/stb_truetype.h:4490:50: warning: conversion from ‘int’ to ‘float’ may change value [-Wconversion]
 4490 |             float x_inter = (y - y0) / (y1 - y0) * (x1-x0) + x0;
      |                                                  ^
kernel/gui/include/stb_truetype.h:4490:60: warning: conversion from ‘int’ to ‘float’ may change value [-Wconversion]
 4490 |             float x_inter = (y - y0) / (y1 - y0) * (x1-x0) + x0;
      |                                                            ^
kernel/gui/include/stb_truetype.h:4516:38: warning: conversion from ‘int’ to ‘float’ may change value [-Wconversion]
 4516 |                   float x_inter = (y - y0) / (y1 - y0) * (x1-x0) + x0;
      |                                      ^
kernel/gui/include/stb_truetype.h:4516:44: warning: conversion from ‘int’ to ‘float’ may change value [-Wconversion]
 4516 |                   float x_inter = (y - y0) / (y1 - y0) * (x1-x0) + x0;
      |                                            ^
kernel/gui/include/stb_truetype.h:4516:56: warning: conversion from ‘int’ to ‘float’ may change value [-Wconversion]
 4516 |                   float x_inter = (y - y0) / (y1 - y0) * (x1-x0) + x0;
      |                                                        ^
kernel/gui/include/stb_truetype.h:4516:66: warning: conversion from ‘int’ to ‘float’ may change value [-Wconversion]
 4516 |                   float x_inter = (y - y0) / (y1 - y0) * (x1-x0) + x0;
      |                                                                  ^
kernel/gui/include/stb_truetype.h: 在函数‘stbtt__solve_cubic’中:
kernel/gui/include/stb_truetype.h:4561:56: warning: implicit conversion from ‘float’ to ‘double’ to match other operand of binary expression [-Wdouble-promotion]
 4561 |       float v = (float) STBTT_acos(-STBTT_sqrt(-27/p3) * q / 2) / 3; // p3 must be negative, since d is negative
      |                                                        ^
kernel/gui/src/font_ttf.c:35:42: note: in definition of macro ‘STBTT_acos’
   35 | #define STBTT_acos(x)      acos((double)(x))
      |                                          ^
kernel/gui/include/stb_truetype.h:4563:36: warning: implicit conversion from ‘float’ to ‘double’ to match other operand of binary expression [-Wdouble-promotion]
 4563 |       float n = (float) STBTT_cos(v-3.141592/2)*1.732050808f;
      |                                    ^
kernel/gui/src/font_ttf.c:34:41: note: in definition of macro ‘STBTT_cos’
   34 | #define STBTT_cos(x)       cos((double)(x))
      |                                         ^
kernel/gui/include/stb_truetype.h: 在函数‘stbtt_GetGlyphSDF’中:
kernel/gui/include/stb_truetype.h:4614:53: warning: ‘long long unsigned int’转换自‘int’时可能会改变结果的符号 [-Wsign-conversion]
 4614 |       precompute = (float *) STBTT_malloc(num_verts * sizeof(float), info->userdata);
      |                                                     ^
kernel/gui/src/font_ttf.c:26:64: note: in definition of macro ‘STBTT_malloc’
   26 | #define STBTT_malloc(x, u) ((void)(u), memory_alloc((uint64_t)(x)))
      |                                                                ^
kernel/gui/include/stb_truetype.h:4690:32: warning: implicit conversion from ‘float’ to ‘double’ to match other operand of binary expression [-Wdouble-promotion]
 4690 |                      if (a_inv == 0.0) { // if a_inv is 0, it's 2nd degree so use quadratic formula
      |                                ^~
kernel/gui/include/stb_truetype.h:4694:43: warning: implicit conversion from ‘float’ to ‘double’ to match other operand of binary expression [-Wdouble-promotion]
 4694 |                         if (STBTT_fabs(a) < eps2) { // if a is 0, it's linear
      |                                           ^
kernel/gui/include/stb_truetype.h:4695:46: warning: implicit conversion from ‘float’ to ‘double’ to match other operand of binary expression [-Wdouble-promotion]
 4695 |                            if (STBTT_fabs(b) >= eps2) {
      |                                              ^~
kernel/gui/include/stb_truetype.h: 在函数‘stbtt__CompareUTF8toUTF16_bigendian_prefix’中:
kernel/gui/include/stb_truetype.h:4784:25: warning: conversion from ‘int’ to ‘stbtt_uint16’ {或称 ‘short unsigned int’} may change value [-Wconversion]
 4784 |       stbtt_uint16 ch = s2[0]*256 + s2[1];
      |                         ^~
kernel/gui/include/stb_truetype.h:4794:29: warning: conversion from ‘int’ to ‘stbtt_uint16’ {或称 ‘short unsigned int’} may change value [-Wconversion]
 4794 |          stbtt_uint16 ch2 = s2[2]*256 + s2[3];
      |                             ^~
kernel/gui/include/stb_truetype.h:4796:14: warning: ‘stbtt_uint32’ {或称 ‘unsigned int’}转换自‘int’时可能会改变结果的符号 [-Wsign-conversion]
 4796 |          c = ((ch - 0xd800) << 10) + (ch2 - 0xdc00) + 0x10000;
      |              ^
kernel/gui/include/stb_truetype.h: 在函数‘stbtt_GetFontNameString’中:
kernel/gui/include/stb_truetype.h:4828:26: warning: ‘stbtt_uint32’ {或称 ‘unsigned int’}转换自‘int’时可能会改变结果的符号 [-Wsign-conversion]
 4828 |    stbtt_uint32 offset = font->fontstart;
      |                          ^~~~
kernel/gui/include/stb_truetype.h:4833:19: warning: ‘stbtt_int32’ {或称 ‘int’}转换自‘stbtt_uint32’ {或称 ‘unsigned int’}时可能会改变结果的符号 [-Wsign-conversion]
 4833 |    stringOffset = nm + ttUSHORT(fc+nm+4);
      |                   ^~
kernel/gui/include/stb_truetype.h:4835:33: warning: ‘stbtt_uint32’ {或称 ‘unsigned int’}转换自‘stbtt_int32’ {或称 ‘int’}时可能会改变结果的符号 [-Wsign-conversion]
 4835 |       stbtt_uint32 loc = nm + 6 + 12 * i;
      |                                 ^
kernel/gui/include/stb_truetype.h: 在函数‘stbtt__matchpair’中:
kernel/gui/include/stb_truetype.h:4849:31: warning: ‘stbtt_int32’ {或称 ‘int’}转换自‘stbtt_uint32’ {或称 ‘unsigned int’}时可能会改变结果的符号 [-Wsign-conversion]
 4849 |    stbtt_int32 stringOffset = nm + ttUSHORT(fc+nm+4);
      |                               ^~
kernel/gui/include/stb_truetype.h:4852:33: warning: ‘stbtt_uint32’ {或称 ‘unsigned int’}转换自‘stbtt_int32’ {或称 ‘int’}时可能会改变结果的符号 [-Wsign-conversion]
 4852 |       stbtt_uint32 loc = nm + 6 + 12 * i;
      |                                 ^
kernel/gui/include/stb_truetype.h: 在函数‘stbtt_FindMatchingFont_internal’中:
kernel/gui/include/stb_truetype.h:4927:59: warning: ‘stbtt_uint32’ {或称 ‘unsigned int’}转换自‘stbtt_int32’ {或称 ‘int’}时可能会改变结果的符号 [-Wsign-conversion]
 4927 |       if (stbtt__matches((stbtt_uint8 *) font_collection, off, (stbtt_uint8*) name_utf8, flags))
      |                                                           ^~~
kernel/gui/include/stb_truetype.h: 在文件作用域：
kernel/gui/include/stb_truetype.h:4964:15: warning: ‘stbtt_CompareUTF8toUTF16_bigendian’ 在此处定义 [-Wunused-function]
 4964 | STBTT_DEF int stbtt_CompareUTF8toUTF16_bigendian(const char *s1, int len1, const char *s2, int len2)
      |               ^~~~~~~~~~~~~~~~~~~~~~~~~~~~~~~~~~
kernel/gui/include/stb_truetype.h:4959:15: warning: ‘stbtt_FindMatchingFont’ 在此处定义 [-Wunused-function]
 4959 | STBTT_DEF int stbtt_FindMatchingFont(const unsigned char *fontdata, const char *name, int flags)
      |               ^~~~~~~~~~~~~~~~~~~~~~
kernel/gui/include/stb_truetype.h:4949:15: warning: ‘stbtt_GetNumberOfFonts’ 在此处定义 [-Wunused-function]
 4949 | STBTT_DEF int stbtt_GetNumberOfFonts(const unsigned char *data)
      |               ^~~~~~~~~~~~~~~~~~~~~~
kernel/gui/include/stb_truetype.h:4937:15: warning: ‘stbtt_BakeFontBitmap’ 在此处定义 [-Wunused-function]
 4937 | STBTT_DEF int stbtt_BakeFontBitmap(const unsigned char *data, int offset,
      |               ^~~~~~~~~~~~~~~~~~~~
kernel/gui/include/stb_truetype.h:4824:23: warning: ‘stbtt_GetFontNameString’ 在此处定义 [-Wunused-function]
 4824 | STBTT_DEF const char *stbtt_GetFontNameString(const stbtt_fontinfo *font, int *length, int platformID, int encodingID, int languageID, int nameID)
      |                       ^~~~~~~~~~~~~~~~~~~~~~~
kernel/gui/include/stb_truetype.h:4767:16: warning: ‘stbtt_FreeSDF’ 在此处定义 [-Wunused-function]
 4767 | STBTT_DEF void stbtt_FreeSDF(unsigned char *bitmap, void *userdata)
      |                ^~~~~~~~~~~~~
kernel/gui/include/stb_truetype.h:4762:27: warning: ‘stbtt_GetCodepointSDF’ 在此处定义 [-Wunused-function]
 4762 | STBTT_DEF unsigned char * stbtt_GetCodepointSDF(const stbtt_fontinfo *info, float scale, int codepoint, int padding, unsigned char onedge_value, float pixel_dist_scale, int *width, int *height, int *xoff, int *yoff)
      |                           ^~~~~~~~~~~~~~~~~~~~~
kernel/gui/include/stb_truetype.h:4363:16: warning: ‘stbtt_GetPackedQuad’ 在此处定义 [-Wunused-function]
 4363 | STBTT_DEF void stbtt_GetPackedQuad(const stbtt_packedchar *chardata, int pw, int ph, int char_index, float *xpos, float *ypos, stbtt_aligned_quad *q, int align_to_integer)
      |                ^~~~~~~~~~~~~~~~~~~
kernel/gui/include/stb_truetype.h:4350:16: warning: ‘stbtt_GetScaledFontVMetrics’ 在此处定义 [-Wunused-function]
 4350 | STBTT_DEF void stbtt_GetScaledFontVMetrics(const unsigned char *fontdata, int index, float size, float *ascent, float *descent, float *lineGap)
      |                ^~~~~~~~~~~~~~~~~~~~~~~~~~~
kernel/gui/include/stb_truetype.h:4338:15: warning: ‘stbtt_PackFontRange’ 在此处定义 [-Wunused-function]
 4338 | STBTT_DEF int stbtt_PackFontRange(stbtt_pack_context *spc, const unsigned char *fontdata, int font_index, float font_size,
      |               ^~~~~~~~~~~~~~~~~~~
kernel/gui/include/stb_truetype.h:4005:16: warning: ‘stbtt_PackSetSkipMissingCodepoints’ 在此处定义 [-Wunused-function]
 4005 | STBTT_DEF void stbtt_PackSetSkipMissingCodepoints(stbtt_pack_context *spc, int skip)
      |                ^~~~~~~~~~~~~~~~~~~~~~~~~~~~~~~~~~
kernel/gui/include/stb_truetype.h:3995:16: warning: ‘stbtt_PackSetOversampling’ 在此处定义 [-Wunused-function]
 3995 | STBTT_DEF void stbtt_PackSetOversampling(stbtt_pack_context *spc, unsigned int h_oversample, unsigned int v_oversample)
      |                ^~~~~~~~~~~~~~~~~~~~~~~~~
kernel/gui/include/stb_truetype.h:3989:16: warning: ‘stbtt_PackEnd’ 在此处定义 [-Wunused-function]
 3989 | STBTT_DEF void stbtt_PackEnd  (stbtt_pack_context *spc)
      |                ^~~~~~~~~~~~~
kernel/gui/include/stb_truetype.h:3957:15: warning: ‘stbtt_PackBegin’ 在此处定义 [-Wunused-function]
 3957 | STBTT_DEF int stbtt_PackBegin(stbtt_pack_context *spc, unsigned char *pixels, int pw, int ph, int stride_in_bytes, int padding, void *alloc_context)
      |               ^~~~~~~~~~~~~~~
kernel/gui/include/stb_truetype.h:3859:16: warning: ‘stbtt_GetBakedQuad’ 在此处定义 [-Wunused-function]
 3859 | STBTT_DEF void stbtt_GetBakedQuad(const stbtt_bakedchar *chardata, int pw, int ph, int char_index, float *xpos, float *ypos, stbtt_aligned_quad *q, int opengl_fillrule)
      |                ^~~~~~~~~~~~~~~~~~
kernel/gui/include/stb_truetype.h:3802:16: warning: ‘stbtt_MakeCodepointBitmap’ 在此处定义 [-Wunused-function]
 3802 | STBTT_DEF void stbtt_MakeCodepointBitmap(const stbtt_fontinfo *info, unsigned char *output, int out_w, int out_h, int out_stride, float scale_x, float scale_y, int codepoint)
      |                ^~~~~~~~~~~~~~~~~~~~~~~~~
kernel/gui/include/stb_truetype.h:3797:26: warning: ‘stbtt_GetCodepointBitmap’ 在此处定义 [-Wunused-function]
 3797 | STBTT_DEF unsigned char *stbtt_GetCodepointBitmap(const stbtt_fontinfo *info, float scale_x, float scale_y, int codepoint, int *width, int *height, int *xoff, int *yoff)
      |                          ^~~~~~~~~~~~~~~~~~~~~~~~
kernel/gui/include/stb_truetype.h:3787:16: warning: ‘stbtt_MakeCodepointBitmapSubpixelPrefilter’ 在此处定义 [-Wunused-function]
 3787 | STBTT_DEF void stbtt_MakeCodepointBitmapSubpixelPrefilter(const stbtt_fontinfo *info, unsigned char *output, int out_w, int out_h, int out_stride, float scale_x, float scale_y, float shift_x, float shift_y, int oversample_x, int oversample_y, float *sub_x, float *sub_y, int codepoint)
      |                ^~~~~~~~~~~~~~~~~~~~~~~~~~~~~~~~~~~~~~~~~~
kernel/gui/include/stb_truetype.h:3753:26: warning: ‘stbtt_GetGlyphBitmap’ 在此处定义 [-Wunused-function]
 3753 | STBTT_DEF unsigned char *stbtt_GetGlyphBitmap(const stbtt_fontinfo *info, float scale_x, float scale_y, int glyph, int *width, int *height, int *xoff, int *yoff)
      |                          ^~~~~~~~~~~~~~~~~~~~
kernel/gui/include/stb_truetype.h:3708:16: warning: ‘stbtt_FreeBitmap’ 在此处定义 [-Wunused-function]
 3708 | STBTT_DEF void stbtt_FreeBitmap(unsigned char *bitmap, void *userdata)
      |                ^~~~~~~~~~~~~~~~
kernel/gui/include/stb_truetype.h:2749:16: warning: ‘stbtt_GetCodepointBitmapBox’ 在此处定义 [-Wunused-function]
 2749 | STBTT_DEF void stbtt_GetCodepointBitmapBox(const stbtt_fontinfo *font, int codepoint, float scale_x, float scale_y, int *ix0, int *iy0, int *ix1, int *iy1)
      |                ^~~~~~~~~~~~~~~~~~~~~~~~~~~
kernel/gui/include/stb_truetype.h:2711:15: warning: ‘stbtt_GetCodepointSVG’ 在此处定义 [-Wunused-function]
 2711 | STBTT_DEF int stbtt_GetCodepointSVG(const stbtt_fontinfo *info, int unicode_codepoint, const char **svg)
      |               ^~~~~~~~~~~~~~~~~~~~~
kernel/gui/include/stb_truetype.h:2672:16: warning: ‘stbtt_FreeShape’ 在此处定义 [-Wunused-function]
 2672 | STBTT_DEF void stbtt_FreeShape(const stbtt_fontinfo *info, stbtt_vertex *v)
      |                ^~~~~~~~~~~~~~~
kernel/gui/include/stb_truetype.h:2652:16: warning: ‘stbtt_GetFontBoundingBox’ 在此处定义 [-Wunused-function]
 2652 | STBTT_DEF void stbtt_GetFontBoundingBox(const stbtt_fontinfo *info, int *x0, int *y0, int *x1, int *y1)
      |                ^~~~~~~~~~~~~~~~~~~~~~~~
kernel/gui/include/stb_truetype.h:2641:16: warning: ‘stbtt_GetFontVMetricsOS2’ 在此处定义 [-Wunused-function]
 2641 | STBTT_DEF int  stbtt_GetFontVMetricsOS2(const stbtt_fontinfo *info, int *typoAscent, int *typoDescent, int *typoLineGap)
      |                ^~~~~~~~~~~~~~~~~~~~~~~~
kernel/gui/include/stb_truetype.h:2622:16: warning: ‘stbtt_GetCodepointKernAdvance’ 在此处定义 [-Wunused-function]
 2622 | STBTT_DEF int  stbtt_GetCodepointKernAdvance(const stbtt_fontinfo *info, int ch1, int ch2)
      |                ^~~~~~~~~~~~~~~~~~~~~~~~~~~~~
kernel/gui/include/stb_truetype.h:2332:15: warning: ‘stbtt_GetKerningTable’ 在此处定义 [-Wunused-function]
 2332 | STBTT_DEF int stbtt_GetKerningTable(const stbtt_fontinfo *info, stbtt_kerningentry* table, int table_length)
      |               ^~~~~~~~~~~~~~~~~~~~~
kernel/gui/include/stb_truetype.h:2317:16: warning: ‘stbtt_GetKerningTableLength’ 在此处定义 [-Wunused-function]
 2317 | STBTT_DEF int  stbtt_GetKerningTableLength(const stbtt_fontinfo *info)
      |                ^~~~~~~~~~~~~~~~~~~~~~~~~~~
kernel/gui/include/stb_truetype.h:1646:15: warning: ‘stbtt_IsGlyphEmpty’ 在此处定义 [-Wunused-function]
 1646 | STBTT_DEF int stbtt_IsGlyphEmpty(const stbtt_fontinfo *info, int glyph_index)
      |               ^~~~~~~~~~~~~~~~~~
kernel/gui/include/stb_truetype.h:1641:15: warning: ‘stbtt_GetCodepointBox’ 在此处定义 [-Wunused-function]
 1641 | STBTT_DEF int stbtt_GetCodepointBox(const stbtt_fontinfo *info, int codepoint, int *x0, int *y0, int *x1, int *y1)
      |               ^~~~~~~~~~~~~~~~~~~~~
kernel/gui/include/stb_truetype.h:1589:15: warning: ‘stbtt_GetCodepointShape’ 在此处定义 [-Wunused-function]
 1589 | STBTT_DEF int stbtt_GetCodepointShape(const stbtt_fontinfo *info, int unicode_codepoint, stbtt_vertex **vertices)
      |               ^~~~~~~~~~~~~~~~~~~~~~~
<3> Building kernel/gui/src/font_data.c
kernel/gui/src/font_data.c:4:8: warning: ISO C 不允许在初始化指定元素的范围 [-Wpedantic]
    4 |     [0 ... 255] = {0},
      |        ^~~
kernel/gui/src/font_data.c:6:13: warning: 已初始化的字段被覆盖 [-Woverride-init]
    6 |     [' '] = {0x00,0x00,0x00,0x00,0x00,0x00,0x00,0x00,0x00,0x00,0x00,0x00,0x00,0x00,0x00,0x00},
      |             ^
kernel/gui/src/font_data.c:6:13: note: (在‘font_8x16[32]’的初始化附近)
kernel/gui/src/font_data.c:7:13: warning: 已初始化的字段被覆盖 [-Woverride-init]
    7 |     ['!'] = {0x00,0x00,0x00,0x30,0x30,0x30,0x10,0x10,0x00,0x10,0x10,0x00,0x00,0x00,0x00,0x00},
      |             ^
kernel/gui/src/font_data.c:7:13: note: (在‘font_8x16[33]’的初始化附近)
kernel/gui/src/font_data.c:8:13: warning: 已初始化的字段被覆盖 [-Woverride-init]
    8 |     ['"'] = {0x00,0x00,0x00,0x38,0x38,0x00,0x00,0x00,0x00,0x00,0x00,0x00,0x00,0x00,0x00,0x00},
      |             ^
kernel/gui/src/font_data.c:8:13: note: (在‘font_8x16[34]’的初始化附近)
kernel/gui/src/font_data.c:9:13: warning: 已初始化的字段被覆盖 [-Woverride-init]
    9 |     ['#'] = {0x00,0x00,0x12,0x16,0x14,0x7F,0x2C,0xFE,0x28,0x68,0x58,0x00,0x00,0x00,0x00,0x00},
      |             ^
kernel/gui/src/font_data.c:9:13: note: (在‘font_8x16[35]’的初始化附近)
kernel/gui/src/font_data.c:10:13: warning: 已初始化的字段被覆盖 [-Woverride-init]
   10 |     ['$'] = {0x00,0x00,0x10,0x3C,0x74,0x70,0x38,0x1C,0x1C,0x78,0x10,0x00,0x00,0x00,0x00,0x00},
      |             ^
kernel/gui/src/font_data.c:10:13: note: (在‘font_8x16[36]’的初始化附近)
kernel/gui/src/font_data.c:11:13: warning: 已初始化的字段被覆盖 [-Woverride-init]
   11 |     ['%'] = {0x00,0x00,0x00,0xE8,0xA8,0xB0,0xFE,0x3B,0x2B,0x6E,0x00,0x00,0x00,0x00,0x00,0x00},
      |             ^
kernel/gui/src/font_data.c:11:13: note: (在‘font_8x16[37]’的初始化附近)
kernel/gui/src/font_data.c:12:13: warning: 已初始化的字段被覆盖 [-Woverride-init]
   12 |     ['&'] = {0x00,0x00,0x38,0x78,0x78,0x70,0xF6,0xBC,0x9C,0xEE,0x00,0x00,0x00,0x00,0x00,0x00},
      |             ^
kernel/gui/src/font_data.c:12:13: note: (在‘font_8x16[38]’的初始化附近)
kernel/gui/src/font_data.c:13:14: warning: 已初始化的字段被覆盖 [-Woverride-init]
   13 |     ['\''] = {0x00,0x00,0x00,0x18,0x18,0x00,0x00,0x00,0x00,0x00,0x00,0x00,0x00,0x00,0x00,0x00},
      |              ^
kernel/gui/src/font_data.c:13:14: note: (在‘font_8x16[39]’的初始化附近)
kernel/gui/src/font_data.c:14:13: warning: 已初始化的字段被覆盖 [-Woverride-init]
   14 |     ['('] = {0x00,0x08,0x18,0x30,0x30,0x20,0x60,0x20,0x30,0x30,0x18,0x08,0x00,0x00,0x00,0x00},
      |             ^
kernel/gui/src/font_data.c:14:13: note: (在‘font_8x16[40]’的初始化附近)
kernel/gui/src/font_data.c:15:13: warning: 已初始化的字段被覆盖 [-Woverride-init]
   15 |     [')'] = {0x00,0x30,0x30,0x18,0x08,0x0C,0x0C,0x0C,0x0C,0x18,0x38,0x30,0x00,0x00,0x00,0x00},
      |             ^
kernel/gui/src/font_data.c:15:13: note: (在‘font_8x16[41]’的初始化附近)
kernel/gui/src/font_data.c:16:13: warning: 已初始化的字段被覆盖 [-Woverride-init]
   16 |     ['*'] = {0x00,0x00,0x00,0x18,0x3C,0x18,0x1C,0x00,0x00,0x00,0x00,0x00,0x00,0x00,0x00,0x00},
      |             ^
kernel/gui/src/font_data.c:16:13: note: (在‘font_8x16[42]’的初始化附近)
kernel/gui/src/font_data.c:17:13: warning: 已初始化的字段被覆盖 [-Woverride-init]
   17 |     ['+'] = {0x00,0x00,0x00,0x00,0x10,0x10,0x7C,0x10,0x10,0x00,0x00,0x00,0x00,0x00,0x00,0x00},
      |             ^
kernel/gui/src/font_data.c:17:13: note: (在‘font_8x16[43]’的初始化附近)
kernel/gui/src/font_data.c:18:13: warning: 已初始化的字段被覆盖 [-Woverride-init]
   18 |     [','] = {0x00,0x00,0x00,0x00,0x00,0x18,0x18,0x10,0x00,0x00,0x00,0x00,0x00,0x00,0x00,0x00},
      |             ^
kernel/gui/src/font_data.c:18:13: note: (在‘font_8x16[44]’的初始化附近)
kernel/gui/src/font_data.c:19:13: warning: 已初始化的字段被覆盖 [-Woverride-init]
   19 |     ['-'] = {0x00,0x00,0x00,0x00,0x00,0x78,0x00,0x00,0x00,0x00,0x00,0x00,0x00,0x00,0x00,0x00},
      |             ^
kernel/gui/src/font_data.c:19:13: note: (在‘font_8x16[45]’的初始化附近)
kernel/gui/src/font_data.c:20:13: warning: 已初始化的字段被覆盖 [-Woverride-init]
   20 |     ['.'] = {0x00,0x00,0x00,0x00,0x00,0x00,0x30,0x30,0x00,0x00,0x00,0x00,0x00,0x00,0x00,0x00},
      |             ^
kernel/gui/src/font_data.c:20:13: note: (在‘font_8x16[46]’的初始化附近)
kernel/gui/src/font_data.c:21:13: warning: 已初始化的字段被覆盖 [-Woverride-init]
   21 |     ['/'] = {0x00,0x00,0x00,0x08,0x08,0x18,0x18,0x10,0x10,0x30,0x30,0x20,0x00,0x00,0x00,0x00},
      |             ^
kernel/gui/src/font_data.c:21:13: note: (在‘font_8x16[47]’的初始化附近)
kernel/gui/src/font_data.c:22:13: warning: 已初始化的字段被覆盖 [-Woverride-init]
   22 |     ['0'] = {0x00,0x00,0x00,0x38,0x6C,0xC6,0xC6,0xC6,0x6C,0x38,0x00,0x00,0x00,0x00,0x00,0x00},
      |             ^
kernel/gui/src/font_data.c:22:13: note: (在‘font_8x16[48]’的初始化附近)
kernel/gui/src/font_data.c:23:13: warning: 已初始化的字段被覆盖 [-Woverride-init]
   23 |     ['1'] = {0x00,0x00,0x00,0x18,0x38,0x18,0x18,0x18,0x18,0x18,0x00,0x00,0x00,0x00,0x00,0x00},
      |             ^
kernel/gui/src/font_data.c:23:13: note: (在‘font_8x16[49]’的初始化附近)
kernel/gui/src/font_data.c:24:13: warning: 已初始化的字段被覆盖 [-Woverride-init]
   24 |     ['2'] = {0x00,0x00,0x00,0x7C,0x4C,0x0C,0x0C,0x18,0x30,0x7E,0x00,0x00,0x00,0x00,0x00,0x00},
      |             ^
kernel/gui/src/font_data.c:24:13: note: (在‘font_8x16[50]’的初始化附近)
kernel/gui/src/font_data.c:25:13: warning: 已初始化的字段被覆盖 [-Woverride-init]
   25 |     ['3'] = {0x00,0x00,0x00,0x3C,0x6C,0x0C,0x3C,0x0C,0x6C,0x3C,0x00,0x00,0x00,0x00,0x00,0x00},
      |             ^
kernel/gui/src/font_data.c:25:13: note: (在‘font_8x16[51]’的初始化附近)
kernel/gui/src/font_data.c:26:13: warning: 已初始化的字段被覆盖 [-Woverride-init]
   26 |     ['4'] = {0x00,0x00,0x00,0x0C,0x1C,0x3C,0x6C,0x7E,0x0C,0x0C,0x00,0x00,0x00,0x00,0x00,0x00},
      |             ^
kernel/gui/src/font_data.c:26:13: note: (在‘font_8x16[52]’的初始化附近)
kernel/gui/src/font_data.c:27:13: warning: 已初始化的字段被覆盖 [-Woverride-init]
   27 |     ['5'] = {0x00,0x00,0x00,0x7C,0x60,0x7C,0x0C,0x0C,0x4C,0x38,0x00,0x00,0x00,0x00,0x00,0x00},
      |             ^
kernel/gui/src/font_data.c:27:13: note: (在‘font_8x16[53]’的初始化附近)
kernel/gui/src/font_data.c:28:13: warning: 已初始化的字段被覆盖 [-Woverride-init]
   28 |     ['6'] = {0x00,0x00,0x00,0x1C,0x38,0x7C,0x66,0x66,0x36,0x3C,0x00,0x00,0x00,0x00,0x00,0x00},
      |             ^
kernel/gui/src/font_data.c:28:13: note: (在‘font_8x16[54]’的初始化附近)
kernel/gui/src/font_data.c:29:13: warning: 已初始化的字段被覆盖 [-Woverride-init]
   29 |     ['7'] = {0x00,0x00,0x00,0x7C,0x0C,0x18,0x18,0x18,0x30,0x30,0x00,0x00,0x00,0x00,0x00,0x00},
      |             ^
kernel/gui/src/font_data.c:29:13: note: (在‘font_8x16[55]’的初始化附近)
kernel/gui/src/font_data.c:30:13: warning: 已初始化的字段被覆盖 [-Woverride-init]
   30 |     ['8'] = {0x00,0x00,0x00,0x3C,0x6C,0x64,0x7C,0x6C,0x6C,0x3C,0x00,0x00,0x00,0x00,0x00,0x00},
      |             ^
kernel/gui/src/font_data.c:30:13: note: (在‘font_8x16[56]’的初始化附近)
kernel/gui/src/font_data.c:31:13: warning: 已初始化的字段被覆盖 [-Woverride-init]
   31 |     ['9'] = {0x00,0x00,0x00,0x3C,0x66,0x66,0x66,0x3E,0x0C,0x38,0x00,0x00,0x00,0x00,0x00,0x00},
      |             ^
kernel/gui/src/font_data.c:31:13: note: (在‘font_8x16[57]’的初始化附近)
kernel/gui/src/font_data.c:32:13: warning: 已初始化的字段被覆盖 [-Woverride-init]
   32 |     [':'] = {0x00,0x00,0x00,0x00,0x18,0x18,0x00,0x18,0x18,0x00,0x00,0x00,0x00,0x00,0x00,0x00},
      |             ^
kernel/gui/src/font_data.c:32:13: note: (在‘font_8x16[58]’的初始化附近)
kernel/gui/src/font_data.c:33:13: warning: 已初始化的字段被覆盖 [-Woverride-init]
   33 |     [';'] = {0x00,0x00,0x00,0x00,0x18,0x18,0x00,0x18,0x18,0x10,0x00,0x00,0x00,0x00,0x00,0x00},
      |             ^
kernel/gui/src/font_data.c:33:13: note: (在‘font_8x16[59]’的初始化附近)
kernel/gui/src/font_data.c:34:13: warning: 已初始化的字段被覆盖 [-Woverride-init]
   34 |     ['<'] = {0x00,0x00,0x00,0x00,0x08,0x30,0x60,0x30,0x08,0x00,0x00,0x00,0x00,0x00,0x00,0x00},
      |             ^
kernel/gui/src/font_data.c:34:13: note: (在‘font_8x16[60]’的初始化附近)
kernel/gui/src/font_data.c:35:13: warning: 已初始化的字段被覆盖 [-Woverride-init]
   35 |     ['='] = {0x00,0x00,0x00,0x00,0x7C,0x00,0x7C,0x00,0x00,0x00,0x00,0x00,0x00,0x00,0x00,0x00},
      |             ^
kernel/gui/src/font_data.c:35:13: note: (在‘font_8x16[61]’的初始化附近)
kernel/gui/src/font_data.c:36:13: warning: 已初始化的字段被覆盖 [-Woverride-init]
   36 |     ['>'] = {0x00,0x00,0x00,0x00,0x30,0x18,0x0C,0x18,0x30,0x00,0x00,0x00,0x00,0x00,0x00,0x00},
      |             ^
kernel/gui/src/font_data.c:36:13: note: (在‘font_8x16[62]’的初始化附近)
kernel/gui/src/font_data.c:37:13: warning: 已初始化的字段被覆盖 [-Woverride-init]
   37 |     ['?'] = {0x00,0x00,0x00,0x38,0x5C,0x0C,0x18,0x30,0x00,0x30,0x30,0x00,0x00,0x00,0x00,0x00},
      |             ^
kernel/gui/src/font_data.c:37:13: note: (在‘font_8x16[63]’的初始化附近)
kernel/gui/src/font_data.c:38:13: warning: 已初始化的字段被覆盖 [-Woverride-init]
   38 |     ['@'] = {0x00,0x00,0x00,0x3C,0x66,0xDE,0xF6,0xF6,0xDE,0x60,0x30,0x00,0x00,0x00,0x00,0x00},
      |             ^
kernel/gui/src/font_data.c:38:13: note: (在‘font_8x16[64]’的初始化附近)
kernel/gui/src/font_data.c:39:13: warning: 已初始化的字段被覆盖 [-Woverride-init]
   39 |     ['A'] = {0x00,0x00,0x00,0x18,0x3C,0x3C,0x6C,0x66,0x7E,0xC7,0xC3,0x00,0x00,0x00,0x00,0x00},
      |             ^
kernel/gui/src/font_data.c:39:13: note: (在‘font_8x16[65]’的初始化附近)
kernel/gui/src/font_data.c:40:13: warning: 已初始化的字段被覆盖 [-Woverride-init]
   40 |     ['B'] = {0x00,0x00,0x00,0xFC,0xC6,0xC6,0xFC,0xC6,0xC6,0xC6,0xFC,0x00,0x00,0x00,0x00,0x00},
      |             ^
kernel/gui/src/font_data.c:40:13: note: (在‘font_8x16[66]’的初始化附近)
kernel/gui/src/font_data.c:41:13: warning: 已初始化的字段被覆盖 [-Woverride-init]
   41 |     ['C'] = {0x00,0x00,0x00,0x3E,0x66,0xC0,0xC0,0xC0,0xC0,0x66,0x3E,0x00,0x00,0x00,0x00,0x00},
      |             ^
kernel/gui/src/font_data.c:41:13: note: (在‘font_8x16[67]’的初始化附近)
kernel/gui/src/font_data.c:42:13: warning: 已初始化的字段被覆盖 [-Woverride-init]
   42 |     ['D'] = {0x00,0x00,0x00,0xFC,0xC6,0xC3,0xC3,0xC3,0xC3,0xC6,0xFC,0x00,0x00,0x00,0x00,0x00},
      |             ^
kernel/gui/src/font_data.c:42:13: note: (在‘font_8x16[68]’的初始化附近)
kernel/gui/src/font_data.c:43:13: warning: 已初始化的字段被覆盖 [-Woverride-init]
   43 |     ['E'] = {0x00,0x00,0xFC,0xC0,0xC0,0xFC,0xC0,0xC0,0xC0,0xFC,0x00,0x00,0x00,0x00,0x00,0x00},
      |             ^
kernel/gui/src/font_data.c:43:13: note: (在‘font_8x16[69]’的初始化附近)
kernel/gui/src/font_data.c:44:13: warning: 已初始化的字段被覆盖 [-Woverride-init]
   44 |     ['F'] = {0x00,0x00,0x00,0xFC,0xC0,0xC0,0xFC,0xC0,0xC0,0xC0,0xC0,0x00,0x00,0x00,0x00,0x00},
      |             ^
kernel/gui/src/font_data.c:44:13: note: (在‘font_8x16[70]’的初始化附近)
kernel/gui/src/font_data.c:45:13: warning: 已初始化的字段被覆盖 [-Woverride-init]
   45 |     ['G'] = {0x00,0x00,0x00,0x3E,0x66,0xC0,0xC0,0xC3,0xC3,0x63,0x3D,0x00,0x00,0x00,0x00,0x00},
      |             ^
kernel/gui/src/font_data.c:45:13: note: (在‘font_8x16[71]’的初始化附近)
kernel/gui/src/font_data.c:46:13: warning: 已初始化的字段被覆盖 [-Woverride-init]
   46 |     ['H'] = {0x00,0x00,0x00,0x86,0x86,0x86,0xFE,0x86,0x86,0x86,0x86,0x00,0x00,0x00,0x00,0x00},
      |             ^
kernel/gui/src/font_data.c:46:13: note: (在‘font_8x16[72]’的初始化附近)
kernel/gui/src/font_data.c:47:13: warning: 已初始化的字段被覆盖 [-Woverride-init]
   47 |     ['I'] = {0x00,0x00,0x00,0x30,0x30,0x30,0x30,0x30,0x30,0x30,0x30,0x00,0x00,0x00,0x00,0x00},
      |             ^
kernel/gui/src/font_data.c:47:13: note: (在‘font_8x16[73]’的初始化附近)
kernel/gui/src/font_data.c:48:13: warning: 已初始化的字段被覆盖 [-Woverride-init]
   48 |     ['J'] = {0x00,0x00,0x18,0x18,0x18,0x18,0x18,0x18,0x18,0x30,0x30,0x00,0x00,0x00,0x00,0x00},
      |             ^
kernel/gui/src/font_data.c:48:13: note: (在‘font_8x16[74]’的初始化附近)
kernel/gui/src/font_data.c:49:13: warning: 已初始化的字段被覆盖 [-Woverride-init]
   49 |     ['K'] = {0x00,0x00,0x00,0xC6,0xC6,0xCC,0xF8,0xD8,0xCC,0xCC,0xC6,0x00,0x00,0x00,0x00,0x00},
      |             ^
kernel/gui/src/font_data.c:49:13: note: (在‘font_8x16[75]’的初始化附近)
kernel/gui/src/font_data.c:50:13: warning: 已初始化的字段被覆盖 [-Woverride-init]
   50 |     ['L'] = {0x00,0x00,0xC0,0xC0,0xC0,0xC0,0xC0,0xC0,0xC0,0xFC,0x00,0x00,0x00,0x00,0x00,0x00},
      |             ^
kernel/gui/src/font_data.c:50:13: note: (在‘font_8x16[76]’的初始化附近)
kernel/gui/src/font_data.c:51:13: warning: 已初始化的字段被覆盖 [-Woverride-init]
   51 |     ['M'] = {0x00,0x00,0x83,0xC3,0xC7,0xE7,0xEF,0xBF,0xBB,0x9B,0x00,0x00,0x00,0x00,0x00,0x00},
      |             ^
kernel/gui/src/font_data.c:51:13: note: (在‘font_8x16[77]’的初始化附近)
kernel/gui/src/font_data.c:52:13: warning: 已初始化的字段被覆盖 [-Woverride-init]
   52 |     ['N'] = {0x00,0x00,0x00,0xC6,0xC6,0xA6,0xB6,0x96,0x8E,0x8E,0x86,0x00,0x00,0x00,0x00,0x00},
      |             ^
kernel/gui/src/font_data.c:52:13: note: (在‘font_8x16[78]’的初始化附近)
kernel/gui/src/font_data.c:53:13: warning: 已初始化的字段被覆盖 [-Woverride-init]
   53 |     ['O'] = {0x00,0x00,0x00,0x7C,0xCE,0x86,0x83,0x83,0x86,0xCE,0x7C,0x00,0x00,0x00,0x00,0x00},
      |             ^
kernel/gui/src/font_data.c:53:13: note: (在‘font_8x16[79]’的初始化附近)
kernel/gui/src/font_data.c:54:13: warning: 已初始化的字段被覆盖 [-Woverride-init]
   54 |     ['P'] = {0x00,0x00,0x00,0xFC,0xC6,0xC6,0xC6,0xC6,0xFC,0xC0,0xC0,0x00,0x00,0x00,0x00,0x00},
      |             ^
kernel/gui/src/font_data.c:54:13: note: (在‘font_8x16[80]’的初始化附近)
kernel/gui/src/font_data.c:55:13: warning: 已初始化的字段被覆盖 [-Woverride-init]
   55 |     ['Q'] = {0x00,0x00,0x7C,0xCE,0x86,0x83,0x83,0x86,0xCE,0x7C,0x30,0x18,0x00,0x00,0x00,0x00},
      |             ^
kernel/gui/src/font_data.c:55:13: note: (在‘font_8x16[81]’的初始化附近)
kernel/gui/src/font_data.c:56:13: warning: 已初始化的字段被覆盖 [-Woverride-init]
   56 |     ['R'] = {0x00,0x00,0x00,0xFC,0xC6,0xC6,0xC6,0xFC,0xCC,0xCE,0xC6,0x00,0x00,0x00,0x00,0x00},
      |             ^
kernel/gui/src/font_data.c:56:13: note: (在‘font_8x16[82]’的初始化附近)
kernel/gui/src/font_data.c:57:13: warning: 已初始化的字段被覆盖 [-Woverride-init]
   57 |     ['S'] = {0x00,0x00,0x00,0x3C,0x30,0x60,0x38,0x1C,0x0C,0x0C,0x38,0x00,0x00,0x00,0x00,0x00},
      |             ^
kernel/gui/src/font_data.c:57:13: note: (在‘font_8x16[83]’的初始化附近)
kernel/gui/src/font_data.c:58:13: warning: 已初始化的字段被覆盖 [-Woverride-init]
   58 |     ['T'] = {0x00,0x00,0x00,0xFC,0x30,0x30,0x30,0x30,0x30,0x30,0x30,0x00,0x00,0x00,0x00,0x00},
      |             ^
kernel/gui/src/font_data.c:58:13: note: (在‘font_8x16[84]’的初始化附近)
kernel/gui/src/font_data.c:59:13: warning: 已初始化的字段被覆盖 [-Woverride-init]
   59 |     ['U'] = {0x00,0x00,0x00,0xC3,0xC3,0xC2,0xC2,0xC2,0xC2,0x66,0x7E,0x00,0x00,0x00,0x00,0x00},
      |             ^
kernel/gui/src/font_data.c:59:13: note: (在‘font_8x16[85]’的初始化附近)
kernel/gui/src/font_data.c:60:13: warning: 已初始化的字段被覆盖 [-Woverride-init]
   60 |     ['V'] = {0x00,0x00,0x00,0xC6,0xC6,0xC6,0xC6,0x66,0x6C,0x38,0x18,0x00,0x00,0x00,0x00,0x00},
      |             ^
kernel/gui/src/font_data.c:60:13: note: (在‘font_8x16[86]’的初始化附近)
kernel/gui/src/font_data.c:61:13: warning: 已初始化的字段被覆盖 [-Woverride-init]
   61 |     ['W'] = {0x00,0x00,0x00,0x31,0x31,0x31,0x33,0xBB,0xBA,0xEE,0xCC,0x00,0x00,0x00,0x00,0x00},
      |             ^
kernel/gui/src/font_data.c:61:13: note: (在‘font_8x16[87]’的初始化附近)
kernel/gui/src/font_data.c:62:13: warning: 已初始化的字段被覆盖 [-Woverride-init]
   62 |     ['X'] = {0x00,0x00,0x00,0xC6,0xEC,0x7C,0x38,0x38,0x7C,0x6C,0xC6,0x00,0x00,0x00,0x00,0x00},
      |             ^
kernel/gui/src/font_data.c:62:13: note: (在‘font_8x16[88]’的初始化附近)
kernel/gui/src/font_data.c:63:13: warning: 已初始化的字段被覆盖 [-Woverride-init]
   63 |     ['Y'] = {0x00,0x00,0x00,0xC6,0xC6,0xC6,0x6C,0x7C,0x38,0x38,0x38,0x00,0x00,0x00,0x00,0x00},
      |             ^
kernel/gui/src/font_data.c:63:13: note: (在‘font_8x16[89]’的初始化附近)
kernel/gui/src/font_data.c:64:13: warning: 已初始化的字段被覆盖 [-Woverride-init]
   64 |     ['Z'] = {0x00,0x00,0x7E,0x0C,0x0C,0x18,0x18,0x30,0x60,0x7E,0x00,0x00,0x00,0x00,0x00,0x00},
      |             ^
kernel/gui/src/font_data.c:64:13: note: (在‘font_8x16[90]’的初始化附近)
kernel/gui/src/font_data.c:65:13: warning: 已初始化的字段被覆盖 [-Woverride-init]
   65 |     ['['] = {0x00,0x00,0x38,0x20,0x20,0x20,0x20,0x20,0x20,0x20,0x20,0x38,0x00,0x00,0x00,0x00},
      |             ^
kernel/gui/src/font_data.c:65:13: note: (在‘font_8x16[91]’的初始化附近)
kernel/gui/src/font_data.c:66:14: warning: 已初始化的字段被覆盖 [-Woverride-init]
   66 |     ['\\'] = {0x00,0x00,0x00,0x20,0x30,0x10,0x10,0x10,0x18,0x18,0x08,0x08,0x00,0x00,0x00,0x00},
      |              ^
kernel/gui/src/font_data.c:66:14: note: (在‘font_8x16[92]’的初始化附近)
kernel/gui/src/font_data.c:67:13: warning: 已初始化的字段被覆盖 [-Woverride-init]
   67 |     [']'] = {0x00,0x00,0x3C,0x0C,0x0C,0x0C,0x0C,0x0C,0x0C,0x0C,0x0C,0x3C,0x00,0x00,0x00,0x00},
      |             ^
kernel/gui/src/font_data.c:67:13: note: (在‘font_8x16[93]’的初始化附近)
kernel/gui/src/font_data.c:68:13: warning: 已初始化的字段被覆盖 [-Woverride-init]
   68 |     ['^'] = {0x00,0x00,0x00,0x00,0x18,0x38,0x3C,0x64,0x00,0x00,0x00,0x00,0x00,0x00,0x00,0x00},
      |             ^
kernel/gui/src/font_data.c:68:13: note: (在‘font_8x16[94]’的初始化附近)
kernel/gui/src/font_data.c:69:13: warning: 已初始化的字段被覆盖 [-Woverride-init]
   69 |     ['_'] = {0x00,0x00,0x00,0x00,0x00,0x00,0x7C,0x00,0x00,0x00,0x00,0x00,0x00,0x00,0x00,0x00},
      |             ^
kernel/gui/src/font_data.c:69:13: note: (在‘font_8x16[95]’的初始化附近)
kernel/gui/src/font_data.c:70:13: warning: 已初始化的字段被覆盖 [-Woverride-init]
   70 |     ['`'] = {0x00,0x00,0x00,0x30,0x08,0x00,0x00,0x00,0x00,0x00,0x00,0x00,0x00,0x00,0x00,0x00},
      |             ^
kernel/gui/src/font_data.c:70:13: note: (在‘font_8x16[96]’的初始化附近)
kernel/gui/src/font_data.c:71:13: warning: 已初始化的字段被覆盖 [-Woverride-init]
   71 |     ['a'] = {0x00,0x00,0x00,0x00,0x7C,0xEC,0xCC,0xCC,0xEC,0x7C,0x00,0x00,0x00,0x00,0x00,0x00},
      |             ^
kernel/gui/src/font_data.c:71:13: note: (在‘font_8x16[97]’的初始化附近)
kernel/gui/src/font_data.c:72:13: warning: 已初始化的字段被覆盖 [-Woverride-init]
   72 |     ['b'] = {0x00,0x00,0x00,0xC0,0xC0,0xFC,0xEC,0xC6,0xC6,0xEC,0xF8,0x00,0x00,0x00,0x00,0x00},
      |             ^
kernel/gui/src/font_data.c:72:13: note: (在‘font_8x16[98]’的初始化附近)
kernel/gui/src/font_data.c:73:13: warning: 已初始化的字段被覆盖 [-Woverride-init]
   73 |     ['c'] = {0x00,0x00,0x00,0x00,0x3C,0x70,0x60,0x60,0x70,0x3C,0x00,0x00,0x00,0x00,0x00,0x00},
      |             ^
kernel/gui/src/font_data.c:73:13: note: (在‘font_8x16[99]’的初始化附近)
kernel/gui/src/font_data.c:74:13: warning: 已初始化的字段被覆盖 [-Woverride-init]
   74 |     ['d'] = {0x00,0x00,0x00,0x04,0x04,0x7C,0xEC,0xCC,0xCC,0xEC,0x7C,0x00,0x00,0x00,0x00,0x00},
      |             ^
kernel/gui/src/font_data.c:74:13: note: (在‘font_8x16[100]’的初始化附近)
kernel/gui/src/font_data.c:75:13: warning: 已初始化的字段被覆盖 [-Woverride-init]
   75 |     ['e'] = {0x00,0x00,0x00,0x00,0x3C,0x66,0x7E,0x60,0x70,0x3C,0x00,0x00,0x00,0x00,0x00,0x00},
      |             ^
kernel/gui/src/font_data.c:75:13: note: (在‘font_8x16[101]’的初始化附近)
kernel/gui/src/font_data.c:76:13: warning: 已初始化的字段被覆盖 [-Woverride-init]
   76 |     ['f'] = {0x00,0x00,0x00,0x1C,0x18,0x3C,0x10,0x10,0x10,0x10,0x10,0x00,0x00,0x00,0x00,0x00},
      |             ^
kernel/gui/src/font_data.c:76:13: note: (在‘font_8x16[102]’的初始化附近)
kernel/gui/src/font_data.c:77:13: warning: 已初始化的字段被覆盖 [-Woverride-init]
   77 |     ['g'] = {0x00,0x00,0x00,0x3E,0x66,0x66,0x66,0x66,0x3E,0x06,0x3C,0x00,0x00,0x00,0x00,0x00},
      |             ^
kernel/gui/src/font_data.c:77:13: note: (在‘font_8x16[103]’的初始化附近)
kernel/gui/src/font_data.c:78:13: warning: 已初始化的字段被覆盖 [-Woverride-init]
   78 |     ['h'] = {0x00,0x00,0x60,0x60,0x7C,0x76,0x66,0x66,0x66,0x66,0x00,0x00,0x00,0x00,0x00,0x00},
      |             ^
kernel/gui/src/font_data.c:78:13: note: (在‘font_8x16[104]’的初始化附近)
kernel/gui/src/font_data.c:79:13: warning: 已初始化的字段被覆盖 [-Woverride-init]
   79 |     ['i'] = {0x00,0x00,0x00,0x30,0x00,0x30,0x30,0x30,0x30,0x30,0x30,0x00,0x00,0x00,0x00,0x00},
      |             ^
kernel/gui/src/font_data.c:79:13: note: (在‘font_8x16[105]’的初始化附近)
kernel/gui/src/font_data.c:80:13: warning: 已初始化的字段被覆盖 [-Woverride-init]
   80 |     ['j'] = {0x00,0x00,0x18,0x00,0x18,0x18,0x18,0x18,0x18,0x18,0x18,0x10,0x00,0x00,0x00,0x00},
      |             ^
kernel/gui/src/font_data.c:80:13: note: (在‘font_8x16[106]’的初始化附近)
kernel/gui/src/font_data.c:81:13: warning: 已初始化的字段被覆盖 [-Woverride-init]
   81 |     ['k'] = {0x00,0x00,0xC0,0xC0,0xFC,0xE6,0xCC,0xFC,0xCC,0xCC,0x00,0x00,0x00,0x00,0x00,0x00},
      |             ^
kernel/gui/src/font_data.c:81:13: note: (在‘font_8x16[107]’的初始化附近)
kernel/gui/src/font_data.c:82:13: warning: 已初始化的字段被覆盖 [-Woverride-init]
   82 |     ['l'] = {0x00,0x00,0x00,0x30,0x30,0x30,0x30,0x30,0x30,0x30,0x30,0x00,0x00,0x00,0x00,0x00},
      |             ^
kernel/gui/src/font_data.c:82:13: note: (在‘font_8x16[108]’的初始化附近)
kernel/gui/src/font_data.c:83:13: warning: 已初始化的字段被覆盖 [-Woverride-init]
   83 |     ['m'] = {0x00,0x00,0x00,0xF7,0xD9,0x99,0x99,0x99,0x99,0x00,0x00,0x00,0x00,0x00,0x00,0x00},
      |             ^
kernel/gui/src/font_data.c:83:13: note: (在‘font_8x16[109]’的初始化附近)
kernel/gui/src/font_data.c:84:13: warning: 已初始化的字段被覆盖 [-Woverride-init]
   84 |     ['n'] = {0x00,0x00,0x00,0x7E,0x76,0x66,0x66,0x66,0x66,0x00,0x00,0x00,0x00,0x00,0x00,0x00},
      |             ^
kernel/gui/src/font_data.c:84:13: note: (在‘font_8x16[110]’的初始化附近)
kernel/gui/src/font_data.c:85:13: warning: 已初始化的字段被覆盖 [-Woverride-init]
   85 |     ['o'] = {0x00,0x00,0x00,0x00,0x3C,0x66,0x66,0x66,0x66,0x3C,0x00,0x00,0x00,0x00,0x00,0x00},
      |             ^
kernel/gui/src/font_data.c:85:13: note: (在‘font_8x16[111]’的初始化附近)
kernel/gui/src/font_data.c:86:13: warning: 已初始化的字段被覆盖 [-Woverride-init]
   86 |     ['p'] = {0x00,0x00,0x00,0xF8,0xEC,0xC6,0xC6,0xEC,0xF8,0xC0,0xC0,0x00,0x00,0x00,0x00,0x00},
      |             ^
kernel/gui/src/font_data.c:86:13: note: (在‘font_8x16[112]’的初始化附近)
kernel/gui/src/font_data.c:87:13: warning: 已初始化的字段被覆盖 [-Woverride-init]
   87 |     ['q'] = {0x00,0x00,0x00,0x7C,0xEC,0xCC,0xC4,0xEC,0x7C,0x04,0x04,0x00,0x00,0x00,0x00,0x00},
      |             ^
kernel/gui/src/font_data.c:87:13: note: (在‘font_8x16[113]’的初始化附近)
kernel/gui/src/font_data.c:88:13: warning: 已初始化的字段被覆盖 [-Woverride-init]
   88 |     ['r'] = {0x00,0x00,0x00,0x3C,0x30,0x30,0x30,0x30,0x30,0x00,0x00,0x00,0x00,0x00,0x00,0x00},
      |             ^
kernel/gui/src/font_data.c:88:13: note: (在‘font_8x16[114]’的初始化附近)
kernel/gui/src/font_data.c:89:13: warning: 已初始化的字段被覆盖 [-Woverride-init]
   89 |     ['s'] = {0x00,0x00,0x00,0x00,0x18,0x30,0x38,0x18,0x08,0x38,0x00,0x00,0x00,0x00,0x00,0x00},
      |             ^
kernel/gui/src/font_data.c:89:13: note: (在‘font_8x16[115]’的初始化附近)
kernel/gui/src/font_data.c:90:13: warning: 已初始化的字段被覆盖 [-Woverride-init]
   90 |     ['t'] = {0x00,0x00,0x00,0x10,0x10,0x3C,0x10,0x10,0x10,0x10,0x1C,0x00,0x00,0x00,0x00,0x00},
      |             ^
kernel/gui/src/font_data.c:90:13: note: (在‘font_8x16[116]’的初始化附近)
kernel/gui/src/font_data.c:91:13: warning: 已初始化的字段被覆盖 [-Woverride-init]
   91 |     ['u'] = {0x00,0x00,0x00,0x00,0x4C,0xCC,0xCC,0xCC,0xEC,0x7C,0x00,0x00,0x00,0x00,0x00,0x00},
      |             ^
kernel/gui/src/font_data.c:91:13: note: (在‘font_8x16[117]’的初始化附近)
kernel/gui/src/font_data.c:92:13: warning: 已初始化的字段被覆盖 [-Woverride-init]
   92 |     ['v'] = {0x00,0x00,0x00,0x66,0x66,0x66,0x26,0x3C,0x18,0x00,0x00,0x00,0x00,0x00,0x00,0x00},
      |             ^
kernel/gui/src/font_data.c:92:13: note: (在‘font_8x16[118]’的初始化附近)
kernel/gui/src/font_data.c:93:13: warning: 已初始化的字段被覆盖 [-Woverride-init]
   93 |     ['w'] = {0x00,0x00,0x00,0x00,0x93,0x93,0xB3,0xBA,0xFE,0x6C,0x00,0x00,0x00,0x00,0x00,0x00},
      |             ^
kernel/gui/src/font_data.c:93:13: note: (在‘font_8x16[119]’的初始化附近)
kernel/gui/src/font_data.c:94:13: warning: 已初始化的字段被覆盖 [-Woverride-init]
   94 |     ['x'] = {0x00,0x00,0x00,0x00,0x6C,0x7C,0x38,0x38,0x7C,0x6C,0x00,0x00,0x00,0x00,0x00,0x00},
      |             ^
kernel/gui/src/font_data.c:94:13: note: (在‘font_8x16[120]’的初始化附近)
kernel/gui/src/font_data.c:95:13: warning: 已初始化的字段被覆盖 [-Woverride-init]
   95 |     ['y'] = {0x00,0x00,0x00,0x66,0x66,0x66,0x64,0x3C,0x18,0x18,0x70,0x00,0x00,0x00,0x00,0x00},
      |             ^
kernel/gui/src/font_data.c:95:13: note: (在‘font_8x16[121]’的初始化附近)
kernel/gui/src/font_data.c:96:13: warning: 已初始化的字段被覆盖 [-Woverride-init]
   96 |     ['z'] = {0x00,0x00,0x00,0x7C,0x0C,0x18,0x30,0x60,0x7C,0x00,0x00,0x00,0x00,0x00,0x00,0x00},
      |             ^
kernel/gui/src/font_data.c:96:13: note: (在‘font_8x16[122]’的初始化附近)
kernel/gui/src/font_data.c:97:13: warning: 已初始化的字段被覆盖 [-Woverride-init]
   97 |     ['{'] = {0x00,0x00,0x1C,0x18,0x18,0x18,0x18,0x30,0x18,0x18,0x18,0x1C,0x00,0x00,0x00,0x00},
      |             ^
kernel/gui/src/font_data.c:97:13: note: (在‘font_8x16[123]’的初始化附近)
kernel/gui/src/font_data.c:98:13: warning: 已初始化的字段被覆盖 [-Woverride-init]
   98 |     ['|'] = {0x00,0x00,0x00,0x10,0x10,0x10,0x10,0x10,0x10,0x10,0x10,0x10,0x00,0x00,0x00,0x00},
      |             ^
kernel/gui/src/font_data.c:98:13: note: (在‘font_8x16[124]’的初始化附近)
kernel/gui/src/font_data.c:99:13: warning: 已初始化的字段被覆盖 [-Woverride-init]
   99 |     ['}'] = {0x00,0x00,0x38,0x08,0x18,0x18,0x0C,0x18,0x18,0x08,0x08,0x38,0x00,0x00,0x00,0x00},
      |             ^
kernel/gui/src/font_data.c:99:13: note: (在‘font_8x16[125]’的初始化附近)
kernel/gui/src/font_data.c:100:13: warning: 已初始化的字段被覆盖 [-Woverride-init]
  100 |     ['~'] = {0x00,0x00,0x00,0x00,0x00,0x36,0x6E,0x00,0x00,0x00,0x00,0x00,0x00,0x00,0x00,0x00},
      |             ^
kernel/gui/src/font_data.c:100:13: note: (在‘font_8x16[126]’的初始化附近)
<3> Building kernel/gui/src/font.c
kernel/gui/src/font.c:28:17: warning: ‘font_shadow_color’ 在此处定义 [-Wunused-function]
   28 | static uint32_t font_shadow_color(uint32_t color) {
      |                 ^~~~~~~~~~~~~~~~~
<3> Building kernel/gui/src/filemgr.c
kernel/gui/src/filemgr.c: 在函数‘fm_int_to_str’中:
kernel/gui/src/filemgr.c:108:34: warning: conversion from ‘uint32_t’ {或称 ‘unsigned int’} to ‘char’ may change value [-Wconversion]
  108 |     while (val > 0) { tmp[i++] = '0' + (val % 10); val /= 10; }
      |                                  ^~~
kernel/gui/src/filemgr.c: 在函数‘fm_format_size’中:
kernel/gui/src/filemgr.c:127:19: warning: conversion from ‘uint32_t’ {或称 ‘unsigned int’} to ‘char’ may change value [-Wconversion]
  127 |         frac[1] = '0' + mb_frac;
      |                   ^~~
kernel/gui/src/filemgr.c: 在函数‘fm_content_click’中:
kernel/gui/src/filemgr.c:523:40: warning: 未使用的参数‘win’ [-Wunused-parameter]
  523 | static void fm_content_click(window_t* win, uint32_t x, uint32_t y, void* user_data) {
      |                              ~~~~~~~~~~^~~
<0> Building kernel/gui/src/emoji_font.c
<0> Building kernel/gui/src/desktop.c
kernel/gui/src/desktop.c: 在函数‘int_to_str’中:
kernel/gui/src/desktop.c:45:34: warning: conversion from ‘uint32_t’ {或称 ‘unsigned int’} to ‘char’ may change value [-Wconversion]
   45 |     while (val > 0) { tmp[i++] = '0' + (val % 10); val /= 10; }
      |                                  ^~~
kernel/gui/src/desktop.c:46:12: warning: ‘uint32_t’ {或称 ‘unsigned int’}转换自‘int32_t’ {或称 ‘int’}时可能会改变结果的符号 [-Wsign-conversion]
   46 |     *len = i;
      |            ^
kernel/gui/src/desktop.c: 在函数‘wallpaper_color’中:
kernel/gui/src/desktop.c:191:19: warning: conversion from ‘long long unsigned int’ to ‘uint32_t’ {或称 ‘unsigned int’} may change value [-Wconversion]
  191 |     uint32_t sx = ((uint64_t)(x - offset_x) * sw) / scaled_w;
      |                   ^
kernel/gui/src/desktop.c:192:19: warning: conversion from ‘long long unsigned int’ to ‘uint32_t’ {或称 ‘unsigned int’} may change value [-Wconversion]
  192 |     uint32_t sy = ((uint64_t)(y - offset_y) * sh) / scaled_h;
      |                   ^
kernel/gui/src/desktop.c: 在函数‘taskbar_paint’中:
kernel/gui/src/desktop.c:578:28: warning: conversion from ‘uint32_t’ {或称 ‘unsigned int’} to ‘char’ may change value [-Wconversion]
  578 |         time_buf[tlen++] = '0' + desktop.clock_hour;
      |                            ^~~
kernel/gui/src/desktop.c:580:28: warning: conversion from ‘uint32_t’ {或称 ‘unsigned int’} to ‘char’ may change value [-Wconversion]
  580 |         time_buf[tlen++] = '0' + (desktop.clock_hour / 10);
      |                            ^~~
kernel/gui/src/desktop.c:581:28: warning: conversion from ‘uint32_t’ {或称 ‘unsigned int’} to ‘char’ may change value [-Wconversion]
  581 |         time_buf[tlen++] = '0' + (desktop.clock_hour % 10);
      |                            ^~~
kernel/gui/src/desktop.c:586:28: warning: conversion from ‘uint32_t’ {或称 ‘unsigned int’} to ‘char’ may change value [-Wconversion]
  586 |         time_buf[tlen++] = '0' + desktop.clock_minute;
      |                            ^~~
kernel/gui/src/desktop.c:588:28: warning: conversion from ‘uint32_t’ {或称 ‘unsigned int’} to ‘char’ may change value [-Wconversion]
  588 |         time_buf[tlen++] = '0' + (desktop.clock_minute / 10);
      |                            ^~~
kernel/gui/src/desktop.c:589:28: warning: conversion from ‘uint32_t’ {或称 ‘unsigned int’} to ‘char’ may change value [-Wconversion]
  589 |         time_buf[tlen++] = '0' + (desktop.clock_minute % 10);
      |                            ^~~
kernel/gui/src/desktop.c: 在函数‘context_menu_handle_click’中:
kernel/gui/src/desktop.c:1163:14: warning: 未使用的变量‘mx’ [-Wunused-variable]
 1163 |     uint32_t mx = desktop.context_menu.x;
      |              ^~
kernel/gui/src/desktop.c: 在文件作用域：
kernel/gui/src/desktop.c:600:16: warning: ‘sqrt_approx’ 在此处定义 [-Wunused-function]
  600 | static int32_t sqrt_approx(int32_t n) {
      |                ^~~~~~~~~~~
kernel/gui/src/desktop.c:135:13: warning: ‘wp_build_map’ 在此处定义 [-Wunused-function]
  135 | static void wp_build_map(void) {
      |             ^~~~~~~~~~~~
kernel/gui/src/desktop.c:41:13: warning: ‘int_to_str’ 在此处定义 [-Wunused-function]
   41 | static void int_to_str(uint32_t val, char* buf, uint32_t* len) {
      |             ^~~~~~~~~~
<3> Building kernel/gui/src/cursor_data.c
<3> Building kernel/gui/src/compat_center.c
<3> Building kernel/gui/src/color.c
kernel/gui/src/color.c: 在函数‘rgb_to_hsl’中:
kernel/gui/src/color.c:149:42: warning: ‘uint32_t’ {或称 ‘unsigned int’}转换自‘int’时可能会改变结果的符号 [-Wsign-conversion]
  149 |             hue = (int32_t)((g - b) * 60 / (int32_t)delta);
      |                                          ^
kernel/gui/src/color.c:151:42: warning: ‘uint32_t’ {或称 ‘unsigned int’}转换自‘int’时可能会改变结果的符号 [-Wsign-conversion]
  151 |             hue = (int32_t)((g - b) * 60 / (int32_t)delta) + 360;
      |                                          ^
kernel/gui/src/color.c:156:42: warning: ‘uint32_t’ {或称 ‘unsigned int’}转换自‘int’时可能会改变结果的符号 [-Wsign-conversion]
  156 |         hsl.h = (uint16_t)(((b - r) * 60 / (int32_t)delta) + 120);
      |                                          ^
kernel/gui/src/color.c:159:42: warning: ‘uint32_t’ {或称 ‘unsigned int’}转换自‘int’时可能会改变结果的符号 [-Wsign-conversion]
  159 |         hsl.h = (uint16_t)(((r - g) * 60 / (int32_t)delta) + 240);
      |                                          ^
kernel/gui/src/color.c: 在函数‘hue_to_rgb’中:
kernel/gui/src/color.c:174:18: warning: 未使用的变量‘nt’ [-Wunused-variable]
  174 |         uint32_t nt = t - 256;
      |                  ^~
kernel/gui/src/color.c: 在函数‘hsl_to_rgb’中:
kernel/gui/src/color.c:197:25: warning: ‘uint32_t’ {或称 ‘unsigned int’}转换自‘int’时可能会改变结果的符号 [-Wsign-conversion]
  197 |         uint32_t gray = l * 255 / 100;
      |                         ^
<3> Building kernel/gui/src/cjk_font.c
<1> Building kernel/gui/src/browser.c
kernel/gui/src/browser.c: 在函数‘br_int_to_str’中:
kernel/gui/src/browser.c:101:34: warning: conversion from ‘uint32_t’ {或称 ‘unsigned int’} to ‘char’ may change value [-Wconversion]
  101 |     while (val > 0) { tmp[i++] = '0' + (val % 10); val /= 10; }
      |                                  ^~~
kernel/gui/src/browser.c: 在文件作用域：
kernel/gui/src/browser.c:91:17: warning: ‘br_str_len’ 在此处定义 [-Wunused-function]
   91 | static uint32_t br_str_len(const char* s) {
      |                 ^~~~~~~~~~
-- Enter folder kernel/compat --
<2> Building kernel/compat/leonos_compat.c
In file included from kernel/compat/leonos_compat.c:4:
include/kapi_syscall.h: 在函数‘sys_read’中:
include/kapi_syscall.h:494:38: warning: 将一个指针转换为大小不同的整数 [-Wpointer-to-int-cast]
  494 | { return kapi_syscall3(SYS_read, fd, (long)buf, count); }
      |                                      ^
include/kapi_syscall.h:494:49: warning: conversion from ‘size_t’ {或称 ‘long long unsigned int’} to ‘long int’ may change value [-Wconversion]
  494 | { return kapi_syscall3(SYS_read, fd, (long)buf, count); }
      |                                                 ^~~~~
include/kapi_syscall.h: 在函数‘sys_write’中:
include/kapi_syscall.h:497:39: warning: 将一个指针转换为大小不同的整数 [-Wpointer-to-int-cast]
  497 | { return kapi_syscall3(SYS_write, fd, (long)buf, count); }
      |                                       ^
include/kapi_syscall.h:497:50: warning: conversion from ‘size_t’ {或称 ‘long long unsigned int’} to ‘long int’ may change value [-Wconversion]
  497 | { return kapi_syscall3(SYS_write, fd, (long)buf, count); }
      |                                                  ^~~~~
include/kapi_syscall.h: 在函数‘sys_open’中:
include/kapi_syscall.h:500:34: warning: 将一个指针转换为大小不同的整数 [-Wpointer-to-int-cast]
  500 | { return kapi_syscall3(SYS_open, (long)pathname, flags, mode); }
      |                                  ^
include/kapi_syscall.h: 在函数‘sys_mmap’中:
include/kapi_syscall.h:509:34: warning: 将一个指针转换为大小不同的整数 [-Wpointer-to-int-cast]
  509 | { return kapi_syscall6(SYS_mmap, (long)addr, length, prot, flags, fd, offset); }
      |                                  ^
include/kapi_syscall.h:509:46: warning: conversion from ‘size_t’ {或称 ‘long long unsigned int’} to ‘long int’ may change value [-Wconversion]
  509 | { return kapi_syscall6(SYS_mmap, (long)addr, length, prot, flags, fd, offset); }
      |                                              ^~~~~~
include/kapi_syscall.h: 在函数‘sys_munmap’中:
include/kapi_syscall.h:512:36: warning: 将一个指针转换为大小不同的整数 [-Wpointer-to-int-cast]
  512 | { return kapi_syscall2(SYS_munmap, (long)addr, length); }
      |                                    ^
include/kapi_syscall.h:512:48: warning: conversion from ‘size_t’ {或称 ‘long long unsigned int’} to ‘long int’ may change value [-Wconversion]
  512 | { return kapi_syscall2(SYS_munmap, (long)addr, length); }
      |                                                ^~~~~~
include/kapi_syscall.h: 在函数‘sys_mprotect’中:
include/kapi_syscall.h:515:38: warning: 将一个指针转换为大小不同的整数 [-Wpointer-to-int-cast]
  515 | { return kapi_syscall3(SYS_mprotect, (long)addr, len, prot); }
      |                                      ^
include/kapi_syscall.h:515:50: warning: conversion from ‘size_t’ {或称 ‘long long unsigned int’} to ‘long int’ may change value [-Wconversion]
  515 | { return kapi_syscall3(SYS_mprotect, (long)addr, len, prot); }
      |                                                  ^~~
include/kapi_syscall.h: 在函数‘sys_brk’中:
include/kapi_syscall.h:518:33: warning: 将一个指针转换为大小不同的整数 [-Wpointer-to-int-cast]
  518 | { return kapi_syscall1(SYS_brk, (long)addr); }
      |                                 ^
include/kapi_syscall.h: 在函数‘sys_clone’中:
include/kapi_syscall.h:527:42: warning: 将一个指针转换为大小不同的整数 [-Wpointer-to-int-cast]
  527 | { return kapi_syscall5(SYS_clone, flags, (long)stack, (long)ptid, (long)ctid, tls); }
      |                                          ^
include/kapi_syscall.h:527:55: warning: 将一个指针转换为大小不同的整数 [-Wpointer-to-int-cast]
  527 | { return kapi_syscall5(SYS_clone, flags, (long)stack, (long)ptid, (long)ctid, tls); }
      |                                                       ^
include/kapi_syscall.h:527:67: warning: 将一个指针转换为大小不同的整数 [-Wpointer-to-int-cast]
  527 | { return kapi_syscall5(SYS_clone, flags, (long)stack, (long)ptid, (long)ctid, tls); }
      |                                                                   ^
include/kapi_syscall.h:527:35: warning: ‘long int’转换自‘long unsigned int’时可能会改变结果的符号 [-Wsign-conversion]
  527 | { return kapi_syscall5(SYS_clone, flags, (long)stack, (long)ptid, (long)ctid, tls); }
      |                                   ^~~~~
include/kapi_syscall.h:527:79: warning: ‘long int’转换自‘long unsigned int’时可能会改变结果的符号 [-Wsign-conversion]
  527 | { return kapi_syscall5(SYS_clone, flags, (long)stack, (long)ptid, (long)ctid, tls); }
      |                                                                               ^~~
include/kapi_syscall.h: 在函数‘sys_execve’中:
include/kapi_syscall.h:530:36: warning: 将一个指针转换为大小不同的整数 [-Wpointer-to-int-cast]
  530 | { return kapi_syscall3(SYS_execve, (long)filename, (long)argv, (long)envp); }
      |                                    ^
include/kapi_syscall.h:530:52: warning: 将一个指针转换为大小不同的整数 [-Wpointer-to-int-cast]
  530 | { return kapi_syscall3(SYS_execve, (long)filename, (long)argv, (long)envp); }
      |                                                    ^
include/kapi_syscall.h:530:64: warning: 将一个指针转换为大小不同的整数 [-Wpointer-to-int-cast]
  530 | { return kapi_syscall3(SYS_execve, (long)filename, (long)argv, (long)envp); }
      |                                                                ^
include/kapi_syscall.h: 在函数‘sys_wait4’中:
include/kapi_syscall.h:539:40: warning: 将一个指针转换为大小不同的整数 [-Wpointer-to-int-cast]
  539 | { return kapi_syscall4(SYS_wait4, pid, (long)wstatus, options, (long)rusage); }
      |                                        ^
include/kapi_syscall.h:539:64: warning: 将一个指针转换为大小不同的整数 [-Wpointer-to-int-cast]
  539 | { return kapi_syscall4(SYS_wait4, pid, (long)wstatus, options, (long)rusage); }
      |                                                                ^
include/kapi_syscall.h: 在函数‘sys_stat’中:
include/kapi_syscall.h:554:34: warning: 将一个指针转换为大小不同的整数 [-Wpointer-to-int-cast]
  554 | { return kapi_syscall2(SYS_stat, (long)pathname, (long)statbuf); }
      |                                  ^
include/kapi_syscall.h:554:50: warning: 将一个指针转换为大小不同的整数 [-Wpointer-to-int-cast]
  554 | { return kapi_syscall2(SYS_stat, (long)pathname, (long)statbuf); }
      |                                                  ^
include/kapi_syscall.h: 在函数‘sys_fstat’中:
include/kapi_syscall.h:557:39: warning: 将一个指针转换为大小不同的整数 [-Wpointer-to-int-cast]
  557 | { return kapi_syscall2(SYS_fstat, fd, (long)statbuf); }
      |                                       ^
include/kapi_syscall.h: 在函数‘sys_lstat’中:
include/kapi_syscall.h:560:35: warning: 将一个指针转换为大小不同的整数 [-Wpointer-to-int-cast]
  560 | { return kapi_syscall2(SYS_lstat, (long)pathname, (long)statbuf); }
      |                                   ^
include/kapi_syscall.h:560:51: warning: 将一个指针转换为大小不同的整数 [-Wpointer-to-int-cast]
  560 | { return kapi_syscall2(SYS_lstat, (long)pathname, (long)statbuf); }
      |                                                   ^
include/kapi_syscall.h: 在函数‘sys_access’中:
include/kapi_syscall.h:563:36: warning: 将一个指针转换为大小不同的整数 [-Wpointer-to-int-cast]
  563 | { return kapi_syscall2(SYS_access, (long)pathname, mode); }
      |                                    ^
include/kapi_syscall.h: 在函数‘sys_chdir’中:
include/kapi_syscall.h:566:35: warning: 将一个指针转换为大小不同的整数 [-Wpointer-to-int-cast]
  566 | { return kapi_syscall1(SYS_chdir, (long)path); }
      |                                   ^
include/kapi_syscall.h: 在函数‘sys_getcwd’中:
include/kapi_syscall.h:569:36: warning: 将一个指针转换为大小不同的整数 [-Wpointer-to-int-cast]
  569 | { return kapi_syscall2(SYS_getcwd, (long)buf, size); }
      |                                    ^
include/kapi_syscall.h:569:47: warning: conversion from ‘size_t’ {或称 ‘long long unsigned int’} to ‘long int’ may change value [-Wconversion]
  569 | { return kapi_syscall2(SYS_getcwd, (long)buf, size); }
      |                                               ^~~~
include/kapi_syscall.h: 在函数‘sys_mkdir’中:
include/kapi_syscall.h:572:35: warning: 将一个指针转换为大小不同的整数 [-Wpointer-to-int-cast]
  572 | { return kapi_syscall2(SYS_mkdir, (long)pathname, mode); }
      |                                   ^
include/kapi_syscall.h: 在函数‘sys_rmdir’中:
include/kapi_syscall.h:575:35: warning: 将一个指针转换为大小不同的整数 [-Wpointer-to-int-cast]
  575 | { return kapi_syscall1(SYS_rmdir, (long)pathname); }
      |                                   ^
include/kapi_syscall.h: 在函数‘sys_unlink’中:
include/kapi_syscall.h:578:36: warning: 将一个指针转换为大小不同的整数 [-Wpointer-to-int-cast]
  578 | { return kapi_syscall1(SYS_unlink, (long)pathname); }
      |                                    ^
include/kapi_syscall.h: 在函数‘sys_rename’中:
include/kapi_syscall.h:581:36: warning: 将一个指针转换为大小不同的整数 [-Wpointer-to-int-cast]
  581 | { return kapi_syscall2(SYS_rename, (long)oldpath, (long)newpath); }
      |                                    ^
include/kapi_syscall.h:581:51: warning: 将一个指针转换为大小不同的整数 [-Wpointer-to-int-cast]
  581 | { return kapi_syscall2(SYS_rename, (long)oldpath, (long)newpath); }
      |                                                   ^
include/kapi_syscall.h: 在函数‘sys_creat’中:
include/kapi_syscall.h:584:35: warning: 将一个指针转换为大小不同的整数 [-Wpointer-to-int-cast]
  584 | { return kapi_syscall2(SYS_creat, (long)pathname, mode); }
      |                                   ^
include/kapi_syscall.h: 在函数‘sys_link’中:
include/kapi_syscall.h:587:34: warning: 将一个指针转换为大小不同的整数 [-Wpointer-to-int-cast]
  587 | { return kapi_syscall2(SYS_link, (long)oldpath, (long)newpath); }
      |                                  ^
include/kapi_syscall.h:587:49: warning: 将一个指针转换为大小不同的整数 [-Wpointer-to-int-cast]
  587 | { return kapi_syscall2(SYS_link, (long)oldpath, (long)newpath); }
      |                                                 ^
include/kapi_syscall.h: 在函数‘sys_symlink’中:
include/kapi_syscall.h:590:37: warning: 将一个指针转换为大小不同的整数 [-Wpointer-to-int-cast]
  590 | { return kapi_syscall2(SYS_symlink, (long)target, (long)linkpath); }
      |                                     ^
include/kapi_syscall.h:590:51: warning: 将一个指针转换为大小不同的整数 [-Wpointer-to-int-cast]
  590 | { return kapi_syscall2(SYS_symlink, (long)target, (long)linkpath); }
      |                                                   ^
include/kapi_syscall.h: 在函数‘sys_readlink’中:
include/kapi_syscall.h:593:38: warning: 将一个指针转换为大小不同的整数 [-Wpointer-to-int-cast]
  593 | { return kapi_syscall3(SYS_readlink, (long)pathname, (long)buf, bufsiz); }
      |                                      ^
include/kapi_syscall.h:593:54: warning: 将一个指针转换为大小不同的整数 [-Wpointer-to-int-cast]
  593 | { return kapi_syscall3(SYS_readlink, (long)pathname, (long)buf, bufsiz); }
      |                                                      ^
include/kapi_syscall.h:593:65: warning: conversion from ‘size_t’ {或称 ‘long long unsigned int’} to ‘long int’ may change value [-Wconversion]
  593 | { return kapi_syscall3(SYS_readlink, (long)pathname, (long)buf, bufsiz); }
      |                                                                 ^~~~~~
include/kapi_syscall.h: 在函数‘sys_chmod’中:
include/kapi_syscall.h:596:35: warning: 将一个指针转换为大小不同的整数 [-Wpointer-to-int-cast]
  596 | { return kapi_syscall2(SYS_chmod, (long)pathname, mode); }
      |                                   ^
include/kapi_syscall.h: 在函数‘sys_chown’中:
include/kapi_syscall.h:599:35: warning: 将一个指针转换为大小不同的整数 [-Wpointer-to-int-cast]
  599 | { return kapi_syscall3(SYS_chown, (long)pathname, owner, group); }
      |                                   ^
include/kapi_syscall.h: 在函数‘sys_truncate’中:
include/kapi_syscall.h:602:38: warning: 将一个指针转换为大小不同的整数 [-Wpointer-to-int-cast]
  602 | { return kapi_syscall2(SYS_truncate, (long)path, length); }
      |                                      ^
include/kapi_syscall.h: 在函数‘sys_pipe’中:
include/kapi_syscall.h:626:34: warning: 将一个指针转换为大小不同的整数 [-Wpointer-to-int-cast]
  626 | { return kapi_syscall1(SYS_pipe, (long)pipefd); }
      |                                  ^
include/kapi_syscall.h: 在函数‘sys_pipe2’中:
include/kapi_syscall.h:629:35: warning: 将一个指针转换为大小不同的整数 [-Wpointer-to-int-cast]
  629 | { return kapi_syscall2(SYS_pipe2, (long)pipefd, flags); }
      |                                   ^
include/kapi_syscall.h: 在函数‘sys_mount’中:
include/kapi_syscall.h:634:35: warning: 将一个指针转换为大小不同的整数 [-Wpointer-to-int-cast]
  634 | { return kapi_syscall5(SYS_mount, (long)source, (long)target, (long)filesystemtype, mountflags, (long)data); }
      |                                   ^
include/kapi_syscall.h:634:49: warning: 将一个指针转换为大小不同的整数 [-Wpointer-to-int-cast]
  634 | { return kapi_syscall5(SYS_mount, (long)source, (long)target, (long)filesystemtype, mountflags, (long)data); }
      |                                                 ^
include/kapi_syscall.h:634:63: warning: 将一个指针转换为大小不同的整数 [-Wpointer-to-int-cast]
  634 | { return kapi_syscall5(SYS_mount, (long)source, (long)target, (long)filesystemtype, mountflags, (long)data); }
      |                                                               ^
include/kapi_syscall.h:634:97: warning: 将一个指针转换为大小不同的整数 [-Wpointer-to-int-cast]
  634 | { return kapi_syscall5(SYS_mount, (long)source, (long)target, (long)filesystemtype, mountflags, (long)data); }
      |                                                                                                 ^
include/kapi_syscall.h:634:85: warning: ‘long int’转换自‘long unsigned int’时可能会改变结果的符号 [-Wsign-conversion]
  634 | { return kapi_syscall5(SYS_mount, (long)source, (long)target, (long)filesystemtype, mountflags, (long)data); }
      |                                                                                     ^~~~~~~~~~
include/kapi_syscall.h: 在函数‘sys_umount2’中:
include/kapi_syscall.h:637:37: warning: 将一个指针转换为大小不同的整数 [-Wpointer-to-int-cast]
  637 | { return kapi_syscall2(SYS_umount2, (long)target, flags); }
      |                                     ^
include/kapi_syscall.h: 在函数‘sys_swapon’中:
include/kapi_syscall.h:640:36: warning: 将一个指针转换为大小不同的整数 [-Wpointer-to-int-cast]
  640 | { return kapi_syscall2(SYS_swapon, (long)path, swapflags); }
      |                                    ^
include/kapi_syscall.h: 在函数‘sys_swapoff’中:
include/kapi_syscall.h:643:37: warning: 将一个指针转换为大小不同的整数 [-Wpointer-to-int-cast]
  643 | { return kapi_syscall1(SYS_swapoff, (long)path); }
      |                                     ^
include/kapi_syscall.h: 在函数‘sys_nanosleep’中:
include/kapi_syscall.h:646:39: warning: 将一个指针转换为大小不同的整数 [-Wpointer-to-int-cast]
  646 | { return kapi_syscall2(SYS_nanosleep, (long)req, (long)rem); }
      |                                       ^
include/kapi_syscall.h:646:50: warning: 将一个指针转换为大小不同的整数 [-Wpointer-to-int-cast]
  646 | { return kapi_syscall2(SYS_nanosleep, (long)req, (long)rem); }
      |                                                  ^
include/kapi_syscall.h: 在函数‘sys_gettimeofday’中:
include/kapi_syscall.h:649:42: warning: 将一个指针转换为大小不同的整数 [-Wpointer-to-int-cast]
  649 | { return kapi_syscall2(SYS_gettimeofday, (long)tv, (long)tz); }
      |                                          ^
include/kapi_syscall.h:649:52: warning: 将一个指针转换为大小不同的整数 [-Wpointer-to-int-cast]
  649 | { return kapi_syscall2(SYS_gettimeofday, (long)tv, (long)tz); }
      |                                                    ^
include/kapi_syscall.h: 在函数‘sys_settimeofday’中:
include/kapi_syscall.h:652:42: warning: 将一个指针转换为大小不同的整数 [-Wpointer-to-int-cast]
  652 | { return kapi_syscall2(SYS_settimeofday, (long)tv, (long)tz); }
      |                                          ^
include/kapi_syscall.h:652:52: warning: 将一个指针转换为大小不同的整数 [-Wpointer-to-int-cast]
  652 | { return kapi_syscall2(SYS_settimeofday, (long)tv, (long)tz); }
      |                                                    ^
include/kapi_syscall.h: 在函数‘sys_time’中:
include/kapi_syscall.h:655:34: warning: 将一个指针转换为大小不同的整数 [-Wpointer-to-int-cast]
  655 | { return kapi_syscall1(SYS_time, (long)tloc); }
      |                                  ^
include/kapi_syscall.h: 在函数‘sys_clock_gettime’中:
include/kapi_syscall.h:658:51: warning: 将一个指针转换为大小不同的整数 [-Wpointer-to-int-cast]
  658 | { return kapi_syscall2(SYS_clock_gettime, clk_id, (long)tp); }
      |                                                   ^
include/kapi_syscall.h: 在函数‘sys_clock_settime’中:
include/kapi_syscall.h:661:51: warning: 将一个指针转换为大小不同的整数 [-Wpointer-to-int-cast]
  661 | { return kapi_syscall2(SYS_clock_settime, clk_id, (long)tp); }
      |                                                   ^
include/kapi_syscall.h: 在函数‘sys_clock_nanosleep’中:
include/kapi_syscall.h:664:60: warning: 将一个指针转换为大小不同的整数 [-Wpointer-to-int-cast]
  664 | { return kapi_syscall4(SYS_clock_nanosleep, clk_id, flags, (long)req, (long)rem); }
      |                                                            ^
include/kapi_syscall.h:664:71: warning: 将一个指针转换为大小不同的整数 [-Wpointer-to-int-cast]
  664 | { return kapi_syscall4(SYS_clock_nanosleep, clk_id, flags, (long)req, (long)rem); }
      |                                                                       ^
include/kapi_syscall.h: 在函数‘sys_rt_sigaction’中:
include/kapi_syscall.h:667:47: warning: 将一个指针转换为大小不同的整数 [-Wpointer-to-int-cast]
  667 | { return kapi_syscall4(SYS_rt_sigaction, sig, (long)act, (long)oact, sigsetsize); }
      |                                               ^
include/kapi_syscall.h:667:58: warning: 将一个指针转换为大小不同的整数 [-Wpointer-to-int-cast]
  667 | { return kapi_syscall4(SYS_rt_sigaction, sig, (long)act, (long)oact, sigsetsize); }
      |                                                          ^
include/kapi_syscall.h:667:70: warning: conversion from ‘size_t’ {或称 ‘long long unsigned int’} to ‘long int’ may change value [-Wconversion]
  667 | { return kapi_syscall4(SYS_rt_sigaction, sig, (long)act, (long)oact, sigsetsize); }
      |                                                                      ^~~~~~~~~~
include/kapi_syscall.h: 在函数‘sys_rt_sigprocmask’中:
include/kapi_syscall.h:670:49: warning: 将一个指针转换为大小不同的整数 [-Wpointer-to-int-cast]
  670 | { return kapi_syscall4(SYS_rt_sigprocmask, how, (long)set, (long)oldset, sigsetsize); }
      |                                                 ^
include/kapi_syscall.h:670:60: warning: 将一个指针转换为大小不同的整数 [-Wpointer-to-int-cast]
  670 | { return kapi_syscall4(SYS_rt_sigprocmask, how, (long)set, (long)oldset, sigsetsize); }
      |                                                            ^
include/kapi_syscall.h:670:74: warning: conversion from ‘size_t’ {或称 ‘long long unsigned int’} to ‘long int’ may change value [-Wconversion]
  670 | { return kapi_syscall4(SYS_rt_sigprocmask, how, (long)set, (long)oldset, sigsetsize); }
      |                                                                          ^~~~~~~~~~
include/kapi_syscall.h: 在函数‘sys_ioctl’中:
include/kapi_syscall.h:679:39: warning: ‘long int’转换自‘long unsigned int’时可能会改变结果的符号 [-Wsign-conversion]
  679 | { return kapi_syscall3(SYS_ioctl, fd, request, arg); }
      |                                       ^~~~~~~
include/kapi_syscall.h: 在函数‘sys_pread64’中:
include/kapi_syscall.h:682:41: warning: 将一个指针转换为大小不同的整数 [-Wpointer-to-int-cast]
  682 | { return kapi_syscall4(SYS_pread64, fd, (long)buf, count, offset); }
      |                                         ^
include/kapi_syscall.h:682:52: warning: conversion from ‘size_t’ {或称 ‘long long unsigned int’} to ‘long int’ may change value [-Wconversion]
  682 | { return kapi_syscall4(SYS_pread64, fd, (long)buf, count, offset); }
      |                                                    ^~~~~
include/kapi_syscall.h: 在函数‘sys_pwrite64’中:
include/kapi_syscall.h:685:42: warning: 将一个指针转换为大小不同的整数 [-Wpointer-to-int-cast]
  685 | { return kapi_syscall4(SYS_pwrite64, fd, (long)buf, count, offset); }
      |                                          ^
include/kapi_syscall.h:685:53: warning: conversion from ‘size_t’ {或称 ‘long long unsigned int’} to ‘long int’ may change value [-Wconversion]
  685 | { return kapi_syscall4(SYS_pwrite64, fd, (long)buf, count, offset); }
      |                                                     ^~~~~
include/kapi_syscall.h: 在函数‘sys_readv’中:
include/kapi_syscall.h:688:39: warning: 将一个指针转换为大小不同的整数 [-Wpointer-to-int-cast]
  688 | { return kapi_syscall3(SYS_readv, fd, (long)iov, iovcnt); }
      |                                       ^
include/kapi_syscall.h: 在函数‘sys_writev’中:
include/kapi_syscall.h:691:40: warning: 将一个指针转换为大小不同的整数 [-Wpointer-to-int-cast]
  691 | { return kapi_syscall3(SYS_writev, fd, (long)iov, iovcnt); }
      |                                        ^
include/kapi_syscall.h: 在函数‘sys_getdents’中:
include/kapi_syscall.h:694:42: warning: 将一个指针转换为大小不同的整数 [-Wpointer-to-int-cast]
  694 | { return kapi_syscall3(SYS_getdents, fd, (long)dirp, count); }
      |                                          ^
include/kapi_syscall.h:694:54: warning: ‘long int’转换自‘unsigned int’时可能会改变结果的符号 [-Wsign-conversion]
  694 | { return kapi_syscall3(SYS_getdents, fd, (long)dirp, count); }
      |                                                      ^~~~~
include/kapi_syscall.h: 在函数‘sys_getdents64’中:
include/kapi_syscall.h:697:44: warning: 将一个指针转换为大小不同的整数 [-Wpointer-to-int-cast]
  697 | { return kapi_syscall3(SYS_getdents64, fd, (long)dirp, count); }
      |                                            ^
include/kapi_syscall.h:697:56: warning: ‘long int’转换自‘unsigned int’时可能会改变结果的符号 [-Wsign-conversion]
  697 | { return kapi_syscall3(SYS_getdents64, fd, (long)dirp, count); }
      |                                                        ^~~~~
include/kapi_syscall.h: 在函数‘sys_getgroups’中:
include/kapi_syscall.h:718:45: warning: 将一个指针转换为大小不同的整数 [-Wpointer-to-int-cast]
  718 | { return kapi_syscall2(SYS_getgroups, size, (long)list); }
      |                                             ^
include/kapi_syscall.h: 在函数‘sys_setgroups’中:
include/kapi_syscall.h:721:45: warning: 将一个指针转换为大小不同的整数 [-Wpointer-to-int-cast]
  721 | { return kapi_syscall2(SYS_setgroups, size, (long)list); }
      |                                             ^
include/kapi_syscall.h: 在函数‘sys_uname’中:
include/kapi_syscall.h:724:35: warning: 将一个指针转换为大小不同的整数 [-Wpointer-to-int-cast]
  724 | { return kapi_syscall1(SYS_uname, (long)buf); }
      |                                   ^
include/kapi_syscall.h: 在函数‘sys_sysinfo’中:
include/kapi_syscall.h:727:37: warning: 将一个指针转换为大小不同的整数 [-Wpointer-to-int-cast]
  727 | { return kapi_syscall1(SYS_sysinfo, (long)info); }
      |                                     ^
include/kapi_syscall.h: 在函数‘sys_getrlimit’中:
include/kapi_syscall.h:730:49: warning: 将一个指针转换为大小不同的整数 [-Wpointer-to-int-cast]
  730 | { return kapi_syscall2(SYS_getrlimit, resource, (long)rlim); }
      |                                                 ^
include/kapi_syscall.h: 在函数‘sys_setrlimit’中:
include/kapi_syscall.h:733:49: warning: 将一个指针转换为大小不同的整数 [-Wpointer-to-int-cast]
  733 | { return kapi_syscall2(SYS_setrlimit, resource, (long)rlim); }
      |                                                 ^
include/kapi_syscall.h: 在函数‘sys_getrusage’中:
include/kapi_syscall.h:736:44: warning: 将一个指针转换为大小不同的整数 [-Wpointer-to-int-cast]
  736 | { return kapi_syscall2(SYS_getrusage, who, (long)usage); }
      |                                            ^
include/kapi_syscall.h: 在函数‘sys_times’中:
include/kapi_syscall.h:739:35: warning: 将一个指针转换为大小不同的整数 [-Wpointer-to-int-cast]
  739 | { return kapi_syscall1(SYS_times, (long)tbuf); }
      |                                   ^
include/kapi_syscall.h: 在函数‘sys_reboot’中:
include/kapi_syscall.h:754:57: warning: 将一个指针转换为大小不同的整数 [-Wpointer-to-int-cast]
  754 | { return kapi_syscall4(SYS_reboot, magic1, magic2, cmd, (long)arg); }
      |                                                         ^
include/kapi_syscall.h: 在函数‘sys_chroot’中:
include/kapi_syscall.h:757:36: warning: 将一个指针转换为大小不同的整数 [-Wpointer-to-int-cast]
  757 | { return kapi_syscall1(SYS_chroot, (long)path); }
      |                                    ^
include/kapi_syscall.h: 在函数‘sys_sethostname’中:
include/kapi_syscall.h:760:41: warning: 将一个指针转换为大小不同的整数 [-Wpointer-to-int-cast]
  760 | { return kapi_syscall2(SYS_sethostname, (long)name, len); }
      |                                         ^
include/kapi_syscall.h: 在函数‘sys_setdomainname’中:
include/kapi_syscall.h:763:43: warning: 将一个指针转换为大小不同的整数 [-Wpointer-to-int-cast]
  763 | { return kapi_syscall2(SYS_setdomainname, (long)name, len); }
      |                                           ^
include/kapi_syscall.h: 在函数‘sys_init_module’中:
include/kapi_syscall.h:766:41: warning: 将一个指针转换为大小不同的整数 [-Wpointer-to-int-cast]
  766 | { return kapi_syscall3(SYS_init_module, (long)module_image, len, (long)param_values); }
      |                                         ^
include/kapi_syscall.h:766:66: warning: 将一个指针转换为大小不同的整数 [-Wpointer-to-int-cast]
  766 | { return kapi_syscall3(SYS_init_module, (long)module_image, len, (long)param_values); }
      |                                                                  ^
include/kapi_syscall.h:766:61: warning: ‘long int’转换自‘long unsigned int’时可能会改变结果的符号 [-Wsign-conversion]
  766 | { return kapi_syscall3(SYS_init_module, (long)module_image, len, (long)param_values); }
      |                                                             ^~~
include/kapi_syscall.h: 在函数‘sys_delete_module’中:
include/kapi_syscall.h:769:43: warning: 将一个指针转换为大小不同的整数 [-Wpointer-to-int-cast]
  769 | { return kapi_syscall2(SYS_delete_module, (long)name, flags); }
      |                                           ^
include/kapi_syscall.h:769:55: warning: ‘long int’转换自‘unsigned int’时可能会改变结果的符号 [-Wsign-conversion]
  769 | { return kapi_syscall2(SYS_delete_module, (long)name, flags); }
      |                                                       ^~~~~
include/kapi_syscall.h: 在函数‘sys_finit_module’中:
include/kapi_syscall.h:772:46: warning: 将一个指针转换为大小不同的整数 [-Wpointer-to-int-cast]
  772 | { return kapi_syscall3(SYS_finit_module, fd, (long)param_values, flags); }
      |                                              ^
-- Enter folder kernel/arch/x86_64 --
<0> Building kernel/arch/x86_64/xhci.c
kernel/arch/x86_64/xhci.c: 在函数‘xhci_init’中:
kernel/arch/x86_64/xhci.c:17:59: warning: conversion from ‘int’ to ‘uint8_t’ {或称 ‘unsigned char’} may change value [-Wconversion]
   17 |                 uint32_t class_code_reg = pci_read_config(b, d, f, 0x08);
      |                                                           ^
kernel/arch/x86_64/xhci.c:17:62: warning: conversion from ‘int’ to ‘uint8_t’ {或称 ‘unsigned char’} may change value [-Wconversion]
   17 |                 uint32_t class_code_reg = pci_read_config(b, d, f, 0x08);
      |                                                              ^
kernel/arch/x86_64/xhci.c:17:65: warning: conversion from ‘int’ to ‘uint8_t’ {或称 ‘unsigned char’} may change value [-Wconversion]
   17 |                 uint32_t class_code_reg = pci_read_config(b, d, f, 0x08);
      |                                                                 ^
kernel/arch/x86_64/xhci.c:21:38: warning: conversion from ‘uint32_t’ {或称 ‘unsigned int’} to ‘uint8_t’ {或称 ‘unsigned char’} may change value [-Wconversion]
   21 |                 uint8_t class_code = (class_code_reg >> 24) & 0xFF;
      |                                      ^
kernel/arch/x86_64/xhci.c:27:37: warning: conversion from ‘int’ to ‘uint8_t’ {或称 ‘unsigned char’} may change value [-Wconversion]
   27 |                         ctrl->bus = b;
      |                                     ^
kernel/arch/x86_64/xhci.c:28:40: warning: conversion from ‘int’ to ‘uint8_t’ {或称 ‘unsigned char’} may change value [-Wconversion]
   28 |                         ctrl->device = d;
      |                                        ^
kernel/arch/x86_64/xhci.c:29:42: warning: conversion from ‘int’ to ‘uint8_t’ {或称 ‘unsigned char’} may change value [-Wconversion]
   29 |                         ctrl->function = f;
      |                                          ^
kernel/arch/x86_64/xhci.c:30:54: warning: conversion from ‘int’ to ‘uint8_t’ {或称 ‘unsigned char’} may change value [-Wconversion]
   30 |                         ctrl->base = pci_read_config(b, d, f, 0x10) & 0xFFFFFFF0;
      |                                                      ^
kernel/arch/x86_64/xhci.c:30:57: warning: conversion from ‘int’ to ‘uint8_t’ {或称 ‘unsigned char’} may change value [-Wconversion]
   30 |                         ctrl->base = pci_read_config(b, d, f, 0x10) & 0xFFFFFFF0;
      |                                                         ^
kernel/arch/x86_64/xhci.c:30:60: warning: conversion from ‘int’ to ‘uint8_t’ {或称 ‘unsigned char’} may change value [-Wconversion]
   30 |                         ctrl->base = pci_read_config(b, d, f, 0x10) & 0xFFFFFFF0;
      |                                                            ^
<2> Building kernel/arch/x86_64/wmi.c
<0> Building kernel/arch/x86_64/win32_stubs.c
kernel/arch/x86_64/wmi.c: 在函数‘wmi_exec_query’中:
kernel/arch/x86_64/wmi.c:498:21: warning: 多字节字符常量 [-Wmultichar]
  498 |     en->signature = 'ENUM';
      |                     ^~~~~~
kernel/arch/x86_64/wmi.c: 在函数‘wmi_enum_get’中:
kernel/arch/x86_64/wmi.c:531:36: warning: 多字节字符常量 [-Wmultichar]
  531 |     if (en->signature != (uint32_t)'ENUM') return WBEM_E_INVALID_PARAMETER;
      |                                    ^~~~~~
<0> Building kernel/arch/x86_64/win32_shell.c
kernel/arch/x86_64/win32_shell.c: 在函数‘ShellExecuteA’中:
kernel/arch/x86_64/win32_shell.c:207:30: warning: 未使用的变量‘tmp’ [-Wunused-variable]
  207 |                         char tmp[512];
      |                              ^~~
kernel/arch/x86_64/win32_shell.c: 在函数‘PathCanonicalizeA’中:
kernel/arch/x86_64/win32_shell.c:728:34: warning: ‘size_t’ {或称 ‘long long unsigned int’}转换自‘int’时可能会改变结果的符号 [-Wsign-conversion]
  728 |             memcpy(tmp + ti, sp, ci);
      |                                  ^~
kernel/arch/x86_64/win32_shell.c: 在函数‘cmd_builtin_dir’中:
kernel/arch/x86_64/win32_shell.c:1598:9: warning: 变量‘found’被设定但未被使用 [-Wunused-but-set-variable=]
 1598 |     int found;
      |         ^~~~~
kernel/arch/x86_64/win32_shell.c: 在函数‘cmd_builtin_set’中:
kernel/arch/x86_64/win32_shell.c:1795:9: warning: 变量‘expr_mode’被设定但未被使用 [-Wunused-but-set-variable=]
 1795 |     int expr_mode = 0;
      |         ^~~~~~~~~
kernel/arch/x86_64/win32_shell.c: 在函数‘cmd_builtin_sort’中:
kernel/arch/x86_64/win32_shell.c:2065:22: warning: ‘size_t’ {或称 ‘long long unsigned int’}转换自‘int’时可能会改变结果的符号 [-Wsign-conversion]
 2065 |         qsort(lines, count, sizeof(char*), strcmp_void);
      |                      ^~~~~
kernel/arch/x86_64/win32_shell.c: 在函数‘cmd_builtin_help’中:
kernel/arch/x86_64/win32_shell.c:2116:42: warning: 未使用的参数‘cmd’ [-Wunused-parameter]
 2116 | static int cmd_builtin_help(cmd_state_t* cmd, int argc, char** argv) {
      |                             ~~~~~~~~~~~~~^~~
kernel/arch/x86_64/win32_shell.c: 在函数‘cmd_resolve_and_run’中:
kernel/arch/x86_64/win32_shell.c:2224:23: warning: 比较指针和整数
 2224 |         if (fn && *fn != cmdname) {
      |                       ^~
kernel/arch/x86_64/win32_shell.c: 在函数‘cmd_execute_line’中:
kernel/arch/x86_64/win32_shell.c:2373:13: warning: 变量‘match_idx’被设定但未被使用 [-Wunused-but-set-variable=]
 2373 |         int match_idx;
      |             ^~~~~~~~~
<3> Building kernel/arch/x86_64/win32_security.c
kernel/arch/x86_64/win32_security.c: 在函数‘CreateWellKnownSid’中:
kernel/arch/x86_64/win32_security.c:8:43: warning: 初始值设定周围缺少花括号 [-Wmissing-braces]
    8 | #define SECURITY_WORLD_SID_AUTHORITY      {0,0,0,0,0,1}
      |                                           ^
kernel/arch/x86_64/win32_security.c:397:43: note: in expansion of macro ‘SECURITY_WORLD_SID_AUTHORITY’
  397 |     SID_IDENTIFIER_AUTHORITY world_auth = SECURITY_WORLD_SID_AUTHORITY;
      |                                           ^~~~~~~~~~~~~~~~~~~~~~~~~~~~
kernel/arch/x86_64/win32_security.c:9:43: warning: 初始值设定周围缺少花括号 [-Wmissing-braces]
    9 | #define SECURITY_LOCAL_SID_AUTHORITY      {0,0,0,0,0,2}
      |                                           ^
kernel/arch/x86_64/win32_security.c:398:43: note: in expansion of macro ‘SECURITY_LOCAL_SID_AUTHORITY’
  398 |     SID_IDENTIFIER_AUTHORITY local_auth = SECURITY_LOCAL_SID_AUTHORITY;
      |                                           ^~~~~~~~~~~~~~~~~~~~~~~~~~~~
kernel/arch/x86_64/win32_security.c:10:43: warning: 初始值设定周围缺少花括号 [-Wmissing-braces]
   10 | #define SECURITY_CREATOR_SID_AUTHORITY    {0,0,0,0,0,3}
      |                                           ^
kernel/arch/x86_64/win32_security.c:399:45: note: in expansion of macro ‘SECURITY_CREATOR_SID_AUTHORITY’
  399 |     SID_IDENTIFIER_AUTHORITY creator_auth = SECURITY_CREATOR_SID_AUTHORITY;
      |                                             ^~~~~~~~~~~~~~~~~~~~~~~~~~~~~~
kernel/arch/x86_64/win32_security.c:12:43: warning: 初始值设定周围缺少花括号 [-Wmissing-braces]
   12 | #define SECURITY_NT_AUTHORITY             {0,0,0,0,0,5}
      |                                           ^
kernel/arch/x86_64/win32_security.c:400:40: note: in expansion of macro ‘SECURITY_NT_AUTHORITY’
  400 |     SID_IDENTIFIER_AUTHORITY nt_auth = SECURITY_NT_AUTHORITY;
      |                                        ^~~~~~~~~~~~~~~~~~~~~
kernel/arch/x86_64/win32_security.c: 在函数‘sid_is_world_or_auth’中:
kernel/arch/x86_64/win32_security.c:8:43: warning: 初始值设定周围缺少花括号 [-Wmissing-braces]
    8 | #define SECURITY_WORLD_SID_AUTHORITY      {0,0,0,0,0,1}
      |                                           ^
kernel/arch/x86_64/win32_security.c:591:43: note: in expansion of macro ‘SECURITY_WORLD_SID_AUTHORITY’
  591 |     SID_IDENTIFIER_AUTHORITY world_auth = SECURITY_WORLD_SID_AUTHORITY;
      |                                           ^~~~~~~~~~~~~~~~~~~~~~~~~~~~
kernel/arch/x86_64/win32_security.c:12:43: warning: 初始值设定周围缺少花括号 [-Wmissing-braces]
   12 | #define SECURITY_NT_AUTHORITY             {0,0,0,0,0,5}
      |                                           ^
kernel/arch/x86_64/win32_security.c:592:40: note: in expansion of macro ‘SECURITY_NT_AUTHORITY’
  592 |     SID_IDENTIFIER_AUTHORITY nt_auth = SECURITY_NT_AUTHORITY;
      |                                        ^~~~~~~~~~~~~~~~~~~~~
kernel/arch/x86_64/win32_security.c: 在函数‘create_system_token’中:
kernel/arch/x86_64/win32_security.c:12:43: warning: 初始值设定周围缺少花括号 [-Wmissing-braces]
   12 | #define SECURITY_NT_AUTHORITY             {0,0,0,0,0,5}
      |                                           ^
kernel/arch/x86_64/win32_security.c:662:40: note: in expansion of macro ‘SECURITY_NT_AUTHORITY’
  662 |     SID_IDENTIFIER_AUTHORITY nt_auth = SECURITY_NT_AUTHORITY;
      |                                        ^~~~~~~~~~~~~~~~~~~~~
kernel/arch/x86_64/win32_security.c:8:43: warning: 初始值设定周围缺少花括号 [-Wmissing-braces]
    8 | #define SECURITY_WORLD_SID_AUTHORITY      {0,0,0,0,0,1}
      |                                           ^
kernel/arch/x86_64/win32_security.c:663:43: note: in expansion of macro ‘SECURITY_WORLD_SID_AUTHORITY’
  663 |     SID_IDENTIFIER_AUTHORITY world_auth = SECURITY_WORLD_SID_AUTHORITY;
      |                                           ^~~~~~~~~~~~~~~~~~~~~~~~~~~~
kernel/arch/x86_64/win32_security.c: 在函数‘LookupAccountNameA’中:
kernel/arch/x86_64/win32_security.c:12:43: warning: 初始值设定周围缺少花括号 [-Wmissing-braces]
   12 | #define SECURITY_NT_AUTHORITY             {0,0,0,0,0,5}
      |                                           ^
kernel/arch/x86_64/win32_security.c:886:44: note: in expansion of macro ‘SECURITY_NT_AUTHORITY’
  886 |         SID_IDENTIFIER_AUTHORITY nt_auth = SECURITY_NT_AUTHORITY;
      |                                            ^~~~~~~~~~~~~~~~~~~~~
kernel/arch/x86_64/win32_security.c: 在文件作用域：
kernel/arch/x86_64/win32_security.c:175:13: warning: ‘set_last_error’ 在此处定义 [-Wunused-function]
  175 | static void set_last_error(uint32_t err) {
      |             ^~~~~~~~~~~~~~
<1> Building kernel/arch/x86_64/win32_process.c
kernel/arch/x86_64/win32_process.c: 在函数‘ZwClose’中:
kernel/arch/x86_64/win32_process.c:1137:12: warning: ‘uint32_t’ {或称 ‘unsigned int’}转换自‘NTSTATUS’ {或称 ‘long int’}时可能会改变结果的符号 [-Wsign-conversion]
 1137 |     return NtClose(Handle);
      |            ^~~~~~~~~~~~~~~
kernel/arch/x86_64/win32_process.c: 在函数‘ZwAllocateVirtualMemory’中:
kernel/arch/x86_64/win32_process.c:1148:12: warning: ‘uint32_t’ {或称 ‘unsigned int’}转换自‘NTSTATUS’ {或称 ‘long int’}时可能会改变结果的符号 [-Wsign-conversion]
 1148 |     return NtAllocateVirtualMemory(ProcessHandle, BaseAddress, ZeroBits, RegionSize, AllocationType, Protect);
      |            ^~~~~~~~~~~~~~~~~~~~~~~~~~~~~~~~~~~~~~~~~~~~~~~~~~~~~~~~~~~~~~~~~~~~~~~~~~~~~~~~~~~~~~~~~~~~~~~~~~
kernel/arch/x86_64/win32_process.c: 在函数‘ZwFreeVirtualMemory’中:
kernel/arch/x86_64/win32_process.c:1157:12: warning: ‘uint32_t’ {或称 ‘unsigned int’}转换自‘NTSTATUS’ {或称 ‘long int’}时可能会改变结果的符号 [-Wsign-conversion]
 1157 |     return NtFreeVirtualMemory(ProcessHandle, BaseAddress, RegionSize, FreeType);
      |            ^~~~~~~~~~~~~~~~~~~~~~~~~~~~~~~~~~~~~~~~~~~~~~~~~~~~~~~~~~~~~~~~~~~~~
kernel/arch/x86_64/win32_process.c: 在函数‘ZwQueryInformationProcess’中:
kernel/arch/x86_64/win32_process.c:1167:12: warning: ‘uint32_t’ {或称 ‘unsigned int’}转换自‘NTSTATUS’ {或称 ‘long int’}时可能会改变结果的符号 [-Wsign-conversion]
 1167 |     return NtQueryInformationProcess(ProcessHandle, ProcessInformationClass, ProcessInformation, ProcessInformationLength, ReturnLength);
      |            ^~~~~~~~~~~~~~~~~~~~~~~~~~~~~~~~~~~~~~~~~~~~~~~~~~~~~~~~~~~~~~~~~~~~~~~~~~~~~~~~~~~~~~~~~~~~~~~~~~~~~~~~~~~~~~~~~~~~~~~~~~~~~
kernel/arch/x86_64/win32_process.c: 在函数‘ZwQueryInformationThread’中:
kernel/arch/x86_64/win32_process.c:1177:12: warning: ‘uint32_t’ {或称 ‘unsigned int’}转换自‘NTSTATUS’ {或称 ‘long int’}时可能会改变结果的符号 [-Wsign-conversion]
 1177 |     return NtQueryInformationThread(ThreadHandle, ThreadInformationClass, ThreadInformation, ThreadInformationLength, ReturnLength);
      |            ^~~~~~~~~~~~~~~~~~~~~~~~~~~~~~~~~~~~~~~~~~~~~~~~~~~~~~~~~~~~~~~~~~~~~~~~~~~~~~~~~~~~~~~~~~~~~~~~~~~~~~~~~~~~~~~~~~~~~~~~
kernel/arch/x86_64/win32_process.c: 在函数‘ZwCreateFile’中:
kernel/arch/x86_64/win32_process.c:1193:12: warning: ‘uint32_t’ {或称 ‘unsigned int’}转换自‘NTSTATUS’ {或称 ‘long int’}时可能会改变结果的符号 [-Wsign-conversion]
 1193 |     return NtCreateFile(FileHandle, DesiredAccess, ObjectAttributes, IoStatusBlock, AllocationSize, FileAttributes, ShareAccess, CreateDisposition, CreateOptions, EaBuffer, EaLength);
      |            ^~~~~~~~~~~~~~~~~~~~~~~~~~~~~~~~~~~~~~~~~~~~~~~~~~~~~~~~~~~~~~~~~~~~~~~~~~~~~~~~~~~~~~~~~~~~~~~~~~~~~~~~~~~~~~~~~~~~~~~~~~~~~~~~~~~~~~~~~~~~~~~~~~~~~~~~~~~~~~~~~~~~~~~~~~~
kernel/arch/x86_64/win32_process.c: 在函数‘ZwReadFile’中:
kernel/arch/x86_64/win32_process.c:1207:12: warning: ‘uint32_t’ {或称 ‘unsigned int’}转换自‘NTSTATUS’ {或称 ‘long int’}时可能会改变结果的符号 [-Wsign-conversion]
 1207 |     return NtReadFile(FileHandle, Event, ApcRoutine, ApcContext, IoStatusBlock, Buffer, Length, ByteOffset, Key);
      |            ^~~~~~~~~~~~~~~~~~~~~~~~~~~~~~~~~~~~~~~~~~~~~~~~~~~~~~~~~~~~~~~~~~~~~~~~~~~~~~~~~~~~~~~~~~~~~~~~~~~~~
kernel/arch/x86_64/win32_process.c: 在函数‘ZwWriteFile’中:
kernel/arch/x86_64/win32_process.c:1221:12: warning: ‘uint32_t’ {或称 ‘unsigned int’}转换自‘NTSTATUS’ {或称 ‘long int’}时可能会改变结果的符号 [-Wsign-conversion]
 1221 |     return NtWriteFile(FileHandle, Event, ApcRoutine, ApcContext, IoStatusBlock, Buffer, Length, ByteOffset, Key);
      |            ^~~~~~~~~~~~~~~~~~~~~~~~~~~~~~~~~~~~~~~~~~~~~~~~~~~~~~~~~~~~~~~~~~~~~~~~~~~~~~~~~~~~~~~~~~~~~~~~~~~~~~
kernel/arch/x86_64/win32_process.c: 在函数‘ZwQueryAttributesFile’中:
kernel/arch/x86_64/win32_process.c:1228:12: warning: ‘uint32_t’ {或称 ‘unsigned int’}转换自‘NTSTATUS’ {或称 ‘long int’}时可能会改变结果的符号 [-Wsign-conversion]
 1228 |     return NtQueryAttributesFile(ObjectAttributes, FileInformation);
      |            ^~~~~~~~~~~~~~~~~~~~~~~~~~~~~~~~~~~~~~~~~~~~~~~~~~~~~~~~
kernel/arch/x86_64/win32_process.c: 在文件作用域：
kernel/arch/x86_64/win32_process.c:291:13: warning: ‘process_slot_cleanup’ 在此处定义 [-Wunused-function]
  291 | static void process_slot_cleanup(win32_process_t* proc) {
      |             ^~~~~~~~~~~~~~~~~~~~
<2> Building kernel/arch/x86_64/win32_ntdll.c
kernel/arch/x86_64/win32_ntdll.c: 在函数‘NtCreateFile’中:
kernel/arch/x86_64/win32_ntdll.c:391:55: warning: 未使用的参数‘DesiredAccess’ [-Wunused-parameter]
  391 | NTSTATUS NtCreateFile(PHANDLE FileHandle, ACCESS_MASK DesiredAccess,
      |                                           ~~~~~~~~~~~~^~~~~~~~~~~~~
kernel/arch/x86_64/win32_ntdll.c: 在函数‘NtQueryDirectoryObject’中:
kernel/arch/x86_64/win32_ntdll.c:1325:54: warning: 未使用的参数‘BufferLength’ [-Wunused-parameter]
 1325 |                                  PVOID Buffer, ULONG BufferLength,
      |                                                ~~~~~~^~~~~~~~~~~~
kernel/arch/x86_64/win32_shell.c: 在函数‘PathCanonicalizeA.part.0’中:
kernel/arch/x86_64/win32_shell.c:724:40: warning: array subscript 128 is above array bounds of ‘char *[64]’ [-Warray-bounds=]
  724 |             ci = (int)((uintptr_t)comps[i + 128]);
      |                                   ~~~~~^~~~~~~~~
kernel/arch/x86_64/win32_shell.c:650:11: note: while referencing ‘comps’
  650 |     char* comps[64];
      |           ^~~~~
<3> Building kernel/arch/x86_64/win32_msvcrt.c
kernel/arch/x86_64/win32_msvcrt.c: 在函数‘output_char’中:
kernel/arch/x86_64/win32_msvcrt.c:47:9: warning: ‘vga_putc’的地址总是等价为‘true’ [-Waddress]
   47 |     if (vga_putc) vga_putc(c);
      |         ^~~~~~~~
kernel/arch/x86_64/win32_msvcrt.c: 在函数‘output_string’中:
kernel/arch/x86_64/win32_msvcrt.c:55:9: warning: ‘vga_print’的地址总是等价为‘true’ [-Waddress]
   55 |     if (vga_print) vga_print(s);
      |         ^~~~~~~~~
kernel/arch/x86_64/win32_msvcrt.c: 在函数‘fputs’中:
kernel/arch/x86_64/win32_msvcrt.c:739:12: warning: conversion from ‘size_t’ {或称 ‘long long unsigned int’} to ‘int’ may change value [-Wconversion]
  739 |     return strlen(s);
      |            ^~~~~~~~~
<1> Building kernel/arch/x86_64/win32_kernel32.c
kernel/arch/x86_64/win32_kernel32.c: 在函数‘SetFilePointer’中:
kernel/arch/x86_64/win32_kernel32.c:614:48: warning: ‘long long unsigned int’转换自‘long long int’时可能会改变结果的符号 [-Wsign-conversion]
  614 |         offset = (int64_t)((uint64_t)hi << 32) | (uint64_t)(uint32_t)lDistanceToMove;
      |                                                ^
kernel/arch/x86_64/win32_kernel32.c:614:18: warning: ‘int64_t’ {或称 ‘long long int’}转换自‘long long unsigned int’时可能会改变结果的符号 [-Wsign-conversion]
  614 |         offset = (int64_t)((uint64_t)hi << 32) | (uint64_t)(uint32_t)lDistanceToMove;
      |                  ^
kernel/arch/x86_64/win32_kernel32.c: 在函数‘SetEndOfFile’中:
kernel/arch/x86_64/win32_kernel32.c:650:9: warning: 变量‘fd’被设定但未被使用 [-Wunused-but-set-variable=]
  650 |     int fd;
      |         ^~
kernel/arch/x86_64/win32_kernel32.c: 在函数‘GetFileSize’中:
kernel/arch/x86_64/win32_kernel32.c:682:9: warning: 变量‘fd’被设定但未被使用 [-Wunused-but-set-variable=]
  682 |     int fd;
      |         ^~
kernel/arch/x86_64/win32_kernel32.c: 在函数‘FileTimeToDosDateTime’中:
kernel/arch/x86_64/win32_kernel32.c:1035:44: warning: 未使用的参数‘lpFileTime’ [-Wunused-parameter]
 1035 | BOOL FileTimeToDosDateTime(const uint64_t* lpFileTime, WORD* lpFatDate, WORD* lpFatTime) {
      |                            ~~~~~~~~~~~~~~~~^~~~~~~~~~
kernel/arch/x86_64/win32_kernel32.c: 在函数‘DosDateTimeToFileTime’中:
kernel/arch/x86_64/win32_kernel32.c:1041:33: warning: 未使用的参数‘wFatDate’ [-Wunused-parameter]
 1041 | BOOL DosDateTimeToFileTime(WORD wFatDate, WORD wFatTime, uint64_t* lpFileTime) {
      |                            ~~~~~^~~~~~~~
kernel/arch/x86_64/win32_kernel32.c:1041:48: warning: 未使用的参数‘wFatTime’ [-Wunused-parameter]
 1041 | BOOL DosDateTimeToFileTime(WORD wFatDate, WORD wFatTime, uint64_t* lpFileTime) {
      |                                           ~~~~~^~~~~~~~
kernel/arch/x86_64/win32_kernel32.c: 在文件作用域：
kernel/arch/x86_64/win32_kernel32.c:1549:23: warning: cast between incompatible function types from ‘uint32_t (*)(void)’ {或称 ‘unsigned int (*)(void)’} to ‘intptr_t (*)()’ {或称 ‘long long int (*)()’} [-Wcast-function-type]
 1549 |     { "GetTickCount", (FARPROC)GetTickCount },
      |                       ^
kernel/arch/x86_64/win32_kernel32.c:1551:16: warning: cast between incompatible function types from ‘void (*)(uint32_t)’ {或称 ‘void (*)(unsigned int)’} to ‘intptr_t (*)()’ {或称 ‘long long int (*)()’} [-Wcast-function-type]
 1551 |     { "Sleep", (FARPROC)Sleep },
      |                ^
kernel/arch/x86_64/win32_kernel32.c:1552:23: warning: cast between incompatible function types from ‘void * (*)(void *, uint64_t,  uint32_t (*)(void *), void *, uint32_t,  uint32_t *)’ {或称 ‘void * (*)(void *, long long unsigned int,  unsigned int (*)(void *), void *, unsigned int,  unsigned int *)’} to ‘intptr_t (*)()’ {或称 ‘long long int (*)()’} [-Wcast-function-type]
 1552 |     { "CreateThread", (FARPROC)CreateThread },
      |                       ^
kernel/arch/x86_64/win32_kernel32.c:1553:26: warning: cast between incompatible function types from ‘BOOL (*)(void *, uint32_t)’ {或称 ‘int (*)(void *, unsigned int)’} to ‘intptr_t (*)()’ {或称 ‘long long int (*)()’} [-Wcast-function-type]
 1553 |     { "TerminateThread", (FARPROC)TerminateThread },
      |                          ^
kernel/arch/x86_64/win32_kernel32.c:1554:22: warning: cast between incompatible function types from ‘BOOL (*)(void *)’ {或称 ‘int (*)(void *)’} to ‘intptr_t (*)()’ {或称 ‘long long int (*)()’} [-Wcast-function-type]
 1554 |     { "CloseHandle", (FARPROC)CloseHandle },
      |                      ^
kernel/arch/x86_64/win32_kernel32.c:1555:30: warning: cast between incompatible function types from ‘uint32_t (*)(void *, unsigned int)’ {或称 ‘unsigned int (*)(void *, unsigned int)’} to ‘intptr_t (*)()’ {或称 ‘long long int (*)()’} [-Wcast-function-type]
 1555 |     { "WaitForSingleObject", (FARPROC)WaitForSingleObject },
      |                              ^
kernel/arch/x86_64/win32_kernel32.c:1556:23: warning: cast between incompatible function types from ‘uint32_t (*)(void)’ {或称 ‘unsigned int (*)(void)’} to ‘intptr_t (*)()’ {或称 ‘long long int (*)()’} [-Wcast-function-type]
 1556 |     { "GetLastError", (FARPROC)GetLastError },
      |                       ^
kernel/arch/x86_64/win32_kernel32.c:1557:23: warning: cast between incompatible function types from ‘void (*)(uint32_t)’ {或称 ‘void (*)(unsigned int)’} to ‘intptr_t (*)()’ {或称 ‘long long int (*)()’} [-Wcast-function-type]
 1557 |     { "SetLastError", (FARPROC)SetLastError },
      |                       ^
kernel/arch/x86_64/win32_kernel32.c:1558:30: warning: cast between incompatible function types from ‘uint32_t (*)(void)’ {或称 ‘unsigned int (*)(void)’} to ‘intptr_t (*)()’ {或称 ‘long long int (*)()’} [-Wcast-function-type]
 1558 |     { "GetCurrentProcessId", (FARPROC)GetCurrentProcessId },
      |                              ^
kernel/arch/x86_64/win32_kernel32.c:1559:29: warning: cast between incompatible function types from ‘uint32_t (*)(void)’ {或称 ‘unsigned int (*)(void)’} to ‘intptr_t (*)()’ {或称 ‘long long int (*)()’} [-Wcast-function-type]
 1559 |     { "GetCurrentThreadId", (FARPROC)GetCurrentThreadId },
      |                             ^
kernel/arch/x86_64/win32_kernel32.c:1560:28: warning: cast between incompatible function types from ‘void * (*)(void)’ to ‘intptr_t (*)()’ {或称 ‘long long int (*)()’} [-Wcast-function-type]
 1560 |     { "GetCurrentProcess", (FARPROC)GetCurrentProcess },
      |                            ^
kernel/arch/x86_64/win32_kernel32.c:1561:27: warning: cast between incompatible function types from ‘void * (*)(void)’ to ‘intptr_t (*)()’ {或称 ‘long long int (*)()’} [-Wcast-function-type]
 1561 |     { "GetCurrentThread", (FARPROC)GetCurrentThread },
      |                           ^
kernel/arch/x86_64/win32_kernel32.c:1562:34: warning: cast between incompatible function types from ‘BOOL (*)(void *, BOOL)’ {或称 ‘int (*)(void *, int)’} to ‘intptr_t (*)()’ {或称 ‘long long int (*)()’} [-Wcast-function-type]
 1562 |     { "SetProcessPriorityBoost", (FARPROC)SetProcessPriorityBoost },
      |                                  ^
kernel/arch/x86_64/win32_kernel32.c:1563:29: warning: cast between incompatible function types from ‘BOOL (*)(void *, uint32_t *)’ {或称 ‘int (*)(void *, unsigned int *)’} to ‘intptr_t (*)()’ {或称 ‘long long int (*)()’} [-Wcast-function-type]
 1563 |     { "GetExitCodeProcess", (FARPROC)GetExitCodeProcess },
      |                             ^
kernel/arch/x86_64/win32_kernel32.c:1564:19: warning: cast between incompatible function types from ‘BOOL (*)(void *, void *, uint32_t,  uint32_t *, void *)’ {或称 ‘int (*)(void *, void *, unsigned int,  unsigned int *, void *)’} to ‘intptr_t (*)()’ {或称 ‘long long int (*)()’} [-Wcast-function-type]
 1564 |     { "ReadFile", (FARPROC)ReadFile },
      |                   ^
kernel/arch/x86_64/win32_kernel32.c:1565:20: warning: cast between incompatible function types from ‘BOOL (*)(void *, const void *, uint32_t,  uint32_t *, void *)’ {或称 ‘int (*)(void *, const void *, unsigned int,  unsigned int *, void *)’} to ‘intptr_t (*)()’ {或称 ‘long long int (*)()’} [-Wcast-function-type]
 1565 |     { "WriteFile", (FARPROC)WriteFile },
      |                    ^
kernel/arch/x86_64/win32_kernel32.c:1566:22: warning: cast between incompatible function types from ‘void * (*)(const char *, uint32_t,  uint32_t,  void *, uint32_t,  uint32_t,  void *)’ {或称 ‘void * (*)(const char *, unsigned int,  unsigned int,  void *, unsigned int,  unsigned int,  void *)’} to ‘intptr_t (*)()’ {或称 ‘long long int (*)()’} [-Wcast-function-type]
 1566 |     { "CreateFileA", (FARPROC)CreateFileA },
      |                      ^
kernel/arch/x86_64/win32_kernel32.c:1567:25: warning: cast between incompatible function types from ‘BOOL (*)(void *, int32_t,  int32_t *, uint32_t)’ {或称 ‘int (*)(void *, int,  int *, unsigned int)’} to ‘intptr_t (*)()’ {或称 ‘long long int (*)()’} [-Wcast-function-type]
 1567 |     { "SetFilePointer", (FARPROC)SetFilePointer },
      |                         ^
kernel/arch/x86_64/win32_kernel32.c:1568:23: warning: cast between incompatible function types from ‘BOOL (*)(void *)’ {或称 ‘int (*)(void *)’} to ‘intptr_t (*)()’ {或称 ‘long long int (*)()’} [-Wcast-function-type]
 1568 |     { "SetEndOfFile", (FARPROC)SetEndOfFile },
      |                       ^
kernel/arch/x86_64/win32_kernel32.c:1569:27: warning: cast between incompatible function types from ‘BOOL (*)(void *)’ {或称 ‘int (*)(void *)’} to ‘intptr_t (*)()’ {或称 ‘long long int (*)()’} [-Wcast-function-type]
 1569 |     { "FlushFileBuffers", (FARPROC)FlushFileBuffers },
      |                           ^
kernel/arch/x86_64/win32_kernel32.c:1570:25: warning: cast between incompatible function types from ‘void * (*)(const char *, void *)’ to ‘intptr_t (*)()’ {或称 ‘long long int (*)()’} [-Wcast-function-type]
 1570 |     { "FindFirstFileA", (FARPROC)FindFirstFileA },
      |                         ^
kernel/arch/x86_64/win32_kernel32.c:1571:24: warning: cast between incompatible function types from ‘BOOL (*)(void *, void *)’ {或称 ‘int (*)(void *, void *)’} to ‘intptr_t (*)()’ {或称 ‘long long int (*)()’} [-Wcast-function-type]
 1571 |     { "FindNextFileA", (FARPROC)FindNextFileA },
      |                        ^
kernel/arch/x86_64/win32_kernel32.c:1572:20: warning: cast between incompatible function types from ‘BOOL (*)(void *)’ {或称 ‘int (*)(void *)’} to ‘intptr_t (*)()’ {或称 ‘long long int (*)()’} [-Wcast-function-type]
 1572 |     { "FindClose", (FARPROC)FindClose },
      |                    ^
kernel/arch/x86_64/win32_kernel32.c:1573:27: warning: cast between incompatible function types from ‘BOOL (*)(const char *, void *)’ {或称 ‘int (*)(const char *, void *)’} to ‘intptr_t (*)()’ {或称 ‘long long int (*)()’} [-Wcast-function-type]
 1573 |     { "CreateDirectoryA", (FARPROC)CreateDirectoryA },
      |                           ^
kernel/arch/x86_64/win32_kernel32.c:1574:27: warning: cast between incompatible function types from ‘BOOL (*)(const char *)’ {或称 ‘int (*)(const char *)’} to ‘intptr_t (*)()’ {或称 ‘long long int (*)()’} [-Wcast-function-type]
 1574 |     { "RemoveDirectoryA", (FARPROC)RemoveDirectoryA },
      |                           ^
kernel/arch/x86_64/win32_kernel32.c:1575:22: warning: cast between incompatible function types from ‘BOOL (*)(const char *)’ {或称 ‘int (*)(const char *)’} to ‘intptr_t (*)()’ {或称 ‘long long int (*)()’} [-Wcast-function-type]
 1575 |     { "DeleteFileA", (FARPROC)DeleteFileA },
      |                      ^
kernel/arch/x86_64/win32_kernel32.c:1576:20: warning: cast between incompatible function types from ‘BOOL (*)(const char *, const char *)’ {或称 ‘int (*)(const char *, const char *)’} to ‘intptr_t (*)()’ {或称 ‘long long int (*)()’} [-Wcast-function-type]
 1576 |     { "MoveFileA", (FARPROC)MoveFileA },
      |                    ^
kernel/arch/x86_64/win32_kernel32.c:1577:20: warning: cast between incompatible function types from ‘BOOL (*)(const char *, const char *, BOOL)’ {或称 ‘int (*)(const char *, const char *, int)’} to ‘intptr_t (*)()’ {或称 ‘long long int (*)()’} [-Wcast-function-type]
 1577 |     { "CopyFileA", (FARPROC)CopyFileA },
      |                    ^
kernel/arch/x86_64/win32_kernel32.c:1578:29: warning: cast between incompatible function types from ‘uint32_t (*)(const char *)’ {或称 ‘unsigned int (*)(const char *)’} to ‘intptr_t (*)()’ {或称 ‘long long int (*)()’} [-Wcast-function-type]
 1578 |     { "GetFileAttributesA", (FARPROC)GetFileAttributesA },
      |                             ^
kernel/arch/x86_64/win32_kernel32.c:1579:24: warning: cast between incompatible function types from ‘BOOL (*)(void *, int64_t *)’ {或称 ‘int (*)(void *, long long int *)’} to ‘intptr_t (*)()’ {或称 ‘long long int (*)()’} [-Wcast-function-type]
 1579 |     { "GetFileSizeEx", (FARPROC)GetFileSizeEx },
      |                        ^
kernel/arch/x86_64/win32_kernel32.c:1580:29: warning: cast between incompatible function types from ‘uint32_t (*)(void *, char *, uint32_t)’ {或称 ‘unsigned int (*)(void *, char *, unsigned int)’} to ‘intptr_t (*)()’ {或称 ‘long long int (*)()’} [-Wcast-function-type]
 1580 |     { "GetModuleFileNameA", (FARPROC)GetModuleFileNameA },
      |                             ^
kernel/arch/x86_64/win32_kernel32.c:1581:27: warning: cast between incompatible function types from ‘void * (*)(const char *)’ to ‘intptr_t (*)()’ {或称 ‘long long int (*)()’} [-Wcast-function-type]
 1581 |     { "GetModuleHandleA", (FARPROC)GetModuleHandleA },
      |                           ^
kernel/arch/x86_64/win32_kernel32.c:1582:25: warning: cast between incompatible function types from ‘intptr_t (* (*)(void *, const char *))()’ {或称 ‘long long int (* (*)(void *, const char *))()’} to ‘intptr_t (*)()’ {或称 ‘long long int (*)()’} [-Wcast-function-type]
 1582 |     { "GetProcAddress", (FARPROC)GetProcAddress },
      |                         ^
kernel/arch/x86_64/win32_kernel32.c:1583:23: warning: cast between incompatible function types from ‘void * (*)(const char *)’ to ‘intptr_t (*)()’ {或称 ‘long long int (*)()’} [-Wcast-function-type]
 1583 |     { "LoadLibraryA", (FARPROC)LoadLibraryA },
      |                       ^
kernel/arch/x86_64/win32_kernel32.c:1584:22: warning: cast between incompatible function types from ‘BOOL (*)(void *)’ {或称 ‘int (*)(void *)’} to ‘intptr_t (*)()’ {或称 ‘long long int (*)()’} [-Wcast-function-type]
 1584 |     { "FreeLibrary", (FARPROC)FreeLibrary },
      |                      ^
kernel/arch/x86_64/win32_kernel32.c:1585:22: warning: cast between incompatible function types from ‘void * (*)(UINT,  uint64_t)’ {或称 ‘void * (*)(unsigned int,  long long unsigned int)’} to ‘intptr_t (*)()’ {或称 ‘long long int (*)()’} [-Wcast-function-type]
 1585 |     { "GlobalAlloc", (FARPROC)GlobalAlloc },
      |                      ^
kernel/arch/x86_64/win32_kernel32.c:1586:21: warning: cast between incompatible function types from ‘void * (*)(void *)’ to ‘intptr_t (*)()’ {或称 ‘long long int (*)()’} [-Wcast-function-type]
 1586 |     { "GlobalFree", (FARPROC)GlobalFree },
      |                     ^
kernel/arch/x86_64/win32_kernel32.c:1587:21: warning: cast between incompatible function types from ‘void * (*)(void *)’ to ‘intptr_t (*)()’ {或称 ‘long long int (*)()’} [-Wcast-function-type]
 1587 |     { "GlobalLock", (FARPROC)GlobalLock },
      |                     ^
kernel/arch/x86_64/win32_kernel32.c:1588:23: warning: cast between incompatible function types from ‘BOOL (*)(void *)’ {或称 ‘int (*)(void *)’} to ‘intptr_t (*)()’ {或称 ‘long long int (*)()’} [-Wcast-function-type]
 1588 |     { "GlobalUnlock", (FARPROC)GlobalUnlock },
      |                       ^
kernel/arch/x86_64/win32_kernel32.c:1590:21: warning: cast between incompatible function types from ‘void * (*)(UINT,  uint64_t)’ {或称 ‘void * (*)(unsigned int,  long long unsigned int)’} to ‘intptr_t (*)()’ {或称 ‘long long int (*)()’} [-Wcast-function-type]
 1590 |     { "LocalAlloc", (FARPROC)LocalAlloc },
      |                     ^
kernel/arch/x86_64/win32_kernel32.c:1591:20: warning: cast between incompatible function types from ‘void * (*)(void *)’ to ‘intptr_t (*)()’ {或称 ‘long long int (*)()’} [-Wcast-function-type]
 1591 |     { "LocalFree", (FARPROC)LocalFree },
      |                    ^
kernel/arch/x86_64/win32_kernel32.c:1592:20: warning: cast between incompatible function types from ‘void * (*)(void *)’ to ‘intptr_t (*)()’ {或称 ‘long long int (*)()’} [-Wcast-function-type]
 1592 |     { "LocalLock", (FARPROC)LocalLock },
      |                    ^
kernel/arch/x86_64/win32_kernel32.c:1593:22: warning: cast between incompatible function types from ‘BOOL (*)(void *)’ {或称 ‘int (*)(void *)’} to ‘intptr_t (*)()’ {或称 ‘long long int (*)()’} [-Wcast-function-type]
 1593 |     { "LocalUnlock", (FARPROC)LocalUnlock },
      |                      ^
kernel/arch/x86_64/win32_kernel32.c:1595:23: warning: cast between incompatible function types from ‘void * (*)(void *, uint64_t,  DWORD,  DWORD)’ {或称 ‘void * (*)(void *, long long unsigned int,  unsigned int,  unsigned int)’} to ‘intptr_t (*)()’ {或称 ‘long long int (*)()’} [-Wcast-function-type]
 1595 |     { "VirtualAlloc", (FARPROC)VirtualAlloc },
      |                       ^
kernel/arch/x86_64/win32_kernel32.c:1596:22: warning: cast between incompatible function types from ‘BOOL (*)(void *, uint64_t,  DWORD)’ {或称 ‘int (*)(void *, long long unsigned int,  unsigned int)’} to ‘intptr_t (*)()’ {或称 ‘long long int (*)()’} [-Wcast-function-type]
 1596 |     { "VirtualFree", (FARPROC)VirtualFree },
      |                      ^
kernel/arch/x86_64/win32_kernel32.c:1597:25: warning: cast between incompatible function types from ‘BOOL (*)(void *, uint64_t,  DWORD,  DWORD *)’ {或称 ‘int (*)(void *, long long unsigned int,  unsigned int,  unsigned int *)’} to ‘intptr_t (*)()’ {或称 ‘long long int (*)()’} [-Wcast-function-type]
 1597 |     { "VirtualProtect", (FARPROC)VirtualProtect },
      |                         ^
kernel/arch/x86_64/win32_kernel32.c:1598:23: warning: cast between incompatible function types from ‘BOOL (*)(const void *, void *, uint64_t)’ {或称 ‘int (*)(const void *, void *, long long unsigned int)’} to ‘intptr_t (*)()’ {或称 ‘long long int (*)()’} [-Wcast-function-type]
 1598 |     { "VirtualQuery", (FARPROC)VirtualQuery },
      |                       ^
kernel/arch/x86_64/win32_kernel32.c:1599:21: warning: cast between incompatible function types from ‘void * (*)(DWORD,  uint64_t,  uint64_t)’ {或称 ‘void * (*)(unsigned int,  long long unsigned int,  long long unsigned int)’} to ‘intptr_t (*)()’ {或称 ‘long long int (*)()’} [-Wcast-function-type]
 1599 |     { "HeapCreate", (FARPROC)HeapCreate },
      |                     ^
kernel/arch/x86_64/win32_kernel32.c:1600:22: warning: cast between incompatible function types from ‘BOOL (*)(void *)’ {或称 ‘int (*)(void *)’} to ‘intptr_t (*)()’ {或称 ‘long long int (*)()’} [-Wcast-function-type]
 1600 |     { "HeapDestroy", (FARPROC)HeapDestroy },
      |                      ^
kernel/arch/x86_64/win32_kernel32.c:1601:20: warning: cast between incompatible function types from ‘void * (*)(void *, DWORD,  uint64_t)’ {或称 ‘void * (*)(void *, unsigned int,  long long unsigned int)’} to ‘intptr_t (*)()’ {或称 ‘long long int (*)()’} [-Wcast-function-type]
 1601 |     { "HeapAlloc", (FARPROC)HeapAlloc },
      |                    ^
kernel/arch/x86_64/win32_kernel32.c:1602:19: warning: cast between incompatible function types from ‘BOOL (*)(void *, DWORD,  void *)’ {或称 ‘int (*)(void *, unsigned int,  void *)’} to ‘intptr_t (*)()’ {或称 ‘long long int (*)()’} [-Wcast-function-type]
 1602 |     { "HeapFree", (FARPROC)HeapFree },
      |                   ^
kernel/arch/x86_64/win32_kernel32.c:1603:25: warning: cast between incompatible function types from ‘void * (*)(void)’ to ‘intptr_t (*)()’ {或称 ‘long long int (*)()’} [-Wcast-function-type]
 1603 |     { "GetProcessHeap", (FARPROC)GetProcessHeap },
      |                         ^
kernel/arch/x86_64/win32_kernel32.c:1604:24: warning: cast between incompatible function types from ‘void (*)(void *)’ to ‘intptr_t (*)()’ {或称 ‘long long int (*)()’} [-Wcast-function-type]
 1604 |     { "GetSystemInfo", (FARPROC)GetSystemInfo },
      |                        ^
kernel/arch/x86_64/win32_kernel32.c:1605:21: warning: cast between incompatible function types from ‘DWORD (*)(void)’ {或称 ‘unsigned int (*)(void)’} to ‘intptr_t (*)()’ {或称 ‘long long int (*)()’} [-Wcast-function-type]
 1605 |     { "GetVersion", (FARPROC)GetVersion },
      |                     ^
kernel/arch/x86_64/win32_kernel32.c:1606:24: warning: cast between incompatible function types from ‘BOOL (*)(void *)’ {或称 ‘int (*)(void *)’} to ‘intptr_t (*)()’ {或称 ‘long long int (*)()’} [-Wcast-function-type]
 1606 |     { "GetVersionExA", (FARPROC)GetVersionExA },
      |                        ^
kernel/arch/x86_64/win32_kernel32.c:1607:30: warning: cast between incompatible function types from ‘UINT (*)(char *, UINT)’ {或称 ‘unsigned int (*)(char *, unsigned int)’} to ‘intptr_t (*)()’ {或称 ‘long long int (*)()’} [-Wcast-function-type]
 1607 |     { "GetSystemDirectoryA", (FARPROC)GetSystemDirectoryA },
      |                              ^
kernel/arch/x86_64/win32_kernel32.c:1608:31: warning: cast between incompatible function types from ‘UINT (*)(char *, UINT)’ {或称 ‘unsigned int (*)(char *, unsigned int)’} to ‘intptr_t (*)()’ {或称 ‘long long int (*)()’} [-Wcast-function-type]
 1608 |     { "GetWindowsDirectoryA", (FARPROC)GetWindowsDirectoryA },
      |                               ^
kernel/arch/x86_64/win32_kernel32.c:1609:23: warning: cast between incompatible function types from ‘UINT (*)(uint32_t,  char *)’ {或称 ‘unsigned int (*)(unsigned int,  char *)’} to ‘intptr_t (*)()’ {或称 ‘long long int (*)()’} [-Wcast-function-type]
 1609 |     { "GetTempPathA", (FARPROC)GetTempPathA },
      |                       ^
kernel/arch/x86_64/win32_kernel32.c:1610:34: warning: cast between incompatible function types from ‘DWORD (*)(const char *, char *, DWORD)’ {或称 ‘unsigned int (*)(const char *, char *, unsigned int)’} to ‘intptr_t (*)()’ {或称 ‘long long int (*)()’} [-Wcast-function-type]
 1610 |     { "GetEnvironmentVariableA", (FARPROC)GetEnvironmentVariableA },
      |                                  ^
kernel/arch/x86_64/win32_kernel32.c:1611:34: warning: cast between incompatible function types from ‘BOOL (*)(const char *, const char *)’ {或称 ‘int (*)(const char *, const char *)’} to ‘intptr_t (*)()’ {或称 ‘long long int (*)()’} [-Wcast-function-type]
 1611 |     { "SetEnvironmentVariableA", (FARPROC)SetEnvironmentVariableA },
      |                                  ^
kernel/arch/x86_64/win32_kernel32.c:1612:36: warning: cast between incompatible function types from ‘DWORD (*)(const char *, char *, DWORD)’ {或称 ‘unsigned int (*)(const char *, char *, unsigned int)’} to ‘intptr_t (*)()’ {或称 ‘long long int (*)()’} [-Wcast-function-type]
 1612 |     { "ExpandEnvironmentStringsA", (FARPROC)ExpandEnvironmentStringsA },
      |                                    ^
kernel/arch/x86_64/win32_kernel32.c:1613:27: warning: cast between incompatible function types from ‘BOOL (*)(char *, uint32_t *)’ {或称 ‘int (*)(char *, unsigned int *)’} to ‘intptr_t (*)()’ {或称 ‘long long int (*)()’} [-Wcast-function-type]
 1613 |     { "GetComputerNameA", (FARPROC)GetComputerNameA },
      |                           ^
kernel/arch/x86_64/win32_kernel32.c:1614:23: warning: cast between incompatible function types from ‘BOOL (*)(char *, uint32_t *)’ {或称 ‘int (*)(char *, unsigned int *)’} to ‘intptr_t (*)()’ {或称 ‘long long int (*)()’} [-Wcast-function-type]
 1614 |     { "GetUserNameA", (FARPROC)GetUserNameA },
      |                       ^
kernel/arch/x86_64/win32_kernel32.c:1615:19: warning: cast between incompatible function types from ‘int (*)(const char *)’ to ‘intptr_t (*)()’ {或称 ‘long long int (*)()’} [-Wcast-function-type]
 1615 |     { "lstrlenA", (FARPROC)lstrlenA },
      |                   ^
kernel/arch/x86_64/win32_kernel32.c:1616:19: warning: cast between incompatible function types from ‘char * (*)(char *, const char *)’ to ‘intptr_t (*)()’ {或称 ‘long long int (*)()’} [-Wcast-function-type]
 1616 |     { "lstrcpyA", (FARPROC)lstrcpyA },
      |                   ^
kernel/arch/x86_64/win32_kernel32.c:1617:20: warning: cast between incompatible function types from ‘char * (*)(char *, const char *, int)’ to ‘intptr_t (*)()’ {或称 ‘long long int (*)()’} [-Wcast-function-type]
 1617 |     { "lstrcpynA", (FARPROC)lstrcpynA },
      |                    ^
kernel/arch/x86_64/win32_kernel32.c:1618:19: warning: cast between incompatible function types from ‘int (*)(const char *, const char *)’ to ‘intptr_t (*)()’ {或称 ‘long long int (*)()’} [-Wcast-function-type]
 1618 |     { "lstrcmpA", (FARPROC)lstrcmpA },
      |                   ^
kernel/arch/x86_64/win32_kernel32.c:1619:20: warning: cast between incompatible function types from ‘int (*)(const char *, const char *)’ to ‘intptr_t (*)()’ {或称 ‘long long int (*)()’} [-Wcast-function-type]
 1619 |     { "lstrcmpiA", (FARPROC)lstrcmpiA },
      |                    ^
kernel/arch/x86_64/win32_kernel32.c:1620:19: warning: cast between incompatible function types from ‘char * (*)(char *, const char *)’ to ‘intptr_t (*)()’ {或称 ‘long long int (*)()’} [-Wcast-function-type]
 1620 |     { "lstrcatA", (FARPROC)lstrcatA },
      |                   ^
kernel/arch/x86_64/win32_kernel32.c:1621:20: warning: cast between incompatible function types from ‘CHAR * (*)(const CHAR *)’ {或称 ‘char * (*)(const char *)’} to ‘intptr_t (*)()’ {或称 ‘long long int (*)()’} [-Wcast-function-type]
 1621 |     { "CharNextA", (FARPROC)CharNextA },
      |                    ^
kernel/arch/x86_64/win32_kernel32.c:1622:20: warning: cast between incompatible function types from ‘CHAR * (*)(const CHAR *, const CHAR *)’ {或称 ‘char * (*)(const char *, const char *)’} to ‘intptr_t (*)()’ {或称 ‘long long int (*)()’} [-Wcast-function-type]
 1622 |     { "CharPrevA", (FARPROC)CharPrevA },
      |                    ^
kernel/arch/x86_64/win32_kernel32.c:1623:23: warning: cast between incompatible function types from ‘BOOL (*)(CHAR)’ {或称 ‘int (*)(char)’} to ‘intptr_t (*)()’ {或称 ‘long long int (*)()’} [-Wcast-function-type]
 1623 |     { "IsCharAlphaA", (FARPROC)IsCharAlphaA },
      |                       ^
kernel/arch/x86_64/win32_kernel32.c:1624:30: warning: cast between incompatible function types from ‘BOOL (*)(CHAR)’ {或称 ‘int (*)(char)’} to ‘intptr_t (*)()’ {或称 ‘long long int (*)()’} [-Wcast-function-type]
 1624 |     { "IsCharAlphaNumericA", (FARPROC)IsCharAlphaNumericA },
      |                              ^
kernel/arch/x86_64/win32_kernel32.c:1625:23: warning: cast between incompatible function types from ‘BOOL (*)(CHAR)’ {或称 ‘int (*)(char)’} to ‘intptr_t (*)()’ {或称 ‘long long int (*)()’} [-Wcast-function-type]
 1625 |     { "IsCharUpperA", (FARPROC)IsCharUpperA },
      |                       ^
kernel/arch/x86_64/win32_kernel32.c:1626:23: warning: cast between incompatible function types from ‘BOOL (*)(CHAR)’ {或称 ‘int (*)(char)’} to ‘intptr_t (*)()’ {或称 ‘long long int (*)()’} [-Wcast-function-type]
 1626 |     { "IsCharLowerA", (FARPROC)IsCharLowerA },
      |                       ^
kernel/arch/x86_64/win32_kernel32.c:1627:21: warning: cast between incompatible function types from ‘CHAR (*)(CHAR)’ {或称 ‘char (*)(char)’} to ‘intptr_t (*)()’ {或称 ‘long long int (*)()’} [-Wcast-function-type]
 1627 |     { "CharUpperA", (FARPROC)CharUpperA },
      |                     ^
kernel/arch/x86_64/win32_kernel32.c:1628:21: warning: cast between incompatible function types from ‘CHAR (*)(CHAR)’ {或称 ‘char (*)(char)’} to ‘intptr_t (*)()’ {或称 ‘long long int (*)()’} [-Wcast-function-type]
 1628 |     { "CharLowerA", (FARPROC)CharLowerA },
      |                     ^
kernel/arch/x86_64/win32_kernel32.c:1629:21: warning: cast between incompatible function types from ‘int (*)(char *, const char *, void *)’ to ‘intptr_t (*)()’ {或称 ‘long long int (*)()’} [-Wcast-function-type]
 1629 |     { "wvsprintfA", (FARPROC)wvsprintfA },
      |                     ^
kernel/arch/x86_64/win32_kernel32.c:1630:24: warning: cast between incompatible function types from ‘int (*)(void *, const char *, unsigned int,  unsigned int,  void **)’ to ‘intptr_t (*)()’ {或称 ‘long long int (*)()’} [-Wcast-function-type]
 1630 |     { "RegOpenKeyExA", (FARPROC)RegOpenKeyExA },
      |                        ^
kernel/arch/x86_64/win32_kernel32.c:1631:26: warning: cast between incompatible function types from ‘int (*)(void *, const char *, unsigned int,  char *, unsigned int,  unsigned int,  void *, void **, DWORD *)’ {或称 ‘int (*)(void *, const char *, unsigned int,  char *, unsigned int,  unsigned int,  void *, void **, unsigned int *)’} to ‘intptr_t (*)()’ {或称 ‘long long int (*)()’} [-Wcast-function-type]
 1631 |     { "RegCreateKeyExA", (FARPROC)RegCreateKeyExA },
      |                          ^
kernel/arch/x86_64/win32_kernel32.c:1632:22: warning: cast between incompatible function types from ‘int (*)(void *)’ to ‘intptr_t (*)()’ {或称 ‘long long int (*)()’} [-Wcast-function-type]
 1632 |     { "RegCloseKey", (FARPROC)RegCloseKey },
      |                      ^
kernel/arch/x86_64/win32_kernel32.c:1633:27: warning: cast between incompatible function types from ‘int (*)(void *, const char *, DWORD *, DWORD *, BYTE *, DWORD *)’ {或称 ‘int (*)(void *, const char *, unsigned int *, unsigned int *, unsigned char *, unsigned int *)’} to ‘intptr_t (*)()’ {或称 ‘long long int (*)()’} [-Wcast-function-type]
 1633 |     { "RegQueryValueExA", (FARPROC)RegQueryValueExA },
      |                           ^
kernel/arch/x86_64/win32_kernel32.c:1634:25: warning: cast between incompatible function types from ‘int (*)(void *, const char *, unsigned int,  unsigned int,  const BYTE *, unsigned int)’ {或称 ‘int (*)(void *, const char *, unsigned int,  unsigned int,  const unsigned char *, unsigned int)’} to ‘intptr_t (*)()’ {或称 ‘long long int (*)()’} [-Wcast-function-type]
 1634 |     { "RegSetValueExA", (FARPROC)RegSetValueExA },
      |                         ^
kernel/arch/x86_64/win32_kernel32.c:1635:24: warning: cast between incompatible function types from ‘int (*)(void *, unsigned int,  char *, DWORD *, DWORD *, char *, DWORD *, uint64_t *)’ {或称 ‘int (*)(void *, unsigned int,  char *, unsigned int *, unsigned int *, char *, unsigned int *, long long unsigned int *)’} to ‘intptr_t (*)()’ {或称 ‘long long int (*)()’} [-Wcast-function-type]
 1635 |     { "RegEnumKeyExA", (FARPROC)RegEnumKeyExA },
      |                        ^
kernel/arch/x86_64/win32_kernel32.c:1636:24: warning: cast between incompatible function types from ‘int (*)(void *, unsigned int,  char *, DWORD *, DWORD *, DWORD *, BYTE *, DWORD *)’ {或称 ‘int (*)(void *, unsigned int,  char *, unsigned int *, unsigned int *, unsigned int *, unsigned char *, unsigned int *)’} to ‘intptr_t (*)()’ {或称 ‘long long int (*)()’} [-Wcast-function-type]
 1636 |     { "RegEnumValueA", (FARPROC)RegEnumValueA },
      |                        ^
kernel/arch/x86_64/win32_kernel32.c:1637:24: warning: cast between incompatible function types from ‘int (*)(void *, const char *)’ to ‘intptr_t (*)()’ {或称 ‘long long int (*)()’} [-Wcast-function-type]
 1637 |     { "RegDeleteKeyA", (FARPROC)RegDeleteKeyA },
      |                        ^
kernel/arch/x86_64/win32_kernel32.c:1638:26: warning: cast between incompatible function types from ‘int (*)(void *, const char *)’ to ‘intptr_t (*)()’ {或称 ‘long long int (*)()’} [-Wcast-function-type]
 1638 |     { "RegDeleteValueA", (FARPROC)RegDeleteValueA },
      |                          ^
kernel/arch/x86_64/win32_kernel32.c:1639:22: warning: cast between incompatible function types from ‘int (*)(void *)’ to ‘intptr_t (*)()’ {或称 ‘long long int (*)()’} [-Wcast-function-type]
 1639 |     { "RegFlushKey", (FARPROC)RegFlushKey },
      |                      ^
kernel/arch/x86_64/win32_kernel32.c:1640:19: warning: cast between incompatible function types from ‘BOOL (*)(void *, uint32_t,  uint32_t,  uint32_t,  uint32_t)’ {或称 ‘int (*)(void *, unsigned int,  unsigned int,  unsigned int,  unsigned int)’} to ‘intptr_t (*)()’ {或称 ‘long long int (*)()’} [-Wcast-function-type]
 1640 |     { "LockFile", (FARPROC)LockFile },
      |                   ^
kernel/arch/x86_64/win32_kernel32.c:1641:21: warning: cast between incompatible function types from ‘BOOL (*)(void *, uint32_t,  uint32_t,  uint32_t,  uint32_t)’ {或称 ‘int (*)(void *, unsigned int,  unsigned int,  unsigned int,  unsigned int)’} to ‘intptr_t (*)()’ {或称 ‘long long int (*)()’} [-Wcast-function-type]
 1641 |     { "UnlockFile", (FARPROC)UnlockFile },
      |                     ^
kernel/arch/x86_64/win32_kernel32.c:1642:21: warning: cast between incompatible function types from ‘BOOL (*)(void *, DWORD,  uint32_t,  uint32_t,  uint32_t,  void *)’ {或称 ‘int (*)(void *, unsigned int,  unsigned int,  unsigned int,  unsigned int,  void *)’} to ‘intptr_t (*)()’ {或称 ‘long long int (*)()’} [-Wcast-function-type]
 1642 |     { "LockFileEx", (FARPROC)LockFileEx },
      |                     ^
kernel/arch/x86_64/win32_kernel32.c:1643:23: warning: cast between incompatible function types from ‘BOOL (*)(void *, DWORD,  uint32_t,  uint32_t,  void *)’ {或称 ‘int (*)(void *, unsigned int,  unsigned int,  unsigned int,  void *)’} to ‘intptr_t (*)()’ {或称 ‘long long int (*)()’} [-Wcast-function-type]
 1643 |     { "UnlockFileEx", (FARPROC)UnlockFileEx },
      |                       ^
kernel/arch/x86_64/win32_kernel32.c:1644:26: warning: cast between incompatible function types from ‘BOOL (*)(const char *, const char *)’ {或称 ‘int (*)(const char *, const char *)’} to ‘intptr_t (*)()’ {或称 ‘long long int (*)()’} [-Wcast-function-type]
 1644 |     { "SetVolumeLabelA", (FARPROC)SetVolumeLabelA },
      |                          ^
kernel/arch/x86_64/win32_kernel32.c:1645:34: warning: cast between incompatible function types from ‘DWORD (*)(uint32_t,  char *)’ {或称 ‘unsigned int (*)(unsigned int,  char *)’} to ‘intptr_t (*)()’ {或称 ‘long long int (*)()’} [-Wcast-function-type]
 1645 |     { "GetLogicalDriveStringsA", (FARPROC)GetLogicalDriveStringsA },
      |                                  ^
kernel/arch/x86_64/win32_kernel32.c:1646:24: warning: cast between incompatible function types from ‘UINT (*)(const char *)’ {或称 ‘unsigned int (*)(const char *)’} to ‘intptr_t (*)()’ {或称 ‘long long int (*)()’} [-Wcast-function-type]
 1646 |     { "GetDriveTypeA", (FARPROC)GetDriveTypeA },
      |                        ^
kernel/arch/x86_64/win32_kernel32.c:1647:28: warning: cast between incompatible function types from ‘BOOL (*)(const char *, uint32_t *, uint32_t *, uint32_t *, uint32_t *)’ {或称 ‘int (*)(const char *, unsigned int *, unsigned int *, unsigned int *, unsigned int *)’} to ‘intptr_t (*)()’ {或称 ‘long long int (*)()’} [-Wcast-function-type]
 1647 |     { "GetDiskFreeSpaceA", (FARPROC)GetDiskFreeSpaceA },
      |                            ^
kernel/arch/x86_64/win32_kernel32.c:1648:30: warning: cast between incompatible function types from ‘BOOL (*)(const char *, uint64_t *, uint64_t *, uint64_t *)’ {或称 ‘int (*)(const char *, long long unsigned int *, long long unsigned int *, long long unsigned int *)’} to ‘intptr_t (*)()’ {或称 ‘long long int (*)()’} [-Wcast-function-type]
 1648 |     { "GetDiskFreeSpaceExA", (FARPROC)GetDiskFreeSpaceExA },
      |                              ^
kernel/arch/x86_64/win32_kernel32.c:1649:22: warning: cast between incompatible function types from ‘BOOL (*)(void *, int64_t *, int64_t *, int64_t *)’ {或称 ‘int (*)(void *, long long int *, long long int *, long long int *)’} to ‘intptr_t (*)()’ {或称 ‘long long int (*)()’} [-Wcast-function-type]
 1649 |     { "GetFileTime", (FARPROC)GetFileTime },
      |                      ^
kernel/arch/x86_64/win32_kernel32.c:1650:22: warning: cast between incompatible function types from ‘BOOL (*)(void *, const int64_t *, const int64_t *, const int64_t *)’ {或称 ‘int (*)(void *, const long long int *, const long long int *, const long long int *)’} to ‘intptr_t (*)()’ {或称 ‘long long int (*)()’} [-Wcast-function-type]
 1650 |     { "SetFileTime", (FARPROC)SetFileTime },
      |                      ^
kernel/arch/x86_64/win32_kernel32.c:1651:31: warning: cast between incompatible function types from ‘BOOL (*)(const char *, uint32_t,  void *)’ {或称 ‘int (*)(const char *, unsigned int,  void *)’} to ‘intptr_t (*)()’ {或称 ‘long long int (*)()’} [-Wcast-function-type]
 1651 |     { "GetFileAttributesExA", (FARPROC)GetFileAttributesExA },
      |                               ^
kernel/arch/x86_64/win32_kernel32.c:1652:29: warning: cast between incompatible function types from ‘BOOL (*)(const char *, uint32_t)’ {或称 ‘int (*)(const char *, unsigned int)’} to ‘intptr_t (*)()’ {或称 ‘long long int (*)()’} [-Wcast-function-type]
 1652 |     { "SetFileAttributesA", (FARPROC)SetFileAttributesA },
      |                             ^
kernel/arch/x86_64/win32_kernel32.c:1653:27: warning: cast between incompatible function types from ‘BOOL (*)(const char *, uint32_t,  char *, char **)’ {或称 ‘int (*)(const char *, unsigned int,  char *, char **)’} to ‘intptr_t (*)()’ {或称 ‘long long int (*)()’} [-Wcast-function-type]
 1653 |     { "GetFullPathNameA", (FARPROC)GetFullPathNameA },
      |                           ^
kernel/arch/x86_64/win32_kernel32.c:1654:28: warning: cast between incompatible function types from ‘BOOL (*)(const char *, char *, uint32_t)’ {或称 ‘int (*)(const char *, char *, unsigned int)’} to ‘intptr_t (*)()’ {或称 ‘long long int (*)()’} [-Wcast-function-type]
 1654 |     { "GetShortPathNameA", (FARPROC)GetShortPathNameA },
      |                            ^
kernel/arch/x86_64/win32_kernel32.c:1655:27: warning: cast between incompatible function types from ‘BOOL (*)(const char *, char *, uint32_t)’ {或称 ‘int (*)(const char *, char *, unsigned int)’} to ‘intptr_t (*)()’ {或称 ‘long long int (*)()’} [-Wcast-function-type]
 1655 |     { "GetLongPathNameA", (FARPROC)GetLongPathNameA },
      |                           ^
kernel/arch/x86_64/win32_kernel32.c:1656:22: warning: cast between incompatible function types from ‘DWORD (*)(const char *, const char *, const char *, uint32_t,  char *, char **)’ {或称 ‘unsigned int (*)(const char *, const char *, const char *, unsigned int,  char *, char **)’} to ‘intptr_t (*)()’ {或称 ‘long long int (*)()’} [-Wcast-function-type]
 1656 |     { "SearchPathA", (FARPROC)SearchPathA },
      |                      ^
kernel/arch/x86_64/win32_kernel32.c:1657:29: warning: cast between incompatible function types from ‘void * (*)(void *, void *, uint32_t,  uint32_t,  uint32_t,  const char *)’ {或称 ‘void * (*)(void *, void *, unsigned int,  unsigned int,  unsigned int,  const char *)’} to ‘intptr_t (*)()’ {或称 ‘long long int (*)()’} [-Wcast-function-type]
 1657 |     { "CreateFileMappingA", (FARPROC)CreateFileMappingA },
      |                             ^
kernel/arch/x86_64/win32_kernel32.c:1658:24: warning: cast between incompatible function types from ‘void * (*)(void *, uint32_t,  uint32_t,  uint32_t,  uint64_t)’ {或称 ‘void * (*)(void *, unsigned int,  unsigned int,  unsigned int,  long long unsigned int)’} to ‘intptr_t (*)()’ {或称 ‘long long int (*)()’} [-Wcast-function-type]
 1658 |     { "MapViewOfFile", (FARPROC)MapViewOfFile },
      |                        ^
kernel/arch/x86_64/win32_kernel32.c:1659:26: warning: cast between incompatible function types from ‘BOOL (*)(const void *)’ {或称 ‘int (*)(const void *)’} to ‘intptr_t (*)()’ {或称 ‘long long int (*)()’} [-Wcast-function-type]
 1659 |     { "UnmapViewOfFile", (FARPROC)UnmapViewOfFile },
      |                          ^
kernel/arch/x86_64/win32_kernel32.c:1660:34: warning: cast between incompatible function types from ‘BOOL (*)(int64_t *)’ {或称 ‘int (*)(long long int *)’} to ‘intptr_t (*)()’ {或称 ‘long long int (*)()’} [-Wcast-function-type]
 1660 |     { "QueryPerformanceCounter", (FARPROC)QueryPerformanceCounter },
      |                                  ^
kernel/arch/x86_64/win32_kernel32.c:1661:36: warning: cast between incompatible function types from ‘BOOL (*)(int64_t *)’ {或称 ‘int (*)(long long int *)’} to ‘intptr_t (*)()’ {或称 ‘long long int (*)()’} [-Wcast-function-type]
 1661 |     { "QueryPerformanceFrequency", (FARPROC)QueryPerformanceFrequency },
      |                                    ^
kernel/arch/x86_64/win32_kernel32.c:1662:18: warning: cast between incompatible function types from ‘void (*)(uint32_t,  BOOL)’ {或称 ‘void (*)(unsigned int,  int)’} to ‘intptr_t (*)()’ {或称 ‘long long int (*)()’} [-Wcast-function-type]
 1662 |     { "SleepEx", (FARPROC)SleepEx },
      |                  ^
kernel/arch/x86_64/win32_kernel32.c:1663:36: warning: cast between incompatible function types from ‘BOOL (*)(uint32_t)’ {或称 ‘int (*)(unsigned int)’} to ‘intptr_t (*)()’ {或称 ‘long long int (*)()’} [-Wcast-function-type]
 1663 |     { "IsProcessorFeaturePresent", (FARPROC)IsProcessorFeaturePresent },
      |                                    ^
kernel/arch/x86_64/win32_kernel32.c:1664:31: warning: cast between incompatible function types from ‘BOOL (*)(void *)’ {或称 ‘int (*)(void *)’} to ‘intptr_t (*)()’ {或称 ‘long long int (*)()’} [-Wcast-function-type]
 1664 |     { "GetSystemPowerStatus", (FARPROC)GetSystemPowerStatus },
      |                               ^
kernel/arch/x86_64/win32_kernel32.c:1665:27: warning: cast between incompatible function types from ‘int (*)(int)’ to ‘intptr_t (*)()’ {或称 ‘long long int (*)()’} [-Wcast-function-type]
 1665 |     { "GetSystemMetrics", (FARPROC)GetSystemMetrics },
      |                           ^
kernel/arch/x86_64/win32_kernel32.c:1666:33: warning: cast between incompatible function types from ‘int (*)(void)’ to ‘intptr_t (*)()’ {或称 ‘long long int (*)()’} [-Wcast-function-type]
 1666 |     { "GetSystemDefaultLangID", (FARPROC)GetSystemDefaultLangID },
      |                                 ^
kernel/arch/x86_64/win32_kernel32.c:1667:31: warning: cast between incompatible function types from ‘int (*)(void)’ to ‘intptr_t (*)()’ {或称 ‘long long int (*)()’} [-Wcast-function-type]
 1667 |     { "GetUserDefaultLangID", (FARPROC)GetUserDefaultLangID },
      |                               ^
kernel/arch/x86_64/win32_kernel32.c:1668:31: warning: cast between incompatible function types from ‘LCID (*)(void)’ {或称 ‘unsigned int (*)(void)’} to ‘intptr_t (*)()’ {或称 ‘long long int (*)()’} [-Wcast-function-type]
 1668 |     { "GetSystemDefaultLCID", (FARPROC)GetSystemDefaultLCID },
      |                               ^
kernel/arch/x86_64/win32_kernel32.c:1669:29: warning: cast between incompatible function types from ‘LCID (*)(void)’ {或称 ‘unsigned int (*)(void)’} to ‘intptr_t (*)()’ {或称 ‘long long int (*)()’} [-Wcast-function-type]
 1669 |     { "GetUserDefaultLCID", (FARPROC)GetUserDefaultLCID },
      |                             ^
kernel/arch/x86_64/win32_kernel32.c:1670:24: warning: cast between incompatible function types from ‘BOOL (*)(uint32_t,  uint32_t)’ {或称 ‘int (*)(unsigned int,  unsigned int)’} to ‘intptr_t (*)()’ {或称 ‘long long int (*)()’} [-Wcast-function-type]
 1670 |     { "IsValidLocale", (FARPROC)IsValidLocale },
      |                        ^
kernel/arch/x86_64/win32_kernel32.c:1671:29: warning: cast between incompatible function types from ‘BOOL (*)(BOOL (*)(CHAR *), uint32_t)’ {或称 ‘int (*)(int (*)(char *), unsigned int)’} to ‘intptr_t (*)()’ {或称 ‘long long int (*)()’} [-Wcast-function-type]
 1671 |     { "EnumSystemLocalesA", (FARPROC)EnumSystemLocalesA },
      |                             ^
kernel/arch/x86_64/win32_kernel32.c:1672:25: warning: cast between incompatible function types from ‘int (*)(uint32_t,  uint32_t,  const char *, int,  const char *, int)’ {或称 ‘int (*)(unsigned int,  unsigned int,  const char *, int,  const char *, int)’} to ‘intptr_t (*)()’ {或称 ‘long long int (*)()’} [-Wcast-function-type]
 1672 |     { "CompareStringA", (FARPROC)CompareStringA },
      |                         ^
kernel/arch/x86_64/win32_kernel32.c:1673:23: warning: cast between incompatible function types from ‘int (*)(uint32_t,  uint32_t,  const char *, int,  char *, int)’ {或称 ‘int (*)(unsigned int,  unsigned int,  const char *, int,  char *, int)’} to ‘intptr_t (*)()’ {或称 ‘long long int (*)()’} [-Wcast-function-type]
 1673 |     { "LCMapStringA", (FARPROC)LCMapStringA },
      |                       ^
kernel/arch/x86_64/win32_kernel32.c:1674:25: warning: cast between incompatible function types from ‘int (*)(uint32_t,  uint32_t,  const char *, int,  uint16_t *)’ {或称 ‘int (*)(unsigned int,  unsigned int,  const char *, int,  short unsigned int *)’} to ‘intptr_t (*)()’ {或称 ‘long long int (*)()’} [-Wcast-function-type]
 1674 |     { "GetStringTypeA", (FARPROC)GetStringTypeA },
      |                         ^
kernel/arch/x86_64/win32_kernel32.c:1675:28: warning: cast between incompatible function types from ‘BOOL (*)(void *, const void *, void *, SIZE_T,  SIZE_T *)’ {或称 ‘int (*)(void *, const void *, void *, long long unsigned int,  long long unsigned int *)’} to ‘intptr_t (*)()’ {或称 ‘long long int (*)()’} [-Wcast-function-type]
 1675 |     { "ReadProcessMemory", (FARPROC)ReadProcessMemory },
      |                            ^
kernel/arch/x86_64/win32_kernel32.c:1676:29: warning: cast between incompatible function types from ‘BOOL (*)(void *, void *, const void *, SIZE_T,  SIZE_T *)’ {或称 ‘int (*)(void *, void *, const void *, long long unsigned int,  long long unsigned int *)’} to ‘intptr_t (*)()’ {或称 ‘long long int (*)()’} [-Wcast-function-type]
 1676 |     { "WriteProcessMemory", (FARPROC)WriteProcessMemory },
      |                             ^
kernel/arch/x86_64/win32_kernel32.c:1677:27: warning: cast between incompatible function types from ‘void * (*)(const wchar_t *)’ {或称 ‘void * (*)(const short unsigned int *)’} to ‘intptr_t (*)()’ {或称 ‘long long int (*)()’} [-Wcast-function-type]
 1677 |     { "GetModuleHandleW", (FARPROC)GetModuleHandleW },
      |                           ^
kernel/arch/x86_64/win32_kernel32.c:1678:29: warning: cast between incompatible function types from ‘DWORD (*)(void *, wchar_t *, DWORD)’ {或称 ‘unsigned int (*)(void *, short unsigned int *, unsigned int)’} to ‘intptr_t (*)()’ {或称 ‘long long int (*)()’} [-Wcast-function-type]
 1678 |     { "GetModuleFileNameW", (FARPROC)GetModuleFileNameW },
      |                             ^
kernel/arch/x86_64/win32_kernel32.c:1679:23: warning: cast between incompatible function types from ‘void * (*)(const wchar_t *)’ {或称 ‘void * (*)(const short unsigned int *)’} to ‘intptr_t (*)()’ {或称 ‘long long int (*)()’} [-Wcast-function-type]
 1679 |     { "LoadLibraryW", (FARPROC)LoadLibraryW },
      |                       ^
kernel/arch/x86_64/win32_kernel32.c:1680:25: warning: cast between incompatible function types from ‘void * (*)(const char *, void *, uint32_t)’ {或称 ‘void * (*)(const char *, void *, unsigned int)’} to ‘intptr_t (*)()’ {或称 ‘long long int (*)()’} [-Wcast-function-type]
 1680 |     { "LoadLibraryExA", (FARPROC)LoadLibraryExA },
      |                         ^
kernel/arch/x86_64/win32_kernel32.c:1681:25: warning: cast between incompatible function types from ‘void * (*)(const wchar_t *, void *, uint32_t)’ {或称 ‘void * (*)(const short unsigned int *, void *, unsigned int)’} to ‘intptr_t (*)()’ {或称 ‘long long int (*)()’} [-Wcast-function-type]
 1681 |     { "LoadLibraryExW", (FARPROC)LoadLibraryExW },
      |                         ^
kernel/arch/x86_64/win32_kernel32.c:1682:35: warning: cast between incompatible function types from ‘BOOL (*)(void *, uint32_t)’ {或称 ‘int (*)(void *, unsigned int)’} to ‘intptr_t (*)()’ {或称 ‘long long int (*)()’} [-Wcast-function-type]
 1682 |     { "FreeLibraryAndExitThread", (FARPROC)FreeLibraryAndExitThread },
      |                                   ^
kernel/arch/x86_64/win32_kernel32.c:1683:27: warning: cast between incompatible function types from ‘DWORD (*)(uint32_t,  char *)’ {或称 ‘unsigned int (*)(unsigned int,  char *)’} to ‘intptr_t (*)()’ {或称 ‘long long int (*)()’} [-Wcast-function-type]
 1683 |     { "GetDllDirectoryA", (FARPROC)GetDllDirectoryA },
      |                           ^
kernel/arch/x86_64/win32_kernel32.c:1684:27: warning: cast between incompatible function types from ‘BOOL (*)(const char *)’ {或称 ‘int (*)(const char *)’} to ‘intptr_t (*)()’ {或称 ‘long long int (*)()’} [-Wcast-function-type]
 1684 |     { "SetDllDirectoryA", (FARPROC)SetDllDirectoryA },
      |                           ^
kernel/arch/x86_64/win32_kernel32.c:1686:22: warning: cast between incompatible function types from ‘void * (*)(void *, DWORD,  void *, uint64_t)’ {或称 ‘void * (*)(void *, unsigned int,  void *, long long unsigned int)’} to ‘intptr_t (*)()’ {或称 ‘long long int (*)()’} [-Wcast-function-type]
 1686 |     { "HeapReAlloc", (FARPROC)HeapReAlloc },
      |                      ^
kernel/arch/x86_64/win32_kernel32.c:1688:23: warning: cast between incompatible function types from ‘BOOL (*)(void *, DWORD,  const void *)’ {或称 ‘int (*)(void *, unsigned int,  const void *)’} to ‘intptr_t (*)()’ {或称 ‘long long int (*)()’} [-Wcast-function-type]
 1688 |     { "HeapValidate", (FARPROC)HeapValidate },
      |                       ^
kernel/arch/x86_64/win32_kernel32.c:1689:22: warning: cast between incompatible function types from ‘uint32_t (*)(void *, uint32_t)’ {或称 ‘unsigned int (*)(void *, unsigned int)’} to ‘intptr_t (*)()’ {或称 ‘long long int (*)()’} [-Wcast-function-type]
 1689 |     { "HeapCompact", (FARPROC)HeapCompact },
      |                      ^
kernel/arch/x86_64/win32_kernel32.c:1690:29: warning: cast between incompatible function types from ‘BOOL (*)(void *, uint32_t,  void *, SIZE_T)’ {或称 ‘int (*)(void *, unsigned int,  void *, long long unsigned int)’} to ‘intptr_t (*)()’ {或称 ‘long long int (*)()’} [-Wcast-function-type]
 1690 |     { "HeapSetInformation", (FARPROC)HeapSetInformation },
      |                             ^
kernel/arch/x86_64/win32_kernel32.c:1691:31: warning: cast between incompatible function types from ‘BOOL (*)(void *, uint32_t,  void *, SIZE_T,  SIZE_T *)’ {或称 ‘int (*)(void *, unsigned int,  void *, long long unsigned int,  long long unsigned int *)’} to ‘intptr_t (*)()’ {或称 ‘long long int (*)()’} [-Wcast-function-type]
 1691 |     { "HeapQueryInformation", (FARPROC)HeapQueryInformation },
      |                               ^
kernel/arch/x86_64/win32_kernel32.c:1692:36: warning: cast between incompatible function types from ‘BOOL (*)(void *)’ {或称 ‘int (*)(void *)’} to ‘intptr_t (*)()’ {或称 ‘long long int (*)()’} [-Wcast-function-type]
 1692 |     { "InitializeCriticalSection", (FARPROC)InitializeCriticalSection },
      |                                    ^
kernel/arch/x86_64/win32_kernel32.c:1693:31: warning: cast between incompatible function types from ‘void (*)(void *)’ to ‘intptr_t (*)()’ {或称 ‘long long int (*)()’} [-Wcast-function-type]
 1693 |     { "EnterCriticalSection", (FARPROC)EnterCriticalSection },
      |                               ^
kernel/arch/x86_64/win32_kernel32.c:1694:34: warning: cast between incompatible function types from ‘BOOL (*)(void *)’ {或称 ‘int (*)(void *)’} to ‘intptr_t (*)()’ {或称 ‘long long int (*)()’} [-Wcast-function-type]
 1694 |     { "TryEnterCriticalSection", (FARPROC)TryEnterCriticalSection },
      |                                  ^
kernel/arch/x86_64/win32_kernel32.c:1695:31: warning: cast between incompatible function types from ‘void (*)(void *)’ to ‘intptr_t (*)()’ {或称 ‘long long int (*)()’} [-Wcast-function-type]
 1695 |     { "LeaveCriticalSection", (FARPROC)LeaveCriticalSection },
      |                               ^
kernel/arch/x86_64/win32_kernel32.c:1696:32: warning: cast between incompatible function types from ‘void (*)(void *)’ to ‘intptr_t (*)()’ {或称 ‘long long int (*)()’} [-Wcast-function-type]
 1696 |     { "DeleteCriticalSection", (FARPROC)DeleteCriticalSection },
      |                                ^
kernel/arch/x86_64/win32_kernel32.c:1697:48: warning: cast between incompatible function types from ‘BOOL (*)(void *, uint32_t)’ {或称 ‘int (*)(void *, unsigned int)’} to ‘intptr_t (*)()’ {或称 ‘long long int (*)()’} [-Wcast-function-type]
 1697 |     { "InitializeCriticalSectionAndSpinCount", (FARPROC)InitializeCriticalSectionAndSpinCount },
      |                                                ^
kernel/arch/x86_64/win32_kernel32.c:1698:37: warning: cast between incompatible function types from ‘BOOL (*)(volatile LONG *, LONG,  LONG)’ {或称 ‘int (*)(volatile long int *, long int,  long int)’} to ‘intptr_t (*)()’ {或称 ‘long long int (*)()’} [-Wcast-function-type]
 1698 |     { "InterlockedCompareExchange", (FARPROC)InterlockedCompareExchange },
      |                                     ^
kernel/arch/x86_64/win32_kernel32.c:1699:31: warning: cast between incompatible function types from ‘LONG (*)(volatile LONG *)’ {或称 ‘long int (*)(volatile long int *)’} to ‘intptr_t (*)()’ {或称 ‘long long int (*)()’} [-Wcast-function-type]
 1699 |     { "InterlockedIncrement", (FARPROC)InterlockedIncrement },
      |                               ^
kernel/arch/x86_64/win32_kernel32.c:1700:31: warning: cast between incompatible function types from ‘LONG (*)(volatile LONG *)’ {或称 ‘long int (*)(volatile long int *)’} to ‘intptr_t (*)()’ {或称 ‘long long int (*)()’} [-Wcast-function-type]
 1700 |     { "InterlockedDecrement", (FARPROC)InterlockedDecrement },
      |                               ^
kernel/arch/x86_64/win32_kernel32.c:1701:30: warning: cast between incompatible function types from ‘LONG (*)(volatile LONG *, LONG)’ {或称 ‘long int (*)(volatile long int *, long int)’} to ‘intptr_t (*)()’ {或称 ‘long long int (*)()’} [-Wcast-function-type]
 1701 |     { "InterlockedExchange", (FARPROC)InterlockedExchange },
      |                              ^
kernel/arch/x86_64/win32_kernel32.c:1702:33: warning: cast between incompatible function types from ‘LONG (*)(volatile LONG *, LONG)’ {或称 ‘long int (*)(volatile long int *, long int)’} to ‘intptr_t (*)()’ {或称 ‘long long int (*)()’} [-Wcast-function-type]
 1702 |     { "InterlockedExchangeAdd", (FARPROC)InterlockedExchangeAdd },
      |                                 ^
kernel/arch/x86_64/win32_kernel32.c:1703:44: warning: cast between incompatible function types from ‘void * (*)(void * volatile*, void *, void *)’ to ‘intptr_t (*)()’ {或称 ‘long long int (*)()’} [-Wcast-function-type]
 1703 |     { "InterlockedCompareExchangePointer", (FARPROC)InterlockedCompareExchangePointer },
      |                                            ^
kernel/arch/x86_64/win32_kernel32.c:1704:37: warning: cast between incompatible function types from ‘void * (*)(void * volatile*, void *)’ to ‘intptr_t (*)()’ {或称 ‘long long int (*)()’} [-Wcast-function-type]
 1704 |     { "InterlockedExchangePointer", (FARPROC)InterlockedExchangePointer },
      |                                     ^
kernel/arch/x86_64/win32_kernel32.c:1705:29: warning: cast between incompatible function types from ‘void (*)(const char *)’ to ‘intptr_t (*)()’ {或称 ‘long long int (*)()’} [-Wcast-function-type]
 1705 |     { "OutputDebugStringA", (FARPROC)OutputDebugStringA },
      |                             ^
kernel/arch/x86_64/win32_kernel32.c:1707:28: warning: cast between incompatible function types from ‘BOOL (*)(void)’ {或称 ‘int (*)(void)’} to ‘intptr_t (*)()’ {或称 ‘long long int (*)()’} [-Wcast-function-type]
 1707 |     { "IsDebuggerPresent", (FARPROC)IsDebuggerPresent },
      |                            ^
kernel/arch/x86_64/win32_kernel32.c:1708:20: warning: cast between incompatible function types from ‘void (*)(int)’ to ‘intptr_t (*)()’ {或称 ‘long long int (*)()’} [-Wcast-function-type]
 1708 |     { "FatalExit", (FARPROC)FatalExit },
      |                    ^
kernel/arch/x86_64/win32_kernel32.c:1709:25: warning: cast between incompatible function types from ‘void (*)(uint32_t,  uint32_t,  uint32_t,  const uint32_t *)’ {或称 ‘void (*)(unsigned int,  unsigned int,  unsigned int,  const unsigned int *)’} to ‘intptr_t (*)()’ {或称 ‘long long int (*)()’} [-Wcast-function-type]
 1709 |     { "RaiseException", (FARPROC)RaiseException },
      |                         ^
kernel/arch/x86_64/win32_kernel32.c:1710:23: warning: cast between incompatible function types from ‘uint32_t (*)(uint32_t)’ {或称 ‘unsigned int (*)(unsigned int)’} to ‘intptr_t (*)()’ {或称 ‘long long int (*)()’} [-Wcast-function-type]
 1710 |     { "SetErrorMode", (FARPROC)SetErrorMode },
      |                       ^
kernel/arch/x86_64/win32_kernel32.c:1711:15: warning: cast between incompatible function types from ‘BOOL (*)(uint32_t,  uint32_t)’ {或称 ‘int (*)(unsigned int,  unsigned int)’} to ‘intptr_t (*)()’ {或称 ‘long long int (*)()’} [-Wcast-function-type]
 1711 |     { "Beep", (FARPROC)Beep },
      |               ^
kernel/arch/x86_64/win32_kernel32.c:1712:35: warning: cast between incompatible function types from ‘BOOL (*)(uint32_t,  uint32_t)’ {或称 ‘int (*)(unsigned int,  unsigned int)’} to ‘intptr_t (*)()’ {或称 ‘long long int (*)()’} [-Wcast-function-type]
 1712 |     { "GenerateConsoleCtrlEvent", (FARPROC)GenerateConsoleCtrlEvent },
      |                                   ^
kernel/arch/x86_64/win32_kernel32.c:1713:23: warning: cast between incompatible function types from ‘BOOL (*)(void)’ {或称 ‘int (*)(void)’} to ‘intptr_t (*)()’ {或称 ‘long long int (*)()’} [-Wcast-function-type]
 1713 |     { "AllocConsole", (FARPROC)AllocConsole },
      |                       ^
kernel/arch/x86_64/win32_kernel32.c:1714:22: warning: cast between incompatible function types from ‘BOOL (*)(void)’ {或称 ‘int (*)(void)’} to ‘intptr_t (*)()’ {或称 ‘long long int (*)()’} [-Wcast-function-type]
 1714 |     { "FreeConsole", (FARPROC)FreeConsole },
      |                      ^
kernel/arch/x86_64/win32_kernel32.c:1715:27: warning: cast between incompatible function types from ‘void * (*)(void)’ to ‘intptr_t (*)()’ {或称 ‘long long int (*)()’} [-Wcast-function-type]
 1715 |     { "GetConsoleWindow", (FARPROC)GetConsoleWindow },
      |                           ^
kernel/arch/x86_64/win32_kernel32.c:1716:27: warning: cast between incompatible function types from ‘BOOL (*)(const char *)’ {或称 ‘int (*)(const char *)’} to ‘intptr_t (*)()’ {或称 ‘long long int (*)()’} [-Wcast-function-type]
 1716 |     { "SetConsoleTitleA", (FARPROC)SetConsoleTitleA },
      |                           ^
kernel/arch/x86_64/win32_kernel32.c:1717:27: warning: cast between incompatible function types from ‘DWORD (*)(char *, uint32_t)’ {或称 ‘unsigned int (*)(char *, unsigned int)’} to ‘intptr_t (*)()’ {或称 ‘long long int (*)()’} [-Wcast-function-type]
 1717 |     { "GetConsoleTitleA", (FARPROC)GetConsoleTitleA },
      |                           ^
kernel/arch/x86_64/win32_kernel32.c:1718:34: warning: cast between incompatible function types from ‘BOOL (*)(void *, uint16_t)’ {或称 ‘int (*)(void *, short unsigned int)’} to ‘intptr_t (*)()’ {或称 ‘long long int (*)()’} [-Wcast-function-type]
 1718 |     { "SetConsoleTextAttribute", (FARPROC)SetConsoleTextAttribute },
      |                                  ^
kernel/arch/x86_64/win32_kernel32.c:1719:37: warning: cast between incompatible function types from ‘BOOL (*)(void *, void *)’ {或称 ‘int (*)(void *, void *)’} to ‘intptr_t (*)()’ {或称 ‘long long int (*)()’} [-Wcast-function-type]
 1719 |     { "GetConsoleScreenBufferInfo", (FARPROC)GetConsoleScreenBufferInfo },
      |                                     ^
kernel/arch/x86_64/win32_kernel32.c:1720:35: warning: cast between incompatible function types from ‘BOOL (*)(void *, COORD)’ {或称 ‘int (*)(void *, COORD)’} to ‘intptr_t (*)()’ {或称 ‘long long int (*)()’} [-Wcast-function-type]
 1720 |     { "SetConsoleCursorPosition", (FARPROC)SetConsoleCursorPosition },
      |                                   ^
kernel/arch/x86_64/win32_kernel32.c:1721:31: warning: cast between incompatible function types from ‘BOOL (*)(void *, const void *)’ {或称 ‘int (*)(void *, const void *)’} to ‘intptr_t (*)()’ {或称 ‘long long int (*)()’} [-Wcast-function-type]
 1721 |     { "SetConsoleCursorInfo", (FARPROC)SetConsoleCursorInfo },
      |                               ^
kernel/arch/x86_64/win32_kernel32.c:1722:38: warning: cast between incompatible function types from ‘BOOL (*)(void *, CHAR,  DWORD,  COORD,  DWORD *)’ {或称 ‘int (*)(void *, char,  unsigned int,  COORD,  unsigned int *)’} to ‘intptr_t (*)()’ {或称 ‘long long int (*)()’} [-Wcast-function-type]
 1722 |     { "FillConsoleOutputCharacterA", (FARPROC)FillConsoleOutputCharacterA },
      |                                      ^
kernel/arch/x86_64/win32_kernel32.c:1723:37: warning: cast between incompatible function types from ‘BOOL (*)(void *, WORD,  DWORD,  COORD,  DWORD *)’ {或称 ‘int (*)(void *, short unsigned int,  unsigned int,  COORD,  unsigned int *)’} to ‘intptr_t (*)()’ {或称 ‘long long int (*)()’} [-Wcast-function-type]
 1723 |     { "FillConsoleOutputAttribute", (FARPROC)FillConsoleOutputAttribute },
      |                                     ^
kernel/arch/x86_64/win32_kernel32.c:1724:37: warning: cast between incompatible function types from ‘BOOL (*)(void *, const SMALL_RECT *, const SMALL_RECT *, COORD,  const CHAR_INFO *)’ {或称 ‘int (*)(void *, const SMALL_RECT *, const SMALL_RECT *, COORD,  const union _CHAR_INFO *)’} to ‘intptr_t (*)()’ {或称 ‘long long int (*)()’} [-Wcast-function-type]
 1724 |     { "ScrollConsoleScreenBufferA", (FARPROC)ScrollConsoleScreenBufferA },
      |                                     ^
kernel/arch/x86_64/win32_kernel32.c:1725:24: warning: cast between incompatible function types from ‘BOOL (*)(void *, const void *, DWORD,  DWORD *, void *)’ {或称 ‘int (*)(void *, const void *, unsigned int,  unsigned int *, void *)’} to ‘intptr_t (*)()’ {或称 ‘long long int (*)()’} [-Wcast-function-type]
 1725 |     { "WriteConsoleA", (FARPROC)WriteConsoleA },
      |                        ^
kernel/arch/x86_64/win32_kernel32.c:1726:23: warning: cast between incompatible function types from ‘BOOL (*)(void *, void *, DWORD,  DWORD *, void *)’ {或称 ‘int (*)(void *, void *, unsigned int,  unsigned int *, void *)’} to ‘intptr_t (*)()’ {或称 ‘long long int (*)()’} [-Wcast-function-type]
 1726 |     { "ReadConsoleA", (FARPROC)ReadConsoleA },
      |                       ^
kernel/arch/x86_64/win32_kernel32.c: 在函数‘LoadLibraryA’中:
kernel/arch/x86_64/win32_kernel32.c:1804:40: warning: ‘long long unsigned int’转换自‘off_t’ {或称 ‘long long int’}时可能会改变结果的符号 [-Wsign-conversion]
 1804 |     file_buf = memory_alloc(st.st_size + 16ULL);
      |                                        ^
kernel/arch/x86_64/win32_kernel32.c:1810:36: warning: ‘long long unsigned int’转换自‘off_t’ {或称 ‘long long int’}时可能会改变结果的符号 [-Wsign-conversion]
 1810 |     memset(file_buf, 0, st.st_size + 16ULL);
      |                                    ^
kernel/arch/x86_64/win32_kernel32.c:1812:36: warning: ‘uint64_t’ {或称 ‘long long unsigned int’}转换自‘off_t’ {或称 ‘long long int’}时可能会改变结果的符号 [-Wsign-conversion]
 1812 |     res = vfs_read(fd, file_buf, st.st_size);
      |                                  ~~^~~~~~~~
kernel/arch/x86_64/win32_kernel32.c: 在函数‘GetFileAttributesExA’中:
kernel/arch/x86_64/win32_kernel32.c:2978:60: warning: 未使用的参数‘fInfoLevelId’ [-Wunused-parameter]
 2978 | BOOL GetFileAttributesExA(const char* lpFileName, uint32_t fInfoLevelId,
      |                                                   ~~~~~~~~~^~~~~~~~~~~~
kernel/arch/x86_64/win32_kernel32.c: 在函数‘GetFullPathNameA’中:
kernel/arch/x86_64/win32_kernel32.c:3042:28: warning: conversion from ‘size_t’ {或称 ‘long long unsigned int’} to ‘BOOL’ {或称 ‘int’} may change value [-Wconversion]
 3042 |             return dir_len + 1;
      |                    ~~~~~~~~^~~
kernel/arch/x86_64/win32_kernel32.c:3049:16: warning: ‘BOOL’ {或称 ‘int’}转换自‘unsigned int’时可能会改变结果的符号 [-Wsign-conversion]
 3049 |         return (uint32_t)(dir_len + strlen(last_sep + 1));
      |                ^~~~~~~~~~~~~~~~~~~~~~~~~~~~~~~~~~~~~~~~~~
kernel/arch/x86_64/win32_kernel32.c:3054:24: warning: ‘BOOL’ {或称 ‘int’}转换自‘uint32_t’ {或称 ‘unsigned int’}时可能会改变结果的符号 [-Wsign-conversion]
 3054 |             return len + 1;
      |                    ~~~~^~~
kernel/arch/x86_64/win32_kernel32.c:3060:16: warning: ‘BOOL’ {或称 ‘int’}转换自‘uint32_t’ {或称 ‘unsigned int’}时可能会改变结果的符号 [-Wsign-conversion]
 3060 |         return len;
      |                ^~~
kernel/arch/x86_64/win32_kernel32.c: 在函数‘GetShortPathNameA’中:
kernel/arch/x86_64/win32_kernel32.c:3087:12: warning: ‘BOOL’ {或称 ‘int’}转换自‘uint32_t’ {或称 ‘unsigned int’}时可能会改变结果的符号 [-Wsign-conversion]
 3087 |     return j;
      |            ^
kernel/arch/x86_64/win32_kernel32.c: 在函数‘GetLongPathNameA’中:
kernel/arch/x86_64/win32_kernel32.c:3102:20: warning: ‘BOOL’ {或称 ‘int’}转换自‘uint32_t’ {或称 ‘unsigned int’}时可能会改变结果的符号 [-Wsign-conversion]
 3102 |         return len + 1;
      |                ~~~~^~~
kernel/arch/x86_64/win32_kernel32.c:3106:12: warning: ‘BOOL’ {或称 ‘int’}转换自‘uint32_t’ {或称 ‘unsigned int’}时可能会改变结果的符号 [-Wsign-conversion]
 3106 |     return len;
      |            ^~~
kernel/arch/x86_64/win32_kernel32.c: 在函数‘GetStringTypeA’中:
kernel/arch/x86_64/win32_kernel32.c:3422:46: warning: 未使用的参数‘dwInfoType’ [-Wunused-parameter]
 3422 | int GetStringTypeA(uint32_t Locale, uint32_t dwInfoType,
      |                                     ~~~~~~~~~^~~~~~~~~~
kernel/arch/x86_64/win32_kernel32.c: 在函数‘VirtualQueryEx’中:
kernel/arch/x86_64/win32_kernel32.c:3584:13: warning: 提领‘void *’指针
 3584 |     lpBuffer->RegionSize = 4096;
      |             ^~
kernel/arch/x86_64/win32_kernel32.c:3584:13: error: 在非结构或联合中请求成员‘RegionSize’
kernel/arch/x86_64/win32_kernel32.c:3585:13: warning: 提领‘void *’指针
 3585 |     lpBuffer->State = MEM_COMMIT;
      |             ^~
kernel/arch/x86_64/win32_kernel32.c:3585:13: error: 在非结构或联合中请求成员‘State’
kernel/arch/x86_64/win32_kernel32.c:3586:13: warning: 提领‘void *’指针
 3586 |     lpBuffer->Protect = PAGE_READWRITE;
      |             ^~
kernel/arch/x86_64/win32_kernel32.c:3586:13: error: 在非结构或联合中请求成员‘Protect’
kernel/arch/x86_64/win32_kernel32.c:3587:13: warning: 提领‘void *’指针
 3587 |     lpBuffer->Type = MEM_PRIVATE;
      |             ^~
kernel/arch/x86_64/win32_kernel32.c:3587:13: error: 在非结构或联合中请求成员‘Type’
<1> Building kernel/arch/x86_64/win32_gdi_and_msg.c
kernel/arch/x86_64/win32_gdi_and_msg.c:525:42: warning: 在从‘int’转换为‘short int’时发生溢出，值从‘33999’变为‘-31537’ [-Woverflow]
  525 |     0, 8363, 16069, 22765, 28138, 31939, 33999, 34263, 32702,
      |                                          ^~~~~
kernel/arch/x86_64/win32_gdi_and_msg.c:525:49: warning: 在从‘int’转换为‘short int’时发生溢出，值从‘34263’变为‘-31273’ [-Woverflow]
  525 |     0, 8363, 16069, 22765, 28138, 31939, 33999, 34263, 32702,
      |                                                 ^~~~~
kernel/arch/x86_64/win32_gdi_and_msg.c:527:21: warning: 在从‘int’转换为‘short int’时发生溢出，值从‘-32787’变为‘32749’ [-Woverflow]
  527 |     -25102, -29755, -32787, -34104, -33649, -31480, -27710, -22506
      |                     ^
kernel/arch/x86_64/win32_gdi_and_msg.c:527:29: warning: 在从‘int’转换为‘short int’时发生溢出，值从‘-34104’变为‘31432’ [-Woverflow]
  527 |     -25102, -29755, -32787, -34104, -33649, -31480, -27710, -22506
      |                             ^
kernel/arch/x86_64/win32_gdi_and_msg.c:527:37: warning: 在从‘int’转换为‘short int’时发生溢出，值从‘-33649’变为‘31887’ [-Woverflow]
  527 |     -25102, -29755, -32787, -34104, -33649, -31480, -27710, -22506
      |                                     ^
kernel/arch/x86_64/win32_gdi_and_msg.c:531:29: warning: 在从‘int’转换为‘short int’时发生溢出，值从‘-34183’变为‘31353’ [-Woverflow]
  531 |     -21473, -27452, -31783, -34183, -34516, -32730, -28899, -23224,
      |                             ^
kernel/arch/x86_64/win32_gdi_and_msg.c:531:37: warning: 在从‘int’转换为‘short int’时发生溢出，值从‘-34516’变为‘31020’ [-Woverflow]
  531 |     -21473, -27452, -31783, -34183, -34516, -32730, -28899, -23224,
      |                                     ^
kernel/arch/x86_64/win32_gdi_and_msg.c:532:54: warning: 在从‘int’转换为‘short int’时发生溢出，值从‘33497’变为‘-32039’ [-Woverflow]
  532 |     -16016, -7649, 1299, 10197, 18435, 25369, 30478, 33497
      |                                                      ^~~~~
kernel/arch/x86_64/win32_gdi_and_msg.c: 在函数‘Ellipse’中:
kernel/arch/x86_64/win32_gdi_and_msg.c:537:14: warning: 变量‘brush_color’被设定但未被使用 [-Wunused-but-set-variable=]
  537 |     COLORREF brush_color = RGB(255, 255, 255);
      |              ^~~~~~~~~~~
kernel/arch/x86_64/win32_gdi_and_msg.c: 在函数‘default_window_proc’中:
kernel/arch/x86_64/win32_gdi_and_msg.c:1041:64: warning: 未使用的参数‘wparam’ [-Wunused-parameter]
 1041 | static LRESULT default_window_proc(HWND hwnd, UINT msg, WPARAM wparam, LPARAM lparam) {
      |                                                         ~~~~~~~^~~~~~
kernel/arch/x86_64/win32_gdi_and_msg.c:1041:79: warning: 未使用的参数‘lparam’ [-Wunused-parameter]
 1041 | static LRESULT default_window_proc(HWND hwnd, UINT msg, WPARAM wparam, LPARAM lparam) {
      |                                                                        ~~~~~~~^~~~~~
kernel/arch/x86_64/win32_gdi_and_msg.c: 在函数‘CreateWindowExA’中:
kernel/arch/x86_64/win32_gdi_and_msg.c:1232:20: warning: ‘LONG’ {或称 ‘long int’}转换自‘uint32_t’ {或称 ‘unsigned int’}时可能会改变结果的符号 [-Wsign-conversion]
 1232 |         cs.style = dwStyle;
      |                    ^~~~~~~
FAILED TASK run all: 
