-- Start building task run all -- (528864609)
-- Start building task all -- (0)
-- Start building task kernel -- (1)
-- Enter folder kernel/arch/x86_64 --
<0> Building kernel/arch/x86_64/uart.c
<1> Building kernel/arch/x86_64/smp.c
<2> Building kernel/arch/x86_64/smbios.c
<3> Building kernel/arch/x86_64/slab.c
kernel/arch/x86_64/slab.c: In function '__slab_order':
kernel/arch/x86_64/slab.c:18:33: warning: comparison of integer expressions of different signedness: 'int' and 'uint32_t' {aka 'unsigned int'} [-Wsign-compare]
   18 |     while ((PAGE_SIZE << order) < need && order < BUDDY_MAX_ORDER) {
      |                                 ^
kernel/arch/x86_64/slab.c: In function '__slab_destroy':
kernel/arch/x86_64/slab.c:85:22: warning: unsigned conversion from 'int' to 'uint32_t' {aka 'unsigned int'} changes value from '-5' to '4294967291' [-Wsign-conversion]
   85 |             p->flags &= ~PAGE_FLAG_SLAB;
      |                      ^~
kernel/arch/x86_64/slab.c: In function 'slab_init':
kernel/arch/x86_64/slab.c:152:27: warning: conversion from 'uint32_t' {aka 'unsigned int'} to 'char' may change value [-Wconversion]
  152 |             buf[bpos++] = '0' + (n % 10);
      |                           ^~~
kernel/arch/x86_64/slab.c: In function 'kmalloc':
kernel/arch/x86_64/slab.c:297:37: warning: comparison of integer expressions of different signedness: 'int' and 'uint64_t' {aka 'long long unsigned int'} [-Wsign-compare]
  297 |         while ((PAGE_SIZE << order) < size && order < BUDDY_MAX_ORDER) order++;
      |                                     ^
In file included from kernel/arch/x86_64/smp.c:3:
kernel/arch/x86_64/smp.c: In function 'ioapic_set_irq':
kernel/arch/x86_64/include/arch/smp.h:122:31: warning: conversion to 'uint32_t' {aka 'unsigned int'} from 'int' may change the sign of the result [-Wsign-conversion]
  122 | #define IOAPIC_REG_REDIR_BASE 0x10
      |                               ^~~~
kernel/arch/x86_64/smp.c:58:20: note: in expansion of macro 'IOAPIC_REG_REDIR_BASE'
   58 |     uint32_t reg = IOAPIC_REG_REDIR_BASE + irq * 2;
      |                    ^~~~~~~~~~~~~~~~~~~~~
kernel/arch/x86_64/smp.c: In function 'smp_setup_percpu':
kernel/arch/x86_64/smp.c:63:32: warning: unused parameter 'apic_id' [-Wunused-parameter]
   63 | void smp_setup_percpu(uint32_t apic_id, void* percpu_base)
      |                       ~~~~~~~~~^~~~~~~
kernel/arch/x86_64/uart.c: In function 'uart_set_baud':
kernel/arch/x86_64/uart.c:101:42: warning: conversion from 'int' to 'uint8_t' {aka 'unsigned char'} may change value [-Wconversion]
  101 |     outb(p->base + UART_REG_DLL, divisor & 0xFF);
      |                                  ~~~~~~~~^~~~~~
kernel/arch/x86_64/uart.c:102:49: warning: conversion from 'int' to 'uint8_t' {aka 'unsigned char'} may change value [-Wconversion]
  102 |     outb(p->base + UART_REG_DLH, (divisor >> 8) & 0xFF);
      |                                  ~~~~~~~~~~~~~~~^~~~~~
kernel/arch/x86_64/uart.c: In function 'uart_set_flow_control':
kernel/arch/x86_64/uart.c:131:16: warning: unsigned conversion from 'int' to 'uint8_t' {aka 'unsigned char'} changes the value of '-11' [-Wsign-conversion]
  131 |         mcr &= ~(UART_MCR_RTS | UART_MCR_OUT2);
      |                ^
kernel/arch/x86_64/uart.c: In function 'uart_init_port':
kernel/arch/x86_64/uart.c:171:42: warning: conversion from 'int' to 'uint8_t' {aka 'unsigned char'} may change value [-Wconversion]
  171 |     outb(p->base + UART_REG_DLL, divisor & 0xFF);
      |                                  ~~~~~~~~^~~~~~
kernel/arch/x86_64/uart.c:172:49: warning: conversion from 'int' to 'uint8_t' {aka 'unsigned char'} may change value [-Wconversion]
  172 |     outb(p->base + UART_REG_DLH, (divisor >> 8) & 0xFF);
      |                                  ~~~~~~~~~~~~~~~^~~~~~
kernel/arch/x86_64/uart.c: In function 'uart_irq_handler':
kernel/arch/x86_64/uart.c:419:28: warning: unsigned conversion from 'int' to 'uint8_t' {aka 'unsigned char'} changes the value of '-3' [-Wsign-conversion]
  419 |                     ier &= ~UART_IER_THRI;
      |                            ^
kernel/arch/x86_64/uart.c: In function 'uart_irq_register':
kernel/arch/x86_64/uart.c:471:20: warning: ISO C forbids conversion of function pointer to object pointer type [-Wpedantic]
  471 |             stub = (void*)uart_com1_irq_stub;
      |                    ^
kernel/arch/x86_64/uart.c:474:20: warning: ISO C forbids conversion of function pointer to object pointer type [-Wpedantic]
  474 |             stub = (void*)uart_com2_irq_stub;
      |                    ^
kernel/arch/x86_64/uart.c:477:20: warning: ISO C forbids conversion of function pointer to object pointer type [-Wpedantic]
  477 |             stub = (void*)uart_com3_irq_stub;
      |                    ^
kernel/arch/x86_64/uart.c:480:20: warning: ISO C forbids conversion of function pointer to object pointer type [-Wpedantic]
  480 |             stub = (void*)uart_com4_irq_stub;
      |                    ^
<2> Building kernel/arch/x86_64/selinux.c
kernel/arch/x86_64/selinux.c: In function 'selinux_parse_context':
kernel/arch/x86_64/selinux.c:208:16: warning: conversion to 'u64' {aka 'long long unsigned int'} from 'long long int' may change the sign of the result [-Wsign-conversion]
  208 |     u64 ulen = p - user_start;
      |                ^
kernel/arch/x86_64/selinux.c:216:16: warning: conversion to 'u64' {aka 'long long unsigned int'} from 'long long int' may change the sign of the result [-Wsign-conversion]
  216 |     u64 rlen = p - role_start;
      |                ^
kernel/arch/x86_64/selinux.c:224:16: warning: conversion to 'u64' {aka 'long long unsigned int'} from 'long long int' may change the sign of the result [-Wsign-conversion]
  224 |     u64 tlen = p - type_start;
      |                ^
kernel/arch/x86_64/selinux.c:232:16: warning: conversion to 'u64' {aka 'long long unsigned int'} from 'long long int' may change the sign of the result [-Wsign-conversion]
  232 |     u64 llen = p - level_start;
      |                ^
kernel/arch/x86_64/selinux.c: In function 'selinux_context_to_string':
kernel/arch/x86_64/selinux.c:243:9: warning: unused variable 'remaining' [-Wunused-variable]
  243 |     s64 remaining = (s64)size - 1;
      |         ^~~~~~~~~
<1> Building kernel/arch/x86_64/security.c
<3> Building kernel/arch/x86_64/sata.c
kernel/arch/x86_64/sata.c: In function 'sata_read':
kernel/arch/x86_64/sata.c:40:82: warning: unused parameter 'sectors' [-Wunused-parameter]
   40 | int sata_read(uint8_t port, uint8_t device, uint64_t lba, void* buffer, uint32_t sectors)
      |                                                                         ~~~~~~~~~^~~~~~~
kernel/arch/x86_64/sata.c: In function 'sata_write':
kernel/arch/x86_64/sata.c:50:89: warning: unused parameter 'sectors' [-Wunused-parameter]
   50 | int sata_write(uint8_t port, uint8_t device, uint64_t lba, const void* buffer, uint32_t sectors)
      |                                                                                ~~~~~~~~~^~~~~~~
<1> Building kernel/arch/x86_64/rtc.c
<0> Building kernel/arch/x86_64/route.c
kernel/arch/x86_64/rtc.c: In function 'bcd_to_binary':
kernel/arch/x86_64/rtc.c:29:32: warning: conversion from 'int' to 'uint8_t' {aka 'unsigned char'} may change value [-Wconversion]
   29 |     return ((value >> 4) * 10) + (value & 0x0F);
      |            ~~~~~~~~~~~~~~~~~~~~^~~~~~~~~~~~~~~~
kernel/arch/x86_64/rtc.c: In function 'rtc_get_time':
kernel/arch/x86_64/rtc.c:54:40: warning: conversion from 'uint16_t' {aka 'short unsigned int'} to 'uint8_t' {aka 'unsigned char'} may change value [-Wconversion]
   54 |         time->year = bcd_to_binary(time->year);
      |                                    ~~~~^~~~~~
kernel/arch/x86_64/rtc.c:60:27: warning: conversion from 'int' to 'uint8_t' {aka 'unsigned char'} may change value [-Wconversion]
   60 |             time->hours = ((time->hours & 0x7F) + 12) % 24;
      |                           ^
kernel/arch/x86_64/rtc.c:64:19: warning: conversion from 'int' to 'uint16_t' {aka 'short unsigned int'} may change value [-Wconversion]
   64 |     time->year += time->century * 100;
      |                   ^~~~
kernel/arch/x86_64/rtc.c: In function 'rtc_set_time':
kernel/arch/x86_64/rtc.c:82:36: warning: conversion from 'uint16_t' {aka 'short unsigned int'} to 'uint8_t' {aka 'unsigned char'} may change value [-Wconversion]
   82 |     rtc_set_register(RTC_YEAR, time->year);
      |                                ~~~~^~~~~~
kernel/arch/x86_64/rtc.c: At top level:
kernel/arch/x86_64/rtc.c:18:16: warning: 'rtc_last_seconds' defined but not used [-Wunused-variable]
   18 | static uint8_t rtc_last_seconds = 0;
      |                ^~~~~~~~~~~~~~~~
<3> Building kernel/arch/x86_64/procfs.c
<2> Building kernel/arch/x86_64/pit.c
kernel/arch/x86_64/route.c: In function 'route_table_get':
kernel/arch/x86_64/route.c:42:68: warning: comparison of unsigned expression in '>= 0' is always true [-Wtype-limits]
   42 |         if (fib.tables[i].tb_id == table_id && fib.tables[i].count >= 0) {
      |                                                                    ^~
In file included from include/kapi.h:23,
                 from kernel/arch/x86_64/procfs.c:10:
include/kapi_bitmap.h: In function 'kapi_bitmap_set_all':
include/kapi_bitmap.h:33:26: warning: conversion from 'long long unsigned int' to 'unsigned int' may change value [-Wconversion]
   33 |     unsigned int longs = (nbits + KAPI_BITS_PER_LONG - 1) / KAPI_BITS_PER_LONG;
      |                          ^
include/kapi_bitmap.h: In function 'kapi_bitmap_clear_all':
include/kapi_bitmap.h:41:26: warning: conversion from 'long long unsigned int' to 'unsigned int' may change value [-Wconversion]
   41 |     unsigned int longs = (nbits + KAPI_BITS_PER_LONG - 1) / KAPI_BITS_PER_LONG;
      |                          ^
include/kapi_bitmap.h: In function 'kapi_bitmap_find_first':
include/kapi_bitmap.h:49:26: warning: conversion from 'long long unsigned int' to 'unsigned int' may change value [-Wconversion]
   49 |     unsigned int longs = (nbits + KAPI_BITS_PER_LONG - 1) / KAPI_BITS_PER_LONG;
      |                          ^
include/kapi_bitmap.h:56:35: warning: conversion to 'int' from 'unsigned int' may change the sign of the result [-Wsign-conversion]
   56 |                     return offset + j;
      |                            ~~~~~~~^~~
include/kapi_bitmap.h: In function 'kapi_bitmap_find_first_zero':
include/kapi_bitmap.h:66:26: warning: conversion from 'long long unsigned int' to 'unsigned int' may change value [-Wconversion]
   66 |     unsigned int longs = (nbits + KAPI_BITS_PER_LONG - 1) / KAPI_BITS_PER_LONG;
      |                          ^
include/kapi_bitmap.h:73:35: warning: conversion to 'int' from 'unsigned int' may change the sign of the result [-Wsign-conversion]
   73 |                     return offset + j;
      |                            ~~~~~~~^~~
include/kapi_bitmap.h: In function 'kapi_bitmap_count':
include/kapi_bitmap.h:84:26: warning: conversion from 'long long unsigned int' to 'unsigned int' may change value [-Wconversion]
   84 |     unsigned int longs = (nbits + KAPI_BITS_PER_LONG - 1) / KAPI_BITS_PER_LONG;
      |                          ^
In file included from include/kapi.h:59:
include/kapi_netlink.h: In function 'kapi_nlmsg_next':
include/kapi_netlink.h:19:37: warning: conversion to 'int' from 'uint32_t' {aka 'unsigned int'} may change the sign of the result [-Wsign-conversion]
   19 | #define KAPI_NLMSG_ALIGNTO          4
      |                                     ^
include/kapi_netlink.h:75:18: note: in expansion of macro 'KAPI_NLMSG_ALIGNTO'
   75 |     int totlen = KAPI_NLMSG_ALIGNTO * ((nlh->nlmsg_len + KAPI_NLMSG_ALIGNTO - 1) / KAPI_NLMSG_ALIGNTO);
      |                  ^~~~~~~~~~~~~~~~~~
<1> Building kernel/arch/x86_64/pic.c
kernel/arch/x86_64/procfs.c: In function 'procfs_cpuinfo_read':
kernel/arch/x86_64/procfs.c:29:36: warning: conversion to 'uint64_t' {aka 'long long unsigned int'} from 'int' may change the sign of the result [-Wsign-conversion]
   29 |     n += snprintf(buf + n, max_len - n,
      |                                    ^
kernel/arch/x86_64/procfs.c: In function 'procfs_meminfo_read':
kernel/arch/x86_64/procfs.c:65:36: warning: conversion to 'uint64_t' {aka 'long long unsigned int'} from 'int' may change the sign of the result [-Wsign-conversion]
   65 |     n += snprintf(buf + n, max_len - n,
      |                                    ^
kernel/arch/x86_64/procfs.c: In function 'procfs_stat_read':
kernel/arch/x86_64/procfs.c:123:36: warning: conversion to 'uint64_t' {aka 'long long unsigned int'} from 'int' may change the sign of the result [-Wsign-conversion]
  123 |     n += snprintf(buf + n, max_len - n, "cpu  %lu 0 %lu %lu 0 0 0 0 0 0\n",
      |                                    ^
kernel/arch/x86_64/procfs.c:128:44: warning: conversion to 'uint64_t' {aka 'long long unsigned int'} from 'int' may change the sign of the result [-Wsign-conversion]
  128 |             n += snprintf(buf + n, max_len - n, "cpu%u %lu 0 %lu %lu 0 0 0 0 0 0\n",
      |                                            ^
kernel/arch/x86_64/procfs.c:132:36: warning: conversion to 'uint64_t' {aka 'long long unsigned int'} from 'int' may change the sign of the result [-Wsign-conversion]
  132 |     n += snprintf(buf + n, max_len - n, "intr %lu\n", irq_total);
      |                                    ^
kernel/arch/x86_64/procfs.c:134:36: warning: conversion to 'uint64_t' {aka 'long long unsigned int'} from 'int' may change the sign of the result [-Wsign-conversion]
  134 |     n += snprintf(buf + n, max_len - n, "ctxt %lu\n",
      |                                    ^
kernel/arch/x86_64/procfs.c:136:36: warning: conversion to 'uint64_t' {aka 'long long unsigned int'} from 'int' may change the sign of the result [-Wsign-conversion]
  136 |     n += snprintf(buf + n, max_len - n, "btime %lu\n", __uptime_cached / 1000);
      |                                    ^
kernel/arch/x86_64/procfs.c:147:36: warning: conversion to 'uint64_t' {aka 'long long unsigned int'} from 'int' may change the sign of the result [-Wsign-conversion]
  147 |     n += snprintf(buf + n, max_len - n, "processes %lu\n", proc_count);
      |                                    ^
kernel/arch/x86_64/procfs.c:148:36: warning: conversion to 'uint64_t' {aka 'long long unsigned int'} from 'int' may change the sign of the result [-Wsign-conversion]
  148 |     n += snprintf(buf + n, max_len - n, "procs_running %lu\n", running ? running : 1);
      |                                    ^
kernel/arch/x86_64/procfs.c:149:36: warning: conversion to 'uint64_t' {aka 'long long unsigned int'} from 'int' may change the sign of the result [-Wsign-conversion]
  149 |     n += snprintf(buf + n, max_len - n, "procs_blocked %lu\n", blocked);
      |                                    ^
kernel/arch/x86_64/procfs.c: In function 'procfs_finddir':
kernel/arch/x86_64/procfs.c:272:24: warning: conversion to 'uint64_t' {aka 'long long unsigned int'} from 'int' may change the sign of the result [-Wsign-conversion]
  272 |         pid = pid * 10 + (*p - '0');
      |                        ^
kernel/arch/x86_64/pic.c: In function 'pic_enable':
kernel/arch/x86_64/pic.c:38:16: warning: conversion from 'int' to 'uint8_t' {aka 'unsigned char'} may change value [-Wconversion]
   38 |         mask = inb(PIC1_DATA) & ~(1 << irq);
      |                ^~~
kernel/arch/x86_64/pic.c:41:16: warning: unsigned conversion from 'int' to 'uint8_t' {aka 'unsigned char'} changes the value of '-5' [-Wsign-conversion]
   41 |         mask = inb(PIC1_DATA) & ~(1 << 2);
      |                ^~~
kernel/arch/x86_64/pic.c:43:16: warning: conversion from 'int' to 'uint8_t' {aka 'unsigned char'} may change value [-Wconversion]
   43 |         mask = inb(PIC2_DATA) & ~(1 << (irq - 8));
      |                ^~~
<2> Building kernel/arch/x86_64/pci.c
kernel/arch/x86_64/pci.c: In function 'pci_read_config':
kernel/arch/x86_64/pci.c:28:34: warning: unsigned conversion from 'int' to 'unsigned int' changes value from '-2147483648' to '2147483648' [-Wsign-conversion]
   28 |     uint32_t address = (1 << 31) |
      |                                  ^
kernel/arch/x86_64/pci.c: In function 'pci_write_config':
kernel/arch/x86_64/pci.c:47:34: warning: unsigned conversion from 'int' to 'unsigned int' changes value from '-2147483648' to '2147483648' [-Wsign-conversion]
   47 |     uint32_t address = (1 << 31) |
      |                                  ^
kernel/arch/x86_64/pci.c: In function 'pci_write_config_byte':
kernel/arch/x86_64/pci.c:82:21: warning: conversion to 'uint32_t' {aka 'unsigned int'} from 'int' may change the sign of the result [-Wsign-conversion]
   82 |     uint32_t mask = ~(0xFF << shift);
      |                     ^
kernel/arch/x86_64/pci.c: In function 'pci_write_config_word':
kernel/arch/x86_64/pci.c:91:21: warning: conversion to 'uint32_t' {aka 'unsigned int'} from 'int' may change the sign of the result [-Wsign-conversion]
   91 |     uint32_t mask = ~(0xFFFF << shift);
      |                     ^
kernel/arch/x86_64/pci.c: In function 'pci_find_class':
<1> Building kernel/arch/x86_64/pagefault.c
kernel/arch/x86_64/pci.c:107:59: warning: conversion from 'int' to 'uint8_t' {aka 'unsigned char'} may change value [-Wconversion]
  107 |                 uint32_t class_code_reg = pci_read_config(b, d, f, 0x08);
      |                                                           ^
kernel/arch/x86_64/pci.c:107:62: warning: conversion from 'int' to 'uint8_t' {aka 'unsigned char'} may change value [-Wconversion]
  107 |                 uint32_t class_code_reg = pci_read_config(b, d, f, 0x08);
      |                                                              ^
kernel/arch/x86_64/pci.c:107:65: warning: conversion from 'int' to 'uint8_t' {aka 'unsigned char'} may change value [-Wconversion]
  107 |                 uint32_t class_code_reg = pci_read_config(b, d, f, 0x08);
      |                                                                 ^
kernel/arch/x86_64/pci.c:111:46: warning: conversion from 'uint32_t' {aka 'unsigned int'} to 'uint8_t' {aka 'unsigned char'} may change value [-Wconversion]
  111 |                 uint8_t class_code_current = (class_code_reg >> 24) & 0xFF;
      |                                              ^
kernel/arch/x86_64/pci.c:114:37: warning: conversion from 'int' to 'uint8_t' {aka 'unsigned char'} may change value [-Wconversion]
  114 |                     if (bus) *bus = b;
      |                                     ^
kernel/arch/x86_64/pci.c:115:43: warning: conversion from 'int' to 'uint8_t' {aka 'unsigned char'} may change value [-Wconversion]
  115 |                     if (device) *device = d;
      |                                           ^
kernel/arch/x86_64/pci.c:116:47: warning: conversion from 'int' to 'uint8_t' {aka 'unsigned char'} may change value [-Wconversion]
  116 |                     if (function) *function = f;
      |                                               ^
kernel/arch/x86_64/pci.c: In function 'pci_find_device':
kernel/arch/x86_64/pci.c:130:51: warning: conversion from 'int' to 'uint8_t' {aka 'unsigned char'} may change value [-Wconversion]
  130 |                 uint32_t id_reg = pci_read_config(b, d, f, 0x00);
      |                                                   ^
kernel/arch/x86_64/pci.c:130:54: warning: conversion from 'int' to 'uint8_t' {aka 'unsigned char'} may change value [-Wconversion]
  130 |                 uint32_t id_reg = pci_read_config(b, d, f, 0x00);
      |                                                      ^
kernel/arch/x86_64/pci.c:130:57: warning: conversion from 'int' to 'uint8_t' {aka 'unsigned char'} may change value [-Wconversion]
  130 |                 uint32_t id_reg = pci_read_config(b, d, f, 0x00);
      |                                                         ^
kernel/arch/x86_64/pci.c:135:32: warning: conversion from 'uint32_t' {aka 'unsigned int'} to 'uint16_t' {aka 'short unsigned int'} may change value [-Wconversion]
  135 |                 uint16_t did = (id_reg >> 16) & 0xFFFF;
      |                                ^
kernel/arch/x86_64/pci.c:137:37: warning: conversion from 'int' to 'uint8_t' {aka 'unsigned char'} may change value [-Wconversion]
  137 |                     if (bus) *bus = b;
      |                                     ^
kernel/arch/x86_64/pci.c:138:43: warning: conversion from 'int' to 'uint8_t' {aka 'unsigned char'} may change value [-Wconversion]
  138 |                     if (device) *device = d;
      |                                           ^
kernel/arch/x86_64/pci.c:139:47: warning: conversion from 'int' to 'uint8_t' {aka 'unsigned char'} may change value [-Wconversion]
  139 |                     if (function) *function = f;
      |                                               ^
kernel/arch/x86_64/pci.c: In function 'pci_find_ext_capability':
kernel/arch/x86_64/pci.c:201:65: warning: conversion from 'uint32_t' {aka 'unsigned int'} to 'uint8_t' {aka 'unsigned char'} may change value [-Wconversion]
  201 |         uint32_t header = pci_read_config_dword(bus, dev, func, ecap_offset);
      |                                                                 ^~~~~~~~~~~
kernel/arch/x86_64/pci.c:203:25: warning: conversion from 'uint32_t' {aka 'unsigned int'} to 'uint16_t' {aka 'short unsigned int'} may change value [-Wconversion]
  203 |         uint16_t next = (header >> 20) & 0xFFF;
      |                         ^
kernel/arch/x86_64/pci.c: In function 'pci_enable_msix':
kernel/arch/x86_64/pci.c:263:67: warning: conversion from 'int' to 'uint8_t' {aka 'unsigned char'} may change value [-Wconversion]
  263 |     uint32_t bar_val = pci_read_config_dword(bus, dev, func, 0x10 + table_bir * 4);
      |                                                              ~~~~~^~~~~~~~~~~~~~~
kernel/arch/x86_64/pci.c:264:51: warning: unsigned conversion from 'int' to 'uint32_t' {aka 'unsigned int'} changes value from '-16' to '4294967280' [-Wsign-conversion]
  264 |     void* table_base = (void*)(uintptr_t)(bar_val & ~0xF) + table_offset;
      |                                                   ^
kernel/arch/x86_64/pci.c:264:59: warning: pointer of type 'void *' used in arithmetic [-Wpointer-arith]
  264 |     void* table_base = (void*)(uintptr_t)(bar_val & ~0xF) + table_offset;
      |                                                           ^
kernel/arch/x86_64/pci.c:275:18: warning: unsigned conversion from 'int' to 'uint16_t' {aka 'short unsigned int'} changes the value of '-16385' [-Wsign-conversion]
  275 |     msix_ctrl &= ~PCI_MSIX_CTRL_MASKALL;
      |                  ^
kernel/arch/x86_64/pci.c: In function 'pci_disable_msix':
kernel/arch/x86_64/pci.c:292:18: warning: unsigned conversion from 'int' to 'uint16_t' {aka 'short unsigned int'} changes the value of '-32769' [-Wsign-conversion]
  292 |     msix_ctrl &= ~PCI_MSIX_CTRL_ENABLE;
      |                  ^
kernel/arch/x86_64/pci.c: In function 'pci_set_bus_master':
kernel/arch/x86_64/pci.c:304:16: warning: unsigned conversion from 'int' to 'uint16_t' {aka 'short unsigned int'} changes the value of '-5' [-Wsign-conversion]
  304 |         cmd &= ~PCI_COMMAND_BUS_MASTER;
      |                ^
kernel/arch/x86_64/pci.c: In function 'pci_request_irq':
kernel/arch/x86_64/pci.c:316:13: warning: unused variable 'slot' [-Wunused-variable]
  316 |     uint8_t slot = dev;
      |             ^~~~
kernel/arch/x86_64/pci.c: In function 'pci_read_bar':
kernel/arch/x86_64/pci.c:346:55: warning: conversion from 'int' to 'uint8_t' {aka 'unsigned char'} may change value [-Wconversion]
  346 |     return pci_read_config_dword(bus, dev, func, 0x10 + bar_num * 4);
      |                                                  ~~~~~^~~~~~~~~~~~~
kernel/arch/x86_64/pci.c: In function 'pci_get_bar_size':
kernel/arch/x86_64/pci.c:354:63: warning: conversion from 'int' to 'uint8_t' {aka 'unsigned char'} may change value [-Wconversion]
  354 |     uint32_t orig_val = pci_read_config_dword(bus, dev, func, bar_offset);
      |                                                               ^~~~~~~~~~
kernel/arch/x86_64/pci.c:355:44: warning: conversion from 'int' to 'uint8_t' {aka 'unsigned char'} may change value [-Wconversion]
  355 |     pci_write_config_dword(bus, dev, func, bar_offset, 0xFFFFFFFF);
      |                                            ^~~~~~~~~~
kernel/arch/x86_64/pci.c:356:63: warning: conversion from 'int' to 'uint8_t' {aka 'unsigned char'} may change value [-Wconversion]
  356 |     uint32_t size_val = pci_read_config_dword(bus, dev, func, bar_offset);
      |                                                               ^~~~~~~~~~
kernel/arch/x86_64/pci.c:357:44: warning: conversion from 'int' to 'uint8_t' {aka 'unsigned char'} may change value [-Wconversion]
  357 |     pci_write_config_dword(bus, dev, func, bar_offset, orig_val);
      |                                            ^~~~~~~~~~
<0> Building kernel/arch/x86_64/pagecache.c
<3> Building kernel/arch/x86_64/nvme.c
kernel/arch/x86_64/pagefault.c: In function 'stack_expand':
kernel/arch/x86_64/pagefault.c:157:37: warning: unsigned conversion from 'int' to 'uint64_t' {aka 'long long unsigned int'} changes value from '-4096' to '18446744073709547520' [-Wsign-conversion]
  157 |     uint64_t page_addr = fault_addr & ~(PAGE_SIZE - 1);
      |                                     ^
kernel/arch/x86_64/pagefault.c: In function 'pagefault_handler':
kernel/arch/x86_64/pagefault.c:230:48: warning: unsigned conversion from 'int' to 'uint64_t' {aka 'long long unsigned int'} changes value from '-4096' to '18446744073709547520' [-Wsign-conversion]
  230 |                 if (demand_page_alloc(cr3, cr2 & ~(PAGE_SIZE - 1),
      |                                                ^
kernel/arch/x86_64/pagefault.c:243:56: warning: unsigned conversion from 'int' to 'uint64_t' {aka 'long long unsigned int'} changes value from '-4096' to '18446744073709547520' [-Wsign-conversion]
  243 |                         proc->stack_base = (void*)(cr2 & ~(PAGE_SIZE - 1));
      |                                                        ^
kernel/arch/x86_64/pagefault.c: At top level:
kernel/arch/x86_64/pagefault.c:27:13: warning: 'pf_log_buf' defined but not used [-Wunused-variable]
   27 | static char pf_log_buf[PF_LOG_BUF_SIZE];
      |             ^~~~~~~~~~
kernel/arch/x86_64/pagecache.c: In function 'pagecache_clear_dirty':
kernel/arch/x86_64/pagecache.c:133:22: warning: unsigned conversion from 'int' to 'uint32_t' {aka 'unsigned int'} changes value from '-3' to '4294967293' [-Wsign-conversion]
  133 |         entry->flags &= ~PCACHE_DIRTY;
      |                      ^~
kernel/arch/x86_64/pagecache.c: In function 'pagecache_sync_node':
kernel/arch/x86_64/pagecache.c:178:30: warning: unsigned conversion from 'int' to 'uint32_t' {aka 'unsigned int'} changes value from '-11' to '4294967285' [-Wsign-conversion]
  178 |                 entry->flags &= ~(PCACHE_DIRTY | PCACHE_WRITEBACK);
      |                              ^~
kernel/arch/x86_64/pagecache.c: In function 'pagecache_sync_all':
kernel/arch/x86_64/pagecache.c:206:30: warning: unsigned conversion from 'int' to 'uint32_t' {aka 'unsigned int'} changes value from '-11' to '4294967285' [-Wsign-conversion]
  206 |                 entry->flags &= ~(PCACHE_DIRTY | PCACHE_WRITEBACK);
      |                              ^~
kernel/arch/x86_64/nvme.c: In function 'nvme_alloc_queue':
kernel/arch/x86_64/nvme.c:40:22: warning: conversion from 'size_t' {aka 'long long unsigned int'} to 'uint32_t' {aka 'unsigned int'} may change value [-Wconversion]
   40 |     uint32_t pages = (size + PAGE_SIZE - 1) / PAGE_SIZE;
      |                      ^
kernel/arch/x86_64/nvme.c: In function 'nvme_free_queue':
kernel/arch/x86_64/nvme.c:57:22: warning: conversion from 'size_t' {aka 'long long unsigned int'} to 'uint32_t' {aka 'unsigned int'} may change value [-Wconversion]
   57 |     uint32_t pages = (size + PAGE_SIZE - 1) / PAGE_SIZE;
      |                      ^
kernel/arch/x86_64/nvme.c: In function 'nvme_submit_cmd':
kernel/arch/x86_64/nvme.c:106:26: warning: conversion from 'uint32_t' {aka 'unsigned int'} to 'uint16_t' {aka 'short unsigned int'} may change value [-Wconversion]
  106 |     uint16_t next_tail = (sq->tail + 1) % sq->depth;
      |                          ^
kernel/arch/x86_64/nvme.c: In function 'nvme_poll_cq':
kernel/arch/x86_64/nvme.c:143:16: warning: conversion from 'uint32_t' {aka 'unsigned int'} to 'uint16_t' {aka 'short unsigned int'} may change value [-Wconversion]
  143 |     cq->head = (cq->head + 1) % cq->depth;
      |                ^
kernel/arch/x86_64/nvme.c: In function 'nvme_probe':
kernel/arch/x86_64/nvme.c:210:58: warning: conversion from 'int' to 'uint8_t' {aka 'unsigned char'} may change value [-Wconversion]
  210 |                 uint32_t vendor_device = pci_read_config(b, d, f, 0x00);
      |                                                          ^
kernel/arch/x86_64/nvme.c:210:61: warning: conversion from 'int' to 'uint8_t' {aka 'unsigned char'} may change value [-Wconversion]
  210 |                 uint32_t vendor_device = pci_read_config(b, d, f, 0x00);
      |                                                             ^
kernel/arch/x86_64/nvme.c:210:64: warning: conversion from 'int' to 'uint8_t' {aka 'unsigned char'} may change value [-Wconversion]
  210 |                 uint32_t vendor_device = pci_read_config(b, d, f, 0x00);
      |                                                                ^
kernel/arch/x86_64/nvme.c:216:54: warning: conversion from 'int' to 'uint8_t' {aka 'unsigned char'} may change value [-Wconversion]
  216 |                 uint32_t class_reg = pci_read_config(b, d, f, 0x08);
      |                                                      ^
kernel/arch/x86_64/nvme.c:216:57: warning: conversion from 'int' to 'uint8_t' {aka 'unsigned char'} may change value [-Wconversion]
  216 |                 uint32_t class_reg = pci_read_config(b, d, f, 0x08);
      |                                                         ^
kernel/arch/x86_64/nvme.c:216:60: warning: conversion from 'int' to 'uint8_t' {aka 'unsigned char'} may change value [-Wconversion]
  216 |                 uint32_t class_reg = pci_read_config(b, d, f, 0x08);
      |                                                            ^
kernel/arch/x86_64/nvme.c:217:38: warning: conversion from 'uint32_t' {aka 'unsigned int'} to 'uint8_t' {aka 'unsigned char'} may change value [-Wconversion]
  217 |                 uint8_t class_code = (class_reg >> 24) & 0xFF;
      |                                      ^
kernel/arch/x86_64/nvme.c:225:37: warning: conversion from 'int' to 'uint8_t' {aka 'unsigned char'} may change value [-Wconversion]
  225 |                     nvme_ctrl.bus = b;
      |                                     ^
kernel/arch/x86_64/nvme.c:226:40: warning: conversion from 'int' to 'uint8_t' {aka 'unsigned char'} may change value [-Wconversion]
  226 |                     nvme_ctrl.device = d;
      |                                        ^
kernel/arch/x86_64/nvme.c:227:42: warning: conversion from 'int' to 'uint8_t' {aka 'unsigned char'} may change value [-Wconversion]
  227 |                     nvme_ctrl.function = f;
      |                                          ^
kernel/arch/x86_64/nvme.c:229:43: warning: conversion from 'uint32_t' {aka 'unsigned int'} to 'uint16_t' {aka 'short unsigned int'} may change value [-Wconversion]
  229 |                     nvme_ctrl.device_id = (vendor_device >> 16) & 0xFFFF;
      |                                           ^
kernel/arch/x86_64/nvme.c:231:56: warning: conversion from 'int' to 'uint8_t' {aka 'unsigned char'} may change value [-Wconversion]
  231 |                     uint32_t bar0_lo = pci_read_config(b, d, f, NVME_PCI_BAR0_OFFSET);
      |                                                        ^
kernel/arch/x86_64/nvme.c:231:59: warning: conversion from 'int' to 'uint8_t' {aka 'unsigned char'} may change value [-Wconversion]
  231 |                     uint32_t bar0_lo = pci_read_config(b, d, f, NVME_PCI_BAR0_OFFSET);
      |                                                           ^
kernel/arch/x86_64/nvme.c:231:62: warning: conversion from 'int' to 'uint8_t' {aka 'unsigned char'} may change value [-Wconversion]
  231 |                     uint32_t bar0_lo = pci_read_config(b, d, f, NVME_PCI_BAR0_OFFSET);
      |                                                              ^
kernel/arch/x86_64/nvme.c:232:56: warning: conversion from 'int' to 'uint8_t' {aka 'unsigned char'} may change value [-Wconversion]
  232 |                     uint32_t bar0_hi = pci_read_config(b, d, f, NVME_PCI_BAR1_OFFSET);
      |                                                        ^
kernel/arch/x86_64/nvme.c:232:59: warning: conversion from 'int' to 'uint8_t' {aka 'unsigned char'} may change value [-Wconversion]
  232 |                     uint32_t bar0_hi = pci_read_config(b, d, f, NVME_PCI_BAR1_OFFSET);
      |                                                           ^
kernel/arch/x86_64/nvme.c:232:62: warning: conversion from 'int' to 'uint8_t' {aka 'unsigned char'} may change value [-Wconversion]
  232 |                     uint32_t bar0_hi = pci_read_config(b, d, f, NVME_PCI_BAR1_OFFSET);
      |                                                              ^
kernel/arch/x86_64/nvme.c:248:56: warning: conversion from 'int' to 'uint8_t' {aka 'unsigned char'} may change value [-Wconversion]
  248 |                     uint16_t cmd_reg = pci_read_config(b, d, f, NVME_PCI_COMMAND_OFFSET);
      |                                                        ^
kernel/arch/x86_64/nvme.c:248:59: warning: conversion from 'int' to 'uint8_t' {aka 'unsigned char'} may change value [-Wconversion]
  248 |                     uint16_t cmd_reg = pci_read_config(b, d, f, NVME_PCI_COMMAND_OFFSET);
      |                                                           ^
kernel/arch/x86_64/nvme.c:248:62: warning: conversion from 'int' to 'uint8_t' {aka 'unsigned char'} may change value [-Wconversion]
  248 |                     uint16_t cmd_reg = pci_read_config(b, d, f, NVME_PCI_COMMAND_OFFSET);
      |                                                              ^
kernel/arch/x86_64/nvme.c:248:40: warning: conversion from 'uint32_t' {aka 'unsigned int'} to 'uint16_t' {aka 'short unsigned int'} may change value [-Wconversion]
  248 |                     uint16_t cmd_reg = pci_read_config(b, d, f, NVME_PCI_COMMAND_OFFSET);
      |                                        ^~~~~~~~~~~~~~~
kernel/arch/x86_64/nvme.c:250:38: warning: conversion from 'int' to 'uint8_t' {aka 'unsigned char'} may change value [-Wconversion]
  250 |                     pci_write_config(b, d, f, NVME_PCI_COMMAND_OFFSET, cmd_reg);
      |                                      ^
kernel/arch/x86_64/nvme.c:250:41: warning: conversion from 'int' to 'uint8_t' {aka 'unsigned char'} may change value [-Wconversion]
  250 |                     pci_write_config(b, d, f, NVME_PCI_COMMAND_OFFSET, cmd_reg);
      |                                         ^
kernel/arch/x86_64/nvme.c:250:44: warning: conversion from 'int' to 'uint8_t' {aka 'unsigned char'} may change value [-Wconversion]
  250 |                     pci_write_config(b, d, f, NVME_PCI_COMMAND_OFFSET, cmd_reg);
      |                                            ^
kernel/arch/x86_64/nvme.c: In function 'nvme_get_info':
kernel/arch/x86_64/nvme.c:791:22: warning: conversion from 'uint32_t' {aka 'unsigned int'} to 'uint16_t' {aka 'short unsigned int'} may change value [-Wconversion]
  791 |     uint16_t major = (vs >> 16) & 0xFFFF;
      |                      ^
kernel/arch/x86_64/nvme.c: At top level:
kernel/arch/x86_64/nvme.c:185:12: warning: 'nvme_poll_admin_cq' defined but not used [-Wunused-function]
  185 | static int nvme_poll_admin_cq(nvme_controller_t *ctrl, nvme_cqe_t *cqe)
      |            ^~~~~~~~~~~~~~~~~~
<1> Building kernel/arch/x86_64/netfilter.c
In file included from kernel/arch/x86_64/netfilter.c:1:
kernel/arch/x86_64/include/arch/netfilter.h: In function 'nf_hook_slow_eval':
kernel/arch/x86_64/include/arch/netfilter.h:56:16: warning: conversion from 'int' to 'uint16_t' {aka 'short unsigned int'} may change value [-Wconversion]
   56 |         return verdict;
      |                ^~~~~~~
<2> Building kernel/arch/x86_64/net.c
<0> Building kernel/arch/x86_64/mouse.c
kernel/arch/x86_64/net.c: In function 'parse_ip_addr':
kernel/arch/x86_64/net.c:86:16: warning: conversion to 'uint32_t' {aka 'unsigned int'} from 'int' may change the sign of the result [-Wsign-conversion]
   86 |             ip |= (octet << shift);
      |                ^~
kernel/arch/x86_64/net.c:94:8: warning: conversion to 'uint32_t' {aka 'unsigned int'} from 'int' may change the sign of the result [-Wsign-conversion]
   94 |     ip |= (octet << shift);
      |        ^~
kernel/arch/x86_64/net.c: In function 'parse_mac_addr':
kernel/arch/x86_64/net.c:105:56: warning: conversion to 'unsigned int' from 'int' may change the sign of the result [-Wsign-conversion]
  105 |             if (c >= '0' && c <= '9') byte = byte * 16 + (c - '0');
      |                                                        ^
kernel/arch/x86_64/net.c:106:61: warning: conversion to 'unsigned int' from 'int' may change the sign of the result [-Wsign-conversion]
  106 |             else if (c >= 'a' && c <= 'f') byte = byte * 16 + (c - 'a' + 10);
      |                                                             ^
kernel/arch/x86_64/net.c:107:61: warning: conversion to 'unsigned int' from 'int' may change the sign of the result [-Wsign-conversion]
  107 |             else if (c >= 'A' && c <= 'F') byte = byte * 16 + (c - 'A' + 10);
      |                                                             ^
kernel/arch/x86_64/net.c: In function 'dhcp_parse_response':
kernel/arch/x86_64/net.c:243:24: warning: conversion from 'long long unsigned int' to 'uint32_t' {aka 'unsigned int'} may change value [-Wconversion]
  243 |     uint32_t opt_len = len - (sizeof(dhcp_packet_t) - 312);
      |                        ^~~
kernel/arch/x86_64/net.c: In function 'ip_handle_packet':
kernel/arch/x86_64/net.c:479:28: warning: conversion from 'int' to 'uint16_t' {aka 'short unsigned int'} may change value [-Wconversion]
  479 |     uint16_t payload_len = total_len - ((ip->version_ihl & 0x0F) * 4);
      |                            ^~~~~~~~~
kernel/arch/x86_64/net.c: In function 'tcp_find_socket':
kernel/arch/x86_64/net.c:543:47: warning: declaration of 'local_ip' shadows a global declaration [-Wshadow]
  543 | static tcp_socket_t* tcp_find_socket(uint32_t local_ip, uint16_t local_port,
      |                                      ~~~~~~~~~^~~~~~~~
kernel/arch/x86_64/net.c:10:17: note: shadowed declaration is here
   10 | static uint32_t local_ip  = 0;
      |                 ^~~~~~~~
kernel/arch/x86_64/net.c:543:47: warning: unused parameter 'local_ip' [-Wunused-parameter]
  543 | static tcp_socket_t* tcp_find_socket(uint32_t local_ip, uint16_t local_port,
      |                                      ~~~~~~~~~^~~~~~~~
kernel/arch/x86_64/net.c: In function 'udp_handle_packet':
kernel/arch/x86_64/net.c:905:25: warning: conversion from 'long long unsigned int' to 'uint16_t' {aka 'short unsigned int'} may change value [-Wconversion]
  905 |     uint16_t data_len = ntohs(udp->len) - sizeof(udp_header_t);
      |                         ^~~~~
kernel/arch/x86_64/mouse.c: In function 'mouse_process_packet':
kernel/arch/x86_64/mouse.c:128:39: warning: conversion to 'unsigned int' from 'int32_t' {aka 'int'} may change the sign of the result [-Wsign-conversion]
  128 |     if (flags & 0x10) pkt.dx = pkt.dx | 0xFFFFFF00;
      |                                       ^
kernel/arch/x86_64/mouse.c:128:32: warning: conversion to 'int32_t' {aka 'int'} from 'unsigned int' may change the sign of the result [-Wsign-conversion]
  128 |     if (flags & 0x10) pkt.dx = pkt.dx | 0xFFFFFF00;
      |                                ^~~
kernel/arch/x86_64/mouse.c:129:39: warning: conversion to 'unsigned int' from 'int32_t' {aka 'int'} may change the sign of the result [-Wsign-conversion]
  129 |     if (flags & 0x20) pkt.dy = pkt.dy | 0xFFFFFF00;
      |                                       ^
kernel/arch/x86_64/mouse.c:129:32: warning: conversion to 'int32_t' {aka 'int'} from 'unsigned int' may change the sign of the result [-Wsign-conversion]
  129 |     if (flags & 0x20) pkt.dy = pkt.dy | 0xFFFFFF00;
      |                                ^~~
kernel/arch/x86_64/mouse.c:140:16: warning: comparison of integer expressions of different signedness: 'int32_t' {aka 'int'} and 'unsigned int' [-Wsign-compare]
  140 |     if (pkt.dx > 0x80000000) pkt.dx -= 0x100000000;
      |                ^
kernel/arch/x86_64/mouse.c:140:40: warning: conversion from 'long long int' to 'int32_t' {aka 'int'} may change value [-Wconversion]
  140 |     if (pkt.dx > 0x80000000) pkt.dx -= 0x100000000;
      |                                        ^~~~~~~~~~~
kernel/arch/x86_64/mouse.c:141:16: warning: comparison of integer expressions of different signedness: 'int32_t' {aka 'int'} and 'unsigned int' [-Wsign-compare]
  141 |     if (pkt.dy > 0x80000000) pkt.dy -= 0x100000000;
      |                ^
kernel/arch/x86_64/mouse.c:141:40: warning: conversion from 'long long int' to 'int32_t' {aka 'int'} may change value [-Wconversion]
  141 |     if (pkt.dy > 0x80000000) pkt.dy -= 0x100000000;
      |                                        ^~~~~~~~~~~
kernel/arch/x86_64/mouse.c: At top level:
kernel/arch/x86_64/mouse.c:58:12: warning: 'mouse_send_command' defined but not used [-Wunused-function]
   58 | static int mouse_send_command(uint8_t cmd)
      |            ^~~~~~~~~~~~~~~~~~
<1> Building kernel/arch/x86_64/mmap.c
kernel/arch/x86_64/mmap.c: In function 'mmap_context_destroy':
kernel/arch/x86_64/mmap.c:111:26: warning: unused variable 'vaddr' [-Wunused-variable]
  111 |                 uint64_t vaddr = area->start + j * PAGE_SIZE;
      |                          ^~~~~
<3> Building kernel/arch/x86_64/memory.c
kernel/arch/x86_64/mmap.c: In function 'mmap_do_mmap':
kernel/arch/x86_64/mmap.c:383:18: warning: variable 'cow_pte_flags' set but not used [-Wunused-but-set-variable=]
  383 |         uint64_t cow_pte_flags = pte_flags & ~(uint64_t)PAGE_WRITABLE;
      |                  ^~~~~~~~~~~~~
kernel/arch/x86_64/memory.c: In function 'memory_alloc':
kernel/arch/x86_64/memory.c:50:60: warning: unsigned conversion from 'int' to 'uint64_t' {aka 'long long unsigned int'} changes value from '-4096' to '18446744073709547520' [-Wsign-conversion]
   50 |     uint64_t aligned_size = (size + MEMORY_BLOCK_SIZE - 1) & ~(MEMORY_BLOCK_SIZE - 1);
      |                                                            ^
<0> Building kernel/arch/x86_64/lsm.c
<3> Building kernel/arch/x86_64/ldso.c
kernel/arch/x86_64/ldso.c: In function 'ldso_read_at':
kernel/arch/x86_64/ldso.c:24:23: warning: conversion to 'int64_t' {aka 'long long int'} from 'uint64_t' {aka 'long long unsigned int'} may change the sign of the result [-Wsign-conversion]
   24 |     if (vfs_lseek(fd, offset, 0) != (int64_t)offset)
      |                       ^~~~~~
kernel/arch/x86_64/ldso.c: In function 'ldso_elf_hash':
kernel/arch/x86_64/ldso.c:38:16: warning: conversion from 'uint32_t' {aka 'unsigned int'} to 'uint8_t' {aka 'unsigned char'} may change value [-Wconversion]
   38 |         high = h & 0xF0000000U;
      |                ^
kernel/arch/x86_64/ldso.c: In function 'ldso_relocate':
kernel/arch/x86_64/ldso.c:582:32: warning: conversion to 'long long unsigned int' from 'int64_t' {aka 'long long int'} may change the sign of the result [-Wsign-conversion]
  582 |                 *target = base + rel->r_addend;
      |                                ^
kernel/arch/x86_64/ldso.c:591:36: warning: conversion to 'long long unsigned int' from 'int64_t' {aka 'long long int'} may change the sign of the result [-Wsign-conversion]
  591 |                 *target = sym_addr + rel->r_addend;
      |                                    ^
kernel/arch/x86_64/ldso.c:601:49: warning: conversion to 'long long unsigned int' from 'int64_t' {aka 'long long int'} may change the sign of the result [-Wsign-conversion]
  601 |                 *target32 = (uint32_t)(sym_addr + rel->r_addend - (uint64_t)target);
      |                                                 ^
kernel/arch/x86_64/ldso.c:632:32: warning: conversion to 'long long unsigned int' from 'int64_t' {aka 'long long int'} may change the sign of the result [-Wsign-conversion]
  632 |                 *target = base + rel->r_addend;
      |                                ^
kernel/arch/x86_64/ldso.c:640:36: warning: conversion to 'long long unsigned int' from 'int64_t' {aka 'long long int'} may change the sign of the result [-Wsign-conversion]
  640 |                 *target = sym_addr + rel->r_addend;
      |                                    ^
kernel/arch/x86_64/ldso.c:649:49: warning: conversion to 'long long unsigned int' from 'int64_t' {aka 'long long int'} may change the sign of the result [-Wsign-conversion]
  649 |                 *target32 = (uint32_t)(sym_addr + rel->r_addend - (uint64_t)target);
      |                                                 ^
kernel/arch/x86_64/ldso.c: In function 'ldso_call_init':
kernel/arch/x86_64/ldso.c:690:36: warning: ISO C forbids conversion of object pointer to function pointer type [-Wpedantic]
  690 |                 void (*fn)(void) = (void(*)(void))lib->init_array[j];
      |                                    ^
kernel/arch/x86_64/ldso.c: In function 'ldso_call_fini':
kernel/arch/x86_64/ldso.c:715:36: warning: ISO C forbids conversion of object pointer to function pointer type [-Wpedantic]
  715 |                 void (*fn)(void) = (void(*)(void))lib->fini_array[j];
      |                                    ^
kernel/arch/x86_64/ldso.c: In function 'ldso_unload_library':
kernel/arch/x86_64/ldso.c:760:36: warning: ISO C forbids conversion of object pointer to function pointer type [-Wpedantic]
  760 |                 void (*fn)(void) = (void(*)(void))lib->fini_array[j];
      |                                    ^
<1> Building kernel/arch/x86_64/kvm.c
<2> Building kernel/arch/x86_64/keyboard.c
kernel/arch/x86_64/kvm.c: In function 'vmx_handle_cr_access':
<0> Building kernel/arch/x86_64/jbd2.c
kernel/arch/x86_64/kvm.c:405:9: warning: unused variable 'gpr' [-Wunused-variable]
  405 |     u32 gpr = (exit_qual >> 8) & 0xF;
      |         ^~~
kernel/arch/x86_64/kvm.c:404:9: warning: unused variable 'access_type' [-Wunused-variable]
  404 |     u32 access_type = (exit_qual >> 4) & 0x3;
      |         ^~~~~~~~~~~
kernel/arch/x86_64/kvm.c: In function 'ept_map_page':
kernel/arch/x86_64/kvm.c:510:58: warning: conversion from 'u64' {aka 'long long unsigned int'} to 'u32' {aka 'unsigned int'} may change value [-Wconversion]
  510 |         u64 *entry = ept_get_entry(ept_root, level_offset[level]);
      |                                              ~~~~~~~~~~~~^~~~~~~
kernel/arch/x86_64/kvm.c:520:53: warning: conversion from 'u64' {aka 'long long unsigned int'} to 'u32' {aka 'unsigned int'} may change value [-Wconversion]
  520 |     u64 *leaf = ept_get_entry(ept_root, level_offset[0]);
      |                                         ~~~~~~~~~~~~^~~
kernel/arch/x86_64/keyboard.c: In function '__kbd_handle_key':
kernel/arch/x86_64/keyboard.c:129:44: warning: unsigned conversion from 'int' to 'uint32_t' {aka 'unsigned int'} changes value from '-2' to '4294967294' [-Wsign-conversion]
  129 |                 if (release) kbd_modifiers &= ~KEYMOD_LSHIFT;
      |                                            ^~
kernel/arch/x86_64/keyboard.c:133:44: warning: unsigned conversion from 'int' to 'uint32_t' {aka 'unsigned int'} changes value from '-3' to '4294967293' [-Wsign-conversion]
  133 |                 if (release) kbd_modifiers &= ~KEYMOD_RSHIFT;
      |                                            ^~
kernel/arch/x86_64/keyboard.c:138:48: warning: unsigned conversion from 'int' to 'uint32_t' {aka 'unsigned int'} changes value from '-9' to '4294967287' [-Wsign-conversion]
  138 |                     if (release) kbd_modifiers &= ~KEYMOD_RCTRL;
      |                                                ^~
kernel/arch/x86_64/keyboard.c:141:48: warning: unsigned conversion from 'int' to 'uint32_t' {aka 'unsigned int'} changes value from '-5' to '4294967291' [-Wsign-conversion]
  141 |                     if (release) kbd_modifiers &= ~KEYMOD_LCTRL;
      |                                                ^~
kernel/arch/x86_64/keyboard.c:148:48: warning: unsigned conversion from 'int' to 'uint32_t' {aka 'unsigned int'} changes value from '-33' to '4294967263' [-Wsign-conversion]
  148 |                     if (release) kbd_modifiers &= ~KEYMOD_RALT;
      |                                                ^~
kernel/arch/x86_64/keyboard.c:151:48: warning: unsigned conversion from 'int' to 'uint32_t' {aka 'unsigned int'} changes value from '-17' to '4294967279' [-Wsign-conversion]
  151 |                     if (release) kbd_modifiers &= ~KEYMOD_LALT;
      |                                                ^~
kernel/arch/x86_64/keyboard.c:159:31: warning: unsigned conversion from 'int' to 'uint8_t' {aka 'unsigned char'} changes the value of '-5' [-Wsign-conversion]
  159 |                     kbd_led = (kbd_modifiers & KEYMOD_CAPSLOCK) ? (kbd_led | KBD_LED_CAPS) : (kbd_led & ~KBD_LED_CAPS);
      |                               ^
kernel/arch/x86_64/keyboard.c:166:31: warning: unsigned conversion from 'int' to 'uint8_t' {aka 'unsigned char'} changes the value of '-3' [-Wsign-conversion]
  166 |                     kbd_led = (kbd_modifiers & KEYMOD_NUMLOCK) ? (kbd_led | KBD_LED_NUM) : (kbd_led & ~KBD_LED_NUM);
      |                               ^
kernel/arch/x86_64/keyboard.c:173:31: warning: unsigned conversion from 'int' to 'uint8_t' {aka 'unsigned char'} changes the value of '-2' [-Wsign-conversion]
  173 |                     kbd_led = (kbd_modifiers & KEYMOD_SCROLLLOCK) ? (kbd_led | KBD_LED_SCROLL) : (kbd_led & ~KBD_LED_SCROLL);
      |                               ^
kernel/arch/x86_64/keyboard.c:183:40: warning: unsigned conversion from 'int' to 'uint32_t' {aka 'unsigned int'} changes value from '-513' to '4294966783' [-Wsign-conversion]
  183 |             if (release) kbd_modifiers &= ~KEYMOD_LWIN;
      |                                        ^~
kernel/arch/x86_64/keyboard.c:186:40: warning: unsigned conversion from 'int' to 'uint32_t' {aka 'unsigned int'} changes value from '-1025' to '4294966271' [-Wsign-conversion]
  186 |             if (release) kbd_modifiers &= ~KEYMOD_RWIN;
      |                                        ^~
kernel/arch/x86_64/keyboard.c:207:24: warning: conversion to 'char' from 'uint8_t' {aka 'unsigned char'} may change the sign of the result [-Wsign-conversion]
  207 |             ev.ascii = scancode_set1_shift[scancode];
      |                        ^~~~~~~~~~~~~~~~~~~
kernel/arch/x86_64/keyboard.c:209:24: warning: conversion to 'char' from 'uint8_t' {aka 'unsigned char'} may change the sign of the result [-Wsign-conversion]
  209 |             ev.ascii = scancode_set1_normal[scancode];
      |                        ^~~~~~~~~~~~~~~~~~~~
kernel/arch/x86_64/keyboard.c: In function 'keyboard_init':
kernel/arch/x86_64/keyboard.c:249:27: warning: ISO C forbids conversion of function pointer to object pointer type [-Wpedantic]
  249 |     interrupt_register(1, (void*)keyboard_irq_handler);
      |                           ^
kernel/arch/x86_64/jbd2.c: In function 'jbd2_journal_load':
kernel/arch/x86_64/jbd2.c:398:56: warning: pointer of type 'void *' used in arithmetic [-Wpointer-arith]
  398 |             uint64_t* block_nos = (uint64_t*)(scan_buf + sizeof(jbd2_block_header_t));
      |                                                        ^
kernel/arch/x86_64/jbd2.c: In function 'jbd2_trans_commit':
kernel/arch/x86_64/jbd2.c:627:52: warning: pointer of type 'void *' used in arithmetic [-Wpointer-arith]
  627 |         uint64_t* block_nos = (uint64_t*)(desc_buf + sizeof(jbd2_block_header_t));
      |                                                    ^
kernel/arch/x86_64/jbd2.c: In function 'jbd2_trans_abort':
kernel/arch/x86_64/jbd2.c:759:20: warning: unsigned conversion from 'int' to 'uint32_t' {aka 'unsigned int'} changes value from '-2' to '4294967294' [-Wsign-conversion]
  759 |         blk->flags &= ~JBD2_BLOCK_DIRTY;
      |                    ^~
kernel/arch/x86_64/jbd2.c: In function 'jbd2_journal_checkpoint':
kernel/arch/x86_64/jbd2.c:867:32: warning: unsigned conversion from 'int' to 'uint32_t' {aka 'unsigned int'} changes value from '-2' to '4294967294' [-Wsign-conversion]
  867 |                     blk->flags &= ~JBD2_BLOCK_DIRTY;
      |                                ^~
kernel/arch/x86_64/jbd2.c:875:24: warning: unsigned conversion from 'int' to 'uint32_t' {aka 'unsigned int'} changes value from '-9' to '4294967287' [-Wsign-conversion]
  875 |             blk->flags &= ~JBD2_BLOCK_IN_LOG;
      |                        ^~
<2> Building kernel/arch/x86_64/ioapic.c
In file included from kernel/arch/x86_64/ioapic.c:3:
kernel/arch/x86_64/ioapic.c: In function 'ioapic_set_redirect':
kernel/arch/x86_64/include/arch/ioapic.h:15:32: warning: conversion to 'uint32_t' {aka 'unsigned int'} from 'int' may change the sign of the result [-Wsign-conversion]
   15 | #define IOAPIC_REG_REDIR_BASE  0x10
      |                                ^~~~
kernel/arch/x86_64/ioapic.c:70:20: note: in expansion of macro 'IOAPIC_REG_REDIR_BASE'
   70 |     uint32_t reg = IOAPIC_REG_REDIR_BASE + irq_num * 2;
      |                    ^~~~~~~~~~~~~~~~~~~~~
kernel/arch/x86_64/ioapic.c: In function 'ioapic_mask_irq':
kernel/arch/x86_64/include/arch/ioapic.h:15:32: warning: conversion to 'uint32_t' {aka 'unsigned int'} from 'int' may change the sign of the result [-Wsign-conversion]
   15 | #define IOAPIC_REG_REDIR_BASE  0x10
      |                                ^~~~
kernel/arch/x86_64/ioapic.c:111:20: note: in expansion of macro 'IOAPIC_REG_REDIR_BASE'
  111 |     uint32_t reg = IOAPIC_REG_REDIR_BASE + irq_num * 2;
      |                    ^~~~~~~~~~~~~~~~~~~~~
kernel/arch/x86_64/ioapic.c: In function 'ioapic_unmask_irq':
kernel/arch/x86_64/include/arch/ioapic.h:15:32: warning: conversion to 'uint32_t' {aka 'unsigned int'} from 'int' may change the sign of the result [-Wsign-conversion]
   15 | #define IOAPIC_REG_REDIR_BASE  0x10
      |                                ^~~~
kernel/arch/x86_64/ioapic.c:120:20: note: in expansion of macro 'IOAPIC_REG_REDIR_BASE'
  120 |     uint32_t reg = IOAPIC_REG_REDIR_BASE + irq_num * 2;
      |                    ^~~~~~~~~~~~~~~~~~~~~
kernel/arch/x86_64/ioapic.c:123:9: warning: unsigned conversion from 'int' to 'uint32_t' {aka 'unsigned int'} changes value from '-65537' to '4294901759' [-Wsign-conversion]
  123 |     low &= ~IOAPIC_MASKED;
      |         ^~
kernel/arch/x86_64/ioapic.c: In function 'ioapic_get_redirect_entry':
kernel/arch/x86_64/include/arch/ioapic.h:15:32: warning: conversion to 'uint32_t' {aka 'unsigned int'} from 'int' may change the sign of the result [-Wsign-conversion]
   15 | #define IOAPIC_REG_REDIR_BASE  0x10
      |                                ^~~~
kernel/arch/x86_64/ioapic.c:129:20: note: in expansion of macro 'IOAPIC_REG_REDIR_BASE'
  129 |     uint32_t reg = IOAPIC_REG_REDIR_BASE + irq_num * 2;
      |                    ^~~~~~~~~~~~~~~~~~~~~
<1> Building kernel/arch/x86_64/idt.c
<3> Building kernel/arch/x86_64/i2c.c
kernel/arch/x86_64/idt.c: In function 'idt_init':
kernel/arch/x86_64/idt.c:39:26: warning: conversion from 'int' to 'uint8_t' {aka 'unsigned char'} may change value [-Wconversion]
   39 |             idt_set_gate(i, (uint64_t)interrupt_handler_err, 0x08, 0x8E, 0);
      |                          ^
kernel/arch/x86_64/idt.c:41:26: warning: conversion from 'int' to 'uint8_t' {aka 'unsigned char'} may change value [-Wconversion]
   41 |             idt_set_gate(i, (uint64_t)interrupt_handler, 0x08, 0x8E, 0);
      |                          ^
kernel/arch/x86_64/idt.c: In function 'idt_set_gate':
kernel/arch/x86_64/idt.c:60:28: warning: conversion from 'uint64_t' {aka 'long long unsigned int'} to 'uint32_t' {aka 'unsigned int'} may change value [-Wconversion]
   60 |     idt[index].base_high = (handler >> 32) & 0xFFFFFFFF;
      |                            ^
kernel/arch/x86_64/i2c.c: In function 'i2c_smbus_wait_until_done':
kernel/arch/x86_64/i2c.c:55:13: warning: unused variable 'status' [-Wunused-variable]
   55 |     uint8_t status = i2c_smbus_read(bus->base_io, I2C_SMBUS_HST_STS);
      |             ^~~~~~
kernel/arch/x86_64/i2c.c: In function 'i2c_smbus_init':
kernel/arch/x86_64/i2c.c:118:54: warning: conversion from 'int' to 'uint8_t' {aka 'unsigned char'} may change value [-Wconversion]
  118 |                 uint32_t class_reg = pci_read_config(b, d, f, 0x08);
      |                                                      ^
kernel/arch/x86_64/i2c.c:118:57: warning: conversion from 'int' to 'uint8_t' {aka 'unsigned char'} may change value [-Wconversion]
  118 |                 uint32_t class_reg = pci_read_config(b, d, f, 0x08);
      |                                                         ^
kernel/arch/x86_64/i2c.c:118:60: warning: conversion from 'int' to 'uint8_t' {aka 'unsigned char'} may change value [-Wconversion]
  118 |                 uint32_t class_reg = pci_read_config(b, d, f, 0x08);
      |                                                            ^
kernel/arch/x86_64/i2c.c:121:38: warning: conversion from 'uint32_t' {aka 'unsigned int'} to 'uint8_t' {aka 'unsigned char'} may change value [-Wconversion]
  121 |                 uint8_t class_code = (class_reg >> 24) & 0xFF;
      |                                      ^
kernel/arch/x86_64/i2c.c:126:51: warning: conversion from 'int' to 'uint8_t' {aka 'unsigned char'} may change value [-Wconversion]
  126 |                 uint32_t id_reg = pci_read_config(b, d, f, 0x00);
      |                                                   ^
kernel/arch/x86_64/i2c.c:126:54: warning: conversion from 'int' to 'uint8_t' {aka 'unsigned char'} may change value [-Wconversion]
  126 |                 uint32_t id_reg = pci_read_config(b, d, f, 0x00);
      |                                                      ^
kernel/arch/x86_64/i2c.c:126:57: warning: conversion from 'int' to 'uint8_t' {aka 'unsigned char'} may change value [-Wconversion]
  126 |                 uint32_t id_reg = pci_read_config(b, d, f, 0x00);
      |                                                         ^
kernel/arch/x86_64/i2c.c:128:32: warning: conversion from 'uint32_t' {aka 'unsigned int'} to 'uint16_t' {aka 'short unsigned int'} may change value [-Wconversion]
  128 |                 uint16_t did = (id_reg >> 16) & 0xFFFF;
      |                                ^
kernel/arch/x86_64/i2c.c:130:62: warning: conversion from 'int' to 'uint8_t' {aka 'unsigned char'} may change value [-Wconversion]
  130 |                 uint16_t cmd_reg = (uint16_t)pci_read_config(b, d, f, 0x04);
      |                                                              ^
kernel/arch/x86_64/i2c.c:130:65: warning: conversion from 'int' to 'uint8_t' {aka 'unsigned char'} may change value [-Wconversion]
  130 |                 uint16_t cmd_reg = (uint16_t)pci_read_config(b, d, f, 0x04);
      |                                                                 ^
kernel/arch/x86_64/i2c.c:130:68: warning: conversion from 'int' to 'uint8_t' {aka 'unsigned char'} may change value [-Wconversion]
  130 |                 uint16_t cmd_reg = (uint16_t)pci_read_config(b, d, f, 0x04);
      |                                                                    ^
kernel/arch/x86_64/i2c.c:132:34: warning: conversion from 'int' to 'uint8_t' {aka 'unsigned char'} may change value [-Wconversion]
  132 |                 pci_write_config(b, d, f, 0x04, cmd_reg);
      |                                  ^
kernel/arch/x86_64/i2c.c:132:37: warning: conversion from 'int' to 'uint8_t' {aka 'unsigned char'} may change value [-Wconversion]
  132 |                 pci_write_config(b, d, f, 0x04, cmd_reg);
      |                                     ^
kernel/arch/x86_64/i2c.c:132:40: warning: conversion from 'int' to 'uint8_t' {aka 'unsigned char'} may change value [-Wconversion]
  132 |                 pci_write_config(b, d, f, 0x04, cmd_reg);
      |                                        ^
kernel/arch/x86_64/i2c.c:135:65: warning: conversion from 'int' to 'uint8_t' {aka 'unsigned char'} may change value [-Wconversion]
  135 |                 uint8_t header_type = (uint8_t)(pci_read_config(b, d, f, 0x0C) & 0xFF);
      |                                                                 ^
kernel/arch/x86_64/i2c.c:135:68: warning: conversion from 'int' to 'uint8_t' {aka 'unsigned char'} may change value [-Wconversion]
  135 |                 uint8_t header_type = (uint8_t)(pci_read_config(b, d, f, 0x0C) & 0xFF);
      |                                                                    ^
kernel/arch/x86_64/i2c.c:135:71: warning: conversion from 'int' to 'uint8_t' {aka 'unsigned char'} may change value [-Wconversion]
  135 |                 uint8_t header_type = (uint8_t)(pci_read_config(b, d, f, 0x0C) & 0xFF);
      |                                                                       ^
kernel/arch/x86_64/i2c.c:137:53: warning: conversion from 'int' to 'uint8_t' {aka 'unsigned char'} may change value [-Wconversion]
  137 |                     uint32_t bar4 = pci_read_config(b, d, f, 0x20);
      |                                                     ^
kernel/arch/x86_64/i2c.c:137:56: warning: conversion from 'int' to 'uint8_t' {aka 'unsigned char'} may change value [-Wconversion]
  137 |                     uint32_t bar4 = pci_read_config(b, d, f, 0x20);
      |                                                        ^
kernel/arch/x86_64/i2c.c:137:59: warning: conversion from 'int' to 'uint8_t' {aka 'unsigned char'} may change value [-Wconversion]
  137 |                     uint32_t bar4 = pci_read_config(b, d, f, 0x20);
      |                                                           ^
kernel/arch/x86_64/i2c.c:155:51: warning: conversion from 'int' to 'uint8_t' {aka 'unsigned char'} may change value [-Wconversion]
  155 |                 bus->pci_config = pci_read_config(b, d, f, 0x90);
      |                                                   ^
kernel/arch/x86_64/i2c.c:155:54: warning: conversion from 'int' to 'uint8_t' {aka 'unsigned char'} may change value [-Wconversion]
  155 |                 bus->pci_config = pci_read_config(b, d, f, 0x90);
      |                                                      ^
kernel/arch/x86_64/i2c.c:155:57: warning: conversion from 'int' to 'uint8_t' {aka 'unsigned char'} may change value [-Wconversion]
  155 |                 bus->pci_config = pci_read_config(b, d, f, 0x90);
      |                                                         ^
kernel/arch/x86_64/i2c.c: In function 'i2c_smbus_block_read':
kernel/arch/x86_64/i2c.c:230:67: warning: conversion from 'uint32_t' {aka 'unsigned int'} to 'uint8_t' {aka 'unsigned char'} may change value [-Wconversion]
  230 |         buf[i] = i2c_smbus_read(bus->base_io, I2C_SMBUS_HST_BLOCK + i);
kernel/arch/x86_64/i2c.c: In function 'i2c_smbus_block_write':
kernel/arch/x86_64/i2c.c:256:59: warning: conversion from 'uint32_t' {aka 'unsigned int'} to 'uint8_t' {aka 'unsigned char'} may change value [-Wconversion]
  256 |         i2c_smbus_write(bus->base_io, I2C_SMBUS_HST_BLOCK + i, buf[i]);
<2> Building kernel/arch/x86_64/hpet.c
<1> Building kernel/arch/x86_64/hda.c
<0> Building kernel/arch/x86_64/gdt.c
kernel/arch/x86_64/hda.c: In function 'hda_init':
kernel/arch/x86_64/hda.c:19:59: warning: conversion from 'int' to 'uint8_t' {aka 'unsigned char'} may change value [-Wconversion]
   19 |                 uint32_t class_code_reg = pci_read_config(b, d, f, 0x08);
      |                                                           ^
kernel/arch/x86_64/hda.c:19:62: warning: conversion from 'int' to 'uint8_t' {aka 'unsigned char'} may change value [-Wconversion]
   19 |                 uint32_t class_code_reg = pci_read_config(b, d, f, 0x08);
      |                                                              ^
kernel/arch/x86_64/hda.c:19:65: warning: conversion from 'int' to 'uint8_t' {aka 'unsigned char'} may change value [-Wconversion]
   19 |                 uint32_t class_code_reg = pci_read_config(b, d, f, 0x08);
      |                                                                 ^
kernel/arch/x86_64/hda.c:23:38: warning: conversion from 'uint32_t' {aka 'unsigned int'} to 'uint8_t' {aka 'unsigned char'} may change value [-Wconversion]
   23 |                 uint8_t class_code = (class_code_reg >> 24) & 0xFF;
      |                                      ^
kernel/arch/x86_64/hda.c:28:37: warning: conversion from 'int' to 'uint8_t' {aka 'unsigned char'} may change value [-Wconversion]
   28 |                         ctrl->bus = b;
      |                                     ^
kernel/arch/x86_64/hda.c:29:40: warning: conversion from 'int' to 'uint8_t' {aka 'unsigned char'} may change value [-Wconversion]
   29 |                         ctrl->device = d;
      |                                        ^
kernel/arch/x86_64/hda.c:30:42: warning: conversion from 'int' to 'uint8_t' {aka 'unsigned char'} may change value [-Wconversion]
   30 |                         ctrl->function = f;
      |                                          ^
kernel/arch/x86_64/hda.c:31:62: warning: conversion from 'int' to 'uint8_t' {aka 'unsigned char'} may change value [-Wconversion]
   31 |                         ctrl->base_address = pci_read_config(b, d, f, 0x10) & 0xFFFFFFF0;
      |                                                              ^
kernel/arch/x86_64/hda.c:31:65: warning: conversion from 'int' to 'uint8_t' {aka 'unsigned char'} may change value [-Wconversion]
   31 |                         ctrl->base_address = pci_read_config(b, d, f, 0x10) & 0xFFFFFFF0;
      |                                                                 ^
kernel/arch/x86_64/hda.c:31:68: warning: conversion from 'int' to 'uint8_t' {aka 'unsigned char'} may change value [-Wconversion]
   31 |                         ctrl->base_address = pci_read_config(b, d, f, 0x10) & 0xFFFFFFF0;
      |                                                                    ^
kernel/arch/x86_64/hda.c:32:59: warning: conversion from 'int' to 'uint8_t' {aka 'unsigned char'} may change value [-Wconversion]
   32 |                         ctrl->vendor_id = pci_read_config(b, d, f, 0x00) & 0xFFFF;
      |                                                           ^
kernel/arch/x86_64/hda.c:32:62: warning: conversion from 'int' to 'uint8_t' {aka 'unsigned char'} may change value [-Wconversion]
   32 |                         ctrl->vendor_id = pci_read_config(b, d, f, 0x00) & 0xFFFF;
      |                                                              ^
kernel/arch/x86_64/hda.c:32:65: warning: conversion from 'int' to 'uint8_t' {aka 'unsigned char'} may change value [-Wconversion]
   32 |                         ctrl->vendor_id = pci_read_config(b, d, f, 0x00) & 0xFFFF;
      |                                                                 ^
kernel/arch/x86_64/hda.c:33:60: warning: conversion from 'int' to 'uint8_t' {aka 'unsigned char'} may change value [-Wconversion]
   33 |                         ctrl->device_id = (pci_read_config(b, d, f, 0x00) >> 16) & 0xFFFF;
      |                                                            ^
kernel/arch/x86_64/hda.c:33:63: warning: conversion from 'int' to 'uint8_t' {aka 'unsigned char'} may change value [-Wconversion]
   33 |                         ctrl->device_id = (pci_read_config(b, d, f, 0x00) >> 16) & 0xFFFF;
      |                                                               ^
kernel/arch/x86_64/hda.c:33:66: warning: conversion from 'int' to 'uint8_t' {aka 'unsigned char'} may change value [-Wconversion]
   33 |                         ctrl->device_id = (pci_read_config(b, d, f, 0x00) >> 16) & 0xFFFF;
      |                                                                  ^
kernel/arch/x86_64/hda.c:34:59: warning: conversion from 'int' to 'uint8_t' {aka 'unsigned char'} may change value [-Wconversion]
   34 |                         ctrl->interrupt = pci_read_config(b, d, f, 0x3C) & 0xFF;
      |                                                           ^
kernel/arch/x86_64/hda.c:34:62: warning: conversion from 'int' to 'uint8_t' {aka 'unsigned char'} may change value [-Wconversion]
   34 |                         ctrl->interrupt = pci_read_config(b, d, f, 0x3C) & 0xFF;
      |                                                              ^
kernel/arch/x86_64/hda.c:34:65: warning: conversion from 'int' to 'uint8_t' {aka 'unsigned char'} may change value [-Wconversion]
   34 |                         ctrl->interrupt = pci_read_config(b, d, f, 0x3C) & 0xFF;
      |                                                                 ^
kernel/arch/x86_64/hda.c:15:26: warning: unused variable 'function' [-Wunused-variable]
   15 |     uint8_t bus, device, function;
      |                          ^~~~~~~~
kernel/arch/x86_64/hda.c:15:18: warning: unused variable 'device' [-Wunused-variable]
   15 |     uint8_t bus, device, function;
      |                  ^~~~~~
kernel/arch/x86_64/hda.c:15:13: warning: unused variable 'bus' [-Wunused-variable]
   15 |     uint8_t bus, device, function;
      |             ^~~
<2> Building kernel/arch/x86_64/framebuffer.c
<0> Building kernel/arch/x86_64/ext4.c
kernel/arch/x86_64/framebuffer.c: In function 'fb_init_from_gop':
kernel/arch/x86_64/framebuffer.c:335:63: warning: unsigned conversion from 'int' to 'uint64_t' {aka 'long long unsigned int'} changes value from '-4096' to '18446744073709547520' [-Wsign-conversion]
  335 |     fb_info.total_size = (fb_info.total_size + PAGE_SIZE - 1) & ~(PAGE_SIZE - 1);
      |                                                               ^
kernel/arch/x86_64/framebuffer.c: In function 'fb_puts':
kernel/arch/x86_64/framebuffer.c:548:49: warning: unsigned conversion from 'int' to 'uint32_t' {aka 'unsigned int'} changes value from '-64' to '4294967232' [-Wsign-conversion]
  548 |             cur_x = (cur_x + FB_CHAR_WIDTH * 8) & ~(FB_CHAR_WIDTH * 8 - 1);
      |                                                 ^
kernel/arch/x86_64/framebuffer.c: In function 'fb_resolution_set':
kernel/arch/x86_64/framebuffer.c:580:63: warning: unsigned conversion from 'int' to 'uint64_t' {aka 'long long unsigned int'} changes value from '-4096' to '18446744073709547520' [-Wsign-conversion]
  580 |     fb_info.total_size = (fb_info.total_size + PAGE_SIZE - 1) & ~(PAGE_SIZE - 1);
      |                                                               ^
<1> Building kernel/arch/x86_64/ext2.c
In file included from kernel/arch/x86_64/ext4.c:1:
kernel/arch/x86_64/include/arch/ext4.h:275:7: warning: ISO C forbids zero-size array 'dx_entry' [-Wpedantic]
  275 |     } dx_entry[0];
      |       ^~~~~~~~
kernel/arch/x86_64/include/arch/ext4.h:289:7: warning: ISO C forbids zero-size array 'dx_entry' [-Wpedantic]
  289 |     } dx_entry[0];
      |       ^~~~~~~~
<3> Building kernel/arch/x86_64/elf.c
kernel/arch/x86_64/ext4.c: In function 'ext4_mount':
kernel/arch/x86_64/ext4.c:141:14: warning: unused variable 'gdt_bytes' [-Wunused-variable]
  141 |     uint64_t gdt_bytes = (uint64_t)groups_needed * fs->desc_size;
      |              ^~~~~~~~~
kernel/arch/x86_64/ext4.c: In function 'ext4_read_extent_block':
kernel/arch/x86_64/ext4.c:366:14: warning: variable 'path_blocks' set but not used [-Wunused-but-set-variable=]
  366 |     uint64_t path_blocks[EXT4_MAX_DEPTH];
      |              ^~~~~~~~~~~
kernel/arch/x86_64/ext4.c: In function 'ext4_lookup':
kernel/arch/x86_64/ext4.c:536:33: warning: unused variable 'node' [-Wunused-variable]
  536 |                 ext4_dx_node_t* node = (ext4_dx_node_t*)block_buf;
      |                                 ^~~~
kernel/arch/x86_64/ext2.c: In function 'ext2_block_to_lba':
kernel/arch/x86_64/ext2.c:11:46: warning: unused parameter 'fs' [-Wunused-parameter]
   11 | static uint32_t ext2_block_to_lba(ext2_fs_t* fs, uint32_t block)
      |                                   ~~~~~~~~~~~^~
kernel/arch/x86_64/ext2.c: In function 'ext2_read_file':
kernel/arch/x86_64/ext2.c:120:30: warning: conversion from 'uint64_t' {aka 'long long unsigned int'} to 'uint32_t' {aka 'unsigned int'} may change value [-Wconversion]
  120 |         uint32_t block_num = current_offset / EXT2_BLOCK_SIZE;
      |                              ^~~~~~~~~~~~~~
kernel/arch/x86_64/ext2.c:125:25: warning: conversion from 'uint64_t' {aka 'long long unsigned int'} to 'uint32_t' {aka 'unsigned int'} may change value [-Wconversion]
  125 |             read_size = size - bytes_read;
      |                         ^~~~
kernel/arch/x86_64/ext2.c:144:12: warning: conversion from 'uint64_t' {aka 'long long unsigned int'} to 'int' may change value [-Wconversion]
  144 |     return bytes_read;
      |            ^~~~~~~~~~
kernel/arch/x86_64/ext2.c: In function 'ext2_read':
kernel/arch/x86_64/ext2.c:306:28: warning: conversion to 'uint64_t' {aka 'long long unsigned int'} from 'int' may change the sign of the result [-Wsign-conversion]
  306 |     if (ret > 0) f->offset += ret;
      |                            ^~
kernel/arch/x86_64/ext2.c: At top level:
kernel/arch/x86_64/ext2.c:22:12: warning: 'ext2_write_block' defined but not used [-Wunused-function]
   22 | static int ext2_write_block(ext2_fs_t* fs, uint32_t block, const void* buffer)
      |            ^~~~~~~~~~~~~~~~
kernel/arch/x86_64/elf.c: In function 'elf_load_from_memory':
kernel/arch/x86_64/elf.c:78:38: warning: unsigned conversion from 'int' to 'uint64_t' {aka 'long long unsigned int'} changes value from '-4096' to '18446744073709547520' [-Wsign-conversion]
   78 |         uint64_t vaddr = ph->p_vaddr & ~(PAGE_SIZE - 1);
      |                                      ^
kernel/arch/x86_64/elf.c:79:40: warning: unsigned conversion from 'int' to 'uint64_t' {aka 'long long unsigned int'} changes value from '-4096' to '18446744073709547520' [-Wsign-conversion]
   79 |         uint64_t offset = ph->p_offset & ~(PAGE_SIZE - 1);
      |                                        ^
kernel/arch/x86_64/elf.c:82:55: warning: unsigned conversion from 'int' to 'uint64_t' {aka 'long long unsigned int'} changes value from '-4096' to '18446744073709547520' [-Wsign-conversion]
   82 |         uint64_t page_end = (mem_end + PAGE_SIZE - 1) & ~(PAGE_SIZE - 1);
      |                                                       ^
kernel/arch/x86_64/elf.c: In function 'elf_load_from_file':
kernel/arch/x86_64/elf.c:144:41: warning: conversion to 'uint64_t' {aka 'long long unsigned int'} from 'int' may change the sign of the result [-Wsign-conversion]
  144 |     int ret = elf_load_from_memory(buf, total, info);
      |                                         ^~~~~
kernel/arch/x86_64/elf.c: In function 'elf_setup_stack':
kernel/arch/x86_64/elf.c:167:15: warning: conversion to 'uint64_t' {aka 'long long unsigned int'} from 'int' may change the sign of the result [-Wsign-conversion]
  167 |     *(--sp) = argc;
      |               ^~~~
<2> Building kernel/arch/x86_64/ehci.c
<3> Building kernel/arch/x86_64/efi_runtime.c
<1> Building kernel/arch/x86_64/efi_entry.c
kernel/arch/x86_64/ehci.c: In function 'ehci_init':
kernel/arch/x86_64/ehci.c:17:59: warning: conversion from 'int' to 'uint8_t' {aka 'unsigned char'} may change value [-Wconversion]
   17 |                 uint32_t class_code_reg = pci_read_config(b, d, f, 0x08);
      |                                                           ^
kernel/arch/x86_64/ehci.c:17:62: warning: conversion from 'int' to 'uint8_t' {aka 'unsigned char'} may change value [-Wconversion]
   17 |                 uint32_t class_code_reg = pci_read_config(b, d, f, 0x08);
      |                                                              ^
kernel/arch/x86_64/ehci.c:17:65: warning: conversion from 'int' to 'uint8_t' {aka 'unsigned char'} may change value [-Wconversion]
   17 |                 uint32_t class_code_reg = pci_read_config(b, d, f, 0x08);
      |                                                                 ^
kernel/arch/x86_64/ehci.c:21:38: warning: conversion from 'uint32_t' {aka 'unsigned int'} to 'uint8_t' {aka 'unsigned char'} may change value [-Wconversion]
   21 |                 uint8_t class_code = (class_code_reg >> 24) & 0xFF;
      |                                      ^
kernel/arch/x86_64/ehci.c:27:37: warning: conversion from 'int' to 'uint8_t' {aka 'unsigned char'} may change value [-Wconversion]
   27 |                         ctrl->bus = b;
      |                                     ^
kernel/arch/x86_64/ehci.c:28:40: warning: conversion from 'int' to 'uint8_t' {aka 'unsigned char'} may change value [-Wconversion]
   28 |                         ctrl->device = d;
      |                                        ^
kernel/arch/x86_64/ehci.c:29:42: warning: conversion from 'int' to 'uint8_t' {aka 'unsigned char'} may change value [-Wconversion]
   29 |                         ctrl->function = f;
      |                                          ^
kernel/arch/x86_64/ehci.c:30:54: warning: conversion from 'int' to 'uint8_t' {aka 'unsigned char'} may change value [-Wconversion]
   30 |                         ctrl->base = pci_read_config(b, d, f, 0x10) & 0xFFFFFFF0;
      |                                                      ^
kernel/arch/x86_64/ehci.c:30:57: warning: conversion from 'int' to 'uint8_t' {aka 'unsigned char'} may change value [-Wconversion]
   30 |                         ctrl->base = pci_read_config(b, d, f, 0x10) & 0xFFFFFFF0;
      |                                                         ^
kernel/arch/x86_64/ehci.c:30:60: warning: conversion from 'int' to 'uint8_t' {aka 'unsigned char'} may change value [-Wconversion]
   30 |                         ctrl->base = pci_read_config(b, d, f, 0x10) & 0xFFFFFFF0;
      |                                                            ^
kernel/arch/x86_64/efi_entry.c: In function 'efi_print_dec':
kernel/arch/x86_64/efi_entry.c:47:24: warning: conversion from 'uint64_t' {aka 'long long unsigned int'} to 'char' may change value [-Wconversion]
   47 |             buf[i--] = '0' + (value % 10);
      |                        ^~~
<2> Building kernel/arch/x86_64/efi.c
<1> Building kernel/arch/x86_64/dns.c
<3> Building kernel/arch/x86_64/cpuidle.c
<0> Building kernel/arch/x86_64/cpufreq.c
kernel/arch/x86_64/dns.c:42:17: warning: 'dns_ntohl' defined but not used [-Wunused-function]
   42 | static uint32_t dns_ntohl(uint32_t v) { return dns_htonl(v); }
      |                 ^~~~~~~~~
kernel/arch/x86_64/cpufreq.c:111:12: warning: 'conservative_sampling_rate' defined but not used [-Wunused-variable]
  111 | static u32 conservative_sampling_rate = 200;
      |            ^~~~~~~~~~~~~~~~~~~~~~~~~~
kernel/arch/x86_64/cpufreq.c:110:12: warning: 'conservative_step' defined but not used [-Wunused-variable]
  110 | static int conservative_step = 5;
      |            ^~~~~~~~~~~~~~~~~
kernel/arch/x86_64/cpufreq.c:109:12: warning: 'conservative_down_threshold' defined but not used [-Wunused-variable]
  109 | static int conservative_down_threshold = 20;
      |            ^~~~~~~~~~~~~~~~~~~~~~~~~~~
kernel/arch/x86_64/cpufreq.c:108:12: warning: 'conservative_up_threshold' defined but not used [-Wunused-variable]
  108 | static int conservative_up_threshold = 80;
      |            ^~~~~~~~~~~~~~~~~~~~~~~~~
kernel/arch/x86_64/cpufreq.c:89:12: warning: 'ondemand_sampling_down_factor' defined but not used [-Wunused-variable]
   89 | static u32 ondemand_sampling_down_factor = ONDEMAND_SAMPLING_DOWN_FACTOR;
      |            ^~~~~~~~~~~~~~~~~~~~~~~~~~~~~
kernel/arch/x86_64/cpufreq.c:88:12: warning: 'ondemand_sampling_rate' defined but not used [-Wunused-variable]
   88 | static u32 ondemand_sampling_rate = ONDEMAND_SAMPLING_RATE_MS;
      |            ^~~~~~~~~~~~~~~~~~~~~~
kernel/arch/x86_64/cpufreq.c:87:12: warning: 'ondemand_up_threshold' defined but not used [-Wunused-variable]
   87 | static u32 ondemand_up_threshold = ONDEMAND_UP_THRESHOLD;
      |            ^~~~~~~~~~~~~~~~~~~~~
kernel/arch/x86_64/cpufreq.c:22:13: warning: 'wrmsr' defined but not used [-Wunused-function]
   22 | static void wrmsr(u32 msr, u64 val)
      |             ^~~~~
<2> Building kernel/arch/x86_64/conntrack.c
<3> Building kernel/arch/x86_64/cfs.c
kernel/arch/x86_64/conntrack.c:6:17: warning: 'conntrack_jiffies_base' defined but not used [-Wunused-variable]
    6 | static uint64_t conntrack_jiffies_base = 0;
      |                 ^~~~~~~~~~~~~~~~~~~~~~
<1> Building kernel/arch/x86_64/buddy.c
<0> Building kernel/arch/x86_64/bpf.c
kernel/arch/x86_64/buddy.c: In function 'buddy_free_pages':
kernel/arch/x86_64/buddy.c:163:17: warning: unsigned conversion from 'int' to 'uint32_t' {aka 'unsigned int'} changes value from '-2' to '4294967294' [-Wsign-conversion]
  163 |     page->flags &= ~PAGE_FLAG_USED;
      |                 ^~
kernel/arch/x86_64/bpf.c:135:8: warning: ISO C forbids zero-size array 'data' [-Wpedantic]
  135 |     u8 data[0];
      |        ^~~~
kernel/arch/x86_64/bpf.c: In function 'hash_map_update_impl':
kernel/arch/x86_64/bpf.c:254:20: warning: conversion from 'long long unsigned int' to 'u32' {aka 'unsigned int'} may change value [-Wconversion]
  254 |     u32 entry_sz = sizeof(bpf_hash_entry_t) + hdata->key_size + hdata->value_size;
      |                    ^~~~~~
kernel/arch/x86_64/bpf.c: In function 'array_map_alloc':
kernel/arch/x86_64/bpf.c:346:34: warning: unused parameter 'key_size' [-Wunused-parameter]
  346 | static void *array_map_alloc(u32 key_size, u32 value_size, u32 max_entries)
      |                              ~~~~^~~~~~~~
kernel/arch/x86_64/bpf.c: In function 'bpf_prog_run':
kernel/arch/x86_64/bpf.c:583:17: warning: unused variable 'ssv' [-Wunused-variable]
  583 |             s64 ssv = (s64)sv;
      |                 ^~~
kernel/arch/x86_64/bpf.c:646:29: warning: conversion to 'u32' {aka 'unsigned int'} from 'int' may change the sign of the result [-Wsign-conversion]
  646 |             case BPF_JA: pc += insn->off + 1; continue;
      |                             ^~
kernel/arch/x86_64/bpf.c:718:20: warning: conversion to 'u32' {aka 'unsigned int'} from 'int' may change the sign of the result [-Wsign-conversion]
  718 |                 pc += insn->off + 1;
      |                    ^~
kernel/arch/x86_64/bpf.c:727:27: warning: conversion to 'long long unsigned int' from 'long long int' may change the sign of the result [-Wsign-conversion]
  727 |             u64 addr = sv + (s64)insn->off;
      |                           ^
kernel/arch/x86_64/bpf.c:725:17: warning: unused variable 'dv' [-Wunused-variable]
  725 |             u64 dv = get_reg(&ctx, dst);
      |                 ^~
kernel/arch/x86_64/bpf.c:746:43: warning: conversion to 'long long unsigned int' from 'long long int' may change the sign of the result [-Wsign-conversion]
  746 |                 addr = get_reg(&ctx, dst) + (s64)insn->off;
      |                                           ^
kernel/arch/x86_64/bpf.c:749:43: warning: conversion to 'long long unsigned int' from 'long long int' may change the sign of the result [-Wsign-conversion]
  749 |                 addr = get_reg(&ctx, dst) + (s64)insn->off;
      |                                           ^
kernel/arch/x86_64/bpf.c: In function 'bpf_verifier':
kernel/arch/x86_64/bpf.c:838:33: warning: conversion to 'u32' {aka 'unsigned int'} from 'int' may change the sign of the result [-Wsign-conversion]
  838 |                 s32 target = pc + insn->off + 1;
      |                                 ^
kernel/arch/x86_64/bpf.c:838:30: warning: conversion to 's32' {aka 'int'} from 'u32' {aka 'unsigned int'} may change the sign of the result [-Wsign-conversion]
  838 |                 s32 target = pc + insn->off + 1;
      |                              ^~
kernel/arch/x86_64/bpf.c: In function 'emit_dword':
kernel/arch/x86_64/bpf.c:866:27: warning: conversion from 'u32' {aka 'unsigned int'} to 'u8' {aka 'unsigned char'} may change value [-Wconversion]
  866 |     emit_byte((val >> 24) & 0xFF);
      |               ~~~~~~~~~~~~^~~~~~
kernel/arch/x86_64/bpf.c: At top level:
kernel/arch/x86_64/bpf.c:869:13: warning: 'emit_qword' defined but not used [-Wunused-function]
  869 | static void emit_qword(u64 val)
      |             ^~~~~~~~~~
kernel/arch/x86_64/buddy.c: In function 'buddy_free_pages.part.0':
kernel/arch/x86_64/buddy.c:172:18: warning: potential null pointer dereference [-Wnull-dereference]
  172 |         if (buddy->pfn < zone->base_pfn || buddy->pfn >= zone->end_pfn) break;
      |             ~~~~~^~~~~
kernel/arch/x86_64/buddy.c:172:18: warning: potential null pointer dereference [-Wnull-dereference]
<2> Building kernel/arch/x86_64/apic.c
<3> Building kernel/arch/x86_64/ahci.c
kernel/arch/x86_64/apic.c: In function 'lapic_send_ipi':
kernel/arch/x86_64/apic.c:86:38: warning: unsigned conversion from 'int' to 'uint32_t' {aka 'unsigned int'} changes value from '-16777216' to '4278190080' [-Wsign-conversion]
   86 |         lapic_write(LAPIC_ICR1, 0xFF << 24);
      |                                 ~~~~~^~~~~
kernel/arch/x86_64/apic.c: In function 'lapic_timer_calibrate':
kernel/arch/x86_64/apic.c:128:44: warning: unsigned conversion from 'int' to 'uint8_t' {aka 'unsigned char'} changes the value of '-2' [-Wsign-conversion]
  128 |         outb(PIT_SPEAKER_PORT, speaker_val & ~0x01);
      |                                ~~~~~~~~~~~~^~~~~~~
kernel/arch/x86_64/apic.c: In function 'lapic_lvt_unmask':
kernel/arch/x86_64/apic.c:172:26: warning: unsigned conversion from 'int' to 'uint32_t' {aka 'unsigned int'} changes value from '-65537' to '4294901759' [-Wsign-conversion]
  172 |     lapic_write(reg, val & ~LAPIC_TIMER_MASKED);
      |                          ^
kernel/arch/x86_64/ahci.c: In function 'ahci_init':
kernel/arch/x86_64/ahci.c:152:59: warning: conversion from 'int' to 'uint8_t' {aka 'unsigned char'} may change value [-Wconversion]
  152 |                 uint32_t class_code_reg = pci_read_config(b, d, f, 0x08);
      |                                                           ^
kernel/arch/x86_64/ahci.c:152:62: warning: conversion from 'int' to 'uint8_t' {aka 'unsigned char'} may change value [-Wconversion]
  152 |                 uint32_t class_code_reg = pci_read_config(b, d, f, 0x08);
      |                                                              ^
kernel/arch/x86_64/ahci.c:152:65: warning: conversion from 'int' to 'uint8_t' {aka 'unsigned char'} may change value [-Wconversion]
  152 |                 uint32_t class_code_reg = pci_read_config(b, d, f, 0x08);
      |                                                                 ^
kernel/arch/x86_64/ahci.c:156:38: warning: conversion from 'uint32_t' {aka 'unsigned int'} to 'uint8_t' {aka 'unsigned char'} may change value [-Wconversion]
  156 |                 uint8_t class_code = (class_code_reg >> 24) & 0xFF;
      |                                      ^
kernel/arch/x86_64/ahci.c:161:37: warning: conversion from 'int' to 'uint8_t' {aka 'unsigned char'} may change value [-Wconversion]
  161 |                         ctrl->bus = b;
      |                                     ^
kernel/arch/x86_64/ahci.c:162:40: warning: conversion from 'int' to 'uint8_t' {aka 'unsigned char'} may change value [-Wconversion]
  162 |                         ctrl->device = d;
      |                                        ^
kernel/arch/x86_64/ahci.c:163:42: warning: conversion from 'int' to 'uint8_t' {aka 'unsigned char'} may change value [-Wconversion]
  163 |                         ctrl->function = f;
      |                                          ^
kernel/arch/x86_64/ahci.c:164:54: warning: conversion from 'int' to 'uint8_t' {aka 'unsigned char'} may change value [-Wconversion]
  164 |                         ctrl->base = pci_read_config(b, d, f, 0x24) & 0xFFFFFFF0;
      |                                                      ^
kernel/arch/x86_64/ahci.c:164:57: warning: conversion from 'int' to 'uint8_t' {aka 'unsigned char'} may change value [-Wconversion]
  164 |                         ctrl->base = pci_read_config(b, d, f, 0x24) & 0xFFFFFFF0;
      |                                                         ^
kernel/arch/x86_64/ahci.c:164:60: warning: conversion from 'int' to 'uint8_t' {aka 'unsigned char'} may change value [-Wconversion]
  164 |                         ctrl->base = pci_read_config(b, d, f, 0x24) & 0xFFFFFFF0;
      |                                                            ^
kernel/arch/x86_64/ahci.c:22:22: warning: conversion to 'uint32_t' {aka 'unsigned int'} from 'int' may change the sign of the result [-Wsign-conversion]
   22 | #define AHCI_POFF    0x100
      |                      ^~~~~
kernel/arch/x86_64/ahci.c:175:52: note: in expansion of macro 'AHCI_POFF'
  175 |                                 uint32_t cmd_off = AHCI_POFF + p * AHCI_PSIZE + AHCI_PCMD;
      |                                                    ^~~~~~~~~
kernel/arch/x86_64/ahci.c:178:71: warning: unsigned conversion from 'int' to 'uint32_t' {aka 'unsigned int'} changes value from '-2' to '4294967294' [-Wsign-conversion]
  178 |                                     ahci_w32(ctrl->base, cmd_off, cmd & ~CMD_ST);
      |                                                                       ^
kernel/arch/x86_64/ahci.c:182:71: warning: unsigned conversion from 'int' to 'uint32_t' {aka 'unsigned int'} changes value from '-17' to '4294967279' [-Wsign-conversion]
  182 |                                     ahci_w32(ctrl->base, cmd_off, cmd & ~CMD_FRE);
      |                                                                       ^
kernel/arch/x86_64/ahci.c:191:81: warning: conversion to 'uint32_t' {aka 'unsigned int'} from 'int' may change the sign of the result [-Wsign-conversion]
  191 |                                 ahci_w32(ctrl->base, AHCI_POFF + p * AHCI_PSIZE + 0x00, (uint32_t)phys);
      |                                                                                 ^
kernel/arch/x86_64/ahci.c:192:81: warning: conversion to 'uint32_t' {aka 'unsigned int'} from 'int' may change the sign of the result [-Wsign-conversion]
  192 |                                 ahci_w32(ctrl->base, AHCI_POFF + p * AHCI_PSIZE + 0x04, (uint32_t)(phys >> 32));
      |                                                                                 ^
kernel/arch/x86_64/ahci.c:193:81: warning: conversion to 'uint32_t' {aka 'unsigned int'} from 'int' may change the sign of the result [-Wsign-conversion]
  193 |                                 ahci_w32(ctrl->base, AHCI_POFF + p * AHCI_PSIZE + 0x08, (uint32_t)(phys + 0x400));
      |                                                                                 ^
kernel/arch/x86_64/ahci.c:194:81: warning: conversion to 'uint32_t' {aka 'unsigned int'} from 'int' may change the sign of the result [-Wsign-conversion]
  194 |                                 ahci_w32(ctrl->base, AHCI_POFF + p * AHCI_PSIZE + 0x0C, 0);
      |                                                                                 ^
kernel/arch/x86_64/ahci.c:195:81: warning: conversion to 'uint32_t' {aka 'unsigned int'} from 'int' may change the sign of the result [-Wsign-conversion]
  195 |                                 ahci_w32(ctrl->base, AHCI_POFF + p * AHCI_PSIZE + AHCI_PIS, 0xFFFFFFFF);
      |                                                                                 ^
kernel/arch/x86_64/ahci.c:198:99: warning: conversion to 'uint32_t' {aka 'unsigned int'} from 'int' may change the sign of the result [-Wsign-conversion]
  198 |                                 ctrl->ports[p] = (ahci_port_t*)(uintptr_t)(ctrl->base + AHCI_POFF + p * AHCI_PSIZE);
      |                                                                                                   ^
<1> Building kernel/arch/x86_64/acpi_pm.c
<2> Building kernel/arch/x86_64/acpi_madt.c
kernel/arch/x86_64/acpi_pm.c: In function 'acpi_pm_write_sleep':
kernel/arch/x86_64/acpi_pm.c:136:16: warning: conversion from 'unsigned int' to 'uint16_t' {aka 'short unsigned int'} changes the value of '4294965488' [-Wconversion]
  136 |         cnt &= ~(0x070FU);
      |                ^
kernel/arch/x86_64/acpi_pm.c:144:19: warning: conversion from 'uint32_t' {aka 'unsigned int'} to 'uint16_t' {aka 'short unsigned int'} may change value [-Wconversion]
  144 |         cnt = inw(pm1_cnt_port);
      |                   ^~~~~~~~~~~~
kernel/arch/x86_64/acpi_pm.c:145:16: warning: conversion from 'unsigned int' to 'uint16_t' {aka 'short unsigned int'} changes the value of '4294965488' [-Wconversion]
  145 |         cnt &= ~(0x070FU);
      |                ^
kernel/arch/x86_64/acpi_pm.c:149:14: warning: conversion from 'uint32_t' {aka 'unsigned int'} to 'uint16_t' {aka 'short unsigned int'} may change value [-Wconversion]
  149 |         outw(pm1_cnt_port, cnt);
      |              ^~~~~~~~~~~~
kernel/arch/x86_64/acpi_pm.c: In function 'acpi_pm_init':
kernel/arch/x86_64/acpi_pm.c:186:35: warning: conversion from 'uint32_t' {aka 'unsigned int'} to 'uint16_t' {aka 'short unsigned int'} may change value [-Wconversion]
  186 |         uint16_t cnt = inw(pm_fadt->pm1a_cnt_blk);
      |                            ~~~~~~~^~~~~~~~~~~~~~
kernel/arch/x86_64/acpi_pm.c:189:25: warning: conversion from 'uint32_t' {aka 'unsigned int'} to 'uint16_t' {aka 'short unsigned int'} may change value [-Wconversion]
  189 |             outw(pm_fadt->pm1a_cnt_blk, cnt);
      |                  ~~~~~~~^~~~~~~~~~~~~~
kernel/arch/x86_64/acpi_pm.c: In function 'acpi_pm_suspend':
kernel/arch/x86_64/acpi_pm.c:214:35: warning: conversion from 'uint32_t' {aka 'unsigned int'} to 'uint16_t' {aka 'short unsigned int'} may change value [-Wconversion]
  214 |         pm_saved_cnt = inw(pm_fadt->pm1a_cnt_blk);
      |                            ~~~~~~~^~~~~~~~~~~~~~
kernel/arch/x86_64/acpi_pm.c: In function 'acpi_pm_get_timer':
kernel/arch/x86_64/acpi_pm.c:325:32: warning: conversion from 'uint32_t' {aka 'unsigned int'} to 'uint16_t' {aka 'short unsigned int'} may change value [-Wconversion]
  325 |         timer_val = inl(pm_fadt->pm_tmr_blk) & ACPI_PM_TIMER_MAX;
      |                         ~~~~~~~^~~~~~~~~~~~
kernel/arch/x86_64/acpi_pm.c: At top level:
kernel/arch/x86_64/acpi_pm.c:153:17: warning: 'acpi_pm_get_slp_typ' defined but not used [-Wunused-function]
  153 | static uint16_t acpi_pm_get_slp_typ(uint8_t* fadt_raw, uint32_t offset)
      |                 ^~~~~~~~~~~~~~~~~~~
kernel/arch/x86_64/acpi_madt.c: In function '__find_acpi_table':
kernel/arch/x86_64/acpi_madt.c:52:23: warning: conversion from 'long long unsigned int' to 'uint32_t' {aka 'unsigned int'} may change value [-Wconversion]
   52 |         entry_count = (rsdt_len - sizeof(acpi_rsdt_t)) / 8;
      |                       ^
kernel/arch/x86_64/acpi_madt.c:54:23: warning: conversion from 'long long unsigned int' to 'uint32_t' {aka 'unsigned int'} may change value [-Wconversion]
   54 |         entry_count = (rsdt_len - sizeof(acpi_rsdt_t)) / 4;
      |                       ^
kernel/arch/x86_64/acpi_madt.c: In function 'acpi_madt_parse':
kernel/arch/x86_64/acpi_madt.c:102:59: warning: ISO C forbids zero-size array [-Wpedantic]
  102 |     uint32_t offset = sizeof(acpi_madt_t) - sizeof(uint8_t[0]);
      |                                                           ^
kernel/arch/x86_64/acpi_madt.c: In function 'acpi_find_rsdp':
kernel/arch/x86_64/acpi_madt.c:30:37: warning: array subscript 0 is outside array bounds of 'uint16_t[0]' {aka 'short unsigned int[]'} [-Warray-bounds=]
   30 |     uint64_t ebda_base = (uint64_t)(*ebda_seg) << 4;
      |                                    ~^~~~~~~~~~
cc1.exe: note: source object is likely at address zero
<3> Building kernel/arch/x86_64/acpi.c
<1> Building kernel/arch/x86_64/ac97.c
kernel/arch/x86_64/acpi.c:21:17: warning: 'scan_for_rsdp' defined but not used [-Wunused-function]
   21 | static uint8_t* scan_for_rsdp(uint32_t start, uint32_t end)
      |                 ^~~~~~~~~~~~~
-- Enter folder kernel/api --
<2> Building kernel/api/kapi_wait.c
<3> Building kernel/api/kapi_vfs.c
kernel/arch/x86_64/ac97.c: In function 'ac97_init':
kernel/arch/x86_64/ac97.c:54:59: warning: conversion from 'int' to 'uint8_t' {aka 'unsigned char'} may change value [-Wconversion]
   54 |                 uint32_t class_code_reg = pci_read_config(b, d, f, 0x08);
      |                                                           ^
kernel/arch/x86_64/ac97.c:54:62: warning: conversion from 'int' to 'uint8_t' {aka 'unsigned char'} may change value [-Wconversion]
   54 |                 uint32_t class_code_reg = pci_read_config(b, d, f, 0x08);
      |                                                              ^
kernel/arch/x86_64/ac97.c:54:65: warning: conversion from 'int' to 'uint8_t' {aka 'unsigned char'} may change value [-Wconversion]
   54 |                 uint32_t class_code_reg = pci_read_config(b, d, f, 0x08);
      |                                                                 ^
kernel/arch/x86_64/ac97.c:58:38: warning: conversion from 'uint32_t' {aka 'unsigned int'} to 'uint8_t' {aka 'unsigned char'} may change value [-Wconversion]
   58 |                 uint8_t class_code = (class_code_reg >> 24) & 0xFF;
      |                                      ^
kernel/arch/x86_64/ac97.c:63:37: warning: conversion from 'int' to 'uint8_t' {aka 'unsigned char'} may change value [-Wconversion]
   63 |                         ctrl->bus = b;
      |                                     ^
kernel/arch/x86_64/ac97.c:64:40: warning: conversion from 'int' to 'uint8_t' {aka 'unsigned char'} may change value [-Wconversion]
   64 |                         ctrl->device = d;
      |                                        ^
kernel/arch/x86_64/ac97.c:65:42: warning: conversion from 'int' to 'uint8_t' {aka 'unsigned char'} may change value [-Wconversion]
   65 |                         ctrl->function = f;
      |                                          ^
kernel/arch/x86_64/ac97.c:66:62: warning: conversion from 'int' to 'uint8_t' {aka 'unsigned char'} may change value [-Wconversion]
   66 |                         ctrl->base_address = pci_read_config(b, d, f, 0x10) & 0xFFFFFFF0;
      |                                                              ^
kernel/arch/x86_64/ac97.c:66:65: warning: conversion from 'int' to 'uint8_t' {aka 'unsigned char'} may change value [-Wconversion]
   66 |                         ctrl->base_address = pci_read_config(b, d, f, 0x10) & 0xFFFFFFF0;
      |                                                                 ^
kernel/arch/x86_64/ac97.c:66:68: warning: conversion from 'int' to 'uint8_t' {aka 'unsigned char'} may change value [-Wconversion]
   66 |                         ctrl->base_address = pci_read_config(b, d, f, 0x10) & 0xFFFFFFF0;
      |                                                                    ^
kernel/arch/x86_64/ac97.c:67:58: warning: conversion from 'int' to 'uint8_t' {aka 'unsigned char'} may change value [-Wconversion]
   67 |                         ctrl->dma_base = pci_read_config(b, d, f, 0x14) & 0xFFFFFFF0;
      |                                                          ^
kernel/arch/x86_64/ac97.c:67:61: warning: conversion from 'int' to 'uint8_t' {aka 'unsigned char'} may change value [-Wconversion]
   67 |                         ctrl->dma_base = pci_read_config(b, d, f, 0x14) & 0xFFFFFFF0;
      |                                                             ^
kernel/arch/x86_64/ac97.c:67:64: warning: conversion from 'int' to 'uint8_t' {aka 'unsigned char'} may change value [-Wconversion]
   67 |                         ctrl->dma_base = pci_read_config(b, d, f, 0x14) & 0xFFFFFFF0;
      |                                                                ^
kernel/arch/x86_64/ac97.c:68:59: warning: conversion from 'int' to 'uint8_t' {aka 'unsigned char'} may change value [-Wconversion]
   68 |                         ctrl->vendor_id = pci_read_config(b, d, f, 0x00) & 0xFFFF;
      |                                                           ^
kernel/arch/x86_64/ac97.c:68:62: warning: conversion from 'int' to 'uint8_t' {aka 'unsigned char'} may change value [-Wconversion]
   68 |                         ctrl->vendor_id = pci_read_config(b, d, f, 0x00) & 0xFFFF;
      |                                                              ^
kernel/arch/x86_64/ac97.c:68:65: warning: conversion from 'int' to 'uint8_t' {aka 'unsigned char'} may change value [-Wconversion]
   68 |                         ctrl->vendor_id = pci_read_config(b, d, f, 0x00) & 0xFFFF;
      |                                                                 ^
kernel/arch/x86_64/ac97.c:69:60: warning: conversion from 'int' to 'uint8_t' {aka 'unsigned char'} may change value [-Wconversion]
   69 |                         ctrl->device_id = (pci_read_config(b, d, f, 0x00) >> 16) & 0xFFFF;
      |                                                            ^
kernel/arch/x86_64/ac97.c:69:63: warning: conversion from 'int' to 'uint8_t' {aka 'unsigned char'} may change value [-Wconversion]
   69 |                         ctrl->device_id = (pci_read_config(b, d, f, 0x00) >> 16) & 0xFFFF;
      |                                                               ^
kernel/arch/x86_64/ac97.c:69:66: warning: conversion from 'int' to 'uint8_t' {aka 'unsigned char'} may change value [-Wconversion]
   69 |                         ctrl->device_id = (pci_read_config(b, d, f, 0x00) >> 16) & 0xFFFF;
      |                                                                  ^
kernel/arch/x86_64/ac97.c:70:59: warning: conversion from 'int' to 'uint8_t' {aka 'unsigned char'} may change value [-Wconversion]
   70 |                         ctrl->interrupt = pci_read_config(b, d, f, 0x3C) & 0xFF;
      |                                                           ^
kernel/arch/x86_64/ac97.c:70:62: warning: conversion from 'int' to 'uint8_t' {aka 'unsigned char'} may change value [-Wconversion]
   70 |                         ctrl->interrupt = pci_read_config(b, d, f, 0x3C) & 0xFF;
      |                                                              ^
kernel/arch/x86_64/ac97.c:70:65: warning: conversion from 'int' to 'uint8_t' {aka 'unsigned char'} may change value [-Wconversion]
   70 |                         ctrl->interrupt = pci_read_config(b, d, f, 0x3C) & 0xFF;
      |                                                                 ^
kernel/arch/x86_64/ac97.c:50:26: warning: unused variable 'function' [-Wunused-variable]
   50 |     uint8_t bus, device, function;
      |                          ^~~~~~~~
kernel/arch/x86_64/ac97.c:50:18: warning: unused variable 'device' [-Wunused-variable]
   50 |     uint8_t bus, device, function;
      |                  ^~~~~~
kernel/arch/x86_64/ac97.c:50:13: warning: unused variable 'bus' [-Wunused-variable]
   50 |     uint8_t bus, device, function;
      |             ^~~
In file included from include/kapi.h:23,
                 from kernel/api/kapi_wait.c:4:
include/kapi_bitmap.h: In function 'kapi_bitmap_set_all':
include/kapi_bitmap.h:33:26: warning: conversion from 'long long unsigned int' to 'unsigned int' may change value [-Wconversion]
   33 |     unsigned int longs = (nbits + KAPI_BITS_PER_LONG - 1) / KAPI_BITS_PER_LONG;
      |                          ^
include/kapi_bitmap.h: In function 'kapi_bitmap_clear_all':
include/kapi_bitmap.h:41:26: warning: conversion from 'long long unsigned int' to 'unsigned int' may change value [-Wconversion]
   41 |     unsigned int longs = (nbits + KAPI_BITS_PER_LONG - 1) / KAPI_BITS_PER_LONG;
      |                          ^
include/kapi_bitmap.h: In function 'kapi_bitmap_find_first':
include/kapi_bitmap.h:49:26: warning: conversion from 'long long unsigned int' to 'unsigned int' may change value [-Wconversion]
   49 |     unsigned int longs = (nbits + KAPI_BITS_PER_LONG - 1) / KAPI_BITS_PER_LONG;
      |                          ^
include/kapi_bitmap.h:56:35: warning: conversion to 'int' from 'unsigned int' may change the sign of the result [-Wsign-conversion]
   56 |                     return offset + j;
      |                            ~~~~~~~^~~
include/kapi_bitmap.h: In function 'kapi_bitmap_find_first_zero':
include/kapi_bitmap.h:66:26: warning: conversion from 'long long unsigned int' to 'unsigned int' may change value [-Wconversion]
   66 |     unsigned int longs = (nbits + KAPI_BITS_PER_LONG - 1) / KAPI_BITS_PER_LONG;
      |                          ^
include/kapi_bitmap.h:73:35: warning: conversion to 'int' from 'unsigned int' may change the sign of the result [-Wsign-conversion]
   73 |                     return offset + j;
      |                            ~~~~~~~^~~
include/kapi_bitmap.h: In function 'kapi_bitmap_count':
include/kapi_bitmap.h:84:26: warning: conversion from 'long long unsigned int' to 'unsigned int' may change value [-Wconversion]
   84 |     unsigned int longs = (nbits + KAPI_BITS_PER_LONG - 1) / KAPI_BITS_PER_LONG;
      |                          ^
In file included from include/kapi.h:59:
include/kapi_netlink.h: In function 'kapi_nlmsg_next':
include/kapi_netlink.h:19:37: warning: conversion to 'int' from 'uint32_t' {aka 'unsigned int'} may change the sign of the result [-Wsign-conversion]
   19 | #define KAPI_NLMSG_ALIGNTO          4
      |                                     ^
include/kapi_netlink.h:75:18: note: in expansion of macro 'KAPI_NLMSG_ALIGNTO'
   75 |     int totlen = KAPI_NLMSG_ALIGNTO * ((nlh->nlmsg_len + KAPI_NLMSG_ALIGNTO - 1) / KAPI_NLMSG_ALIGNTO);
      |                  ^~~~~~~~~~~~~~~~~~
kernel/arch/x86_64/ac97.c:76:41: warning: 'vendor1' may be used uninitialized [-Wmaybe-uninitialized]
   76 |                         ctrl->vendor_id = vendor1;
      |                         ~~~~~~~~~~~~~~~~^~~~~~~~~
kernel/arch/x86_64/ac97.c:73:34: note: 'vendor1' was declared here
   73 |                         uint16_t vendor1, vendor2;
      |                                  ^~~~~~~
kernel/arch/x86_64/ac97.c:77:41: warning: 'vendor2' may be used uninitialized [-Wmaybe-uninitialized]
   77 |                         ctrl->device_id = vendor2;
      |                         ~~~~~~~~~~~~~~~~^~~~~~~~~
kernel/arch/x86_64/ac97.c:73:43: note: 'vendor2' was declared here
   73 |                         uint16_t vendor1, vendor2;
      |                                           ^~~~~~~
In file included from include/kapi.h:23,
                 from kernel/api/kapi_vfs.c:2:
include/kapi_bitmap.h: In function 'kapi_bitmap_set_all':
include/kapi_bitmap.h:33:26: warning: conversion from 'long long unsigned int' to 'unsigned int' may change value [-Wconversion]
   33 |     unsigned int longs = (nbits + KAPI_BITS_PER_LONG - 1) / KAPI_BITS_PER_LONG;
      |                          ^
include/kapi_bitmap.h: In function 'kapi_bitmap_clear_all':
include/kapi_bitmap.h:41:26: warning: conversion from 'long long unsigned int' to 'unsigned int' may change value [-Wconversion]
   41 |     unsigned int longs = (nbits + KAPI_BITS_PER_LONG - 1) / KAPI_BITS_PER_LONG;
      |                          ^
include/kapi_bitmap.h: In function 'kapi_bitmap_find_first':
include/kapi_bitmap.h:49:26: warning: conversion from 'long long unsigned int' to 'unsigned int' may change value [-Wconversion]
   49 |     unsigned int longs = (nbits + KAPI_BITS_PER_LONG - 1) / KAPI_BITS_PER_LONG;
      |                          ^
include/kapi_bitmap.h:56:35: warning: conversion to 'int' from 'unsigned int' may change the sign of the result [-Wsign-conversion]
   56 |                     return offset + j;
      |                            ~~~~~~~^~~
include/kapi_bitmap.h: In function 'kapi_bitmap_find_first_zero':
include/kapi_bitmap.h:66:26: warning: conversion from 'long long unsigned int' to 'unsigned int' may change value [-Wconversion]
   66 |     unsigned int longs = (nbits + KAPI_BITS_PER_LONG - 1) / KAPI_BITS_PER_LONG;
      |                          ^
include/kapi_bitmap.h:73:35: warning: conversion to 'int' from 'unsigned int' may change the sign of the result [-Wsign-conversion]
   73 |                     return offset + j;
      |                            ~~~~~~~^~~
include/kapi_bitmap.h: In function 'kapi_bitmap_count':
include/kapi_bitmap.h:84:26: warning: conversion from 'long long unsigned int' to 'unsigned int' may change value [-Wconversion]
   84 |     unsigned int longs = (nbits + KAPI_BITS_PER_LONG - 1) / KAPI_BITS_PER_LONG;
      |                          ^
In file included from include/kapi.h:59:
include/kapi_netlink.h: In function 'kapi_nlmsg_next':
include/kapi_netlink.h:19:37: warning: conversion to 'int' from 'uint32_t' {aka 'unsigned int'} may change the sign of the result [-Wsign-conversion]
   19 | #define KAPI_NLMSG_ALIGNTO          4
      |                                     ^
include/kapi_netlink.h:75:18: note: in expansion of macro 'KAPI_NLMSG_ALIGNTO'
   75 |     int totlen = KAPI_NLMSG_ALIGNTO * ((nlh->nlmsg_len + KAPI_NLMSG_ALIGNTO - 1) / KAPI_NLMSG_ALIGNTO);
      |                  ^~~~~~~~~~~~~~~~~~
<2> Building kernel/api/kapi_time.c
<1> Building kernel/api/kapi_syscall.c
In file included from include/kapi.h:23,
                 from kernel/api/kapi_time.c:4:
include/kapi_bitmap.h: In function 'kapi_bitmap_set_all':
include/kapi_bitmap.h:33:26: warning: conversion from 'long long unsigned int' to 'unsigned int' may change value [-Wconversion]
   33 |     unsigned int longs = (nbits + KAPI_BITS_PER_LONG - 1) / KAPI_BITS_PER_LONG;
      |                          ^
include/kapi_bitmap.h: In function 'kapi_bitmap_clear_all':
include/kapi_bitmap.h:41:26: warning: conversion from 'long long unsigned int' to 'unsigned int' may change value [-Wconversion]
   41 |     unsigned int longs = (nbits + KAPI_BITS_PER_LONG - 1) / KAPI_BITS_PER_LONG;
      |                          ^
include/kapi_bitmap.h: In function 'kapi_bitmap_find_first':
include/kapi_bitmap.h:49:26: warning: conversion from 'long long unsigned int' to 'unsigned int' may change value [-Wconversion]
   49 |     unsigned int longs = (nbits + KAPI_BITS_PER_LONG - 1) / KAPI_BITS_PER_LONG;
      |                          ^
include/kapi_bitmap.h:56:35: warning: conversion to 'int' from 'unsigned int' may change the sign of the result [-Wsign-conversion]
   56 |                     return offset + j;
      |                            ~~~~~~~^~~
include/kapi_bitmap.h: In function 'kapi_bitmap_find_first_zero':
include/kapi_bitmap.h:66:26: warning: conversion from 'long long unsigned int' to 'unsigned int' may change value [-Wconversion]
   66 |     unsigned int longs = (nbits + KAPI_BITS_PER_LONG - 1) / KAPI_BITS_PER_LONG;
      |                          ^
include/kapi_bitmap.h:73:35: warning: conversion to 'int' from 'unsigned int' may change the sign of the result [-Wsign-conversion]
   73 |                     return offset + j;
      |                            ~~~~~~~^~~
include/kapi_bitmap.h: In function 'kapi_bitmap_count':
include/kapi_bitmap.h:84:26: warning: conversion from 'long long unsigned int' to 'unsigned int' may change value [-Wconversion]
   84 |     unsigned int longs = (nbits + KAPI_BITS_PER_LONG - 1) / KAPI_BITS_PER_LONG;
      |                          ^
In file included from include/kapi.h:59:
include/kapi_netlink.h: In function 'kapi_nlmsg_next':
include/kapi_netlink.h:19:37: warning: conversion to 'int' from 'uint32_t' {aka 'unsigned int'} may change the sign of the result [-Wsign-conversion]
   19 | #define KAPI_NLMSG_ALIGNTO          4
      |                                     ^
include/kapi_netlink.h:75:18: note: in expansion of macro 'KAPI_NLMSG_ALIGNTO'
   75 |     int totlen = KAPI_NLMSG_ALIGNTO * ((nlh->nlmsg_len + KAPI_NLMSG_ALIGNTO - 1) / KAPI_NLMSG_ALIGNTO);
      |                  ^~~~~~~~~~~~~~~~~~
In file included from kernel/api/kapi_syscall.c:3:
include/kapi_syscall.h: In function 'sys_read':
include/kapi_syscall.h:494:38: warning: cast from pointer to integer of different size [-Wpointer-to-int-cast]
  494 | { return kapi_syscall3(SYS_read, fd, (long)buf, count); }
      |                                      ^
include/kapi_syscall.h:494:49: warning: conversion from 'size_t' {aka 'long long unsigned int'} to 'long int' may change value [-Wconversion]
  494 | { return kapi_syscall3(SYS_read, fd, (long)buf, count); }
      |                                                 ^~~~~
include/kapi_syscall.h: In function 'sys_write':
include/kapi_syscall.h:497:39: warning: cast from pointer to integer of different size [-Wpointer-to-int-cast]
  497 | { return kapi_syscall3(SYS_write, fd, (long)buf, count); }
      |                                       ^
include/kapi_syscall.h:497:50: warning: conversion from 'size_t' {aka 'long long unsigned int'} to 'long int' may change value [-Wconversion]
  497 | { return kapi_syscall3(SYS_write, fd, (long)buf, count); }
      |                                                  ^~~~~
include/kapi_syscall.h: In function 'sys_open':
include/kapi_syscall.h:500:34: warning: cast from pointer to integer of different size [-Wpointer-to-int-cast]
  500 | { return kapi_syscall3(SYS_open, (long)pathname, flags, mode); }
      |                                  ^
include/kapi_syscall.h: In function 'sys_mmap':
include/kapi_syscall.h:509:34: warning: cast from pointer to integer of different size [-Wpointer-to-int-cast]
  509 | { return kapi_syscall6(SYS_mmap, (long)addr, length, prot, flags, fd, offset); }
      |                                  ^
include/kapi_syscall.h:509:46: warning: conversion from 'size_t' {aka 'long long unsigned int'} to 'long int' may change value [-Wconversion]
  509 | { return kapi_syscall6(SYS_mmap, (long)addr, length, prot, flags, fd, offset); }
      |                                              ^~~~~~
include/kapi_syscall.h: In function 'sys_munmap':
include/kapi_syscall.h:512:36: warning: cast from pointer to integer of different size [-Wpointer-to-int-cast]
  512 | { return kapi_syscall2(SYS_munmap, (long)addr, length); }
      |                                    ^
include/kapi_syscall.h:512:48: warning: conversion from 'size_t' {aka 'long long unsigned int'} to 'long int' may change value [-Wconversion]
  512 | { return kapi_syscall2(SYS_munmap, (long)addr, length); }
      |                                                ^~~~~~
include/kapi_syscall.h: In function 'sys_mprotect':
include/kapi_syscall.h:515:38: warning: cast from pointer to integer of different size [-Wpointer-to-int-cast]
  515 | { return kapi_syscall3(SYS_mprotect, (long)addr, len, prot); }
      |                                      ^
include/kapi_syscall.h:515:50: warning: conversion from 'size_t' {aka 'long long unsigned int'} to 'long int' may change value [-Wconversion]
  515 | { return kapi_syscall3(SYS_mprotect, (long)addr, len, prot); }
      |                                                  ^~~
include/kapi_syscall.h: In function 'sys_brk':
include/kapi_syscall.h:518:33: warning: cast from pointer to integer of different size [-Wpointer-to-int-cast]
  518 | { return kapi_syscall1(SYS_brk, (long)addr); }
      |                                 ^
include/kapi_syscall.h: In function 'sys_clone':
include/kapi_syscall.h:527:42: warning: cast from pointer to integer of different size [-Wpointer-to-int-cast]
  527 | { return kapi_syscall5(SYS_clone, flags, (long)stack, (long)ptid, (long)ctid, tls); }
      |                                          ^
include/kapi_syscall.h:527:55: warning: cast from pointer to integer of different size [-Wpointer-to-int-cast]
  527 | { return kapi_syscall5(SYS_clone, flags, (long)stack, (long)ptid, (long)ctid, tls); }
      |                                                       ^
include/kapi_syscall.h:527:67: warning: cast from pointer to integer of different size [-Wpointer-to-int-cast]
  527 | { return kapi_syscall5(SYS_clone, flags, (long)stack, (long)ptid, (long)ctid, tls); }
      |                                                                   ^
include/kapi_syscall.h:527:35: warning: conversion to 'long int' from 'long unsigned int' may change the sign of the result [-Wsign-conversion]
  527 | { return kapi_syscall5(SYS_clone, flags, (long)stack, (long)ptid, (long)ctid, tls); }
      |                                   ^~~~~
include/kapi_syscall.h:527:79: warning: conversion to 'long int' from 'long unsigned int' may change the sign of the result [-Wsign-conversion]
  527 | { return kapi_syscall5(SYS_clone, flags, (long)stack, (long)ptid, (long)ctid, tls); }
      |                                                                               ^~~
include/kapi_syscall.h: In function 'sys_execve':
include/kapi_syscall.h:530:36: warning: cast from pointer to integer of different size [-Wpointer-to-int-cast]
  530 | { return kapi_syscall3(SYS_execve, (long)filename, (long)argv, (long)envp); }
      |                                    ^
include/kapi_syscall.h:530:52: warning: cast from pointer to integer of different size [-Wpointer-to-int-cast]
  530 | { return kapi_syscall3(SYS_execve, (long)filename, (long)argv, (long)envp); }
      |                                                    ^
include/kapi_syscall.h:530:64: warning: cast from pointer to integer of different size [-Wpointer-to-int-cast]
  530 | { return kapi_syscall3(SYS_execve, (long)filename, (long)argv, (long)envp); }
      |                                                                ^
include/kapi_syscall.h: In function 'sys_wait4':
include/kapi_syscall.h:539:40: warning: cast from pointer to integer of different size [-Wpointer-to-int-cast]
  539 | { return kapi_syscall4(SYS_wait4, pid, (long)wstatus, options, (long)rusage); }
      |                                        ^
include/kapi_syscall.h:539:64: warning: cast from pointer to integer of different size [-Wpointer-to-int-cast]
  539 | { return kapi_syscall4(SYS_wait4, pid, (long)wstatus, options, (long)rusage); }
      |                                                                ^
include/kapi_syscall.h: In function 'sys_stat':
include/kapi_syscall.h:554:34: warning: cast from pointer to integer of different size [-Wpointer-to-int-cast]
  554 | { return kapi_syscall2(SYS_stat, (long)pathname, (long)statbuf); }
      |                                  ^
include/kapi_syscall.h:554:50: warning: cast from pointer to integer of different size [-Wpointer-to-int-cast]
  554 | { return kapi_syscall2(SYS_stat, (long)pathname, (long)statbuf); }
      |                                                  ^
include/kapi_syscall.h: In function 'sys_fstat':
include/kapi_syscall.h:557:39: warning: cast from pointer to integer of different size [-Wpointer-to-int-cast]
  557 | { return kapi_syscall2(SYS_fstat, fd, (long)statbuf); }
      |                                       ^
include/kapi_syscall.h: In function 'sys_lstat':
include/kapi_syscall.h:560:35: warning: cast from pointer to integer of different size [-Wpointer-to-int-cast]
  560 | { return kapi_syscall2(SYS_lstat, (long)pathname, (long)statbuf); }
      |                                   ^
include/kapi_syscall.h:560:51: warning: cast from pointer to integer of different size [-Wpointer-to-int-cast]
  560 | { return kapi_syscall2(SYS_lstat, (long)pathname, (long)statbuf); }
      |                                                   ^
include/kapi_syscall.h: In function 'sys_access':
include/kapi_syscall.h:563:36: warning: cast from pointer to integer of different size [-Wpointer-to-int-cast]
  563 | { return kapi_syscall2(SYS_access, (long)pathname, mode); }
      |                                    ^
include/kapi_syscall.h: In function 'sys_chdir':
include/kapi_syscall.h:566:35: warning: cast from pointer to integer of different size [-Wpointer-to-int-cast]
  566 | { return kapi_syscall1(SYS_chdir, (long)path); }
      |                                   ^
include/kapi_syscall.h: In function 'sys_getcwd':
include/kapi_syscall.h:569:36: warning: cast from pointer to integer of different size [-Wpointer-to-int-cast]
  569 | { return kapi_syscall2(SYS_getcwd, (long)buf, size); }
      |                                    ^
include/kapi_syscall.h:569:47: warning: conversion from 'size_t' {aka 'long long unsigned int'} to 'long int' may change value [-Wconversion]
  569 | { return kapi_syscall2(SYS_getcwd, (long)buf, size); }
      |                                               ^~~~
include/kapi_syscall.h: In function 'sys_mkdir':
include/kapi_syscall.h:572:35: warning: cast from pointer to integer of different size [-Wpointer-to-int-cast]
  572 | { return kapi_syscall2(SYS_mkdir, (long)pathname, mode); }
      |                                   ^
include/kapi_syscall.h: In function 'sys_rmdir':
include/kapi_syscall.h:575:35: warning: cast from pointer to integer of different size [-Wpointer-to-int-cast]
  575 | { return kapi_syscall1(SYS_rmdir, (long)pathname); }
      |                                   ^
include/kapi_syscall.h: In function 'sys_unlink':
include/kapi_syscall.h:578:36: warning: cast from pointer to integer of different size [-Wpointer-to-int-cast]
  578 | { return kapi_syscall1(SYS_unlink, (long)pathname); }
      |                                    ^
include/kapi_syscall.h: In function 'sys_rename':
include/kapi_syscall.h:581:36: warning: cast from pointer to integer of different size [-Wpointer-to-int-cast]
  581 | { return kapi_syscall2(SYS_rename, (long)oldpath, (long)newpath); }
      |                                    ^
include/kapi_syscall.h:581:51: warning: cast from pointer to integer of different size [-Wpointer-to-int-cast]
  581 | { return kapi_syscall2(SYS_rename, (long)oldpath, (long)newpath); }
      |                                                   ^
include/kapi_syscall.h: In function 'sys_creat':
include/kapi_syscall.h:584:35: warning: cast from pointer to integer of different size [-Wpointer-to-int-cast]
  584 | { return kapi_syscall2(SYS_creat, (long)pathname, mode); }
      |                                   ^
include/kapi_syscall.h: In function 'sys_link':
include/kapi_syscall.h:587:34: warning: cast from pointer to integer of different size [-Wpointer-to-int-cast]
  587 | { return kapi_syscall2(SYS_link, (long)oldpath, (long)newpath); }
      |                                  ^
include/kapi_syscall.h:587:49: warning: cast from pointer to integer of different size [-Wpointer-to-int-cast]
  587 | { return kapi_syscall2(SYS_link, (long)oldpath, (long)newpath); }
      |                                                 ^
include/kapi_syscall.h: In function 'sys_symlink':
include/kapi_syscall.h:590:37: warning: cast from pointer to integer of different size [-Wpointer-to-int-cast]
  590 | { return kapi_syscall2(SYS_symlink, (long)target, (long)linkpath); }
      |                                     ^
include/kapi_syscall.h:590:51: warning: cast from pointer to integer of different size [-Wpointer-to-int-cast]
  590 | { return kapi_syscall2(SYS_symlink, (long)target, (long)linkpath); }
      |                                                   ^
include/kapi_syscall.h: In function 'sys_readlink':
include/kapi_syscall.h:593:38: warning: cast from pointer to integer of different size [-Wpointer-to-int-cast]
  593 | { return kapi_syscall3(SYS_readlink, (long)pathname, (long)buf, bufsiz); }
      |                                      ^
include/kapi_syscall.h:593:54: warning: cast from pointer to integer of different size [-Wpointer-to-int-cast]
  593 | { return kapi_syscall3(SYS_readlink, (long)pathname, (long)buf, bufsiz); }
      |                                                      ^
include/kapi_syscall.h:593:65: warning: conversion from 'size_t' {aka 'long long unsigned int'} to 'long int' may change value [-Wconversion]
  593 | { return kapi_syscall3(SYS_readlink, (long)pathname, (long)buf, bufsiz); }
      |                                                                 ^~~~~~
include/kapi_syscall.h: In function 'sys_chmod':
include/kapi_syscall.h:596:35: warning: cast from pointer to integer of different size [-Wpointer-to-int-cast]
  596 | { return kapi_syscall2(SYS_chmod, (long)pathname, mode); }
      |                                   ^
include/kapi_syscall.h: In function 'sys_chown':
include/kapi_syscall.h:599:35: warning: cast from pointer to integer of different size [-Wpointer-to-int-cast]
  599 | { return kapi_syscall3(SYS_chown, (long)pathname, owner, group); }
      |                                   ^
include/kapi_syscall.h: In function 'sys_truncate':
include/kapi_syscall.h:602:38: warning: cast from pointer to integer of different size [-Wpointer-to-int-cast]
  602 | { return kapi_syscall2(SYS_truncate, (long)path, length); }
      |                                      ^
include/kapi_syscall.h: In function 'sys_pipe':
include/kapi_syscall.h:626:34: warning: cast from pointer to integer of different size [-Wpointer-to-int-cast]
  626 | { return kapi_syscall1(SYS_pipe, (long)pipefd); }
      |                                  ^
include/kapi_syscall.h: In function 'sys_pipe2':
include/kapi_syscall.h:629:35: warning: cast from pointer to integer of different size [-Wpointer-to-int-cast]
  629 | { return kapi_syscall2(SYS_pipe2, (long)pipefd, flags); }
      |                                   ^
include/kapi_syscall.h: In function 'sys_mount':
include/kapi_syscall.h:634:35: warning: cast from pointer to integer of different size [-Wpointer-to-int-cast]
  634 | { return kapi_syscall5(SYS_mount, (long)source, (long)target, (long)filesystemtype, mountflags, (long)data); }
      |                                   ^
include/kapi_syscall.h:634:49: warning: cast from pointer to integer of different size [-Wpointer-to-int-cast]
  634 | { return kapi_syscall5(SYS_mount, (long)source, (long)target, (long)filesystemtype, mountflags, (long)data); }
      |                                                 ^
include/kapi_syscall.h:634:63: warning: cast from pointer to integer of different size [-Wpointer-to-int-cast]
  634 | { return kapi_syscall5(SYS_mount, (long)source, (long)target, (long)filesystemtype, mountflags, (long)data); }
      |                                                               ^
include/kapi_syscall.h:634:97: warning: cast from pointer to integer of different size [-Wpointer-to-int-cast]
  634 | { return kapi_syscall5(SYS_mount, (long)source, (long)target, (long)filesystemtype, mountflags, (long)data); }
      |                                                                                                 ^
include/kapi_syscall.h:634:85: warning: conversion to 'long int' from 'long unsigned int' may change the sign of the result [-Wsign-conversion]
  634 | { return kapi_syscall5(SYS_mount, (long)source, (long)target, (long)filesystemtype, mountflags, (long)data); }
      |                                                                                     ^~~~~~~~~~
include/kapi_syscall.h: In function 'sys_umount2':
include/kapi_syscall.h:637:37: warning: cast from pointer to integer of different size [-Wpointer-to-int-cast]
  637 | { return kapi_syscall2(SYS_umount2, (long)target, flags); }
      |                                     ^
include/kapi_syscall.h: In function 'sys_swapon':
include/kapi_syscall.h:640:36: warning: cast from pointer to integer of different size [-Wpointer-to-int-cast]
  640 | { return kapi_syscall2(SYS_swapon, (long)path, swapflags); }
      |                                    ^
include/kapi_syscall.h: In function 'sys_swapoff':
include/kapi_syscall.h:643:37: warning: cast from pointer to integer of different size [-Wpointer-to-int-cast]
  643 | { return kapi_syscall1(SYS_swapoff, (long)path); }
      |                                     ^
include/kapi_syscall.h: In function 'sys_nanosleep':
include/kapi_syscall.h:646:39: warning: cast from pointer to integer of different size [-Wpointer-to-int-cast]
  646 | { return kapi_syscall2(SYS_nanosleep, (long)req, (long)rem); }
      |                                       ^
include/kapi_syscall.h:646:50: warning: cast from pointer to integer of different size [-Wpointer-to-int-cast]
  646 | { return kapi_syscall2(SYS_nanosleep, (long)req, (long)rem); }
      |                                                  ^
include/kapi_syscall.h: In function 'sys_gettimeofday':
include/kapi_syscall.h:649:42: warning: cast from pointer to integer of different size [-Wpointer-to-int-cast]
  649 | { return kapi_syscall2(SYS_gettimeofday, (long)tv, (long)tz); }
      |                                          ^
include/kapi_syscall.h:649:52: warning: cast from pointer to integer of different size [-Wpointer-to-int-cast]
  649 | { return kapi_syscall2(SYS_gettimeofday, (long)tv, (long)tz); }
      |                                                    ^
include/kapi_syscall.h: In function 'sys_settimeofday':
include/kapi_syscall.h:652:42: warning: cast from pointer to integer of different size [-Wpointer-to-int-cast]
  652 | { return kapi_syscall2(SYS_settimeofday, (long)tv, (long)tz); }
      |                                          ^
include/kapi_syscall.h:652:52: warning: cast from pointer to integer of different size [-Wpointer-to-int-cast]
  652 | { return kapi_syscall2(SYS_settimeofday, (long)tv, (long)tz); }
      |                                                    ^
include/kapi_syscall.h: In function 'sys_time':
include/kapi_syscall.h:655:34: warning: cast from pointer to integer of different size [-Wpointer-to-int-cast]
  655 | { return kapi_syscall1(SYS_time, (long)tloc); }
      |                                  ^
include/kapi_syscall.h: In function 'sys_clock_gettime':
include/kapi_syscall.h:658:51: warning: cast from pointer to integer of different size [-Wpointer-to-int-cast]
  658 | { return kapi_syscall2(SYS_clock_gettime, clk_id, (long)tp); }
      |                                                   ^
include/kapi_syscall.h: In function 'sys_clock_settime':
include/kapi_syscall.h:661:51: warning: cast from pointer to integer of different size [-Wpointer-to-int-cast]
  661 | { return kapi_syscall2(SYS_clock_settime, clk_id, (long)tp); }
      |                                                   ^
include/kapi_syscall.h: In function 'sys_clock_nanosleep':
include/kapi_syscall.h:664:60: warning: cast from pointer to integer of different size [-Wpointer-to-int-cast]
  664 | { return kapi_syscall4(SYS_clock_nanosleep, clk_id, flags, (long)req, (long)rem); }
      |                                                            ^
include/kapi_syscall.h:664:71: warning: cast from pointer to integer of different size [-Wpointer-to-int-cast]
  664 | { return kapi_syscall4(SYS_clock_nanosleep, clk_id, flags, (long)req, (long)rem); }
      |                                                                       ^
include/kapi_syscall.h: In function 'sys_rt_sigaction':
include/kapi_syscall.h:667:47: warning: cast from pointer to integer of different size [-Wpointer-to-int-cast]
  667 | { return kapi_syscall4(SYS_rt_sigaction, sig, (long)act, (long)oact, sigsetsize); }
      |                                               ^
include/kapi_syscall.h:667:58: warning: cast from pointer to integer of different size [-Wpointer-to-int-cast]
  667 | { return kapi_syscall4(SYS_rt_sigaction, sig, (long)act, (long)oact, sigsetsize); }
      |                                                          ^
include/kapi_syscall.h:667:70: warning: conversion from 'size_t' {aka 'long long unsigned int'} to 'long int' may change value [-Wconversion]
  667 | { return kapi_syscall4(SYS_rt_sigaction, sig, (long)act, (long)oact, sigsetsize); }
      |                                                                      ^~~~~~~~~~
include/kapi_syscall.h: In function 'sys_rt_sigprocmask':
include/kapi_syscall.h:670:49: warning: cast from pointer to integer of different size [-Wpointer-to-int-cast]
  670 | { return kapi_syscall4(SYS_rt_sigprocmask, how, (long)set, (long)oldset, sigsetsize); }
      |                                                 ^
include/kapi_syscall.h:670:60: warning: cast from pointer to integer of different size [-Wpointer-to-int-cast]
  670 | { return kapi_syscall4(SYS_rt_sigprocmask, how, (long)set, (long)oldset, sigsetsize); }
      |                                                            ^
include/kapi_syscall.h:670:74: warning: conversion from 'size_t' {aka 'long long unsigned int'} to 'long int' may change value [-Wconversion]
  670 | { return kapi_syscall4(SYS_rt_sigprocmask, how, (long)set, (long)oldset, sigsetsize); }
      |                                                                          ^~~~~~~~~~
include/kapi_syscall.h: In function 'sys_ioctl':
include/kapi_syscall.h:679:39: warning: conversion to 'long int' from 'long unsigned int' may change the sign of the result [-Wsign-conversion]
  679 | { return kapi_syscall3(SYS_ioctl, fd, request, arg); }
      |                                       ^~~~~~~
include/kapi_syscall.h: In function 'sys_pread64':
include/kapi_syscall.h:682:41: warning: cast from pointer to integer of different size [-Wpointer-to-int-cast]
  682 | { return kapi_syscall4(SYS_pread64, fd, (long)buf, count, offset); }
      |                                         ^
include/kapi_syscall.h:682:52: warning: conversion from 'size_t' {aka 'long long unsigned int'} to 'long int' may change value [-Wconversion]
  682 | { return kapi_syscall4(SYS_pread64, fd, (long)buf, count, offset); }
      |                                                    ^~~~~
include/kapi_syscall.h: In function 'sys_pwrite64':
include/kapi_syscall.h:685:42: warning: cast from pointer to integer of different size [-Wpointer-to-int-cast]
  685 | { return kapi_syscall4(SYS_pwrite64, fd, (long)buf, count, offset); }
      |                                          ^
include/kapi_syscall.h:685:53: warning: conversion from 'size_t' {aka 'long long unsigned int'} to 'long int' may change value [-Wconversion]
  685 | { return kapi_syscall4(SYS_pwrite64, fd, (long)buf, count, offset); }
      |                                                     ^~~~~
include/kapi_syscall.h: In function 'sys_readv':
include/kapi_syscall.h:688:39: warning: cast from pointer to integer of different size [-Wpointer-to-int-cast]
  688 | { return kapi_syscall3(SYS_readv, fd, (long)iov, iovcnt); }
      |                                       ^
include/kapi_syscall.h: In function 'sys_writev':
include/kapi_syscall.h:691:40: warning: cast from pointer to integer of different size [-Wpointer-to-int-cast]
  691 | { return kapi_syscall3(SYS_writev, fd, (long)iov, iovcnt); }
      |                                        ^
include/kapi_syscall.h: In function 'sys_getdents':
include/kapi_syscall.h:694:42: warning: cast from pointer to integer of different size [-Wpointer-to-int-cast]
  694 | { return kapi_syscall3(SYS_getdents, fd, (long)dirp, count); }
      |                                          ^
include/kapi_syscall.h:694:54: warning: conversion to 'long int' from 'unsigned int' may change the sign of the result [-Wsign-conversion]
  694 | { return kapi_syscall3(SYS_getdents, fd, (long)dirp, count); }
      |                                                      ^~~~~
include/kapi_syscall.h: In function 'sys_getdents64':
include/kapi_syscall.h:697:44: warning: cast from pointer to integer of different size [-Wpointer-to-int-cast]
  697 | { return kapi_syscall3(SYS_getdents64, fd, (long)dirp, count); }
      |                                            ^
include/kapi_syscall.h:697:56: warning: conversion to 'long int' from 'unsigned int' may change the sign of the result [-Wsign-conversion]
  697 | { return kapi_syscall3(SYS_getdents64, fd, (long)dirp, count); }
      |                                                        ^~~~~
include/kapi_syscall.h: In function 'sys_getgroups':
include/kapi_syscall.h:718:45: warning: cast from pointer to integer of different size [-Wpointer-to-int-cast]
  718 | { return kapi_syscall2(SYS_getgroups, size, (long)list); }
      |                                             ^
include/kapi_syscall.h: In function 'sys_setgroups':
include/kapi_syscall.h:721:45: warning: cast from pointer to integer of different size [-Wpointer-to-int-cast]
  721 | { return kapi_syscall2(SYS_setgroups, size, (long)list); }
      |                                             ^
include/kapi_syscall.h: In function 'sys_uname':
include/kapi_syscall.h:724:35: warning: cast from pointer to integer of different size [-Wpointer-to-int-cast]
  724 | { return kapi_syscall1(SYS_uname, (long)buf); }
      |                                   ^
include/kapi_syscall.h: In function 'sys_sysinfo':
include/kapi_syscall.h:727:37: warning: cast from pointer to integer of different size [-Wpointer-to-int-cast]
  727 | { return kapi_syscall1(SYS_sysinfo, (long)info); }
      |                                     ^
include/kapi_syscall.h: In function 'sys_getrlimit':
include/kapi_syscall.h:730:49: warning: cast from pointer to integer of different size [-Wpointer-to-int-cast]
  730 | { return kapi_syscall2(SYS_getrlimit, resource, (long)rlim); }
      |                                                 ^
include/kapi_syscall.h: In function 'sys_setrlimit':
include/kapi_syscall.h:733:49: warning: cast from pointer to integer of different size [-Wpointer-to-int-cast]
  733 | { return kapi_syscall2(SYS_setrlimit, resource, (long)rlim); }
      |                                                 ^
include/kapi_syscall.h: In function 'sys_getrusage':
include/kapi_syscall.h:736:44: warning: cast from pointer to integer of different size [-Wpointer-to-int-cast]
  736 | { return kapi_syscall2(SYS_getrusage, who, (long)usage); }
      |                                            ^
include/kapi_syscall.h: In function 'sys_times':
include/kapi_syscall.h:739:35: warning: cast from pointer to integer of different size [-Wpointer-to-int-cast]
  739 | { return kapi_syscall1(SYS_times, (long)tbuf); }
      |                                   ^
include/kapi_syscall.h: In function 'sys_reboot':
include/kapi_syscall.h:754:57: warning: cast from pointer to integer of different size [-Wpointer-to-int-cast]
  754 | { return kapi_syscall4(SYS_reboot, magic1, magic2, cmd, (long)arg); }
      |                                                         ^
include/kapi_syscall.h: In function 'sys_chroot':
include/kapi_syscall.h:757:36: warning: cast from pointer to integer of different size [-Wpointer-to-int-cast]
  757 | { return kapi_syscall1(SYS_chroot, (long)path); }
      |                                    ^
include/kapi_syscall.h: In function 'sys_sethostname':
include/kapi_syscall.h:760:41: warning: cast from pointer to integer of different size [-Wpointer-to-int-cast]
  760 | { return kapi_syscall2(SYS_sethostname, (long)name, len); }
      |                                         ^
include/kapi_syscall.h: In function 'sys_setdomainname':
include/kapi_syscall.h:763:43: warning: cast from pointer to integer of different size [-Wpointer-to-int-cast]
  763 | { return kapi_syscall2(SYS_setdomainname, (long)name, len); }
      |                                           ^
include/kapi_syscall.h: In function 'sys_init_module':
include/kapi_syscall.h:766:41: warning: cast from pointer to integer of different size [-Wpointer-to-int-cast]
  766 | { return kapi_syscall3(SYS_init_module, (long)module_image, len, (long)param_values); }
      |                                         ^
include/kapi_syscall.h:766:66: warning: cast from pointer to integer of different size [-Wpointer-to-int-cast]
  766 | { return kapi_syscall3(SYS_init_module, (long)module_image, len, (long)param_values); }
      |                                                                  ^
include/kapi_syscall.h:766:61: warning: conversion to 'long int' from 'long unsigned int' may change the sign of the result [-Wsign-conversion]
  766 | { return kapi_syscall3(SYS_init_module, (long)module_image, len, (long)param_values); }
      |                                                             ^~~
include/kapi_syscall.h: In function 'sys_delete_module':
include/kapi_syscall.h:769:43: warning: cast from pointer to integer of different size [-Wpointer-to-int-cast]
  769 | { return kapi_syscall2(SYS_delete_module, (long)name, flags); }
      |                                           ^
include/kapi_syscall.h:769:55: warning: conversion to 'long int' from 'unsigned int' may change the sign of the result [-Wsign-conversion]
  769 | { return kapi_syscall2(SYS_delete_module, (long)name, flags); }
      |                                                       ^~~~~
include/kapi_syscall.h: In function 'sys_finit_module':
include/kapi_syscall.h:772:46: warning: cast from pointer to integer of different size [-Wpointer-to-int-cast]
  772 | { return kapi_syscall3(SYS_finit_module, fd, (long)param_values, flags); }
      |                                              ^
In file included from include/kapi.h:23,
                 from kernel/api/kapi_syscall.c:4:
include/kapi_bitmap.h: In function 'kapi_bitmap_set_all':
include/kapi_bitmap.h:33:26: warning: conversion from 'long long unsigned int' to 'unsigned int' may change value [-Wconversion]
   33 |     unsigned int longs = (nbits + KAPI_BITS_PER_LONG - 1) / KAPI_BITS_PER_LONG;
      |                          ^
include/kapi_bitmap.h: In function 'kapi_bitmap_clear_all':
include/kapi_bitmap.h:41:26: warning: conversion from 'long long unsigned int' to 'unsigned int' may change value [-Wconversion]
   41 |     unsigned int longs = (nbits + KAPI_BITS_PER_LONG - 1) / KAPI_BITS_PER_LONG;
      |                          ^
<0> Building kernel/api/kapi_string.c
include/kapi_bitmap.h: In function 'kapi_bitmap_find_first':
include/kapi_bitmap.h:49:26: warning: conversion from 'long long unsigned int' to 'unsigned int' may change value [-Wconversion]
   49 |     unsigned int longs = (nbits + KAPI_BITS_PER_LONG - 1) / KAPI_BITS_PER_LONG;
      |                          ^
include/kapi_bitmap.h:56:35: warning: conversion to 'int' from 'unsigned int' may change the sign of the result [-Wsign-conversion]
   56 |                     return offset + j;
      |                            ~~~~~~~^~~
include/kapi_bitmap.h: In function 'kapi_bitmap_find_first_zero':
include/kapi_bitmap.h:66:26: warning: conversion from 'long long unsigned int' to 'unsigned int' may change value [-Wconversion]
   66 |     unsigned int longs = (nbits + KAPI_BITS_PER_LONG - 1) / KAPI_BITS_PER_LONG;
      |                          ^
include/kapi_bitmap.h:73:35: warning: conversion to 'int' from 'unsigned int' may change the sign of the result [-Wsign-conversion]
   73 |                     return offset + j;
      |                            ~~~~~~~^~~
include/kapi_bitmap.h: In function 'kapi_bitmap_count':
include/kapi_bitmap.h:84:26: warning: conversion from 'long long unsigned int' to 'unsigned int' may change value [-Wconversion]
   84 |     unsigned int longs = (nbits + KAPI_BITS_PER_LONG - 1) / KAPI_BITS_PER_LONG;
      |                          ^
In file included from include/kapi.h:59:
include/kapi_netlink.h: In function 'kapi_nlmsg_next':
include/kapi_netlink.h:19:37: warning: conversion to 'int' from 'uint32_t' {aka 'unsigned int'} may change the sign of the result [-Wsign-conversion]
   19 | #define KAPI_NLMSG_ALIGNTO          4
      |                                     ^
include/kapi_netlink.h:75:18: note: in expansion of macro 'KAPI_NLMSG_ALIGNTO'
   75 |     int totlen = KAPI_NLMSG_ALIGNTO * ((nlh->nlmsg_len + KAPI_NLMSG_ALIGNTO - 1) / KAPI_NLMSG_ALIGNTO);
      |                  ^~~~~~~~~~~~~~~~~~
kernel/api/kapi_syscall.c: In function 'sys_read_impl':
kernel/api/kapi_syscall.c:198:46: warning: cast to pointer from integer of different size [-Wint-to-pointer-cast]
  198 |             ret = kapi_read(entry->obj.file, (void*)buf, (size_t)count);
      |                                              ^
kernel/api/kapi_syscall.c:204:46: warning: cast to pointer from integer of different size [-Wint-to-pointer-cast]
  204 |             ret = fifo_read(entry->obj.pipe, (void*)buf, (uint64_t)count);
      |                                              ^
kernel/api/kapi_syscall.c:212:43: warning: conversion from 'int64_t' {aka 'long long int'} to 'long int' may change value [-Wconversion]
  212 |     return ret < 0 ? KENUX_ERR(KENUX_EIO) : ret;
      |            ~~~~~~~~~~~~~~~~~~~~~~~~~~~~~~~^~~~~
kernel/api/kapi_syscall.c: In function 'sys_write_impl':
kernel/api/kapi_syscall.c:224:21: warning: cast to pointer from integer of different size [-Wint-to-pointer-cast]
  224 |         memcpy(tmp, (void*)buf, to_write);
      |                     ^
kernel/api/kapi_syscall.c:239:47: warning: cast to pointer from integer of different size [-Wint-to-pointer-cast]
  239 |             ret = kapi_write(entry->obj.file, (void*)buf, (size_t)count);
      |                                               ^
kernel/api/kapi_syscall.c:245:47: warning: cast to pointer from integer of different size [-Wint-to-pointer-cast]
  245 |             ret = fifo_write(entry->obj.pipe, (void*)buf, (uint64_t)count);
      |                                               ^
kernel/api/kapi_syscall.c:253:43: warning: conversion from 'int64_t' {aka 'long long int'} to 'long int' may change value [-Wconversion]
  253 |     return ret < 0 ? KENUX_ERR(KENUX_EIO) : ret;
      |            ~~~~~~~~~~~~~~~~~~~~~~~~~~~~~~~^~~~~
kernel/api/kapi_syscall.c: In function 'sys_open_impl':
kernel/api/kapi_syscall.c:271:37: warning: cast to pointer from integer of different size [-Wint-to-pointer-cast]
  271 |         kapi_dir_t d = kapi_opendir((const char*)pathname);
      |                                     ^
kernel/api/kapi_syscall.c:285:31: warning: cast to pointer from integer of different size [-Wint-to-pointer-cast]
  285 |     kapi_file_t f = kapi_open((const char*)pathname, kflags, (int)mode);
      |                               ^
kernel/api/kapi_syscall.c: In function 'sys_stat_impl':
kernel/api/kapi_syscall.c:349:25: warning: cast to pointer from integer of different size [-Wint-to-pointer-cast]
  349 |     int ret = kapi_stat((const char*)pathname, &kst);
      |                         ^
kernel/api/kapi_syscall.c:352:65: warning: cast to pointer from integer of different size [-Wint-to-pointer-cast]
  352 |     struct { uint64_t st_dev, st_ino; uint32_t st_mode; } *st = (void*)statbuf;
      |                                                                 ^
kernel/api/kapi_syscall.c: In function 'sys_fstat_impl':
kernel/api/kapi_syscall.c:367:12: warning: cast to pointer from integer of different size [-Wint-to-pointer-cast]
  367 |     memset((void*)statbuf, 0, 128);
      |            ^
kernel/api/kapi_syscall.c: In function 'sys_lseek_impl':
kernel/api/kapi_syscall.c:381:45: warning: conversion from 'int64_t' {aka 'long long int'} to 'long int' may change value [-Wconversion]
  381 |     return ret < 0 ? KENUX_ERR(KENUX_EBADF) : ret;
      |            ~~~~~~~~~~~~~~~~~~~~~~~~~~~~~~~~~^~~~~
kernel/api/kapi_syscall.c: In function 'sys_rt_sigaction_impl':
kernel/api/kapi_syscall.c:458:42: warning: cast to pointer from integer of different size [-Wint-to-pointer-cast]
  458 |     int ret = signal_sigaction((int)sig, (const k_sigaction_t*)act, (k_sigaction_t*)oact);
      |                                          ^
kernel/api/kapi_syscall.c:458:69: warning: cast to pointer from integer of different size [-Wint-to-pointer-cast]
  458 |     int ret = signal_sigaction((int)sig, (const k_sigaction_t*)act, (k_sigaction_t*)oact);
      |                                                                     ^
kernel/api/kapi_syscall.c: In function 'sys_rt_sigprocmask_impl':
kernel/api/kapi_syscall.c:469:44: warning: cast to pointer from integer of different size [-Wint-to-pointer-cast]
  469 |     int ret = signal_sigprocmask((int)how, (const k_sigset_t*)set, (k_sigset_t*)oset);
      |                                            ^
kernel/api/kapi_syscall.c:469:68: warning: cast to pointer from integer of different size [-Wint-to-pointer-cast]
  469 |     int ret = signal_sigprocmask((int)how, (const k_sigset_t*)set, (k_sigset_t*)oset);
      |                                                                    ^
kernel/api/kapi_syscall.c: In function 'sys_ioctl_impl':
kernel/api/kapi_syscall.c:485:54: warning: cast to pointer from integer of different size [-Wint-to-pointer-cast]
  485 |     int ret = kapi_dev_ioctl(dev, (uint32_t)request, (void*)arg);
      |                                                      ^
kernel/api/kapi_syscall.c: In function 'sys_access_impl':
kernel/api/kapi_syscall.c:496:25: warning: cast to pointer from integer of different size [-Wint-to-pointer-cast]
  496 |     int ret = kapi_stat((const char*)pathname, &st);
      |                         ^
kernel/api/kapi_syscall.c: In function 'sys_pipe_impl':
kernel/api/kapi_syscall.c:530:16: warning: cast to pointer from integer of different size [-Wint-to-pointer-cast]
  530 |     int* fds = (int*)pipefd;
      |                ^
kernel/api/kapi_syscall.c: In function 'sys_nanosleep_impl':
kernel/api/kapi_syscall.c:576:49: warning: cast to pointer from integer of different size [-Wint-to-pointer-cast]
  576 |     struct { long tv_sec; long tv_nsec; } *ts = (void*)req;
      |                                                 ^
kernel/api/kapi_syscall.c: In function 'sys_execve_impl':
kernel/api/kapi_syscall.c:710:34: warning: cast to pointer from integer of different size [-Wint-to-pointer-cast]
  710 |     int ret = elf_load_from_file((const char*)filename, &info);
      |                                  ^
kernel/api/kapi_syscall.c:715:39: warning: cast to pointer from integer of different size [-Wint-to-pointer-cast]
  715 |         const char* dummy_argv[2] = { (const char*)filename, NULL };
      |                                       ^
kernel/api/kapi_syscall.c: In function 'sys_wait4_impl':
kernel/api/kapi_syscall.c:740:10: warning: cast to pointer from integer of different size [-Wint-to-pointer-cast]
  740 |         *(int*)wstatus = status;
      |          ^
kernel/api/kapi_syscall.c: In function 'sys_uname_impl':
kernel/api/kapi_syscall.c:771:12: warning: cast to pointer from integer of different size [-Wint-to-pointer-cast]
  771 |     } *u = (void*)buf;
      |            ^
kernel/api/kapi_syscall.c: In function 'sys_getcwd_impl':
kernel/api/kapi_syscall.c:813:29: warning: cast to pointer from integer of different size [-Wint-to-pointer-cast]
  813 |     char* ret = kapi_getcwd((char*)buf, (size_t)size);
      |                             ^
kernel/api/kapi_syscall.c: In function 'sys_chdir_impl':
kernel/api/kapi_syscall.c:821:26: warning: cast to pointer from integer of different size [-Wint-to-pointer-cast]
  821 |     int ret = kapi_chdir((const char*)path);
      |                          ^
kernel/api/kapi_syscall.c: In function 'sys_rename_impl':
kernel/api/kapi_syscall.c:829:27: warning: cast to pointer from integer of different size [-Wint-to-pointer-cast]
  829 |     int ret = kapi_rename((const char*)oldpath, (const char*)newpath);
      |                           ^
kernel/api/kapi_syscall.c:829:49: warning: cast to pointer from integer of different size [-Wint-to-pointer-cast]
  829 |     int ret = kapi_rename((const char*)oldpath, (const char*)newpath);
      |                                                 ^
kernel/api/kapi_syscall.c: In function 'sys_mkdir_impl':
kernel/api/kapi_syscall.c:837:26: warning: cast to pointer from integer of different size [-Wint-to-pointer-cast]
  837 |     int ret = kapi_mkdir((const char*)pathname, (int)mode);
      |                          ^
kernel/api/kapi_syscall.c: In function 'sys_rmdir_impl':
kernel/api/kapi_syscall.c:845:26: warning: cast to pointer from integer of different size [-Wint-to-pointer-cast]
  845 |     int ret = kapi_rmdir((const char*)pathname);
      |                          ^
kernel/api/kapi_syscall.c: In function 'sys_unlink_impl':
kernel/api/kapi_syscall.c:866:27: warning: cast to pointer from integer of different size [-Wint-to-pointer-cast]
  866 |     int ret = kapi_unlink((const char*)pathname);
      |                           ^
kernel/api/kapi_syscall.c: In function 'sys_chmod_impl':
kernel/api/kapi_syscall.c:889:46: warning: cast to pointer from integer of different size [-Wint-to-pointer-cast]
  889 |     vfs_node_t* node = syscall_vfs_find_path((const char*)pathname);
      |                                              ^
kernel/api/kapi_syscall.c: In function 'sys_chown_impl':
kernel/api/kapi_syscall.c:900:46: warning: cast to pointer from integer of different size [-Wint-to-pointer-cast]
  900 |     vfs_node_t* node = syscall_vfs_find_path((const char*)pathname);
      |                                              ^
kernel/api/kapi_syscall.c: In function 'sys_gettimeofday_impl':
kernel/api/kapi_syscall.c:923:52: warning: cast to pointer from integer of different size [-Wint-to-pointer-cast]
  923 |         struct { long tv_sec; long tv_usec; } *t = (void*)tv;
      |                                                    ^
kernel/api/kapi_syscall.c: In function 'sys_getrlimit_impl':
kernel/api/kapi_syscall.c:936:51: warning: cast to pointer from integer of different size [-Wint-to-pointer-cast]
  936 |     struct { long rlim_cur; long rlim_max; } *r = (void*)rlim;
      |                                                   ^
kernel/api/kapi_syscall.c: In function 'sys_getrusage_impl':
kernel/api/kapi_syscall.c:946:23: warning: cast to pointer from integer of different size [-Wint-to-pointer-cast]
  946 |     if (usage) memset((void*)usage, 0, 144);
      |                       ^
kernel/api/kapi_syscall.c: In function 'sys_sysinfo_impl':
kernel/api/kapi_syscall.c:969:13: warning: cast to pointer from integer of different size [-Wint-to-pointer-cast]
  969 |     } *si = (void*)info;
      |             ^
kernel/api/kapi_syscall.c: In function 'sys_times_impl':
kernel/api/kapi_syscall.c:985:22: warning: cast to pointer from integer of different size [-Wint-to-pointer-cast]
  985 |     if (tbuf) memset((void*)tbuf, 0, 32);
      |                      ^
kernel/api/kapi_syscall.c: In function 'sys_getdents64_impl':
kernel/api/kapi_syscall.c:1092:32: warning: cast to pointer from integer of different size [-Wint-to-pointer-cast]
 1092 |     struct linux_dirent64* d = (struct linux_dirent64*)dirp;
      |                                ^
kernel/api/kapi_syscall.c: In function 'sys_clock_gettime_impl':
kernel/api/kapi_syscall.c:1110:48: warning: cast to pointer from integer of different size [-Wint-to-pointer-cast]
 1110 |     struct { long tv_sec; long tv_nsec; } *t = (void*)tp;
      |                                                ^
kernel/api/kapi_syscall.c: In function 'sys_chroot_impl':
kernel/api/kapi_syscall.c:1161:46: warning: cast to pointer from integer of different size [-Wint-to-pointer-cast]
 1161 |     vfs_node_t* node = syscall_vfs_find_path((const char*)path);
      |                                              ^
kernel/api/kapi_syscall.c:1165:41: warning: cast to pointer from integer of different size [-Wint-to-pointer-cast]
 1165 |     strncpy(proc_root[current_process], (const char*)path, sizeof(proc_root[0]) - 1);
      |                                         ^
kernel/api/kapi_syscall.c: In function 'sys_sethostname_impl':
kernel/api/kapi_syscall.c:1178:28: warning: cast to pointer from integer of different size [-Wint-to-pointer-cast]
 1178 |     memcpy(kenux_hostname, (const void*)name, (size_t)len);
      |                            ^
kernel/api/kapi_syscall.c: In function 'sys_init_module_impl':
<2> Building kernel/api/kapi_sort.c
kernel/api/kapi_syscall.c:1190:27: warning: cast to pointer from integer of different size [-Wint-to-pointer-cast]
 1190 |     int ret = module_load((const void*)module_image, (uint64_t)len, "unknown");
      |                           ^
kernel/api/kapi_syscall.c: In function 'sys_delete_module_impl':
kernel/api/kapi_syscall.c:1201:29: warning: cast to pointer from integer of different size [-Wint-to-pointer-cast]
 1201 |     int ret = module_unload((const char*)name);
      |                             ^
kernel/api/kapi_syscall.c: In function 'sys_getrandom_impl':
kernel/api/kapi_syscall.c:1237:18: warning: cast to pointer from integer of different size [-Wint-to-pointer-cast]
 1237 |     uint8_t* p = (uint8_t*)buf;
      |                  ^
kernel/api/kapi_syscall.c: In function 'sys_kenux_info_impl':
kernel/api/kapi_syscall.c:1259:15: warning: cast to pointer from integer of different size [-Wint-to-pointer-cast]
 1259 |     } *info = (void*)buf;
      |               ^
kernel/api/kapi_syscall.c: In function 'sys_kenux_get_loadavg_impl':
kernel/api/kapi_syscall.c:1295:15: warning: cast to pointer from integer of different size [-Wint-to-pointer-cast]
 1295 |     long* l = (long*)loads;
      |               ^
kernel/api/kapi_syscall.c: In function 'sys_futex_impl':
kernel/api/kapi_syscall.c:1311:53: warning: cast to pointer from integer of different size [-Wint-to-pointer-cast]
 1311 |         struct { long tv_sec; long tv_nsec; } *ts = (void*)timeout;
      |                                                     ^
kernel/api/kapi_syscall.c:1319:34: warning: cast to pointer from integer of different size [-Wint-to-pointer-cast]
 1319 |             int ret = futex_wait((void*)uaddr, (uint32_t)val, timeout_ms);
      |                                  ^
kernel/api/kapi_syscall.c:1323:34: warning: cast to pointer from integer of different size [-Wint-to-pointer-cast]
 1323 |             int ret = futex_wake((void*)uaddr, (uint32_t)val);
      |                                  ^
kernel/api/kapi_syscall.c:1329:37: warning: cast to pointer from integer of different size [-Wint-to-pointer-cast]
 1329 |             int ret = futex_requeue((void*)uaddr, (void*)uaddr2, (uint32_t)val);
      |                                     ^
kernel/api/kapi_syscall.c:1329:51: warning: cast to pointer from integer of different size [-Wint-to-pointer-cast]
 1329 |             int ret = futex_requeue((void*)uaddr, (void*)uaddr2, (uint32_t)val);
      |                                                   ^
kernel/api/kapi_syscall.c:1304:47: warning: unused parameter 'val3' [-Wunused-parameter]
 1304 |                             long uaddr2, long val3)
      |                                          ~~~~~^~~~
kernel/api/kapi_syscall.c: In function 'sys_prctl_impl':
kernel/api/kapi_syscall.c:1345:25: warning: cast to pointer from integer of different size [-Wint-to-pointer-cast]
 1345 |                 strncpy((char*)arg2, processes[current_process].name, 15);
      |                         ^
kernel/api/kapi_syscall.c:1346:18: warning: cast to pointer from integer of different size [-Wint-to-pointer-cast]
 1346 |                 ((char*)arg2)[15] = '\0';
      |                  ^
kernel/api/kapi_syscall.c:1352:58: warning: cast to pointer from integer of different size [-Wint-to-pointer-cast]
 1352 |                 strncpy(processes[current_process].name, (const char*)arg2,
      |                                                          ^
kernel/api/kapi_syscall.c: In function 'sys_arch_prctl_impl':
kernel/api/kapi_syscall.c:1389:14: warning: cast to pointer from integer of different size [-Wint-to-pointer-cast]
 1389 |             *(uint64_t*)addr = current_process < PROCESS_MAX ?
      |              ^
kernel/api/kapi_syscall.c:1394:14: warning: cast to pointer from integer of different size [-Wint-to-pointer-cast]
 1394 |             *(uint64_t*)addr = current_process < PROCESS_MAX ?
      |              ^
kernel/api/kapi_syscall.c: In function 'sys_truncate_impl':
kernel/api/kapi_syscall.c:1516:46: warning: cast to pointer from integer of different size [-Wint-to-pointer-cast]
 1516 |     vfs_node_t* node = syscall_vfs_find_path((const char*)path);
      |                                              ^
kernel/api/kapi_syscall.c: In function 'sys_pread64_impl':
kernel/api/kapi_syscall.c:1586:46: warning: cast to pointer from integer of different size [-Wint-to-pointer-cast]
 1586 |     int64_t ret = kapi_read(entry->obj.file, (void*)buf, (size_t)count);
      |                                              ^
kernel/api/kapi_syscall.c:1588:43: warning: conversion from 'int64_t' {aka 'long long int'} to 'long int' may change value [-Wconversion]
 1588 |     return ret < 0 ? KENUX_ERR(KENUX_EIO) : ret;
      |            ~~~~~~~~~~~~~~~~~~~~~~~~~~~~~~~^~~~~
kernel/api/kapi_syscall.c: In function 'sys_pwrite64_impl':
kernel/api/kapi_syscall.c:1600:47: warning: cast to pointer from integer of different size [-Wint-to-pointer-cast]
 1600 |     int64_t ret = kapi_write(entry->obj.file, (void*)buf, (size_t)count);
      |                                               ^
kernel/api/kapi_syscall.c:1602:43: warning: conversion from 'int64_t' {aka 'long long int'} to 'long int' may change value [-Wconversion]
 1602 |     return ret < 0 ? KENUX_ERR(KENUX_EIO) : ret;
      |            ~~~~~~~~~~~~~~~~~~~~~~~~~~~~~~~^~~~~
kernel/api/kapi_syscall.c: In function 'sys_sendfile_impl':
kernel/api/kapi_syscall.c:1618:39: warning: cast from pointer to integer of different size [-Wpointer-to-int-cast]
 1618 |         long r = sys_read_impl(in_fd, (long)buf, n, 0, 0, 0);
      |                                       ^
kernel/api/kapi_syscall.c:1620:41: warning: cast from pointer to integer of different size [-Wpointer-to-int-cast]
 1620 |         long w = sys_write_impl(out_fd, (long)buf, r, 0, 0, 0);
      |                                         ^
kernel/api/kapi_syscall.c:1623:22: warning: cast to pointer from integer of different size [-Wint-to-pointer-cast]
 1623 |         if (offset) *(long*)offset += w;
      |                      ^
kernel/api/kapi_syscall.c: In function 'sys_time_impl':
kernel/api/kapi_syscall.c:1633:16: warning: cast to pointer from integer of different size [-Wint-to-pointer-cast]
 1633 |     if (tloc) *(long*)tloc = t;
      |                ^
kernel/api/kapi_syscall.c: In function 'sys_set_tid_address_impl':
kernel/api/kapi_syscall.c:1654:51: warning: cast to pointer from integer of different size [-Wint-to-pointer-cast]
 1654 |         processes[current_process].kthread_data = (void*)tidptr;
      |                                                   ^
kernel/api/kapi_syscall.c: At top level:
kernel/api/kapi_syscall.c:171:13: warning: 'sys_nosys' defined but not used [-Wunused-function]
  171 | static long sys_nosys(long a1, long a2, long a3, long a4, long a5, long a6)
      |             ^~~~~~~~~
In file included from include/kapi.h:23,
                 from kernel/api/kapi_string.c:4:
include/kapi_bitmap.h: In function 'kapi_bitmap_set_all':
include/kapi_bitmap.h:33:26: warning: conversion from 'long long unsigned int' to 'unsigned int' may change value [-Wconversion]
   33 |     unsigned int longs = (nbits + KAPI_BITS_PER_LONG - 1) / KAPI_BITS_PER_LONG;
      |                          ^
include/kapi_bitmap.h: In function 'kapi_bitmap_clear_all':
include/kapi_bitmap.h:41:26: warning: conversion from 'long long unsigned int' to 'unsigned int' may change value [-Wconversion]
   41 |     unsigned int longs = (nbits + KAPI_BITS_PER_LONG - 1) / KAPI_BITS_PER_LONG;
      |                          ^
include/kapi_bitmap.h: In function 'kapi_bitmap_find_first':
include/kapi_bitmap.h:49:26: warning: conversion from 'long long unsigned int' to 'unsigned int' may change value [-Wconversion]
   49 |     unsigned int longs = (nbits + KAPI_BITS_PER_LONG - 1) / KAPI_BITS_PER_LONG;
      |                          ^
include/kapi_bitmap.h:56:35: warning: conversion to 'int' from 'unsigned int' may change the sign of the result [-Wsign-conversion]
   56 |                     return offset + j;
      |                            ~~~~~~~^~~
include/kapi_bitmap.h: In function 'kapi_bitmap_find_first_zero':
include/kapi_bitmap.h:66:26: warning: conversion from 'long long unsigned int' to 'unsigned int' may change value [-Wconversion]
   66 |     unsigned int longs = (nbits + KAPI_BITS_PER_LONG - 1) / KAPI_BITS_PER_LONG;
      |                          ^
include/kapi_bitmap.h:73:35: warning: conversion to 'int' from 'unsigned int' may change the sign of the result [-Wsign-conversion]
   73 |                     return offset + j;
      |                            ~~~~~~~^~~
include/kapi_bitmap.h: In function 'kapi_bitmap_count':
include/kapi_bitmap.h:84:26: warning: conversion from 'long long unsigned int' to 'unsigned int' may change value [-Wconversion]
   84 |     unsigned int longs = (nbits + KAPI_BITS_PER_LONG - 1) / KAPI_BITS_PER_LONG;
      |                          ^
In file included from include/kapi.h:59:
include/kapi_netlink.h: In function 'kapi_nlmsg_next':
include/kapi_netlink.h:19:37: warning: conversion to 'int' from 'uint32_t' {aka 'unsigned int'} may change the sign of the result [-Wsign-conversion]
   19 | #define KAPI_NLMSG_ALIGNTO          4
      |                                     ^
include/kapi_netlink.h:75:18: note: in expansion of macro 'KAPI_NLMSG_ALIGNTO'
   75 |     int totlen = KAPI_NLMSG_ALIGNTO * ((nlh->nlmsg_len + KAPI_NLMSG_ALIGNTO - 1) / KAPI_NLMSG_ALIGNTO);
      |                  ^~~~~~~~~~~~~~~~~~
<3> Building kernel/api/kapi_socket.c
kernel/api/kapi_string.c: In function 'kapi_vsnprintf':
kernel/api/kapi_string.c:78:35: warning: conversion from 'int' to 'char' may change value [-Wconversion]
   78 |                     buffer[i++] = '0' + (n % 10);
      |                                   ^~~
In file included from include/kapi.h:23,
                 from kernel/api/kapi_sort.c:2:
include/kapi_bitmap.h: In function 'kapi_bitmap_set_all':
include/kapi_bitmap.h:33:26: warning: conversion from 'long long unsigned int' to 'unsigned int' may change value [-Wconversion]
   33 |     unsigned int longs = (nbits + KAPI_BITS_PER_LONG - 1) / KAPI_BITS_PER_LONG;
      |                          ^
include/kapi_bitmap.h: In function 'kapi_bitmap_clear_all':
include/kapi_bitmap.h:41:26: warning: conversion from 'long long unsigned int' to 'unsigned int' may change value [-Wconversion]
   41 |     unsigned int longs = (nbits + KAPI_BITS_PER_LONG - 1) / KAPI_BITS_PER_LONG;
      |                          ^
include/kapi_bitmap.h: In function 'kapi_bitmap_find_first':
include/kapi_bitmap.h:49:26: warning: conversion from 'long long unsigned int' to 'unsigned int' may change value [-Wconversion]
   49 |     unsigned int longs = (nbits + KAPI_BITS_PER_LONG - 1) / KAPI_BITS_PER_LONG;
      |                          ^
include/kapi_bitmap.h:56:35: warning: conversion to 'int' from 'unsigned int' may change the sign of the result [-Wsign-conversion]
   56 |                     return offset + j;
      |                            ~~~~~~~^~~
include/kapi_bitmap.h: In function 'kapi_bitmap_find_first_zero':
include/kapi_bitmap.h:66:26: warning: conversion from 'long long unsigned int' to 'unsigned int' may change value [-Wconversion]
   66 |     unsigned int longs = (nbits + KAPI_BITS_PER_LONG - 1) / KAPI_BITS_PER_LONG;
      |                          ^
include/kapi_bitmap.h:73:35: warning: conversion to 'int' from 'unsigned int' may change the sign of the result [-Wsign-conversion]
   73 |                     return offset + j;
      |                            ~~~~~~~^~~
include/kapi_bitmap.h: In function 'kapi_bitmap_count':
include/kapi_bitmap.h:84:26: warning: conversion from 'long long unsigned int' to 'unsigned int' may change value [-Wconversion]
   84 |     unsigned int longs = (nbits + KAPI_BITS_PER_LONG - 1) / KAPI_BITS_PER_LONG;
      |                          ^
In file included from include/kapi.h:59:
include/kapi_netlink.h: In function 'kapi_nlmsg_next':
include/kapi_netlink.h:19:37: warning: conversion to 'int' from 'uint32_t' {aka 'unsigned int'} may change the sign of the result [-Wsign-conversion]
   19 | #define KAPI_NLMSG_ALIGNTO          4
      |                                     ^
include/kapi_netlink.h:75:18: note: in expansion of macro 'KAPI_NLMSG_ALIGNTO'
   75 |     int totlen = KAPI_NLMSG_ALIGNTO * ((nlh->nlmsg_len + KAPI_NLMSG_ALIGNTO - 1) / KAPI_NLMSG_ALIGNTO);
      |                  ^~~~~~~~~~~~~~~~~~
kernel/api/kapi_sort.c: In function 'kapi_list_sort':
kernel/api/kapi_sort.c:116:27: warning: unused parameter 'priv' [-Wunused-parameter]
  116 | void kapi_list_sort(void* priv, void* head, int (*cmp)(void* priv, void* a, void* b))
      |                     ~~~~~~^~~~
In file included from include/kapi.h:23,
                 from kernel/api/kapi_socket.c:1:
include/kapi_bitmap.h: In function 'kapi_bitmap_set_all':
include/kapi_bitmap.h:33:26: warning: conversion from 'long long unsigned int' to 'unsigned int' may change value [-Wconversion]
   33 |     unsigned int longs = (nbits + KAPI_BITS_PER_LONG - 1) / KAPI_BITS_PER_LONG;
      |                          ^
include/kapi_bitmap.h: In function 'kapi_bitmap_clear_all':
include/kapi_bitmap.h:41:26: warning: conversion from 'long long unsigned int' to 'unsigned int' may change value [-Wconversion]
   41 |     unsigned int longs = (nbits + KAPI_BITS_PER_LONG - 1) / KAPI_BITS_PER_LONG;
      |                          ^
include/kapi_bitmap.h: In function 'kapi_bitmap_find_first':
include/kapi_bitmap.h:49:26: warning: conversion from 'long long unsigned int' to 'unsigned int' may change value [-Wconversion]
   49 |     unsigned int longs = (nbits + KAPI_BITS_PER_LONG - 1) / KAPI_BITS_PER_LONG;
      |                          ^
include/kapi_bitmap.h:56:35: warning: conversion to 'int' from 'unsigned int' may change the sign of the result [-Wsign-conversion]
   56 |                     return offset + j;
      |                            ~~~~~~~^~~
include/kapi_bitmap.h: In function 'kapi_bitmap_find_first_zero':
include/kapi_bitmap.h:66:26: warning: conversion from 'long long unsigned int' to 'unsigned int' may change value [-Wconversion]
   66 |     unsigned int longs = (nbits + KAPI_BITS_PER_LONG - 1) / KAPI_BITS_PER_LONG;
      |                          ^
include/kapi_bitmap.h:73:35: warning: conversion to 'int' from 'unsigned int' may change the sign of the result [-Wsign-conversion]
   73 |                     return offset + j;
      |                            ~~~~~~~^~~
include/kapi_bitmap.h: In function 'kapi_bitmap_count':
include/kapi_bitmap.h:84:26: warning: conversion from 'long long unsigned int' to 'unsigned int' may change value [-Wconversion]
   84 |     unsigned int longs = (nbits + KAPI_BITS_PER_LONG - 1) / KAPI_BITS_PER_LONG;
      |                          ^
In file included from include/kapi.h:59:
include/kapi_netlink.h: In function 'kapi_nlmsg_next':
include/kapi_netlink.h:19:37: warning: conversion to 'int' from 'uint32_t' {aka 'unsigned int'} may change the sign of the result [-Wsign-conversion]
   19 | #define KAPI_NLMSG_ALIGNTO          4
      |                                     ^
include/kapi_netlink.h:75:18: note: in expansion of macro 'KAPI_NLMSG_ALIGNTO'
   75 |     int totlen = KAPI_NLMSG_ALIGNTO * ((nlh->nlmsg_len + KAPI_NLMSG_ALIGNTO - 1) / KAPI_NLMSG_ALIGNTO);
      |                  ^~~~~~~~~~~~~~~~~~
<0> Building kernel/api/kapi_smp.c
<2> Building kernel/api/kapi_skbuff.c
In file included from include/kapi.h:23,
                 from kernel/api/kapi_smp.c:4:
include/kapi_bitmap.h: In function 'kapi_bitmap_set_all':
include/kapi_bitmap.h:33:26: warning: conversion from 'long long unsigned int' to 'unsigned int' may change value [-Wconversion]
   33 |     unsigned int longs = (nbits + KAPI_BITS_PER_LONG - 1) / KAPI_BITS_PER_LONG;
      |                          ^
include/kapi_bitmap.h: In function 'kapi_bitmap_clear_all':
include/kapi_bitmap.h:41:26: warning: conversion from 'long long unsigned int' to 'unsigned int' may change value [-Wconversion]
   41 |     unsigned int longs = (nbits + KAPI_BITS_PER_LONG - 1) / KAPI_BITS_PER_LONG;
      |                          ^
include/kapi_bitmap.h: In function 'kapi_bitmap_find_first':
include/kapi_bitmap.h:49:26: warning: conversion from 'long long unsigned int' to 'unsigned int' may change value [-Wconversion]
   49 |     unsigned int longs = (nbits + KAPI_BITS_PER_LONG - 1) / KAPI_BITS_PER_LONG;
      |                          ^
include/kapi_bitmap.h:56:35: warning: conversion to 'int' from 'unsigned int' may change the sign of the result [-Wsign-conversion]
   56 |                     return offset + j;
      |                            ~~~~~~~^~~
include/kapi_bitmap.h: In function 'kapi_bitmap_find_first_zero':
include/kapi_bitmap.h:66:26: warning: conversion from 'long long unsigned int' to 'unsigned int' may change value [-Wconversion]
   66 |     unsigned int longs = (nbits + KAPI_BITS_PER_LONG - 1) / KAPI_BITS_PER_LONG;
      |                          ^
include/kapi_bitmap.h:73:35: warning: conversion to 'int' from 'unsigned int' may change the sign of the result [-Wsign-conversion]
   73 |                     return offset + j;
      |                            ~~~~~~~^~~
include/kapi_bitmap.h: In function 'kapi_bitmap_count':
include/kapi_bitmap.h:84:26: warning: conversion from 'long long unsigned int' to 'unsigned int' may change value [-Wconversion]
   84 |     unsigned int longs = (nbits + KAPI_BITS_PER_LONG - 1) / KAPI_BITS_PER_LONG;
      |                          ^
In file included from include/kapi.h:59:
include/kapi_netlink.h: In function 'kapi_nlmsg_next':
include/kapi_netlink.h:19:37: warning: conversion to 'int' from 'uint32_t' {aka 'unsigned int'} may change the sign of the result [-Wsign-conversion]
   19 | #define KAPI_NLMSG_ALIGNTO          4
      |                                     ^
include/kapi_netlink.h:75:18: note: in expansion of macro 'KAPI_NLMSG_ALIGNTO'
   75 |     int totlen = KAPI_NLMSG_ALIGNTO * ((nlh->nlmsg_len + KAPI_NLMSG_ALIGNTO - 1) / KAPI_NLMSG_ALIGNTO);
      |                  ^~~~~~~~~~~~~~~~~~
<3> Building kernel/api/kapi_seq_file.c
In file included from include/kapi.h:23,
                 from kernel/api/kapi_skbuff.c:1:
include/kapi_bitmap.h: In function 'kapi_bitmap_set_all':
include/kapi_bitmap.h:33:26: warning: conversion from 'long long unsigned int' to 'unsigned int' may change value [-Wconversion]
   33 |     unsigned int longs = (nbits + KAPI_BITS_PER_LONG - 1) / KAPI_BITS_PER_LONG;
      |                          ^
include/kapi_bitmap.h: In function 'kapi_bitmap_clear_all':
include/kapi_bitmap.h:41:26: warning: conversion from 'long long unsigned int' to 'unsigned int' may change value [-Wconversion]
   41 |     unsigned int longs = (nbits + KAPI_BITS_PER_LONG - 1) / KAPI_BITS_PER_LONG;
      |                          ^
include/kapi_bitmap.h: In function 'kapi_bitmap_find_first':
include/kapi_bitmap.h:49:26: warning: conversion from 'long long unsigned int' to 'unsigned int' may change value [-Wconversion]
   49 |     unsigned int longs = (nbits + KAPI_BITS_PER_LONG - 1) / KAPI_BITS_PER_LONG;
      |                          ^
include/kapi_bitmap.h:56:35: warning: conversion to 'int' from 'unsigned int' may change the sign of the result [-Wsign-conversion]
   56 |                     return offset + j;
      |                            ~~~~~~~^~~
include/kapi_bitmap.h: In function 'kapi_bitmap_find_first_zero':
include/kapi_bitmap.h:66:26: warning: conversion from 'long long unsigned int' to 'unsigned int' may change value [-Wconversion]
   66 |     unsigned int longs = (nbits + KAPI_BITS_PER_LONG - 1) / KAPI_BITS_PER_LONG;
      |                          ^
include/kapi_bitmap.h:73:35: warning: conversion to 'int' from 'unsigned int' may change the sign of the result [-Wsign-conversion]
   73 |                     return offset + j;
      |                            ~~~~~~~^~~
include/kapi_bitmap.h: In function 'kapi_bitmap_count':
include/kapi_bitmap.h:84:26: warning: conversion from 'long long unsigned int' to 'unsigned int' may change value [-Wconversion]
   84 |     unsigned int longs = (nbits + KAPI_BITS_PER_LONG - 1) / KAPI_BITS_PER_LONG;
      |                          ^
In file included from include/kapi.h:59:
include/kapi_netlink.h: In function 'kapi_nlmsg_next':
include/kapi_netlink.h:19:37: warning: conversion to 'int' from 'uint32_t' {aka 'unsigned int'} may change the sign of the result [-Wsign-conversion]
   19 | #define KAPI_NLMSG_ALIGNTO          4
      |                                     ^
include/kapi_netlink.h:75:18: note: in expansion of macro 'KAPI_NLMSG_ALIGNTO'
   75 |     int totlen = KAPI_NLMSG_ALIGNTO * ((nlh->nlmsg_len + KAPI_NLMSG_ALIGNTO - 1) / KAPI_NLMSG_ALIGNTO);
      |                  ^~~~~~~~~~~~~~~~~~
<0> Building kernel/api/kapi_security.c
In file included from include/kapi.h:23,
                 from kernel/api/kapi_seq_file.c:2:
include/kapi_bitmap.h: In function 'kapi_bitmap_set_all':
include/kapi_bitmap.h:33:26: warning: conversion from 'long long unsigned int' to 'unsigned int' may change value [-Wconversion]
   33 |     unsigned int longs = (nbits + KAPI_BITS_PER_LONG - 1) / KAPI_BITS_PER_LONG;
      |                          ^
include/kapi_bitmap.h: In function 'kapi_bitmap_clear_all':
include/kapi_bitmap.h:41:26: warning: conversion from 'long long unsigned int' to 'unsigned int' may change value [-Wconversion]
   41 |     unsigned int longs = (nbits + KAPI_BITS_PER_LONG - 1) / KAPI_BITS_PER_LONG;
      |                          ^
include/kapi_bitmap.h: In function 'kapi_bitmap_find_first':
include/kapi_bitmap.h:49:26: warning: conversion from 'long long unsigned int' to 'unsigned int' may change value [-Wconversion]
   49 |     unsigned int longs = (nbits + KAPI_BITS_PER_LONG - 1) / KAPI_BITS_PER_LONG;
      |                          ^
include/kapi_bitmap.h:56:35: warning: conversion to 'int' from 'unsigned int' may change the sign of the result [-Wsign-conversion]
   56 |                     return offset + j;
      |                            ~~~~~~~^~~
include/kapi_bitmap.h: In function 'kapi_bitmap_find_first_zero':
include/kapi_bitmap.h:66:26: warning: conversion from 'long long unsigned int' to 'unsigned int' may change value [-Wconversion]
   66 |     unsigned int longs = (nbits + KAPI_BITS_PER_LONG - 1) / KAPI_BITS_PER_LONG;
      |                          ^
include/kapi_bitmap.h:73:35: warning: conversion to 'int' from 'unsigned int' may change the sign of the result [-Wsign-conversion]
   73 |                     return offset + j;
      |                            ~~~~~~~^~~
include/kapi_bitmap.h: In function 'kapi_bitmap_count':
include/kapi_bitmap.h:84:26: warning: conversion from 'long long unsigned int' to 'unsigned int' may change value [-Wconversion]
   84 |     unsigned int longs = (nbits + KAPI_BITS_PER_LONG - 1) / KAPI_BITS_PER_LONG;
      |                          ^
In file included from include/kapi.h:59:
include/kapi_netlink.h: In function 'kapi_nlmsg_next':
include/kapi_netlink.h:19:37: warning: conversion to 'int' from 'uint32_t' {aka 'unsigned int'} may change the sign of the result [-Wsign-conversion]
   19 | #define KAPI_NLMSG_ALIGNTO          4
      |                                     ^
include/kapi_netlink.h:75:18: note: in expansion of macro 'KAPI_NLMSG_ALIGNTO'
   75 |     int totlen = KAPI_NLMSG_ALIGNTO * ((nlh->nlmsg_len + KAPI_NLMSG_ALIGNTO - 1) / KAPI_NLMSG_ALIGNTO);
      |                  ^~~~~~~~~~~~~~~~~~
In file included from include/kapi.h:23,
                 from kernel/api/kapi_security.c:1:
include/kapi_bitmap.h: In function 'kapi_bitmap_set_all':
include/kapi_bitmap.h:33:26: warning: conversion from 'long long unsigned int' to 'unsigned int' may change value [-Wconversion]
   33 |     unsigned int longs = (nbits + KAPI_BITS_PER_LONG - 1) / KAPI_BITS_PER_LONG;
      |                          ^
include/kapi_bitmap.h: In function 'kapi_bitmap_clear_all':
include/kapi_bitmap.h:41:26: warning: conversion from 'long long unsigned int' to 'unsigned int' may change value [-Wconversion]
   41 |     unsigned int longs = (nbits + KAPI_BITS_PER_LONG - 1) / KAPI_BITS_PER_LONG;
      |                          ^
include/kapi_bitmap.h: In function 'kapi_bitmap_find_first':
include/kapi_bitmap.h:49:26: warning: conversion from 'long long unsigned int' to 'unsigned int' may change value [-Wconversion]
   49 |     unsigned int longs = (nbits + KAPI_BITS_PER_LONG - 1) / KAPI_BITS_PER_LONG;
      |                          ^
include/kapi_bitmap.h:56:35: warning: conversion to 'int' from 'unsigned int' may change the sign of the result [-Wsign-conversion]
   56 |                     return offset + j;
      |                            ~~~~~~~^~~
include/kapi_bitmap.h: In function 'kapi_bitmap_find_first_zero':
include/kapi_bitmap.h:66:26: warning: conversion from 'long long unsigned int' to 'unsigned int' may change value [-Wconversion]
   66 |     unsigned int longs = (nbits + KAPI_BITS_PER_LONG - 1) / KAPI_BITS_PER_LONG;
      |                          ^
include/kapi_bitmap.h:73:35: warning: conversion to 'int' from 'unsigned int' may change the sign of the result [-Wsign-conversion]
   73 |                     return offset + j;
      |                            ~~~~~~~^~~
include/kapi_bitmap.h: In function 'kapi_bitmap_count':
include/kapi_bitmap.h:84:26: warning: conversion from 'long long unsigned int' to 'unsigned int' may change value [-Wconversion]
   84 |     unsigned int longs = (nbits + KAPI_BITS_PER_LONG - 1) / KAPI_BITS_PER_LONG;
      |                          ^
In file included from include/kapi.h:59:
include/kapi_netlink.h: In function 'kapi_nlmsg_next':
include/kapi_netlink.h:19:37: warning: conversion to 'int' from 'uint32_t' {aka 'unsigned int'} may change the sign of the result [-Wsign-conversion]
   19 | #define KAPI_NLMSG_ALIGNTO          4
      |                                     ^
include/kapi_netlink.h:75:18: note: in expansion of macro 'KAPI_NLMSG_ALIGNTO'
   75 |     int totlen = KAPI_NLMSG_ALIGNTO * ((nlh->nlmsg_len + KAPI_NLMSG_ALIGNTO - 1) / KAPI_NLMSG_ALIGNTO);
      |                  ^~~~~~~~~~~~~~~~~~
<2> Building kernel/api/kapi_sched.c
<3> Building kernel/api/kapi_rcu.c
In file included from include/kapi.h:23,
                 from kernel/api/kapi_sched.c:4:
include/kapi_bitmap.h: In function 'kapi_bitmap_set_all':
include/kapi_bitmap.h:33:26: warning: conversion from 'long long unsigned int' to 'unsigned int' may change value [-Wconversion]
   33 |     unsigned int longs = (nbits + KAPI_BITS_PER_LONG - 1) / KAPI_BITS_PER_LONG;
      |                          ^
include/kapi_bitmap.h: In function 'kapi_bitmap_clear_all':
include/kapi_bitmap.h:41:26: warning: conversion from 'long long unsigned int' to 'unsigned int' may change value [-Wconversion]
   41 |     unsigned int longs = (nbits + KAPI_BITS_PER_LONG - 1) / KAPI_BITS_PER_LONG;
      |                          ^
include/kapi_bitmap.h: In function 'kapi_bitmap_find_first':
include/kapi_bitmap.h:49:26: warning: conversion from 'long long unsigned int' to 'unsigned int' may change value [-Wconversion]
   49 |     unsigned int longs = (nbits + KAPI_BITS_PER_LONG - 1) / KAPI_BITS_PER_LONG;
      |                          ^
include/kapi_bitmap.h:56:35: warning: conversion to 'int' from 'unsigned int' may change the sign of the result [-Wsign-conversion]
   56 |                     return offset + j;
      |                            ~~~~~~~^~~
include/kapi_bitmap.h: In function 'kapi_bitmap_find_first_zero':
include/kapi_bitmap.h:66:26: warning: conversion from 'long long unsigned int' to 'unsigned int' may change value [-Wconversion]
   66 |     unsigned int longs = (nbits + KAPI_BITS_PER_LONG - 1) / KAPI_BITS_PER_LONG;
      |                          ^
include/kapi_bitmap.h:73:35: warning: conversion to 'int' from 'unsigned int' may change the sign of the result [-Wsign-conversion]
   73 |                     return offset + j;
      |                            ~~~~~~~^~~
include/kapi_bitmap.h: In function 'kapi_bitmap_count':
include/kapi_bitmap.h:84:26: warning: conversion from 'long long unsigned int' to 'unsigned int' may change value [-Wconversion]
   84 |     unsigned int longs = (nbits + KAPI_BITS_PER_LONG - 1) / KAPI_BITS_PER_LONG;
      |                          ^
In file included from include/kapi.h:59:
include/kapi_netlink.h: In function 'kapi_nlmsg_next':
include/kapi_netlink.h:19:37: warning: conversion to 'int' from 'uint32_t' {aka 'unsigned int'} may change the sign of the result [-Wsign-conversion]
   19 | #define KAPI_NLMSG_ALIGNTO          4
      |                                     ^
include/kapi_netlink.h:75:18: note: in expansion of macro 'KAPI_NLMSG_ALIGNTO'
   75 |     int totlen = KAPI_NLMSG_ALIGNTO * ((nlh->nlmsg_len + KAPI_NLMSG_ALIGNTO - 1) / KAPI_NLMSG_ALIGNTO);
      |                  ^~~~~~~~~~~~~~~~~~
In file included from include/kapi.h:23,
                 from kernel/api/kapi_rcu.c:4:
include/kapi_bitmap.h: In function 'kapi_bitmap_set_all':
include/kapi_bitmap.h:33:26: warning: conversion from 'long long unsigned int' to 'unsigned int' may change value [-Wconversion]
   33 |     unsigned int longs = (nbits + KAPI_BITS_PER_LONG - 1) / KAPI_BITS_PER_LONG;
      |                          ^
include/kapi_bitmap.h: In function 'kapi_bitmap_clear_all':
include/kapi_bitmap.h:41:26: warning: conversion from 'long long unsigned int' to 'unsigned int' may change value [-Wconversion]
   41 |     unsigned int longs = (nbits + KAPI_BITS_PER_LONG - 1) / KAPI_BITS_PER_LONG;
      |                          ^
include/kapi_bitmap.h: In function 'kapi_bitmap_find_first':
include/kapi_bitmap.h:49:26: warning: conversion from 'long long unsigned int' to 'unsigned int' may change value [-Wconversion]
   49 |     unsigned int longs = (nbits + KAPI_BITS_PER_LONG - 1) / KAPI_BITS_PER_LONG;
      |                          ^
include/kapi_bitmap.h:56:35: warning: conversion to 'int' from 'unsigned int' may change the sign of the result [-Wsign-conversion]
   56 |                     return offset + j;
      |                            ~~~~~~~^~~
include/kapi_bitmap.h: In function 'kapi_bitmap_find_first_zero':
include/kapi_bitmap.h:66:26: warning: conversion from 'long long unsigned int' to 'unsigned int' may change value [-Wconversion]
   66 |     unsigned int longs = (nbits + KAPI_BITS_PER_LONG - 1) / KAPI_BITS_PER_LONG;
      |                          ^
include/kapi_bitmap.h:73:35: warning: conversion to 'int' from 'unsigned int' may change the sign of the result [-Wsign-conversion]
   73 |                     return offset + j;
      |                            ~~~~~~~^~~
include/kapi_bitmap.h: In function 'kapi_bitmap_count':
include/kapi_bitmap.h:84:26: warning: conversion from 'long long unsigned int' to 'unsigned int' may change value [-Wconversion]
   84 |     unsigned int longs = (nbits + KAPI_BITS_PER_LONG - 1) / KAPI_BITS_PER_LONG;
      |                          ^
In file included from include/kapi.h:59:
include/kapi_netlink.h: In function 'kapi_nlmsg_next':
include/kapi_netlink.h:19:37: warning: conversion to 'int' from 'uint32_t' {aka 'unsigned int'} may change the sign of the result [-Wsign-conversion]
   19 | #define KAPI_NLMSG_ALIGNTO          4
      |                                     ^
include/kapi_netlink.h:75:18: note: in expansion of macro 'KAPI_NLMSG_ALIGNTO'
   75 |     int totlen = KAPI_NLMSG_ALIGNTO * ((nlh->nlmsg_len + KAPI_NLMSG_ALIGNTO - 1) / KAPI_NLMSG_ALIGNTO);
      |                  ^~~~~~~~~~~~~~~~~~
<2> Building kernel/api/kapi_rbtree.c
<3> Building kernel/api/kapi_random.c
In file included from include/kapi.h:23,
                 from kernel/api/kapi_rbtree.c:4:
include/kapi_bitmap.h: In function 'kapi_bitmap_set_all':
include/kapi_bitmap.h:33:26: warning: conversion from 'long long unsigned int' to 'unsigned int' may change value [-Wconversion]
   33 |     unsigned int longs = (nbits + KAPI_BITS_PER_LONG - 1) / KAPI_BITS_PER_LONG;
      |                          ^
include/kapi_bitmap.h: In function 'kapi_bitmap_clear_all':
include/kapi_bitmap.h:41:26: warning: conversion from 'long long unsigned int' to 'unsigned int' may change value [-Wconversion]
   41 |     unsigned int longs = (nbits + KAPI_BITS_PER_LONG - 1) / KAPI_BITS_PER_LONG;
      |                          ^
include/kapi_bitmap.h: In function 'kapi_bitmap_find_first':
include/kapi_bitmap.h:49:26: warning: conversion from 'long long unsigned int' to 'unsigned int' may change value [-Wconversion]
   49 |     unsigned int longs = (nbits + KAPI_BITS_PER_LONG - 1) / KAPI_BITS_PER_LONG;
      |                          ^
include/kapi_bitmap.h:56:35: warning: conversion to 'int' from 'unsigned int' may change the sign of the result [-Wsign-conversion]
   56 |                     return offset + j;
      |                            ~~~~~~~^~~
include/kapi_bitmap.h: In function 'kapi_bitmap_find_first_zero':
include/kapi_bitmap.h:66:26: warning: conversion from 'long long unsigned int' to 'unsigned int' may change value [-Wconversion]
   66 |     unsigned int longs = (nbits + KAPI_BITS_PER_LONG - 1) / KAPI_BITS_PER_LONG;
      |                          ^
include/kapi_bitmap.h:73:35: warning: conversion to 'int' from 'unsigned int' may change the sign of the result [-Wsign-conversion]
   73 |                     return offset + j;
      |                            ~~~~~~~^~~
include/kapi_bitmap.h: In function 'kapi_bitmap_count':
include/kapi_bitmap.h:84:26: warning: conversion from 'long long unsigned int' to 'unsigned int' may change value [-Wconversion]
   84 |     unsigned int longs = (nbits + KAPI_BITS_PER_LONG - 1) / KAPI_BITS_PER_LONG;
      |                          ^
In file included from include/kapi.h:59:
include/kapi_netlink.h: In function 'kapi_nlmsg_next':
include/kapi_netlink.h:19:37: warning: conversion to 'int' from 'uint32_t' {aka 'unsigned int'} may change the sign of the result [-Wsign-conversion]
   19 | #define KAPI_NLMSG_ALIGNTO          4
      |                                     ^
include/kapi_netlink.h:75:18: note: in expansion of macro 'KAPI_NLMSG_ALIGNTO'
   75 |     int totlen = KAPI_NLMSG_ALIGNTO * ((nlh->nlmsg_len + KAPI_NLMSG_ALIGNTO - 1) / KAPI_NLMSG_ALIGNTO);
      |                  ^~~~~~~~~~~~~~~~~~
In file included from include/kapi.h:23,
                 from kernel/api/kapi_random.c:4:
include/kapi_bitmap.h: In function 'kapi_bitmap_set_all':
include/kapi_bitmap.h:33:26: warning: conversion from 'long long unsigned int' to 'unsigned int' may change value [-Wconversion]
   33 |     unsigned int longs = (nbits + KAPI_BITS_PER_LONG - 1) / KAPI_BITS_PER_LONG;
      |                          ^
include/kapi_bitmap.h: In function 'kapi_bitmap_clear_all':
include/kapi_bitmap.h:41:26: warning: conversion from 'long long unsigned int' to 'unsigned int' may change value [-Wconversion]
   41 |     unsigned int longs = (nbits + KAPI_BITS_PER_LONG - 1) / KAPI_BITS_PER_LONG;
      |                          ^
include/kapi_bitmap.h: In function 'kapi_bitmap_find_first':
include/kapi_bitmap.h:49:26: warning: conversion from 'long long unsigned int' to 'unsigned int' may change value [-Wconversion]
   49 |     unsigned int longs = (nbits + KAPI_BITS_PER_LONG - 1) / KAPI_BITS_PER_LONG;
      |                          ^
include/kapi_bitmap.h:56:35: warning: conversion to 'int' from 'unsigned int' may change the sign of the result [-Wsign-conversion]
   56 |                     return offset + j;
      |                            ~~~~~~~^~~
include/kapi_bitmap.h: In function 'kapi_bitmap_find_first_zero':
include/kapi_bitmap.h:66:26: warning: conversion from 'long long unsigned int' to 'unsigned int' may change value [-Wconversion]
   66 |     unsigned int longs = (nbits + KAPI_BITS_PER_LONG - 1) / KAPI_BITS_PER_LONG;
      |                          ^
include/kapi_bitmap.h:73:35: warning: conversion to 'int' from 'unsigned int' may change the sign of the result [-Wsign-conversion]
   73 |                     return offset + j;
      |                            ~~~~~~~^~~
include/kapi_bitmap.h: In function 'kapi_bitmap_count':
include/kapi_bitmap.h:84:26: warning: conversion from 'long long unsigned int' to 'unsigned int' may change value [-Wconversion]
   84 |     unsigned int longs = (nbits + KAPI_BITS_PER_LONG - 1) / KAPI_BITS_PER_LONG;
      |                          ^
In file included from include/kapi.h:59:
include/kapi_netlink.h: In function 'kapi_nlmsg_next':
include/kapi_netlink.h:19:37: warning: conversion to 'int' from 'uint32_t' {aka 'unsigned int'} may change the sign of the result [-Wsign-conversion]
   19 | #define KAPI_NLMSG_ALIGNTO          4
      |                                     ^
include/kapi_netlink.h:75:18: note: in expansion of macro 'KAPI_NLMSG_ALIGNTO'
   75 |     int totlen = KAPI_NLMSG_ALIGNTO * ((nlh->nlmsg_len + KAPI_NLMSG_ALIGNTO - 1) / KAPI_NLMSG_ALIGNTO);
      |                  ^~~~~~~~~~~~~~~~~~
<0> Building kernel/api/kapi_process.c
<3> Building kernel/api/kapi_pci.c
<2> Building kernel/api/kapi_params.c
In file included from include/kapi.h:23,
                 from kernel/api/kapi_process.c:4:
include/kapi_bitmap.h: In function 'kapi_bitmap_set_all':
include/kapi_bitmap.h:33:26: warning: conversion from 'long long unsigned int' to 'unsigned int' may change value [-Wconversion]
   33 |     unsigned int longs = (nbits + KAPI_BITS_PER_LONG - 1) / KAPI_BITS_PER_LONG;
      |                          ^
include/kapi_bitmap.h: In function 'kapi_bitmap_clear_all':
include/kapi_bitmap.h:41:26: warning: conversion from 'long long unsigned int' to 'unsigned int' may change value [-Wconversion]
   41 |     unsigned int longs = (nbits + KAPI_BITS_PER_LONG - 1) / KAPI_BITS_PER_LONG;
      |                          ^
include/kapi_bitmap.h: In function 'kapi_bitmap_find_first':
include/kapi_bitmap.h:49:26: warning: conversion from 'long long unsigned int' to 'unsigned int' may change value [-Wconversion]
   49 |     unsigned int longs = (nbits + KAPI_BITS_PER_LONG - 1) / KAPI_BITS_PER_LONG;
      |                          ^
include/kapi_bitmap.h:56:35: warning: conversion to 'int' from 'unsigned int' may change the sign of the result [-Wsign-conversion]
   56 |                     return offset + j;
      |                            ~~~~~~~^~~
include/kapi_bitmap.h: In function 'kapi_bitmap_find_first_zero':
include/kapi_bitmap.h:66:26: warning: conversion from 'long long unsigned int' to 'unsigned int' may change value [-Wconversion]
   66 |     unsigned int longs = (nbits + KAPI_BITS_PER_LONG - 1) / KAPI_BITS_PER_LONG;
      |                          ^
include/kapi_bitmap.h:73:35: warning: conversion to 'int' from 'unsigned int' may change the sign of the result [-Wsign-conversion]
   73 |                     return offset + j;
      |                            ~~~~~~~^~~
include/kapi_bitmap.h: In function 'kapi_bitmap_count':
include/kapi_bitmap.h:84:26: warning: conversion from 'long long unsigned int' to 'unsigned int' may change value [-Wconversion]
   84 |     unsigned int longs = (nbits + KAPI_BITS_PER_LONG - 1) / KAPI_BITS_PER_LONG;
      |                          ^
In file included from include/kapi.h:59:
include/kapi_netlink.h: In function 'kapi_nlmsg_next':
include/kapi_netlink.h:19:37: warning: conversion to 'int' from 'uint32_t' {aka 'unsigned int'} may change the sign of the result [-Wsign-conversion]
   19 | #define KAPI_NLMSG_ALIGNTO          4
      |                                     ^
include/kapi_netlink.h:75:18: note: in expansion of macro 'KAPI_NLMSG_ALIGNTO'
   75 |     int totlen = KAPI_NLMSG_ALIGNTO * ((nlh->nlmsg_len + KAPI_NLMSG_ALIGNTO - 1) / KAPI_NLMSG_ALIGNTO);
      |                  ^~~~~~~~~~~~~~~~~~
In file included from include/kapi.h:23,
                 from kernel/api/kapi_pci.c:2:
include/kapi_bitmap.h: In function 'kapi_bitmap_set_all':
include/kapi_bitmap.h:33:26: warning: conversion from 'long long unsigned int' to 'unsigned int' may change value [-Wconversion]
   33 |     unsigned int longs = (nbits + KAPI_BITS_PER_LONG - 1) / KAPI_BITS_PER_LONG;
      |                          ^
include/kapi_bitmap.h: In function 'kapi_bitmap_clear_all':
include/kapi_bitmap.h:41:26: warning: conversion from 'long long unsigned int' to 'unsigned int' may change value [-Wconversion]
   41 |     unsigned int longs = (nbits + KAPI_BITS_PER_LONG - 1) / KAPI_BITS_PER_LONG;
      |                          ^
include/kapi_bitmap.h: In function 'kapi_bitmap_find_first':
include/kapi_bitmap.h:49:26: warning: conversion from 'long long unsigned int' to 'unsigned int' may change value [-Wconversion]
   49 |     unsigned int longs = (nbits + KAPI_BITS_PER_LONG - 1) / KAPI_BITS_PER_LONG;
      |                          ^
include/kapi_bitmap.h:56:35: warning: conversion to 'int' from 'unsigned int' may change the sign of the result [-Wsign-conversion]
   56 |                     return offset + j;
      |                            ~~~~~~~^~~
include/kapi_bitmap.h: In function 'kapi_bitmap_find_first_zero':
include/kapi_bitmap.h:66:26: warning: conversion from 'long long unsigned int' to 'unsigned int' may change value [-Wconversion]
   66 |     unsigned int longs = (nbits + KAPI_BITS_PER_LONG - 1) / KAPI_BITS_PER_LONG;
      |                          ^
include/kapi_bitmap.h:73:35: warning: conversion to 'int' from 'unsigned int' may change the sign of the result [-Wsign-conversion]
   73 |                     return offset + j;
      |                            ~~~~~~~^~~
include/kapi_bitmap.h: In function 'kapi_bitmap_count':
include/kapi_bitmap.h:84:26: warning: conversion from 'long long unsigned int' to 'unsigned int' may change value [-Wconversion]
   84 |     unsigned int longs = (nbits + KAPI_BITS_PER_LONG - 1) / KAPI_BITS_PER_LONG;
      |                          ^
kernel/api/kapi_process.c: In function 'kapi_proc_create':
kernel/api/kapi_process.c:58:26: warning: ISO C forbids conversion of function pointer to object pointer type [-Wpedantic]
   58 |     process_create(name, (void*)entry, kernel_prio);
      |                          ^
kernel/api/kapi_process.c:43:76: warning: unused parameter 'arg' [-Wunused-parameter]
   43 | kapi_proc_t kapi_proc_create(const char* name, void (*entry)(void*), void* arg, int prio)
      |                                                                      ~~~~~~^~~
kernel/api/kapi_process.c: In function 'kapi_proc_kill':
kernel/api/kapi_process.c:77:42: warning: unused parameter 'force' [-Wunused-parameter]
   77 | int kapi_proc_kill(kapi_proc_t proc, int force)
      |                                      ~~~~^~~~~
kernel/api/kapi_process.c: In function 'kapi_proc_kill_by_pid':
kernel/api/kapi_process.c:92:40: warning: unused parameter 'force' [-Wunused-parameter]
   92 | int kapi_proc_kill_by_pid(int pid, int force)
      |                                    ~~~~^~~~~
kernel/api/kapi_process.c: In function 'kapi_thread_create':
kernel/api/kapi_process.c:214:29: warning: ISO C forbids conversion of function pointer to object pointer type [-Wpedantic]
  214 |     int tid = thread_create((void*)entry, arg);
      |                             ^
kernel/api/kapi_process.c: In function 'kapi_ipc_recv':
kernel/api/kapi_process.c:249:52: warning: unused parameter 'timeout_ms' [-Wunused-parameter]
  249 | int kapi_ipc_recv(void* msg, size_t size, uint64_t timeout_ms)
      |                                           ~~~~~~~~~^~~~~~~~~~
In file included from include/kapi.h:59:
include/kapi_netlink.h: In function 'kapi_nlmsg_next':
include/kapi_netlink.h:19:37: warning: conversion to 'int' from 'uint32_t' {aka 'unsigned int'} may change the sign of the result [-Wsign-conversion]
   19 | #define KAPI_NLMSG_ALIGNTO          4
      |                                     ^
include/kapi_netlink.h:75:18: note: in expansion of macro 'KAPI_NLMSG_ALIGNTO'
   75 |     int totlen = KAPI_NLMSG_ALIGNTO * ((nlh->nlmsg_len + KAPI_NLMSG_ALIGNTO - 1) / KAPI_NLMSG_ALIGNTO);
      |                  ^~~~~~~~~~~~~~~~~~
kernel/api/kapi_pci.c: In function 'kapi_pci_disable_device':
kernel/api/kapi_pci.c:104:12: warning: unsigned conversion from 'int' to 'uint16_t' {aka 'short unsigned int'} changes the value of '-8' [-Wsign-conversion]
  104 |     cmd &= ~(KAPI_PCI_COMMAND_IO | KAPI_PCI_COMMAND_MEMORY | KAPI_PCI_COMMAND_MASTER);
      |            ^
kernel/api/kapi_pci.c: In function 'kapi_pci_get_device_info':
kernel/api/kapi_pci.c:182:13: warning: comparison is always false due to limited range of data type [-Wtype-limits]
  182 |     if (bus >= KAPI_PCI_MAX_BUSES || dev >= KAPI_PCI_MAX_DEVICES || func >= KAPI_PCI_MAX_FUNCTIONS) {
      |             ^~
In file included from include/kapi.h:23,
                 from kernel/api/kapi_params.c:2:
include/kapi_bitmap.h: In function 'kapi_bitmap_set_all':
include/kapi_bitmap.h:33:26: warning: conversion from 'long long unsigned int' to 'unsigned int' may change value [-Wconversion]
   33 |     unsigned int longs = (nbits + KAPI_BITS_PER_LONG - 1) / KAPI_BITS_PER_LONG;
      |                          ^
include/kapi_bitmap.h: In function 'kapi_bitmap_clear_all':
include/kapi_bitmap.h:41:26: warning: conversion from 'long long unsigned int' to 'unsigned int' may change value [-Wconversion]
   41 |     unsigned int longs = (nbits + KAPI_BITS_PER_LONG - 1) / KAPI_BITS_PER_LONG;
      |                          ^
include/kapi_bitmap.h: In function 'kapi_bitmap_find_first':
include/kapi_bitmap.h:49:26: warning: conversion from 'long long unsigned int' to 'unsigned int' may change value [-Wconversion]
   49 |     unsigned int longs = (nbits + KAPI_BITS_PER_LONG - 1) / KAPI_BITS_PER_LONG;
      |                          ^
include/kapi_bitmap.h:56:35: warning: conversion to 'int' from 'unsigned int' may change the sign of the result [-Wsign-conversion]
   56 |                     return offset + j;
<1> Building kernel/api/kapi_notifier.c
      |                            ~~~~~~~^~~
include/kapi_bitmap.h: In function 'kapi_bitmap_find_first_zero':
include/kapi_bitmap.h:66:26: warning: conversion from 'long long unsigned int' to 'unsigned int' may change value [-Wconversion]
   66 |     unsigned int longs = (nbits + KAPI_BITS_PER_LONG - 1) / KAPI_BITS_PER_LONG;
      |                          ^
include/kapi_bitmap.h:73:35: warning: conversion to 'int' from 'unsigned int' may change the sign of the result [-Wsign-conversion]
   73 |                     return offset + j;
      |                            ~~~~~~~^~~
include/kapi_bitmap.h: In function 'kapi_bitmap_count':
include/kapi_bitmap.h:84:26: warning: conversion from 'long long unsigned int' to 'unsigned int' may change value [-Wconversion]
   84 |     unsigned int longs = (nbits + KAPI_BITS_PER_LONG - 1) / KAPI_BITS_PER_LONG;
      |                          ^
In file included from include/kapi.h:59:
include/kapi_netlink.h: In function 'kapi_nlmsg_next':
include/kapi_netlink.h:19:37: warning: conversion to 'int' from 'uint32_t' {aka 'unsigned int'} may change the sign of the result [-Wsign-conversion]
   19 | #define KAPI_NLMSG_ALIGNTO          4
      |                                     ^
include/kapi_netlink.h:75:18: note: in expansion of macro 'KAPI_NLMSG_ALIGNTO'
   75 |     int totlen = KAPI_NLMSG_ALIGNTO * ((nlh->nlmsg_len + KAPI_NLMSG_ALIGNTO - 1) / KAPI_NLMSG_ALIGNTO);
      |                  ^~~~~~~~~~~~~~~~~~
In file included from include/kapi.h:23,
                 from kernel/api/kapi_notifier.c:4:
include/kapi_bitmap.h: In function 'kapi_bitmap_set_all':
include/kapi_bitmap.h:33:26: warning: conversion from 'long long unsigned int' to 'unsigned int' may change value [-Wconversion]
   33 |     unsigned int longs = (nbits + KAPI_BITS_PER_LONG - 1) / KAPI_BITS_PER_LONG;
      |                          ^
include/kapi_bitmap.h: In function 'kapi_bitmap_clear_all':
include/kapi_bitmap.h:41:26: warning: conversion from 'long long unsigned int' to 'unsigned int' may change value [-Wconversion]
   41 |     unsigned int longs = (nbits + KAPI_BITS_PER_LONG - 1) / KAPI_BITS_PER_LONG;
      |                          ^
include/kapi_bitmap.h: In function 'kapi_bitmap_find_first':
include/kapi_bitmap.h:49:26: warning: conversion from 'long long unsigned int' to 'unsigned int' may change value [-Wconversion]
   49 |     unsigned int longs = (nbits + KAPI_BITS_PER_LONG - 1) / KAPI_BITS_PER_LONG;
      |                          ^
include/kapi_bitmap.h:56:35: warning: conversion to 'int' from 'unsigned int' may change the sign of the result [-Wsign-conversion]
   56 |                     return offset + j;
      |                            ~~~~~~~^~~
include/kapi_bitmap.h: In function 'kapi_bitmap_find_first_zero':
include/kapi_bitmap.h:66:26: warning: conversion from 'long long unsigned int' to 'unsigned int' may change value [-Wconversion]
   66 |     unsigned int longs = (nbits + KAPI_BITS_PER_LONG - 1) / KAPI_BITS_PER_LONG;
      |                          ^
include/kapi_bitmap.h:73:35: warning: conversion to 'int' from 'unsigned int' may change the sign of the result [-Wsign-conversion]
   73 |                     return offset + j;
      |                            ~~~~~~~^~~
include/kapi_bitmap.h: In function 'kapi_bitmap_count':
include/kapi_bitmap.h:84:26: warning: conversion from 'long long unsigned int' to 'unsigned int' may change value [-Wconversion]
   84 |     unsigned int longs = (nbits + KAPI_BITS_PER_LONG - 1) / KAPI_BITS_PER_LONG;
      |                          ^
In file included from include/kapi.h:59:
include/kapi_netlink.h: In function 'kapi_nlmsg_next':
include/kapi_netlink.h:19:37: warning: conversion to 'int' from 'uint32_t' {aka 'unsigned int'} may change the sign of the result [-Wsign-conversion]
   19 | #define KAPI_NLMSG_ALIGNTO          4
      |                                     ^
include/kapi_netlink.h:75:18: note: in expansion of macro 'KAPI_NLMSG_ALIGNTO'
   75 |     int totlen = KAPI_NLMSG_ALIGNTO * ((nlh->nlmsg_len + KAPI_NLMSG_ALIGNTO - 1) / KAPI_NLMSG_ALIGNTO);
      |                  ^~~~~~~~~~~~~~~~~~
<3> Building kernel/api/kapi_netlink.c
<0> Building kernel/api/kapi_netdevice.c
<1> Building kernel/api/kapi_mutex.c
In file included from include/kapi.h:23,
                 from kernel/api/kapi_netlink.c:1:
include/kapi_bitmap.h: In function 'kapi_bitmap_set_all':
include/kapi_bitmap.h:33:26: warning: conversion from 'long long unsigned int' to 'unsigned int' may change value [-Wconversion]
   33 |     unsigned int longs = (nbits + KAPI_BITS_PER_LONG - 1) / KAPI_BITS_PER_LONG;
      |                          ^
include/kapi_bitmap.h: In function 'kapi_bitmap_clear_all':
include/kapi_bitmap.h:41:26: warning: conversion from 'long long unsigned int' to 'unsigned int' may change value [-Wconversion]
   41 |     unsigned int longs = (nbits + KAPI_BITS_PER_LONG - 1) / KAPI_BITS_PER_LONG;
      |                          ^
include/kapi_bitmap.h: In function 'kapi_bitmap_find_first':
include/kapi_bitmap.h:49:26: warning: conversion from 'long long unsigned int' to 'unsigned int' may change value [-Wconversion]
   49 |     unsigned int longs = (nbits + KAPI_BITS_PER_LONG - 1) / KAPI_BITS_PER_LONG;
      |                          ^
include/kapi_bitmap.h:56:35: warning: conversion to 'int' from 'unsigned int' may change the sign of the result [-Wsign-conversion]
   56 |                     return offset + j;
      |                            ~~~~~~~^~~
include/kapi_bitmap.h: In function 'kapi_bitmap_find_first_zero':
include/kapi_bitmap.h:66:26: warning: conversion from 'long long unsigned int' to 'unsigned int' may change value [-Wconversion]
   66 |     unsigned int longs = (nbits + KAPI_BITS_PER_LONG - 1) / KAPI_BITS_PER_LONG;
      |                          ^
include/kapi_bitmap.h:73:35: warning: conversion to 'int' from 'unsigned int' may change the sign of the result [-Wsign-conversion]
   73 |                     return offset + j;
      |                            ~~~~~~~^~~
include/kapi_bitmap.h: In function 'kapi_bitmap_count':
include/kapi_bitmap.h:84:26: warning: conversion from 'long long unsigned int' to 'unsigned int' may change value [-Wconversion]
   84 |     unsigned int longs = (nbits + KAPI_BITS_PER_LONG - 1) / KAPI_BITS_PER_LONG;
      |                          ^
In file included from include/kapi.h:59:
include/kapi_netlink.h: In function 'kapi_nlmsg_next':
include/kapi_netlink.h:19:37: warning: conversion to 'int' from 'uint32_t' {aka 'unsigned int'} may change the sign of the result [-Wsign-conversion]
   19 | #define KAPI_NLMSG_ALIGNTO          4
      |                                     ^
include/kapi_netlink.h:75:18: note: in expansion of macro 'KAPI_NLMSG_ALIGNTO'
   75 |     int totlen = KAPI_NLMSG_ALIGNTO * ((nlh->nlmsg_len + KAPI_NLMSG_ALIGNTO - 1) / KAPI_NLMSG_ALIGNTO);
      |                  ^~~~~~~~~~~~~~~~~~
kernel/api/kapi_netlink.c: In function 'nl_align':
kernel/api/kapi_netlink.c:29:45: warning: unsigned conversion from 'int' to 'uint32_t' {aka 'unsigned int'} changes value from '-4' to '4294967292' [-Wsign-conversion]
   29 |     return (value + KAPI_NLMSG_ALIGNTO - 1) & ~(KAPI_NLMSG_ALIGNTO - 1);
      |                                             ^
In file included from include/kapi.h:23,
                 from kernel/api/kapi_netdevice.c:1:
include/kapi_bitmap.h: In function 'kapi_bitmap_set_all':
include/kapi_bitmap.h:33:26: warning: conversion from 'long long unsigned int' to 'unsigned int' may change value [-Wconversion]
   33 |     unsigned int longs = (nbits + KAPI_BITS_PER_LONG - 1) / KAPI_BITS_PER_LONG;
      |                          ^
include/kapi_bitmap.h: In function 'kapi_bitmap_clear_all':
include/kapi_bitmap.h:41:26: warning: conversion from 'long long unsigned int' to 'unsigned int' may change value [-Wconversion]
   41 |     unsigned int longs = (nbits + KAPI_BITS_PER_LONG - 1) / KAPI_BITS_PER_LONG;
      |                          ^
include/kapi_bitmap.h: In function 'kapi_bitmap_find_first':
include/kapi_bitmap.h:49:26: warning: conversion from 'long long unsigned int' to 'unsigned int' may change value [-Wconversion]
   49 |     unsigned int longs = (nbits + KAPI_BITS_PER_LONG - 1) / KAPI_BITS_PER_LONG;
      |                          ^
include/kapi_bitmap.h:56:35: warning: conversion to 'int' from 'unsigned int' may change the sign of the result [-Wsign-conversion]
   56 |                     return offset + j;
      |                            ~~~~~~~^~~
include/kapi_bitmap.h: In function 'kapi_bitmap_find_first_zero':
include/kapi_bitmap.h:66:26: warning: conversion from 'long long unsigned int' to 'unsigned int' may change value [-Wconversion]
   66 |     unsigned int longs = (nbits + KAPI_BITS_PER_LONG - 1) / KAPI_BITS_PER_LONG;
      |                          ^
include/kapi_bitmap.h:73:35: warning: conversion to 'int' from 'unsigned int' may change the sign of the result [-Wsign-conversion]
   73 |                     return offset + j;
      |                            ~~~~~~~^~~
include/kapi_bitmap.h: In function 'kapi_bitmap_count':
include/kapi_bitmap.h:84:26: warning: conversion from 'long long unsigned int' to 'unsigned int' may change value [-Wconversion]
   84 |     unsigned int longs = (nbits + KAPI_BITS_PER_LONG - 1) / KAPI_BITS_PER_LONG;
      |                          ^
In file included from include/kapi.h:23,
                 from kernel/api/kapi_mutex.c:4:
include/kapi_bitmap.h: In function 'kapi_bitmap_set_all':
include/kapi_bitmap.h:33:26: warning: conversion from 'long long unsigned int' to 'unsigned int' may change value [-Wconversion]
   33 |     unsigned int longs = (nbits + KAPI_BITS_PER_LONG - 1) / KAPI_BITS_PER_LONG;
      |                          ^
include/kapi_bitmap.h: In function 'kapi_bitmap_clear_all':
include/kapi_bitmap.h:41:26: warning: conversion from 'long long unsigned int' to 'unsigned int' may change value [-Wconversion]
   41 |     unsigned int longs = (nbits + KAPI_BITS_PER_LONG - 1) / KAPI_BITS_PER_LONG;
      |                          ^
include/kapi_bitmap.h: In function 'kapi_bitmap_find_first':
include/kapi_bitmap.h:49:26: warning: conversion from 'long long unsigned int' to 'unsigned int' may change value [-Wconversion]
   49 |     unsigned int longs = (nbits + KAPI_BITS_PER_LONG - 1) / KAPI_BITS_PER_LONG;
      |                          ^
include/kapi_bitmap.h:56:35: warning: conversion to 'int' from 'unsigned int' may change the sign of the result [-Wsign-conversion]
   56 |                     return offset + j;
      |                            ~~~~~~~^~~
include/kapi_bitmap.h: In function 'kapi_bitmap_find_first_zero':
include/kapi_bitmap.h:66:26: warning: conversion from 'long long unsigned int' to 'unsigned int' may change value [-Wconversion]
   66 |     unsigned int longs = (nbits + KAPI_BITS_PER_LONG - 1) / KAPI_BITS_PER_LONG;
      |                          ^
include/kapi_bitmap.h:73:35: warning: conversion to 'int' from 'unsigned int' may change the sign of the result [-Wsign-conversion]
   73 |                     return offset + j;
      |                            ~~~~~~~^~~
include/kapi_bitmap.h: In function 'kapi_bitmap_count':
include/kapi_bitmap.h:84:26: warning: conversion from 'long long unsigned int' to 'unsigned int' may change value [-Wconversion]
   84 |     unsigned int longs = (nbits + KAPI_BITS_PER_LONG - 1) / KAPI_BITS_PER_LONG;
      |                          ^
In file included from include/kapi.h:59:
include/kapi_netlink.h: In function 'kapi_nlmsg_next':
include/kapi_netlink.h:19:37: warning: conversion to 'int' from 'uint32_t' {aka 'unsigned int'} may change the sign of the result [-Wsign-conversion]
   19 | #define KAPI_NLMSG_ALIGNTO          4
      |                                     ^
include/kapi_netlink.h:75:18: note: in expansion of macro 'KAPI_NLMSG_ALIGNTO'
   75 |     int totlen = KAPI_NLMSG_ALIGNTO * ((nlh->nlmsg_len + KAPI_NLMSG_ALIGNTO - 1) / KAPI_NLMSG_ALIGNTO);
      |                  ^~~~~~~~~~~~~~~~~~
In file included from include/kapi.h:59:
include/kapi_netlink.h: In function 'kapi_nlmsg_next':
include/kapi_netlink.h:19:37: warning: conversion to 'int' from 'uint32_t' {aka 'unsigned int'} may change the sign of the result [-Wsign-conversion]
   19 | #define KAPI_NLMSG_ALIGNTO          4
      |                                     ^
include/kapi_netlink.h:75:18: note: in expansion of macro 'KAPI_NLMSG_ALIGNTO'
   75 |     int totlen = KAPI_NLMSG_ALIGNTO * ((nlh->nlmsg_len + KAPI_NLMSG_ALIGNTO - 1) / KAPI_NLMSG_ALIGNTO);
      |                  ^~~~~~~~~~~~~~~~~~
kernel/api/kapi_netdevice.c: In function 'kapi_netdev_down':
kernel/api/kapi_netdevice.c:134:16: warning: unsigned conversion from 'int' to 'uint32_t' {aka 'unsigned int'} changes value from '-2' to '4294967294' [-Wsign-conversion]
  134 |     dev->flags &= ~KAPI_NETDEV_UP;
      |                ^~
kernel/api/kapi_netdevice.c: In function 'kapi_netdev_set_promiscuous':
kernel/api/kapi_netdevice.c:185:21: warning: unsigned conversion from 'int' to 'uint32_t' {aka 'unsigned int'} changes value from '-33' to '4294967263' [-Wsign-conversion]
  185 |     else dev->flags &= ~KAPI_NETDEV_PROMISC;
      |                     ^~
<2> Building kernel/api/kapi_module.c
In file included from include/kapi.h:23,
                 from kernel/api/kapi_module.c:4:
include/kapi_bitmap.h: In function 'kapi_bitmap_set_all':
include/kapi_bitmap.h:33:26: warning: conversion from 'long long unsigned int' to 'unsigned int' may change value [-Wconversion]
   33 |     unsigned int longs = (nbits + KAPI_BITS_PER_LONG - 1) / KAPI_BITS_PER_LONG;
      |                          ^
include/kapi_bitmap.h: In function 'kapi_bitmap_clear_all':
include/kapi_bitmap.h:41:26: warning: conversion from 'long long unsigned int' to 'unsigned int' may change value [-Wconversion]
   41 |     unsigned int longs = (nbits + KAPI_BITS_PER_LONG - 1) / KAPI_BITS_PER_LONG;
      |                          ^
include/kapi_bitmap.h: In function 'kapi_bitmap_find_first':
include/kapi_bitmap.h:49:26: warning: conversion from 'long long unsigned int' to 'unsigned int' may change value [-Wconversion]
   49 |     unsigned int longs = (nbits + KAPI_BITS_PER_LONG - 1) / KAPI_BITS_PER_LONG;
      |                          ^
include/kapi_bitmap.h:56:35: warning: conversion to 'int' from 'unsigned int' may change the sign of the result [-Wsign-conversion]
   56 |                     return offset + j;
      |                            ~~~~~~~^~~
include/kapi_bitmap.h: In function 'kapi_bitmap_find_first_zero':
include/kapi_bitmap.h:66:26: warning: conversion from 'long long unsigned int' to 'unsigned int' may change value [-Wconversion]
   66 |     unsigned int longs = (nbits + KAPI_BITS_PER_LONG - 1) / KAPI_BITS_PER_LONG;
      |                          ^
include/kapi_bitmap.h:73:35: warning: conversion to 'int' from 'unsigned int' may change the sign of the result [-Wsign-conversion]
   73 |                     return offset + j;
      |                            ~~~~~~~^~~
include/kapi_bitmap.h: In function 'kapi_bitmap_count':
include/kapi_bitmap.h:84:26: warning: conversion from 'long long unsigned int' to 'unsigned int' may change value [-Wconversion]
   84 |     unsigned int longs = (nbits + KAPI_BITS_PER_LONG - 1) / KAPI_BITS_PER_LONG;
      |                          ^
<1> Building kernel/api/kapi_mempool.c
In file included from include/kapi.h:59:
include/kapi_netlink.h: In function 'kapi_nlmsg_next':
include/kapi_netlink.h:19:37: warning: conversion to 'int' from 'uint32_t' {aka 'unsigned int'} may change the sign of the result [-Wsign-conversion]
   19 | #define KAPI_NLMSG_ALIGNTO          4
      |                                     ^
include/kapi_netlink.h:75:18: note: in expansion of macro 'KAPI_NLMSG_ALIGNTO'
   75 |     int totlen = KAPI_NLMSG_ALIGNTO * ((nlh->nlmsg_len + KAPI_NLMSG_ALIGNTO - 1) / KAPI_NLMSG_ALIGNTO);
      |                  ^~~~~~~~~~~~~~~~~~
<3> Building kernel/api/kapi_memory.c
In file included from include/kapi.h:23,
                 from kernel/api/kapi_mempool.c:2:
include/kapi_bitmap.h: In function 'kapi_bitmap_set_all':
include/kapi_bitmap.h:33:26: warning: conversion from 'long long unsigned int' to 'unsigned int' may change value [-Wconversion]
   33 |     unsigned int longs = (nbits + KAPI_BITS_PER_LONG - 1) / KAPI_BITS_PER_LONG;
      |                          ^
include/kapi_bitmap.h: In function 'kapi_bitmap_clear_all':
include/kapi_bitmap.h:41:26: warning: conversion from 'long long unsigned int' to 'unsigned int' may change value [-Wconversion]
   41 |     unsigned int longs = (nbits + KAPI_BITS_PER_LONG - 1) / KAPI_BITS_PER_LONG;
      |                          ^
include/kapi_bitmap.h: In function 'kapi_bitmap_find_first':
include/kapi_bitmap.h:49:26: warning: conversion from 'long long unsigned int' to 'unsigned int' may change value [-Wconversion]
   49 |     unsigned int longs = (nbits + KAPI_BITS_PER_LONG - 1) / KAPI_BITS_PER_LONG;
      |                          ^
include/kapi_bitmap.h:56:35: warning: conversion to 'int' from 'unsigned int' may change the sign of the result [-Wsign-conversion]
   56 |                     return offset + j;
      |                            ~~~~~~~^~~
include/kapi_bitmap.h: In function 'kapi_bitmap_find_first_zero':
include/kapi_bitmap.h:66:26: warning: conversion from 'long long unsigned int' to 'unsigned int' may change value [-Wconversion]
   66 |     unsigned int longs = (nbits + KAPI_BITS_PER_LONG - 1) / KAPI_BITS_PER_LONG;
      |                          ^
include/kapi_bitmap.h:73:35: warning: conversion to 'int' from 'unsigned int' may change the sign of the result [-Wsign-conversion]
   73 |                     return offset + j;
      |                            ~~~~~~~^~~
include/kapi_bitmap.h: In function 'kapi_bitmap_count':
include/kapi_bitmap.h:84:26: warning: conversion from 'long long unsigned int' to 'unsigned int' may change value [-Wconversion]
   84 |     unsigned int longs = (nbits + KAPI_BITS_PER_LONG - 1) / KAPI_BITS_PER_LONG;
      |                          ^
In file included from include/kapi.h:59:
include/kapi_netlink.h: In function 'kapi_nlmsg_next':
include/kapi_netlink.h:19:37: warning: conversion to 'int' from 'uint32_t' {aka 'unsigned int'} may change the sign of the result [-Wsign-conversion]
   19 | #define KAPI_NLMSG_ALIGNTO          4
      |                                     ^
include/kapi_netlink.h:75:18: note: in expansion of macro 'KAPI_NLMSG_ALIGNTO'
   75 |     int totlen = KAPI_NLMSG_ALIGNTO * ((nlh->nlmsg_len + KAPI_NLMSG_ALIGNTO - 1) / KAPI_NLMSG_ALIGNTO);
      |                  ^~~~~~~~~~~~~~~~~~
<2> Building kernel/api/kapi_list.c
In file included from include/kapi.h:23,
                 from kernel/api/kapi_memory.c:4:
include/kapi_bitmap.h: In function 'kapi_bitmap_set_all':
include/kapi_bitmap.h:33:26: warning: conversion from 'long long unsigned int' to 'unsigned int' may change value [-Wconversion]
   33 |     unsigned int longs = (nbits + KAPI_BITS_PER_LONG - 1) / KAPI_BITS_PER_LONG;
      |                          ^
include/kapi_bitmap.h: In function 'kapi_bitmap_clear_all':
include/kapi_bitmap.h:41:26: warning: conversion from 'long long unsigned int' to 'unsigned int' may change value [-Wconversion]
   41 |     unsigned int longs = (nbits + KAPI_BITS_PER_LONG - 1) / KAPI_BITS_PER_LONG;
      |                          ^
include/kapi_bitmap.h: In function 'kapi_bitmap_find_first':
include/kapi_bitmap.h:49:26: warning: conversion from 'long long unsigned int' to 'unsigned int' may change value [-Wconversion]
   49 |     unsigned int longs = (nbits + KAPI_BITS_PER_LONG - 1) / KAPI_BITS_PER_LONG;
      |                          ^
include/kapi_bitmap.h:56:35: warning: conversion to 'int' from 'unsigned int' may change the sign of the result [-Wsign-conversion]
   56 |                     return offset + j;
      |                            ~~~~~~~^~~
include/kapi_bitmap.h: In function 'kapi_bitmap_find_first_zero':
include/kapi_bitmap.h:66:26: warning: conversion from 'long long unsigned int' to 'unsigned int' may change value [-Wconversion]
   66 |     unsigned int longs = (nbits + KAPI_BITS_PER_LONG - 1) / KAPI_BITS_PER_LONG;
      |                          ^
include/kapi_bitmap.h:73:35: warning: conversion to 'int' from 'unsigned int' may change the sign of the result [-Wsign-conversion]
   73 |                     return offset + j;
      |                            ~~~~~~~^~~
include/kapi_bitmap.h: In function 'kapi_bitmap_count':
include/kapi_bitmap.h:84:26: warning: conversion from 'long long unsigned int' to 'unsigned int' may change value [-Wconversion]
   84 |     unsigned int longs = (nbits + KAPI_BITS_PER_LONG - 1) / KAPI_BITS_PER_LONG;
      |                          ^
In file included from include/kapi.h:59:
include/kapi_netlink.h: In function 'kapi_nlmsg_next':
include/kapi_netlink.h:19:37: warning: conversion to 'int' from 'uint32_t' {aka 'unsigned int'} may change the sign of the result [-Wsign-conversion]
   19 | #define KAPI_NLMSG_ALIGNTO          4
      |                                     ^
include/kapi_netlink.h:75:18: note: in expansion of macro 'KAPI_NLMSG_ALIGNTO'
   75 |     int totlen = KAPI_NLMSG_ALIGNTO * ((nlh->nlmsg_len + KAPI_NLMSG_ALIGNTO - 1) / KAPI_NLMSG_ALIGNTO);
      |                  ^~~~~~~~~~~~~~~~~~
<0> Building kernel/api/kapi_kthread.c
In file included from include/kapi.h:23,
                 from kernel/api/kapi_list.c:4:
include/kapi_bitmap.h: In function 'kapi_bitmap_set_all':
include/kapi_bitmap.h:33:26: warning: conversion from 'long long unsigned int' to 'unsigned int' may change value [-Wconversion]
   33 |     unsigned int longs = (nbits + KAPI_BITS_PER_LONG - 1) / KAPI_BITS_PER_LONG;
      |                          ^
include/kapi_bitmap.h: In function 'kapi_bitmap_clear_all':
include/kapi_bitmap.h:41:26: warning: conversion from 'long long unsigned int' to 'unsigned int' may change value [-Wconversion]
   41 |     unsigned int longs = (nbits + KAPI_BITS_PER_LONG - 1) / KAPI_BITS_PER_LONG;
      |                          ^
include/kapi_bitmap.h: In function 'kapi_bitmap_find_first':
include/kapi_bitmap.h:49:26: warning: conversion from 'long long unsigned int' to 'unsigned int' may change value [-Wconversion]
   49 |     unsigned int longs = (nbits + KAPI_BITS_PER_LONG - 1) / KAPI_BITS_PER_LONG;
      |                          ^
include/kapi_bitmap.h:56:35: warning: conversion to 'int' from 'unsigned int' may change the sign of the result [-Wsign-conversion]
   56 |                     return offset + j;
      |                            ~~~~~~~^~~
include/kapi_bitmap.h: In function 'kapi_bitmap_find_first_zero':
include/kapi_bitmap.h:66:26: warning: conversion from 'long long unsigned int' to 'unsigned int' may change value [-Wconversion]
   66 |     unsigned int longs = (nbits + KAPI_BITS_PER_LONG - 1) / KAPI_BITS_PER_LONG;
      |                          ^
include/kapi_bitmap.h:73:35: warning: conversion to 'int' from 'unsigned int' may change the sign of the result [-Wsign-conversion]
   73 |                     return offset + j;
      |                            ~~~~~~~^~~
include/kapi_bitmap.h: In function 'kapi_bitmap_count':
include/kapi_bitmap.h:84:26: warning: conversion from 'long long unsigned int' to 'unsigned int' may change value [-Wconversion]
   84 |     unsigned int longs = (nbits + KAPI_BITS_PER_LONG - 1) / KAPI_BITS_PER_LONG;
      |                          ^
In file included from include/kapi.h:59:
include/kapi_netlink.h: In function 'kapi_nlmsg_next':
include/kapi_netlink.h:19:37: warning: conversion to 'int' from 'uint32_t' {aka 'unsigned int'} may change the sign of the result [-Wsign-conversion]
   19 | #define KAPI_NLMSG_ALIGNTO          4
      |                                     ^
include/kapi_netlink.h:75:18: note: in expansion of macro 'KAPI_NLMSG_ALIGNTO'
   75 |     int totlen = KAPI_NLMSG_ALIGNTO * ((nlh->nlmsg_len + KAPI_NLMSG_ALIGNTO - 1) / KAPI_NLMSG_ALIGNTO);
      |                  ^~~~~~~~~~~~~~~~~~
In file included from include/kapi.h:23,
                 from kernel/api/kapi_kthread.c:4:
include/kapi_bitmap.h: In function 'kapi_bitmap_set_all':
include/kapi_bitmap.h:33:26: warning: conversion from 'long long unsigned int' to 'unsigned int' may change value [-Wconversion]
   33 |     unsigned int longs = (nbits + KAPI_BITS_PER_LONG - 1) / KAPI_BITS_PER_LONG;
      |                          ^
include/kapi_bitmap.h: In function 'kapi_bitmap_clear_all':
include/kapi_bitmap.h:41:26: warning: conversion from 'long long unsigned int' to 'unsigned int' may change value [-Wconversion]
   41 |     unsigned int longs = (nbits + KAPI_BITS_PER_LONG - 1) / KAPI_BITS_PER_LONG;
      |                          ^
include/kapi_bitmap.h: In function 'kapi_bitmap_find_first':
include/kapi_bitmap.h:49:26: warning: conversion from 'long long unsigned int' to 'unsigned int' may change value [-Wconversion]
   49 |     unsigned int longs = (nbits + KAPI_BITS_PER_LONG - 1) / KAPI_BITS_PER_LONG;
      |                          ^
include/kapi_bitmap.h:56:35: warning: conversion to 'int' from 'unsigned int' may change the sign of the result [-Wsign-conversion]
   56 |                     return offset + j;
      |                            ~~~~~~~^~~
include/kapi_bitmap.h: In function 'kapi_bitmap_find_first_zero':
include/kapi_bitmap.h:66:26: warning: conversion from 'long long unsigned int' to 'unsigned int' may change value [-Wconversion]
   66 |     unsigned int longs = (nbits + KAPI_BITS_PER_LONG - 1) / KAPI_BITS_PER_LONG;
      |                          ^
include/kapi_bitmap.h:73:35: warning: conversion to 'int' from 'unsigned int' may change the sign of the result [-Wsign-conversion]
   73 |                     return offset + j;
      |                            ~~~~~~~^~~
include/kapi_bitmap.h: In function 'kapi_bitmap_count':
include/kapi_bitmap.h:84:26: warning: conversion from 'long long unsigned int' to 'unsigned int' may change value [-Wconversion]
   84 |     unsigned int longs = (nbits + KAPI_BITS_PER_LONG - 1) / KAPI_BITS_PER_LONG;
      |                          ^
In file included from include/kapi.h:59:
include/kapi_netlink.h: In function 'kapi_nlmsg_next':
include/kapi_netlink.h:19:37: warning: conversion to 'int' from 'uint32_t' {aka 'unsigned int'} may change the sign of the result [-Wsign-conversion]
   19 | #define KAPI_NLMSG_ALIGNTO          4
      |                                     ^
include/kapi_netlink.h:75:18: note: in expansion of macro 'KAPI_NLMSG_ALIGNTO'
   75 |     int totlen = KAPI_NLMSG_ALIGNTO * ((nlh->nlmsg_len + KAPI_NLMSG_ALIGNTO - 1) / KAPI_NLMSG_ALIGNTO);
      |                  ^~~~~~~~~~~~~~~~~~
<2> Building kernel/api/kapi_kprobe.c
<1> Building kernel/api/kapi_kobject.c
<3> Building kernel/api/kapi_kfifo.c
In file included from include/kapi.h:23,
                 from kernel/api/kapi_kprobe.c:16:
include/kapi_bitmap.h: In function 'kapi_bitmap_set_all':
include/kapi_bitmap.h:33:26: warning: conversion from 'long long unsigned int' to 'unsigned int' may change value [-Wconversion]
   33 |     unsigned int longs = (nbits + KAPI_BITS_PER_LONG - 1) / KAPI_BITS_PER_LONG;
      |                          ^
include/kapi_bitmap.h: In function 'kapi_bitmap_clear_all':
include/kapi_bitmap.h:41:26: warning: conversion from 'long long unsigned int' to 'unsigned int' may change value [-Wconversion]
   41 |     unsigned int longs = (nbits + KAPI_BITS_PER_LONG - 1) / KAPI_BITS_PER_LONG;
      |                          ^
include/kapi_bitmap.h: In function 'kapi_bitmap_find_first':
include/kapi_bitmap.h:49:26: warning: conversion from 'long long unsigned int' to 'unsigned int' may change value [-Wconversion]
   49 |     unsigned int longs = (nbits + KAPI_BITS_PER_LONG - 1) / KAPI_BITS_PER_LONG;
      |                          ^
include/kapi_bitmap.h:56:35: warning: conversion to 'int' from 'unsigned int' may change the sign of the result [-Wsign-conversion]
   56 |                     return offset + j;
      |                            ~~~~~~~^~~
include/kapi_bitmap.h: In function 'kapi_bitmap_find_first_zero':
include/kapi_bitmap.h:66:26: warning: conversion from 'long long unsigned int' to 'unsigned int' may change value [-Wconversion]
   66 |     unsigned int longs = (nbits + KAPI_BITS_PER_LONG - 1) / KAPI_BITS_PER_LONG;
      |                          ^
include/kapi_bitmap.h:73:35: warning: conversion to 'int' from 'unsigned int' may change the sign of the result [-Wsign-conversion]
   73 |                     return offset + j;
      |                            ~~~~~~~^~~
include/kapi_bitmap.h: In function 'kapi_bitmap_count':
include/kapi_bitmap.h:84:26: warning: conversion from 'long long unsigned int' to 'unsigned int' may change value [-Wconversion]
   84 |     unsigned int longs = (nbits + KAPI_BITS_PER_LONG - 1) / KAPI_BITS_PER_LONG;
      |                          ^
In file included from include/kapi.h:59:
include/kapi_netlink.h: In function 'kapi_nlmsg_next':
include/kapi_netlink.h:19:37: warning: conversion to 'int' from 'uint32_t' {aka 'unsigned int'} may change the sign of the result [-Wsign-conversion]
   19 | #define KAPI_NLMSG_ALIGNTO          4
      |                                     ^
include/kapi_netlink.h:75:18: note: in expansion of macro 'KAPI_NLMSG_ALIGNTO'
   75 |     int totlen = KAPI_NLMSG_ALIGNTO * ((nlh->nlmsg_len + KAPI_NLMSG_ALIGNTO - 1) / KAPI_NLMSG_ALIGNTO);
      |                  ^~~~~~~~~~~~~~~~~~
In file included from include/kapi.h:23,
                 from kernel/api/kapi_kfifo.c:4:
include/kapi_bitmap.h: In function 'kapi_bitmap_set_all':
include/kapi_bitmap.h:33:26: warning: conversion from 'long long unsigned int' to 'unsigned int' may change value [-Wconversion]
   33 |     unsigned int longs = (nbits + KAPI_BITS_PER_LONG - 1) / KAPI_BITS_PER_LONG;
      |                          ^
include/kapi_bitmap.h: In function 'kapi_bitmap_clear_all':
include/kapi_bitmap.h:41:26: warning: conversion from 'long long unsigned int' to 'unsigned int' may change value [-Wconversion]
   41 |     unsigned int longs = (nbits + KAPI_BITS_PER_LONG - 1) / KAPI_BITS_PER_LONG;
      |                          ^
include/kapi_bitmap.h: In function 'kapi_bitmap_find_first':
include/kapi_bitmap.h:49:26: warning: conversion from 'long long unsigned int' to 'unsigned int' may change value [-Wconversion]
   49 |     unsigned int longs = (nbits + KAPI_BITS_PER_LONG - 1) / KAPI_BITS_PER_LONG;
      |                          ^
include/kapi_bitmap.h:56:35: warning: conversion to 'int' from 'unsigned int' may change the sign of the result [-Wsign-conversion]
   56 |                     return offset + j;
      |                            ~~~~~~~^~~
include/kapi_bitmap.h: In function 'kapi_bitmap_find_first_zero':
include/kapi_bitmap.h:66:26: warning: conversion from 'long long unsigned int' to 'unsigned int' may change value [-Wconversion]
   66 |     unsigned int longs = (nbits + KAPI_BITS_PER_LONG - 1) / KAPI_BITS_PER_LONG;
      |                          ^
include/kapi_bitmap.h:73:35: warning: conversion to 'int' from 'unsigned int' may change the sign of the result [-Wsign-conversion]
   73 |                     return offset + j;
      |                            ~~~~~~~^~~
include/kapi_bitmap.h: In function 'kapi_bitmap_count':
include/kapi_bitmap.h:84:26: warning: conversion from 'long long unsigned int' to 'unsigned int' may change value [-Wconversion]
   84 |     unsigned int longs = (nbits + KAPI_BITS_PER_LONG - 1) / KAPI_BITS_PER_LONG;
      |                          ^
<0> Building kernel/api/kapi_irq.c
In file included from include/kapi.h:23,
                 from kernel/api/kapi_kobject.c:2:
include/kapi_bitmap.h: In function 'kapi_bitmap_set_all':
include/kapi_bitmap.h:33:26: warning: conversion from 'long long unsigned int' to 'unsigned int' may change value [-Wconversion]
   33 |     unsigned int longs = (nbits + KAPI_BITS_PER_LONG - 1) / KAPI_BITS_PER_LONG;
      |                          ^
include/kapi_bitmap.h: In function 'kapi_bitmap_clear_all':
include/kapi_bitmap.h:41:26: warning: conversion from 'long long unsigned int' to 'unsigned int' may change value [-Wconversion]
   41 |     unsigned int longs = (nbits + KAPI_BITS_PER_LONG - 1) / KAPI_BITS_PER_LONG;
      |                          ^
include/kapi_bitmap.h: In function 'kapi_bitmap_find_first':
include/kapi_bitmap.h:49:26: warning: conversion from 'long long unsigned int' to 'unsigned int' may change value [-Wconversion]
   49 |     unsigned int longs = (nbits + KAPI_BITS_PER_LONG - 1) / KAPI_BITS_PER_LONG;
      |                          ^
include/kapi_bitmap.h:56:35: warning: conversion to 'int' from 'unsigned int' may change the sign of the result [-Wsign-conversion]
   56 |                     return offset + j;
      |                            ~~~~~~~^~~
include/kapi_bitmap.h: In function 'kapi_bitmap_find_first_zero':
include/kapi_bitmap.h:66:26: warning: conversion from 'long long unsigned int' to 'unsigned int' may change value [-Wconversion]
   66 |     unsigned int longs = (nbits + KAPI_BITS_PER_LONG - 1) / KAPI_BITS_PER_LONG;
      |                          ^
include/kapi_bitmap.h:73:35: warning: conversion to 'int' from 'unsigned int' may change the sign of the result [-Wsign-conversion]
   73 |                     return offset + j;
      |                            ~~~~~~~^~~
include/kapi_bitmap.h: In function 'kapi_bitmap_count':
include/kapi_bitmap.h:84:26: warning: conversion from 'long long unsigned int' to 'unsigned int' may change value [-Wconversion]
   84 |     unsigned int longs = (nbits + KAPI_BITS_PER_LONG - 1) / KAPI_BITS_PER_LONG;
      |                          ^
In file included from include/kapi.h:59:
include/kapi_netlink.h: In function 'kapi_nlmsg_next':
include/kapi_netlink.h:19:37: warning: conversion to 'int' from 'uint32_t' {aka 'unsigned int'} may change the sign of the result [-Wsign-conversion]
   19 | #define KAPI_NLMSG_ALIGNTO          4
      |                                     ^
include/kapi_netlink.h:75:18: note: in expansion of macro 'KAPI_NLMSG_ALIGNTO'
   75 |     int totlen = KAPI_NLMSG_ALIGNTO * ((nlh->nlmsg_len + KAPI_NLMSG_ALIGNTO - 1) / KAPI_NLMSG_ALIGNTO);
      |                  ^~~~~~~~~~~~~~~~~~
In file included from include/kapi.h:59:
include/kapi_netlink.h: In function 'kapi_nlmsg_next':
include/kapi_netlink.h:19:37: warning: conversion to 'int' from 'uint32_t' {aka 'unsigned int'} may change the sign of the result [-Wsign-conversion]
   19 | #define KAPI_NLMSG_ALIGNTO          4
      |                                     ^
include/kapi_netlink.h:75:18: note: in expansion of macro 'KAPI_NLMSG_ALIGNTO'
   75 |     int totlen = KAPI_NLMSG_ALIGNTO * ((nlh->nlmsg_len + KAPI_NLMSG_ALIGNTO - 1) / KAPI_NLMSG_ALIGNTO);
      |                  ^~~~~~~~~~~~~~~~~~
In file included from include/kapi.h:23,
                 from kernel/api/kapi_irq.c:1:
include/kapi_bitmap.h: In function 'kapi_bitmap_set_all':
include/kapi_bitmap.h:33:26: warning: conversion from 'long long unsigned int' to 'unsigned int' may change value [-Wconversion]
   33 |     unsigned int longs = (nbits + KAPI_BITS_PER_LONG - 1) / KAPI_BITS_PER_LONG;
      |                          ^
include/kapi_bitmap.h: In function 'kapi_bitmap_clear_all':
include/kapi_bitmap.h:41:26: warning: conversion from 'long long unsigned int' to 'unsigned int' may change value [-Wconversion]
   41 |     unsigned int longs = (nbits + KAPI_BITS_PER_LONG - 1) / KAPI_BITS_PER_LONG;
      |                          ^
include/kapi_bitmap.h: In function 'kapi_bitmap_find_first':
include/kapi_bitmap.h:49:26: warning: conversion from 'long long unsigned int' to 'unsigned int' may change value [-Wconversion]
   49 |     unsigned int longs = (nbits + KAPI_BITS_PER_LONG - 1) / KAPI_BITS_PER_LONG;
      |                          ^
include/kapi_bitmap.h:56:35: warning: conversion to 'int' from 'unsigned int' may change the sign of the result [-Wsign-conversion]
   56 |                     return offset + j;
      |                            ~~~~~~~^~~
include/kapi_bitmap.h: In function 'kapi_bitmap_find_first_zero':
include/kapi_bitmap.h:66:26: warning: conversion from 'long long unsigned int' to 'unsigned int' may change value [-Wconversion]
   66 |     unsigned int longs = (nbits + KAPI_BITS_PER_LONG - 1) / KAPI_BITS_PER_LONG;
      |                          ^
include/kapi_bitmap.h:73:35: warning: conversion to 'int' from 'unsigned int' may change the sign of the result [-Wsign-conversion]
   73 |                     return offset + j;
      |                            ~~~~~~~^~~
include/kapi_bitmap.h: In function 'kapi_bitmap_count':
include/kapi_bitmap.h:84:26: warning: conversion from 'long long unsigned int' to 'unsigned int' may change value [-Wconversion]
   84 |     unsigned int longs = (nbits + KAPI_BITS_PER_LONG - 1) / KAPI_BITS_PER_LONG;
      |                          ^
In file included from include/kapi.h:59:
include/kapi_netlink.h: In function 'kapi_nlmsg_next':
include/kapi_netlink.h:19:37: warning: conversion to 'int' from 'uint32_t' {aka 'unsigned int'} may change the sign of the result [-Wsign-conversion]
   19 | #define KAPI_NLMSG_ALIGNTO          4
      |                                     ^
include/kapi_netlink.h:75:18: note: in expansion of macro 'KAPI_NLMSG_ALIGNTO'
   75 |     int totlen = KAPI_NLMSG_ALIGNTO * ((nlh->nlmsg_len + KAPI_NLMSG_ALIGNTO - 1) / KAPI_NLMSG_ALIGNTO);
      |                  ^~~~~~~~~~~~~~~~~~
<3> Building kernel/api/kapi_io.c
<0> Building kernel/api/kapi_init.c
<1> Building kernel/api/kapi_idr.c
<2> Building kernel/api/kapi_hash.c
In file included from include/kapi.h:23,
                 from kernel/api/kapi_io.c:2:
include/kapi_bitmap.h: In function 'kapi_bitmap_set_all':
include/kapi_bitmap.h:33:26: warning: conversion from 'long long unsigned int' to 'unsigned int' may change value [-Wconversion]
   33 |     unsigned int longs = (nbits + KAPI_BITS_PER_LONG - 1) / KAPI_BITS_PER_LONG;
      |                          ^
include/kapi_bitmap.h: In function 'kapi_bitmap_clear_all':
include/kapi_bitmap.h:41:26: warning: conversion from 'long long unsigned int' to 'unsigned int' may change value [-Wconversion]
   41 |     unsigned int longs = (nbits + KAPI_BITS_PER_LONG - 1) / KAPI_BITS_PER_LONG;
      |                          ^
include/kapi_bitmap.h: In function 'kapi_bitmap_find_first':
include/kapi_bitmap.h:49:26: warning: conversion from 'long long unsigned int' to 'unsigned int' may change value [-Wconversion]
   49 |     unsigned int longs = (nbits + KAPI_BITS_PER_LONG - 1) / KAPI_BITS_PER_LONG;
      |                          ^
include/kapi_bitmap.h:56:35: warning: conversion to 'int' from 'unsigned int' may change the sign of the result [-Wsign-conversion]
   56 |                     return offset + j;
      |                            ~~~~~~~^~~
include/kapi_bitmap.h: In function 'kapi_bitmap_find_first_zero':
include/kapi_bitmap.h:66:26: warning: conversion from 'long long unsigned int' to 'unsigned int' may change value [-Wconversion]
   66 |     unsigned int longs = (nbits + KAPI_BITS_PER_LONG - 1) / KAPI_BITS_PER_LONG;
      |                          ^
include/kapi_bitmap.h:73:35: warning: conversion to 'int' from 'unsigned int' may change the sign of the result [-Wsign-conversion]
   73 |                     return offset + j;
      |                            ~~~~~~~^~~
include/kapi_bitmap.h: In function 'kapi_bitmap_count':
include/kapi_bitmap.h:84:26: warning: conversion from 'long long unsigned int' to 'unsigned int' may change value [-Wconversion]
   84 |     unsigned int longs = (nbits + KAPI_BITS_PER_LONG - 1) / KAPI_BITS_PER_LONG;
      |                          ^
In file included from include/kapi.h:23,
                 from kernel/api/kapi_init.c:1:
include/kapi_bitmap.h: In function 'kapi_bitmap_set_all':
include/kapi_bitmap.h:33:26: warning: conversion from 'long long unsigned int' to 'unsigned int' may change value [-Wconversion]
   33 |     unsigned int longs = (nbits + KAPI_BITS_PER_LONG - 1) / KAPI_BITS_PER_LONG;
      |                          ^
include/kapi_bitmap.h: In function 'kapi_bitmap_clear_all':
include/kapi_bitmap.h:41:26: warning: conversion from 'long long unsigned int' to 'unsigned int' may change value [-Wconversion]
   41 |     unsigned int longs = (nbits + KAPI_BITS_PER_LONG - 1) / KAPI_BITS_PER_LONG;
      |                          ^
include/kapi_bitmap.h: In function 'kapi_bitmap_find_first':
include/kapi_bitmap.h:49:26: warning: conversion from 'long long unsigned int' to 'unsigned int' may change value [-Wconversion]
   49 |     unsigned int longs = (nbits + KAPI_BITS_PER_LONG - 1) / KAPI_BITS_PER_LONG;
      |                          ^
include/kapi_bitmap.h:56:35: warning: conversion to 'int' from 'unsigned int' may change the sign of the result [-Wsign-conversion]
   56 |                     return offset + j;
      |                            ~~~~~~~^~~
include/kapi_bitmap.h: In function 'kapi_bitmap_find_first_zero':
include/kapi_bitmap.h:66:26: warning: conversion from 'long long unsigned int' to 'unsigned int' may change value [-Wconversion]
   66 |     unsigned int longs = (nbits + KAPI_BITS_PER_LONG - 1) / KAPI_BITS_PER_LONG;
      |                          ^
include/kapi_bitmap.h:73:35: warning: conversion to 'int' from 'unsigned int' may change the sign of the result [-Wsign-conversion]
   73 |                     return offset + j;
      |                            ~~~~~~~^~~
include/kapi_bitmap.h: In function 'kapi_bitmap_count':
include/kapi_bitmap.h:84:26: warning: conversion from 'long long unsigned int' to 'unsigned int' may change value [-Wconversion]
   84 |     unsigned int longs = (nbits + KAPI_BITS_PER_LONG - 1) / KAPI_BITS_PER_LONG;
      |                          ^
In file included from include/kapi.h:23,
                 from kernel/api/kapi_hash.c:2:
include/kapi_bitmap.h: In function 'kapi_bitmap_set_all':
include/kapi_bitmap.h:33:26: warning: conversion from 'long long unsigned int' to 'unsigned int' may change value [-Wconversion]
   33 |     unsigned int longs = (nbits + KAPI_BITS_PER_LONG - 1) / KAPI_BITS_PER_LONG;
      |                          ^
include/kapi_bitmap.h: In function 'kapi_bitmap_clear_all':
include/kapi_bitmap.h:41:26: warning: conversion from 'long long unsigned int' to 'unsigned int' may change value [-Wconversion]
   41 |     unsigned int longs = (nbits + KAPI_BITS_PER_LONG - 1) / KAPI_BITS_PER_LONG;
      |                          ^
include/kapi_bitmap.h: In function 'kapi_bitmap_find_first':
include/kapi_bitmap.h:49:26: warning: conversion from 'long long unsigned int' to 'unsigned int' may change value [-Wconversion]
   49 |     unsigned int longs = (nbits + KAPI_BITS_PER_LONG - 1) / KAPI_BITS_PER_LONG;
      |                          ^
In file included from include/kapi.h:59:
include/kapi_bitmap.h:56:35: warning: conversion to 'int' from 'unsigned int' may change the sign of the result [-Wsign-conversion]
include/kapi_netlink.h: In function 'kapi_nlmsg_next':
   56 |                     return offset + j;
include/kapi_netlink.h:19:37: warning: conversion to 'int' from 'uint32_t' {aka 'unsigned int'} may change the sign of the result [-Wsign-conversion]
      |                            ~~~~~~~^~~
   19 | #define KAPI_NLMSG_ALIGNTO          4
      |                                     ^
include/kapi_netlink.h:75:18: note: in expansion of macro 'KAPI_NLMSG_ALIGNTO'
   75 |     int totlen = KAPI_NLMSG_ALIGNTO * ((nlh->nlmsg_len + KAPI_NLMSG_ALIGNTO - 1) / KAPI_NLMSG_ALIGNTO);
      |                  ^~~~~~~~~~~~~~~~~~
include/kapi_bitmap.h: In function 'kapi_bitmap_find_first_zero':
include/kapi_bitmap.h:66:26: warning: conversion from 'long long unsigned int' to 'unsigned int' may change value [-Wconversion]
   66 |     unsigned int longs = (nbits + KAPI_BITS_PER_LONG - 1) / KAPI_BITS_PER_LONG;
      |                          ^
include/kapi_bitmap.h:73:35: warning: conversion to 'int' from 'unsigned int' may change the sign of the result [-Wsign-conversion]
   73 |                     return offset + j;
      |                            ~~~~~~~^~~
include/kapi_bitmap.h: In function 'kapi_bitmap_count':
include/kapi_bitmap.h:84:26: warning: conversion from 'long long unsigned int' to 'unsigned int' may change value [-Wconversion]
   84 |     unsigned int longs = (nbits + KAPI_BITS_PER_LONG - 1) / KAPI_BITS_PER_LONG;
      |                          ^
In file included from include/kapi.h:59:
include/kapi_netlink.h: In function 'kapi_nlmsg_next':
include/kapi_netlink.h:19:37: warning: conversion to 'int' from 'uint32_t' {aka 'unsigned int'} may change the sign of the result [-Wsign-conversion]
   19 | #define KAPI_NLMSG_ALIGNTO          4
      |                                     ^
include/kapi_netlink.h:75:18: note: in expansion of macro 'KAPI_NLMSG_ALIGNTO'
   75 |     int totlen = KAPI_NLMSG_ALIGNTO * ((nlh->nlmsg_len + KAPI_NLMSG_ALIGNTO - 1) / KAPI_NLMSG_ALIGNTO);
      |                  ^~~~~~~~~~~~~~~~~~
In file included from include/kapi.h:23,
                 from kernel/api/kapi_idr.c:4:
include/kapi_bitmap.h: In function 'kapi_bitmap_set_all':
include/kapi_bitmap.h:33:26: warning: conversion from 'long long unsigned int' to 'unsigned int' may change value [-Wconversion]
   33 |     unsigned int longs = (nbits + KAPI_BITS_PER_LONG - 1) / KAPI_BITS_PER_LONG;
      |                          ^
include/kapi_bitmap.h: In function 'kapi_bitmap_clear_all':
include/kapi_bitmap.h:41:26: warning: conversion from 'long long unsigned int' to 'unsigned int' may change value [-Wconversion]
   41 |     unsigned int longs = (nbits + KAPI_BITS_PER_LONG - 1) / KAPI_BITS_PER_LONG;
      |                          ^
include/kapi_bitmap.h: In function 'kapi_bitmap_find_first':
include/kapi_bitmap.h:49:26: warning: conversion from 'long long unsigned int' to 'unsigned int' may change value [-Wconversion]
   49 |     unsigned int longs = (nbits + KAPI_BITS_PER_LONG - 1) / KAPI_BITS_PER_LONG;
      |                          ^
include/kapi_bitmap.h:56:35: warning: conversion to 'int' from 'unsigned int' may change the sign of the result [-Wsign-conversion]
   56 |                     return offset + j;
      |                            ~~~~~~~^~~
include/kapi_bitmap.h: In function 'kapi_bitmap_find_first_zero':
include/kapi_bitmap.h:66:26: warning: conversion from 'long long unsigned int' to 'unsigned int' may change value [-Wconversion]
   66 |     unsigned int longs = (nbits + KAPI_BITS_PER_LONG - 1) / KAPI_BITS_PER_LONG;
      |                          ^
include/kapi_bitmap.h:73:35: warning: conversion to 'int' from 'unsigned int' may change the sign of the result [-Wsign-conversion]
   73 |                     return offset + j;
      |                            ~~~~~~~^~~
include/kapi_bitmap.h: In function 'kapi_bitmap_count':
include/kapi_bitmap.h:84:26: warning: conversion from 'long long unsigned int' to 'unsigned int' may change value [-Wconversion]
   84 |     unsigned int longs = (nbits + KAPI_BITS_PER_LONG - 1) / KAPI_BITS_PER_LONG;
      |                          ^
In file included from include/kapi.h:59:
include/kapi_netlink.h: In function 'kapi_nlmsg_next':
include/kapi_netlink.h:19:37: warning: conversion to 'int' from 'uint32_t' {aka 'unsigned int'} may change the sign of the result [-Wsign-conversion]
   19 | #define KAPI_NLMSG_ALIGNTO          4
      |                                     ^
include/kapi_netlink.h:75:18: note: in expansion of macro 'KAPI_NLMSG_ALIGNTO'
   75 |     int totlen = KAPI_NLMSG_ALIGNTO * ((nlh->nlmsg_len + KAPI_NLMSG_ALIGNTO - 1) / KAPI_NLMSG_ALIGNTO);
      |                  ^~~~~~~~~~~~~~~~~~
In file included from kernel/api/kapi_hash.c:1:
kernel/api/kapi_hash.c: In function 'kapi_hash_resize':
include/kapi_hash.h:107:38: warning: ISO C forbids braced-groups within expressions [-Wpedantic]
  107 |     for (pos = (head)->first; pos && ({ n = pos->next; 1; }); pos = n)
      |                                      ^
kernel/api/kapi_hash.c:185:9: note: in expansion of macro 'kapi_hlist_for_each_safe'
  185 |         kapi_hlist_for_each_safe(pos, n, &ht->buckets[i]) {
      |         ^~~~~~~~~~~~~~~~~~~~~~~~
In file included from include/kapi.h:59:
include/kapi_netlink.h: In function 'kapi_nlmsg_next':
include/kapi_netlink.h:19:37: warning: conversion to 'int' from 'uint32_t' {aka 'unsigned int'} may change the sign of the result [-Wsign-conversion]
   19 | #define KAPI_NLMSG_ALIGNTO          4
      |                                     ^
include/kapi_netlink.h:75:18: note: in expansion of macro 'KAPI_NLMSG_ALIGNTO'
   75 |     int totlen = KAPI_NLMSG_ALIGNTO * ((nlh->nlmsg_len + KAPI_NLMSG_ALIGNTO - 1) / KAPI_NLMSG_ALIGNTO);
      |                  ^~~~~~~~~~~~~~~~~~
kernel/api/kapi_idr.c: In function 'kapi_idr_alloc':
kernel/api/kapi_idr.c:41:28: warning: conversion to 'long long unsigned int' from 'int' may change the sign of the result [-Wsign-conversion]
   41 |             idr->bitmap[id / (sizeof(unsigned long) * 8)] |= (1UL << (id % (sizeof(unsigned long) * 8)));
      |                            ^
kernel/api/kapi_idr.c:41:74: warning: conversion to 'long long unsigned int' from 'int' may change the sign of the result [-Wsign-conversion]
   41 |             idr->bitmap[id / (sizeof(unsigned long) * 8)] |= (1UL << (id % (sizeof(unsigned long) * 8)));
      |                                                                          ^
kernel/api/kapi_idr.c: In function 'kapi_idr_free':
kernel/api/kapi_idr.c:57:20: warning: conversion to 'long long unsigned int' from 'int' may change the sign of the result [-Wsign-conversion]
   57 |     idr->bitmap[id / (sizeof(unsigned long) * 8)] &= ~(1UL << (id % (sizeof(unsigned long) * 8)));
      |                    ^
kernel/api/kapi_idr.c:57:67: warning: conversion to 'long long unsigned int' from 'int' may change the sign of the result [-Wsign-conversion]
   57 |     idr->bitmap[id / (sizeof(unsigned long) * 8)] &= ~(1UL << (id % (sizeof(unsigned long) * 8)));
      |                                                                   ^
kernel/api/kapi_idr.c: In function 'kapi_idr_alloc_fixed':
kernel/api/kapi_idr.c:80:20: warning: conversion to 'long long unsigned int' from 'int' may change the sign of the result [-Wsign-conversion]
   80 |     idr->bitmap[id / (sizeof(unsigned long) * 8)] |= (1UL << (id % (sizeof(unsigned long) * 8)));
      |                    ^
kernel/api/kapi_idr.c:80:66: warning: conversion to 'long long unsigned int' from 'int' may change the sign of the result [-Wsign-conversion]
   80 |     idr->bitmap[id / (sizeof(unsigned long) * 8)] |= (1UL << (id % (sizeof(unsigned long) * 8)));
      |                                                                  ^
<0> Building kernel/api/kapi_ftrace.c
<3> Building kernel/api/kapi_fs.c
<1> Building kernel/api/kapi_ebpf.c
In file included from include/kapi.h:23,
                 from kernel/api/kapi_ftrace.c:2:
include/kapi_bitmap.h: In function 'kapi_bitmap_set_all':
include/kapi_bitmap.h:33:26: warning: conversion from 'long long unsigned int' to 'unsigned int' may change value [-Wconversion]
   33 |     unsigned int longs = (nbits + KAPI_BITS_PER_LONG - 1) / KAPI_BITS_PER_LONG;
      |                          ^
include/kapi_bitmap.h: In function 'kapi_bitmap_clear_all':
include/kapi_bitmap.h:41:26: warning: conversion from 'long long unsigned int' to 'unsigned int' may change value [-Wconversion]
   41 |     unsigned int longs = (nbits + KAPI_BITS_PER_LONG - 1) / KAPI_BITS_PER_LONG;
      |                          ^
include/kapi_bitmap.h: In function 'kapi_bitmap_find_first':
include/kapi_bitmap.h:49:26: warning: conversion from 'long long unsigned int' to 'unsigned int' may change value [-Wconversion]
   49 |     unsigned int longs = (nbits + KAPI_BITS_PER_LONG - 1) / KAPI_BITS_PER_LONG;
      |                          ^
include/kapi_bitmap.h:56:35: warning: conversion to 'int' from 'unsigned int' may change the sign of the result [-Wsign-conversion]
   56 |                     return offset + j;
      |                            ~~~~~~~^~~
include/kapi_bitmap.h: In function 'kapi_bitmap_find_first_zero':
include/kapi_bitmap.h:66:26: warning: conversion from 'long long unsigned int' to 'unsigned int' may change value [-Wconversion]
   66 |     unsigned int longs = (nbits + KAPI_BITS_PER_LONG - 1) / KAPI_BITS_PER_LONG;
      |                          ^
include/kapi_bitmap.h:73:35: warning: conversion to 'int' from 'unsigned int' may change the sign of the result [-Wsign-conversion]
   73 |                     return offset + j;
      |                            ~~~~~~~^~~
include/kapi_bitmap.h: In function 'kapi_bitmap_count':
include/kapi_bitmap.h:84:26: warning: conversion from 'long long unsigned int' to 'unsigned int' may change value [-Wconversion]
   84 |     unsigned int longs = (nbits + KAPI_BITS_PER_LONG - 1) / KAPI_BITS_PER_LONG;
      |                          ^
In file included from include/kapi.h:23,
                 from kernel/api/kapi_fs.c:4:
include/kapi_bitmap.h: In function 'kapi_bitmap_set_all':
include/kapi_bitmap.h:33:26: warning: conversion from 'long long unsigned int' to 'unsigned int' may change value [-Wconversion]
   33 |     unsigned int longs = (nbits + KAPI_BITS_PER_LONG - 1) / KAPI_BITS_PER_LONG;
      |                          ^
include/kapi_bitmap.h: In function 'kapi_bitmap_clear_all':
include/kapi_bitmap.h:41:26: warning: conversion from 'long long unsigned int' to 'unsigned int' may change value [-Wconversion]
   41 |     unsigned int longs = (nbits + KAPI_BITS_PER_LONG - 1) / KAPI_BITS_PER_LONG;
      |                          ^
include/kapi_bitmap.h: In function 'kapi_bitmap_find_first':
include/kapi_bitmap.h:49:26: warning: conversion from 'long long unsigned int' to 'unsigned int' may change value [-Wconversion]
   49 |     unsigned int longs = (nbits + KAPI_BITS_PER_LONG - 1) / KAPI_BITS_PER_LONG;
      |                          ^
include/kapi_bitmap.h:56:35: warning: conversion to 'int' from 'unsigned int' may change the sign of the result [-Wsign-conversion]
   56 |                     return offset + j;
      |                            ~~~~~~~^~~
include/kapi_bitmap.h: In function 'kapi_bitmap_find_first_zero':
include/kapi_bitmap.h:66:26: warning: conversion from 'long long unsigned int' to 'unsigned int' may change value [-Wconversion]
   66 |     unsigned int longs = (nbits + KAPI_BITS_PER_LONG - 1) / KAPI_BITS_PER_LONG;
      |                          ^
include/kapi_bitmap.h:73:35: warning: conversion to 'int' from 'unsigned int' may change the sign of the result [-Wsign-conversion]
   73 |                     return offset + j;
      |                            ~~~~~~~^~~
include/kapi_bitmap.h: In function 'kapi_bitmap_count':
include/kapi_bitmap.h:84:26: warning: conversion from 'long long unsigned int' to 'unsigned int' may change value [-Wconversion]
   84 |     unsigned int longs = (nbits + KAPI_BITS_PER_LONG - 1) / KAPI_BITS_PER_LONG;
      |                          ^
In file included from include/kapi.h:59:
include/kapi_netlink.h: In function 'kapi_nlmsg_next':
include/kapi_netlink.h:19:37: warning: conversion to 'int' from 'uint32_t' {aka 'unsigned int'} may change the sign of the result [-Wsign-conversion]
   19 | #define KAPI_NLMSG_ALIGNTO          4
      |                                     ^
include/kapi_netlink.h:75:18: note: in expansion of macro 'KAPI_NLMSG_ALIGNTO'
   75 |     int totlen = KAPI_NLMSG_ALIGNTO * ((nlh->nlmsg_len + KAPI_NLMSG_ALIGNTO - 1) / KAPI_NLMSG_ALIGNTO);
      |                  ^~~~~~~~~~~~~~~~~~
In file included from include/kapi.h:59:
include/kapi_netlink.h: In function 'kapi_nlmsg_next':
include/kapi_netlink.h:19:37: warning: conversion to 'int' from 'uint32_t' {aka 'unsigned int'} may change the sign of the result [-Wsign-conversion]
   19 | #define KAPI_NLMSG_ALIGNTO          4
      |                                     ^
include/kapi_netlink.h:75:18: note: in expansion of macro 'KAPI_NLMSG_ALIGNTO'
   75 |     int totlen = KAPI_NLMSG_ALIGNTO * ((nlh->nlmsg_len + KAPI_NLMSG_ALIGNTO - 1) / KAPI_NLMSG_ALIGNTO);
      |                  ^~~~~~~~~~~~~~~~~~
kernel/api/kapi_fs.c: In function 'kapi_open':
kernel/api/kapi_fs.c:121:45: warning: unused parameter 'flags' [-Wunused-parameter]
  121 | kapi_file_t kapi_open(const char* path, int flags, int mode)
      |                                         ~~~~^~~~~
kernel/api/kapi_fs.c:121:56: warning: unused parameter 'mode' [-Wunused-parameter]
  121 | kapi_file_t kapi_open(const char* path, int flags, int mode)
      |                                                    ~~~~^~~~
kernel/api/kapi_fs.c: In function 'kapi_seek':
kernel/api/kapi_fs.c:180:57: warning: unused parameter 'whence' [-Wunused-parameter]
  180 | int64_t kapi_seek(kapi_file_t file, int64_t offset, int whence)
      |                                                     ~~~~^~~~~~
In file included from include/kapi.h:23,
                 from kernel/api/kapi_ebpf.c:9:
include/kapi_bitmap.h: In function 'kapi_bitmap_set_all':
include/kapi_bitmap.h:33:26: warning: conversion from 'long long unsigned int' to 'unsigned int' may change value [-Wconversion]
   33 |     unsigned int longs = (nbits + KAPI_BITS_PER_LONG - 1) / KAPI_BITS_PER_LONG;
      |                          ^
include/kapi_bitmap.h: In function 'kapi_bitmap_clear_all':
include/kapi_bitmap.h:41:26: warning: conversion from 'long long unsigned int' to 'unsigned int' may change value [-Wconversion]
   41 |     unsigned int longs = (nbits + KAPI_BITS_PER_LONG - 1) / KAPI_BITS_PER_LONG;
      |                          ^
include/kapi_bitmap.h: In function 'kapi_bitmap_find_first':
include/kapi_bitmap.h:49:26: warning: conversion from 'long long unsigned int' to 'unsigned int' may change value [-Wconversion]
   49 |     unsigned int longs = (nbits + KAPI_BITS_PER_LONG - 1) / KAPI_BITS_PER_LONG;
      |                          ^
include/kapi_bitmap.h:56:35: warning: conversion to 'int' from 'unsigned int' may change the sign of the result [-Wsign-conversion]
   56 |                     return offset + j;
      |                            ~~~~~~~^~~
include/kapi_bitmap.h: In function 'kapi_bitmap_find_first_zero':
include/kapi_bitmap.h:66:26: warning: conversion from 'long long unsigned int' to 'unsigned int' may change value [-Wconversion]
   66 |     unsigned int longs = (nbits + KAPI_BITS_PER_LONG - 1) / KAPI_BITS_PER_LONG;
      |                          ^
include/kapi_bitmap.h:73:35: warning: conversion to 'int' from 'unsigned int' may change the sign of the result [-Wsign-conversion]
   73 |                     return offset + j;
      |                            ~~~~~~~^~~
include/kapi_bitmap.h: In function 'kapi_bitmap_count':
include/kapi_bitmap.h:84:26: warning: conversion from 'long long unsigned int' to 'unsigned int' may change value [-Wconversion]
   84 |     unsigned int longs = (nbits + KAPI_BITS_PER_LONG - 1) / KAPI_BITS_PER_LONG;
      |                          ^
In file included from include/kapi.h:59:
include/kapi_netlink.h: In function 'kapi_nlmsg_next':
include/kapi_netlink.h:19:37: warning: conversion to 'int' from 'uint32_t' {aka 'unsigned int'} may change the sign of the result [-Wsign-conversion]
   19 | #define KAPI_NLMSG_ALIGNTO          4
      |                                     ^
include/kapi_netlink.h:75:18: note: in expansion of macro 'KAPI_NLMSG_ALIGNTO'
   75 |     int totlen = KAPI_NLMSG_ALIGNTO * ((nlh->nlmsg_len + KAPI_NLMSG_ALIGNTO - 1) / KAPI_NLMSG_ALIGNTO);
      |                  ^~~~~~~~~~~~~~~~~~
<2> Building kernel/api/kapi_dma.c
kernel/api/kapi_ebpf.c: In function 'ebpf_serial_hex':
kernel/api/kapi_ebpf.c:139:23: warning: conversion from 'int' to 'char' may change value [-Wconversion]
  139 |         buf[15 - i] = (n < 10) ? ('0' + n) : ('a' + n - 10);
      |                       ^
In file included from include/kapi.h:23,
                 from kernel/api/kapi_dma.c:2:
include/kapi_bitmap.h: In function 'kapi_bitmap_set_all':
include/kapi_bitmap.h:33:26: warning: conversion from 'long long unsigned int' to 'unsigned int' may change value [-Wconversion]
   33 |     unsigned int longs = (nbits + KAPI_BITS_PER_LONG - 1) / KAPI_BITS_PER_LONG;
      |                          ^
include/kapi_bitmap.h: In function 'kapi_bitmap_clear_all':
include/kapi_bitmap.h:41:26: warning: conversion from 'long long unsigned int' to 'unsigned int' may change value [-Wconversion]
   41 |     unsigned int longs = (nbits + KAPI_BITS_PER_LONG - 1) / KAPI_BITS_PER_LONG;
      |                          ^
include/kapi_bitmap.h: In function 'kapi_bitmap_find_first':
include/kapi_bitmap.h:49:26: warning: conversion from 'long long unsigned int' to 'unsigned int' may change value [-Wconversion]
   49 |     unsigned int longs = (nbits + KAPI_BITS_PER_LONG - 1) / KAPI_BITS_PER_LONG;
      |                          ^
include/kapi_bitmap.h:56:35: warning: conversion to 'int' from 'unsigned int' may change the sign of the result [-Wsign-conversion]
   56 |                     return offset + j;
      |                            ~~~~~~~^~~
include/kapi_bitmap.h: In function 'kapi_bitmap_find_first_zero':
include/kapi_bitmap.h:66:26: warning: conversion from 'long long unsigned int' to 'unsigned int' may change value [-Wconversion]
   66 |     unsigned int longs = (nbits + KAPI_BITS_PER_LONG - 1) / KAPI_BITS_PER_LONG;
      |                          ^
include/kapi_bitmap.h:73:35: warning: conversion to 'int' from 'unsigned int' may change the sign of the result [-Wsign-conversion]
   73 |                     return offset + j;
      |                            ~~~~~~~^~~
include/kapi_bitmap.h: In function 'kapi_bitmap_count':
include/kapi_bitmap.h:84:26: warning: conversion from 'long long unsigned int' to 'unsigned int' may change value [-Wconversion]
   84 |     unsigned int longs = (nbits + KAPI_BITS_PER_LONG - 1) / KAPI_BITS_PER_LONG;
      |                          ^
In file included from include/kapi.h:59:
include/kapi_netlink.h: In function 'kapi_nlmsg_next':
include/kapi_netlink.h:19:37: warning: conversion to 'int' from 'uint32_t' {aka 'unsigned int'} may change the sign of the result [-Wsign-conversion]
   19 | #define KAPI_NLMSG_ALIGNTO          4
      |                                     ^
include/kapi_netlink.h:75:18: note: in expansion of macro 'KAPI_NLMSG_ALIGNTO'
   75 |     int totlen = KAPI_NLMSG_ALIGNTO * ((nlh->nlmsg_len + KAPI_NLMSG_ALIGNTO - 1) / KAPI_NLMSG_ALIGNTO);
      |                  ^~~~~~~~~~~~~~~~~~
<0> Building kernel/api/kapi_device.c
<1> Building kernel/api/kapi_debugfs.c
<3> Building kernel/api/kapi_crc.c
In file included from include/kapi.h:23,
                 from kernel/api/kapi_device.c:4:
include/kapi_bitmap.h: In function 'kapi_bitmap_set_all':
include/kapi_bitmap.h:33:26: warning: conversion from 'long long unsigned int' to 'unsigned int' may change value [-Wconversion]
   33 |     unsigned int longs = (nbits + KAPI_BITS_PER_LONG - 1) / KAPI_BITS_PER_LONG;
      |                          ^
include/kapi_bitmap.h: In function 'kapi_bitmap_clear_all':
include/kapi_bitmap.h:41:26: warning: conversion from 'long long unsigned int' to 'unsigned int' may change value [-Wconversion]
   41 |     unsigned int longs = (nbits + KAPI_BITS_PER_LONG - 1) / KAPI_BITS_PER_LONG;
      |                          ^
include/kapi_bitmap.h: In function 'kapi_bitmap_find_first':
include/kapi_bitmap.h:49:26: warning: conversion from 'long long unsigned int' to 'unsigned int' may change value [-Wconversion]
   49 |     unsigned int longs = (nbits + KAPI_BITS_PER_LONG - 1) / KAPI_BITS_PER_LONG;
<2> Building kernel/api/kapi_cpumask.c
      |                          ^
include/kapi_bitmap.h:56:35: warning: conversion to 'int' from 'unsigned int' may change the sign of the result [-Wsign-conversion]
   56 |                     return offset + j;
      |                            ~~~~~~~^~~
include/kapi_bitmap.h: In function 'kapi_bitmap_find_first_zero':
include/kapi_bitmap.h:66:26: warning: conversion from 'long long unsigned int' to 'unsigned int' may change value [-Wconversion]
   66 |     unsigned int longs = (nbits + KAPI_BITS_PER_LONG - 1) / KAPI_BITS_PER_LONG;
      |                          ^
include/kapi_bitmap.h:73:35: warning: conversion to 'int' from 'unsigned int' may change the sign of the result [-Wsign-conversion]
   73 |                     return offset + j;
      |                            ~~~~~~~^~~
include/kapi_bitmap.h: In function 'kapi_bitmap_count':
include/kapi_bitmap.h:84:26: warning: conversion from 'long long unsigned int' to 'unsigned int' may change value [-Wconversion]
   84 |     unsigned int longs = (nbits + KAPI_BITS_PER_LONG - 1) / KAPI_BITS_PER_LONG;
      |                          ^
In file included from include/kapi.h:23,
                 from kernel/api/kapi_debugfs.c:2:
include/kapi_bitmap.h: In function 'kapi_bitmap_set_all':
include/kapi_bitmap.h:33:26: warning: conversion from 'long long unsigned int' to 'unsigned int' may change value [-Wconversion]
   33 |     unsigned int longs = (nbits + KAPI_BITS_PER_LONG - 1) / KAPI_BITS_PER_LONG;
      |                          ^
include/kapi_bitmap.h: In function 'kapi_bitmap_clear_all':
include/kapi_bitmap.h:41:26: warning: conversion from 'long long unsigned int' to 'unsigned int' may change value [-Wconversion]
   41 |     unsigned int longs = (nbits + KAPI_BITS_PER_LONG - 1) / KAPI_BITS_PER_LONG;
      |                          ^
include/kapi_bitmap.h: In function 'kapi_bitmap_find_first':
include/kapi_bitmap.h:49:26: warning: conversion from 'long long unsigned int' to 'unsigned int' may change value [-Wconversion]
   49 |     unsigned int longs = (nbits + KAPI_BITS_PER_LONG - 1) / KAPI_BITS_PER_LONG;
      |                          ^
include/kapi_bitmap.h:56:35: warning: conversion to 'int' from 'unsigned int' may change the sign of the result [-Wsign-conversion]
   56 |                     return offset + j;
      |                            ~~~~~~~^~~
include/kapi_bitmap.h: In function 'kapi_bitmap_find_first_zero':
include/kapi_bitmap.h:66:26: warning: conversion from 'long long unsigned int' to 'unsigned int' may change value [-Wconversion]
   66 |     unsigned int longs = (nbits + KAPI_BITS_PER_LONG - 1) / KAPI_BITS_PER_LONG;
      |                          ^
include/kapi_bitmap.h:73:35: warning: conversion to 'int' from 'unsigned int' may change the sign of the result [-Wsign-conversion]
   73 |                     return offset + j;
      |                            ~~~~~~~^~~
include/kapi_bitmap.h: In function 'kapi_bitmap_count':
include/kapi_bitmap.h:84:26: warning: conversion from 'long long unsigned int' to 'unsigned int' may change value [-Wconversion]
   84 |     unsigned int longs = (nbits + KAPI_BITS_PER_LONG - 1) / KAPI_BITS_PER_LONG;
      |                          ^
In file included from include/kapi.h:59:
include/kapi_netlink.h: In function 'kapi_nlmsg_next':
include/kapi_netlink.h:19:37: warning: conversion to 'int' from 'uint32_t' {aka 'unsigned int'} may change the sign of the result [-Wsign-conversion]
   19 | #define KAPI_NLMSG_ALIGNTO          4
      |                                     ^
include/kapi_netlink.h:75:18: note: in expansion of macro 'KAPI_NLMSG_ALIGNTO'
   75 |     int totlen = KAPI_NLMSG_ALIGNTO * ((nlh->nlmsg_len + KAPI_NLMSG_ALIGNTO - 1) / KAPI_NLMSG_ALIGNTO);
      |                  ^~~~~~~~~~~~~~~~~~
In file included from include/kapi.h:59:
include/kapi_netlink.h: In function 'kapi_nlmsg_next':
include/kapi_netlink.h:19:37: warning: conversion to 'int' from 'uint32_t' {aka 'unsigned int'} may change the sign of the result [-Wsign-conversion]
   19 | #define KAPI_NLMSG_ALIGNTO          4
      |                                     ^
include/kapi_netlink.h:75:18: note: in expansion of macro 'KAPI_NLMSG_ALIGNTO'
   75 |     int totlen = KAPI_NLMSG_ALIGNTO * ((nlh->nlmsg_len + KAPI_NLMSG_ALIGNTO - 1) / KAPI_NLMSG_ALIGNTO);
      |                  ^~~~~~~~~~~~~~~~~~
kernel/api/kapi_device.c: In function 'kapi_dev_open':
kernel/api/kapi_device.c:134:48: warning: unused parameter 'mode' [-Wunused-parameter]
  134 | kapi_dev_t kapi_dev_open(const char* name, int mode)
      |                                            ~~~~^~~~
kernel/api/kapi_device.c: In function 'kapi_dev_ioctl':
kernel/api/kapi_device.c:282:45: warning: unused parameter 'cmd' [-Wunused-parameter]
  282 | int kapi_dev_ioctl(kapi_dev_t dev, uint32_t cmd, void* arg)
      |                                    ~~~~~~~~~^~~
kernel/api/kapi_device.c:282:56: warning: unused parameter 'arg' [-Wunused-parameter]
  282 | int kapi_dev_ioctl(kapi_dev_t dev, uint32_t cmd, void* arg)
      |                                                  ~~~~~~^~~
kernel/api/kapi_device.c: In function 'kapi_dma_wait':
kernel/api/kapi_device.c:366:28: warning: unused parameter 'timeout_ms' [-Wunused-parameter]
  366 | int kapi_dma_wait(uint64_t timeout_ms)
      |                   ~~~~~~~~~^~~~~~~~~~
In file included from include/kapi.h:23,
                 from kernel/api/kapi_crc.c:1:
include/kapi_bitmap.h: In function 'kapi_bitmap_set_all':
include/kapi_bitmap.h:33:26: warning: conversion from 'long long unsigned int' to 'unsigned int' may change value [-Wconversion]
   33 |     unsigned int longs = (nbits + KAPI_BITS_PER_LONG - 1) / KAPI_BITS_PER_LONG;
      |                          ^
include/kapi_bitmap.h: In function 'kapi_bitmap_clear_all':
include/kapi_bitmap.h:41:26: warning: conversion from 'long long unsigned int' to 'unsigned int' may change value [-Wconversion]
   41 |     unsigned int longs = (nbits + KAPI_BITS_PER_LONG - 1) / KAPI_BITS_PER_LONG;
      |                          ^
include/kapi_bitmap.h: In function 'kapi_bitmap_find_first':
include/kapi_bitmap.h:49:26: warning: conversion from 'long long unsigned int' to 'unsigned int' may change value [-Wconversion]
   49 |     unsigned int longs = (nbits + KAPI_BITS_PER_LONG - 1) / KAPI_BITS_PER_LONG;
      |                          ^
include/kapi_bitmap.h:56:35: warning: conversion to 'int' from 'unsigned int' may change the sign of the result [-Wsign-conversion]
   56 |                     return offset + j;
      |                            ~~~~~~~^~~
include/kapi_bitmap.h: In function 'kapi_bitmap_find_first_zero':
include/kapi_bitmap.h:66:26: warning: conversion from 'long long unsigned int' to 'unsigned int' may change value [-Wconversion]
   66 |     unsigned int longs = (nbits + KAPI_BITS_PER_LONG - 1) / KAPI_BITS_PER_LONG;
      |                          ^
include/kapi_bitmap.h:73:35: warning: conversion to 'int' from 'unsigned int' may change the sign of the result [-Wsign-conversion]
   73 |                     return offset + j;
      |                            ~~~~~~~^~~
include/kapi_bitmap.h: In function 'kapi_bitmap_count':
include/kapi_bitmap.h:84:26: warning: conversion from 'long long unsigned int' to 'unsigned int' may change value [-Wconversion]
   84 |     unsigned int longs = (nbits + KAPI_BITS_PER_LONG - 1) / KAPI_BITS_PER_LONG;
      |                          ^
In file included from include/kapi.h:59:
include/kapi_netlink.h: In function 'kapi_nlmsg_next':
include/kapi_netlink.h:19:37: warning: conversion to 'int' from 'uint32_t' {aka 'unsigned int'} may change the sign of the result [-Wsign-conversion]
   19 | #define KAPI_NLMSG_ALIGNTO          4
      |                                     ^
include/kapi_netlink.h:75:18: note: in expansion of macro 'KAPI_NLMSG_ALIGNTO'
   75 |     int totlen = KAPI_NLMSG_ALIGNTO * ((nlh->nlmsg_len + KAPI_NLMSG_ALIGNTO - 1) / KAPI_NLMSG_ALIGNTO);
      |                  ^~~~~~~~~~~~~~~~~~
In file included from include/kapi.h:23,
                 from kernel/api/kapi_cpumask.c:4:
include/kapi_bitmap.h: In function 'kapi_bitmap_set_all':
include/kapi_bitmap.h:33:26: warning: conversion from 'long long unsigned int' to 'unsigned int' may change value [-Wconversion]
   33 |     unsigned int longs = (nbits + KAPI_BITS_PER_LONG - 1) / KAPI_BITS_PER_LONG;
      |                          ^
include/kapi_bitmap.h: In function 'kapi_bitmap_clear_all':
include/kapi_bitmap.h:41:26: warning: conversion from 'long long unsigned int' to 'unsigned int' may change value [-Wconversion]
   41 |     unsigned int longs = (nbits + KAPI_BITS_PER_LONG - 1) / KAPI_BITS_PER_LONG;
      |                          ^
include/kapi_bitmap.h: In function 'kapi_bitmap_find_first':
include/kapi_bitmap.h:49:26: warning: conversion from 'long long unsigned int' to 'unsigned int' may change value [-Wconversion]
   49 |     unsigned int longs = (nbits + KAPI_BITS_PER_LONG - 1) / KAPI_BITS_PER_LONG;
      |                          ^
include/kapi_bitmap.h:56:35: warning: conversion to 'int' from 'unsigned int' may change the sign of the result [-Wsign-conversion]
   56 |                     return offset + j;
      |                            ~~~~~~~^~~
include/kapi_bitmap.h: In function 'kapi_bitmap_find_first_zero':
include/kapi_bitmap.h:66:26: warning: conversion from 'long long unsigned int' to 'unsigned int' may change value [-Wconversion]
   66 |     unsigned int longs = (nbits + KAPI_BITS_PER_LONG - 1) / KAPI_BITS_PER_LONG;
      |                          ^
include/kapi_bitmap.h:73:35: warning: conversion to 'int' from 'unsigned int' may change the sign of the result [-Wsign-conversion]
   73 |                     return offset + j;
      |                            ~~~~~~~^~~
include/kapi_bitmap.h: In function 'kapi_bitmap_count':
include/kapi_bitmap.h:84:26: warning: conversion from 'long long unsigned int' to 'unsigned int' may change value [-Wconversion]
   84 |     unsigned int longs = (nbits + KAPI_BITS_PER_LONG - 1) / KAPI_BITS_PER_LONG;
      |                          ^
In file included from include/kapi.h:59:
include/kapi_netlink.h: In function 'kapi_nlmsg_next':
include/kapi_netlink.h:19:37: warning: conversion to 'int' from 'uint32_t' {aka 'unsigned int'} may change the sign of the result [-Wsign-conversion]
   19 | #define KAPI_NLMSG_ALIGNTO          4
      |                                     ^
include/kapi_netlink.h:75:18: note: in expansion of macro 'KAPI_NLMSG_ALIGNTO'
   75 |     int totlen = KAPI_NLMSG_ALIGNTO * ((nlh->nlmsg_len + KAPI_NLMSG_ALIGNTO - 1) / KAPI_NLMSG_ALIGNTO);
      |                  ^~~~~~~~~~~~~~~~~~
<3> Building kernel/api/kapi_completion.c
In file included from include/kapi.h:23,
                 from kernel/api/kapi_completion.c:4:
include/kapi_bitmap.h: In function 'kapi_bitmap_set_all':
include/kapi_bitmap.h:33:26: warning: conversion from 'long long unsigned int' to 'unsigned int' may change value [-Wconversion]
   33 |     unsigned int longs = (nbits + KAPI_BITS_PER_LONG - 1) / KAPI_BITS_PER_LONG;
      |                          ^
include/kapi_bitmap.h: In function 'kapi_bitmap_clear_all':
include/kapi_bitmap.h:41:26: warning: conversion from 'long long unsigned int' to 'unsigned int' may change value [-Wconversion]
   41 |     unsigned int longs = (nbits + KAPI_BITS_PER_LONG - 1) / KAPI_BITS_PER_LONG;
      |                          ^
include/kapi_bitmap.h: In function 'kapi_bitmap_find_first':
include/kapi_bitmap.h:49:26: warning: conversion from 'long long unsigned int' to 'unsigned int' may change value [-Wconversion]
   49 |     unsigned int longs = (nbits + KAPI_BITS_PER_LONG - 1) / KAPI_BITS_PER_LONG;
      |                          ^
include/kapi_bitmap.h:56:35: warning: conversion to 'int' from 'unsigned int' may change the sign of the result [-Wsign-conversion]
   56 |                     return offset + j;
      |                            ~~~~~~~^~~
include/kapi_bitmap.h: In function 'kapi_bitmap_find_first_zero':
include/kapi_bitmap.h:66:26: warning: conversion from 'long long unsigned int' to 'unsigned int' may change value [-Wconversion]
   66 |     unsigned int longs = (nbits + KAPI_BITS_PER_LONG - 1) / KAPI_BITS_PER_LONG;
      |                          ^
include/kapi_bitmap.h:73:35: warning: conversion to 'int' from 'unsigned int' may change the sign of the result [-Wsign-conversion]
   73 |                     return offset + j;
      |                            ~~~~~~~^~~
include/kapi_bitmap.h: In function 'kapi_bitmap_count':
include/kapi_bitmap.h:84:26: warning: conversion from 'long long unsigned int' to 'unsigned int' may change value [-Wconversion]
   84 |     unsigned int longs = (nbits + KAPI_BITS_PER_LONG - 1) / KAPI_BITS_PER_LONG;
      |                          ^
In file included from include/kapi.h:59:
include/kapi_netlink.h: In function 'kapi_nlmsg_next':
include/kapi_netlink.h:19:37: warning: conversion to 'int' from 'uint32_t' {aka 'unsigned int'} may change the sign of the result [-Wsign-conversion]
   19 | #define KAPI_NLMSG_ALIGNTO          4
      |                                     ^
include/kapi_netlink.h:75:18: note: in expansion of macro 'KAPI_NLMSG_ALIGNTO'
   75 |     int totlen = KAPI_NLMSG_ALIGNTO * ((nlh->nlmsg_len + KAPI_NLMSG_ALIGNTO - 1) / KAPI_NLMSG_ALIGNTO);
      |                  ^~~~~~~~~~~~~~~~~~
<2> Building kernel/api/kapi_cdev.c
<0> Building kernel/api/kapi_blkdev.c
<3> Building kernel/api/kapi_bitmap.c
In file included from include/kapi.h:23,
                 from kernel/api/kapi_cdev.c:2:
include/kapi_bitmap.h: In function 'kapi_bitmap_set_all':
include/kapi_bitmap.h:33:26: warning: conversion from 'long long unsigned int' to 'unsigned int' may change value [-Wconversion]
   33 |     unsigned int longs = (nbits + KAPI_BITS_PER_LONG - 1) / KAPI_BITS_PER_LONG;
      |                          ^
include/kapi_bitmap.h: In function 'kapi_bitmap_clear_all':
include/kapi_bitmap.h:41:26: warning: conversion from 'long long unsigned int' to 'unsigned int' may change value [-Wconversion]
   41 |     unsigned int longs = (nbits + KAPI_BITS_PER_LONG - 1) / KAPI_BITS_PER_LONG;
      |                          ^
include/kapi_bitmap.h: In function 'kapi_bitmap_find_first':
include/kapi_bitmap.h:49:26: warning: conversion from 'long long unsigned int' to 'unsigned int' may change value [-Wconversion]
   49 |     unsigned int longs = (nbits + KAPI_BITS_PER_LONG - 1) / KAPI_BITS_PER_LONG;
      |                          ^
include/kapi_bitmap.h:56:35: warning: conversion to 'int' from 'unsigned int' may change the sign of the result [-Wsign-conversion]
   56 |                     return offset + j;
      |                            ~~~~~~~^~~
include/kapi_bitmap.h: In function 'kapi_bitmap_find_first_zero':
include/kapi_bitmap.h:66:26: warning: conversion from 'long long unsigned int' to 'unsigned int' may change value [-Wconversion]
   66 |     unsigned int longs = (nbits + KAPI_BITS_PER_LONG - 1) / KAPI_BITS_PER_LONG;
      |                          ^
include/kapi_bitmap.h:73:35: warning: conversion to 'int' from 'unsigned int' may change the sign of the result [-Wsign-conversion]
   73 |                     return offset + j;
      |                            ~~~~~~~^~~
include/kapi_bitmap.h: In function 'kapi_bitmap_count':
include/kapi_bitmap.h:84:26: warning: conversion from 'long long unsigned int' to 'unsigned int' may change value [-Wconversion]
   84 |     unsigned int longs = (nbits + KAPI_BITS_PER_LONG - 1) / KAPI_BITS_PER_LONG;
      |                          ^
In file included from include/kapi.h:59:
include/kapi_netlink.h: In function 'kapi_nlmsg_next':
<1> Building kernel/api/kapi_atomic.c
include/kapi_netlink.h:19:37: warning: conversion to 'int' from 'uint32_t' {aka 'unsigned int'} may change the sign of the result [-Wsign-conversion]
   19 | #define KAPI_NLMSG_ALIGNTO          4
      |                                     ^
include/kapi_netlink.h:75:18: note: in expansion of macro 'KAPI_NLMSG_ALIGNTO'
   75 |     int totlen = KAPI_NLMSG_ALIGNTO * ((nlh->nlmsg_len + KAPI_NLMSG_ALIGNTO - 1) / KAPI_NLMSG_ALIGNTO);
      |                  ^~~~~~~~~~~~~~~~~~
In file included from include/kapi.h:23,
                 from kernel/api/kapi_blkdev.c:2:
include/kapi_bitmap.h: In function 'kapi_bitmap_set_all':
include/kapi_bitmap.h:33:26: warning: conversion from 'long long unsigned int' to 'unsigned int' may change value [-Wconversion]
   33 |     unsigned int longs = (nbits + KAPI_BITS_PER_LONG - 1) / KAPI_BITS_PER_LONG;
      |                          ^
include/kapi_bitmap.h: In function 'kapi_bitmap_clear_all':
include/kapi_bitmap.h:41:26: warning: conversion from 'long long unsigned int' to 'unsigned int' may change value [-Wconversion]
   41 |     unsigned int longs = (nbits + KAPI_BITS_PER_LONG - 1) / KAPI_BITS_PER_LONG;
      |                          ^
include/kapi_bitmap.h: In function 'kapi_bitmap_find_first':
include/kapi_bitmap.h:49:26: warning: conversion from 'long long unsigned int' to 'unsigned int' may change value [-Wconversion]
   49 |     unsigned int longs = (nbits + KAPI_BITS_PER_LONG - 1) / KAPI_BITS_PER_LONG;
      |                          ^
include/kapi_bitmap.h:56:35: warning: conversion to 'int' from 'unsigned int' may change the sign of the result [-Wsign-conversion]
   56 |                     return offset + j;
      |                            ~~~~~~~^~~
include/kapi_bitmap.h: In function 'kapi_bitmap_find_first_zero':
include/kapi_bitmap.h:66:26: warning: conversion from 'long long unsigned int' to 'unsigned int' may change value [-Wconversion]
   66 |     unsigned int longs = (nbits + KAPI_BITS_PER_LONG - 1) / KAPI_BITS_PER_LONG;
      |                          ^
include/kapi_bitmap.h:73:35: warning: conversion to 'int' from 'unsigned int' may change the sign of the result [-Wsign-conversion]
   73 |                     return offset + j;
      |                            ~~~~~~~^~~
include/kapi_bitmap.h: In function 'kapi_bitmap_count':
include/kapi_bitmap.h:84:26: warning: conversion from 'long long unsigned int' to 'unsigned int' may change value [-Wconversion]
   84 |     unsigned int longs = (nbits + KAPI_BITS_PER_LONG - 1) / KAPI_BITS_PER_LONG;
      |                          ^
In file included from include/kapi.h:59:
include/kapi_netlink.h: In function 'kapi_nlmsg_next':
include/kapi_netlink.h:19:37: warning: conversion to 'int' from 'uint32_t' {aka 'unsigned int'} may change the sign of the result [-Wsign-conversion]
   19 | #define KAPI_NLMSG_ALIGNTO          4
      |                                     ^
include/kapi_netlink.h:75:18: note: in expansion of macro 'KAPI_NLMSG_ALIGNTO'
   75 |     int totlen = KAPI_NLMSG_ALIGNTO * ((nlh->nlmsg_len + KAPI_NLMSG_ALIGNTO - 1) / KAPI_NLMSG_ALIGNTO);
      |                  ^~~~~~~~~~~~~~~~~~
In file included from kernel/api/kapi_bitmap.c:3:
include/kapi_bitmap.h: In function 'kapi_bitmap_set_all':
include/kapi_bitmap.h:33:26: warning: conversion from 'long long unsigned int' to 'unsigned int' may change value [-Wconversion]
   33 |     unsigned int longs = (nbits + KAPI_BITS_PER_LONG - 1) / KAPI_BITS_PER_LONG;
      |                          ^
include/kapi_bitmap.h: In function 'kapi_bitmap_clear_all':
include/kapi_bitmap.h:41:26: warning: conversion from 'long long unsigned int' to 'unsigned int' may change value [-Wconversion]
   41 |     unsigned int longs = (nbits + KAPI_BITS_PER_LONG - 1) / KAPI_BITS_PER_LONG;
      |                          ^
include/kapi_bitmap.h: In function 'kapi_bitmap_find_first':
include/kapi_bitmap.h:49:26: warning: conversion from 'long long unsigned int' to 'unsigned int' may change value [-Wconversion]
   49 |     unsigned int longs = (nbits + KAPI_BITS_PER_LONG - 1) / KAPI_BITS_PER_LONG;
      |                          ^
include/kapi_bitmap.h:56:35: warning: conversion to 'int' from 'unsigned int' may change the sign of the result [-Wsign-conversion]
   56 |                     return offset + j;
      |                            ~~~~~~~^~~
include/kapi_bitmap.h: In function 'kapi_bitmap_find_first_zero':
include/kapi_bitmap.h:66:26: warning: conversion from 'long long unsigned int' to 'unsigned int' may change value [-Wconversion]
   66 |     unsigned int longs = (nbits + KAPI_BITS_PER_LONG - 1) / KAPI_BITS_PER_LONG;
      |                          ^
include/kapi_bitmap.h:73:35: warning: conversion to 'int' from 'unsigned int' may change the sign of the result [-Wsign-conversion]
   73 |                     return offset + j;
      |                            ~~~~~~~^~~
include/kapi_bitmap.h: In function 'kapi_bitmap_count':
include/kapi_bitmap.h:84:26: warning: conversion from 'long long unsigned int' to 'unsigned int' may change value [-Wconversion]
   84 |     unsigned int longs = (nbits + KAPI_BITS_PER_LONG - 1) / KAPI_BITS_PER_LONG;
      |                          ^
In file included from include/kapi.h:59,
                 from kernel/api/kapi_bitmap.c:4:
include/kapi_netlink.h: In function 'kapi_nlmsg_next':
include/kapi_netlink.h:19:37: warning: conversion to 'int' from 'uint32_t' {aka 'unsigned int'} may change the sign of the result [-Wsign-conversion]
   19 | #define KAPI_NLMSG_ALIGNTO          4
      |                                     ^
include/kapi_netlink.h:75:18: note: in expansion of macro 'KAPI_NLMSG_ALIGNTO'
   75 |     int totlen = KAPI_NLMSG_ALIGNTO * ((nlh->nlmsg_len + KAPI_NLMSG_ALIGNTO - 1) / KAPI_NLMSG_ALIGNTO);
      |                  ^~~~~~~~~~~~~~~~~~
In file included from include/kapi.h:23,
                 from kernel/api/kapi_atomic.c:4:
include/kapi_bitmap.h: In function 'kapi_bitmap_set_all':
include/kapi_bitmap.h:33:26: warning: conversion from 'long long unsigned int' to 'unsigned int' may change value [-Wconversion]
   33 |     unsigned int longs = (nbits + KAPI_BITS_PER_LONG - 1) / KAPI_BITS_PER_LONG;
      |                          ^
include/kapi_bitmap.h: In function 'kapi_bitmap_clear_all':
include/kapi_bitmap.h:41:26: warning: conversion from 'long long unsigned int' to 'unsigned int' may change value [-Wconversion]
   41 |     unsigned int longs = (nbits + KAPI_BITS_PER_LONG - 1) / KAPI_BITS_PER_LONG;
      |                          ^
include/kapi_bitmap.h: In function 'kapi_bitmap_find_first':
include/kapi_bitmap.h:49:26: warning: conversion from 'long long unsigned int' to 'unsigned int' may change value [-Wconversion]
   49 |     unsigned int longs = (nbits + KAPI_BITS_PER_LONG - 1) / KAPI_BITS_PER_LONG;
      |                          ^
include/kapi_bitmap.h:56:35: warning: conversion to 'int' from 'unsigned int' may change the sign of the result [-Wsign-conversion]
   56 |                     return offset + j;
      |                            ~~~~~~~^~~
include/kapi_bitmap.h: In function 'kapi_bitmap_find_first_zero':
include/kapi_bitmap.h:66:26: warning: conversion from 'long long unsigned int' to 'unsigned int' may change value [-Wconversion]
   66 |     unsigned int longs = (nbits + KAPI_BITS_PER_LONG - 1) / KAPI_BITS_PER_LONG;
      |                          ^
include/kapi_bitmap.h:73:35: warning: conversion to 'int' from 'unsigned int' may change the sign of the result [-Wsign-conversion]
   73 |                     return offset + j;
      |                            ~~~~~~~^~~
include/kapi_bitmap.h: In function 'kapi_bitmap_count':
include/kapi_bitmap.h:84:26: warning: conversion from 'long long unsigned int' to 'unsigned int' may change value [-Wconversion]
   84 |     unsigned int longs = (nbits + KAPI_BITS_PER_LONG - 1) / KAPI_BITS_PER_LONG;
      |                          ^
In file included from include/kapi.h:59:
include/kapi_netlink.h: In function 'kapi_nlmsg_next':
include/kapi_netlink.h:19:37: warning: conversion to 'int' from 'uint32_t' {aka 'unsigned int'} may change the sign of the result [-Wsign-conversion]
   19 | #define KAPI_NLMSG_ALIGNTO          4
      |                                     ^
include/kapi_netlink.h:75:18: note: in expansion of macro 'KAPI_NLMSG_ALIGNTO'
   75 |     int totlen = KAPI_NLMSG_ALIGNTO * ((nlh->nlmsg_len + KAPI_NLMSG_ALIGNTO - 1) / KAPI_NLMSG_ALIGNTO);
      |                  ^~~~~~~~~~~~~~~~~~
-- Enter folder kal/src --
<3> Building kal/src/kal_ssi.c
<1> Building kal/src/kal_registry.c
<2> Building kal/src/kal_marshalling.c
<0> Building kal/src/kal_governance.c
<1> Building kal/src/kal_errno.c
<2> Building kal/src/kal_dispatcher.c
kal/src/kal_dispatcher.c: In function 'kal_dispatcher_syscall':
kal/src/kal_dispatcher.c:97:47: warning: cast to pointer from integer of different size [-Wint-to-pointer-cast]
   97 |         kal_err_t e = kal_marshall_check_open((const char *)a0, (int)a1);
      |                                               ^
kal/src/kal_dispatcher.c:101:65: warning: cast to pointer from integer of different size [-Wint-to-pointer-cast]
  101 |                                             nr == KAL_NR_READ ? (void*)a1 : (void*)a1,
      |                                                                 ^
kal/src/kal_dispatcher.c:101:77: warning: cast to pointer from integer of different size [-Wint-to-pointer-cast]
  101 |                                             nr == KAL_NR_READ ? (void*)a1 : (void*)a1,
      |                                                                             ^
<1> Building kal/src/kal_capability.c
-- Enter folder kal/adapters --
<2> Building kal/adapters/kenux_adapter.c
<1> Building kal/adapters/kal_builtins.c
kal/adapters/kenux_adapter.c: In function 'ke_syscall':
kal/adapters/kenux_adapter.c:44:38: warning: unused parameter 'a0' [-Wunused-parameter]
   44 | static long ke_syscall(long nr, long a0, long a1, long a2,
      |                                 ~~~~~^~
kal/adapters/kenux_adapter.c:44:47: warning: unused parameter 'a1' [-Wunused-parameter]
   44 | static long ke_syscall(long nr, long a0, long a1, long a2,
      |                                          ~~~~~^~
-- Enter folder apps/container-os/src --
<1> Building apps/container-os/src/manager.c
<2> Building apps/container-os/src/volume.c
<1> Building apps/container-os/src/image.c
<2> Building apps/container-os/src/container.c
-- Enter folder kernel/arch/x86_64/boot --
<2> Building kernel/arch/x86_64/boot/start64.s
In file included from D:/mingw64/x86_64-w64-mingw32/include/windows.h:114,
                 from kal/src/kal_ssi.c:21:
D:/mingw64/x86_64-w64-mingw32/include/stralign.h: In function 'ua_wcsicmp':
D:/mingw64/x86_64-w64-mingw32/include/stralign.h:155:14: error: implicit declaration of function '_wcsicmp'; did you mean 'ua_wcsicmp'? [-Wimplicit-function-declaration]
  155 |       return _wcsicmp((LPCWSTR)String1,(LPCWSTR)String2);
      |              ^~~~~~~~
      |              ua_wcsicmp
kal/src/kal_ssi.c: In function 'kal_read':
kal/src/kal_ssi.c:77:57: warning: cast from pointer to integer of different size [-Wpointer-to-int-cast]
   77 |         return b->syscall ? b->syscall(KAL_NR_READ, fd, (long)buf, (long)n, 0,0,0)
      |                                                         ^
kal/src/kal_ssi.c: In function 'kal_write':
kal/src/kal_ssi.c:90:58: warning: cast from pointer to integer of different size [-Wpointer-to-int-cast]
   90 |         return b->syscall ? b->syscall(KAL_NR_WRITE, fd, (long)buf, (long)n, 0,0,0)
      |                                                          ^
kal/src/kal_ssi.c: In function 'kal_sched_setaffinity':
kal/src/kal_ssi.c:173:69: warning: cast from pointer to integer of different size [-Wpointer-to-int-cast]
  173 |     long r = b->syscall(KAL_NR_SCHED_SETAFF, pid, (long)cpusetsize, (long)mask, 0,0,0);
      |                                                                     ^
kal/src/kal_ssi.c: In function 'kal_ioctl':
kal/src/kal_ssi.c:183:58: warning: cast from pointer to integer of different size [-Wpointer-to-int-cast]
  183 |     long r = b->syscall(KAL_NR_IOCTL, fd, (long)request, (long)arg, 0,0,0);
      |                                                          ^
kal/src/kal_ssi.c: In function 'kal_sendmsg':
kal/src/kal_ssi.c:221:43: warning: cast from pointer to integer of different size [-Wpointer-to-int-cast]
  221 |     return b->syscall(KAL_NR_SENDMSG, fd, (long)msg, flags, 0,0,0);
      |                                           ^
kal/src/kal_ssi.c: In function 'kal_recvmsg':
kal/src/kal_ssi.c:228:43: warning: cast from pointer to integer of different size [-Wpointer-to-int-cast]
  228 |     return b->syscall(KAL_NR_RECVMSG, fd, (long)msg, flags, 0,0,0);
      |                                           ^
kal/src/kal_ssi.c: In function 'kal_ipc_send':
kal/src/kal_ssi.c:245:46: warning: cast from pointer to integer of different size [-Wpointer-to-int-cast]
  245 |         long r = b->syscall(KAL_NR_IPC_SEND, (long)ch, (long)data, (long)n, 0,0,0);
      |                                              ^
kal/src/kal_ssi.c:245:56: warning: cast from pointer to integer of different size [-Wpointer-to-int-cast]
  245 |         long r = b->syscall(KAL_NR_IPC_SEND, (long)ch, (long)data, (long)n, 0,0,0);
      |                                                        ^
In file included from D:/mingw64/x86_64-w64-mingw32/include/windows.h:114,
                 from kal/src/kal_governance.c:29:
D:/mingw64/x86_64-w64-mingw32/include/stralign.h: In function 'ua_wcsicmp':
D:/mingw64/x86_64-w64-mingw32/include/stralign.h:155:14: error: implicit declaration of function '_wcsicmp'; did you mean 'ua_wcsicmp'? [-Wimplicit-function-declaration]
  155 |       return _wcsicmp((LPCWSTR)String1,(LPCWSTR)String2);
      |              ^~~~~~~~
      |              ua_wcsicmp
FAILED TASK run all: command failed with exit 1: D:\mingw64\bin\gcc.exe -Wall -Wextra -Wpedantic -Wshadow -Wcast-align -Wconversion -Wsign-conversion -Wnull-dereference -Wdouble-promotion -Wformat=2 -std=c17 -O2 -m64 -mcmodel=large -ffreestanding -fno-pic -nostdlib -nostartfiles -nodefaultlibs -mno-stack-arg-probe -fno-asynchronous-unwind-tables -fno-unwind-tables -Iinclude -Ikernel/include -Ikernel/kernel -Ikernel/arch/x86_64/include -Ikernel/lib/libc/include -Ikernel/systemd/include -Iapps/container-os/include -Ikernel/gui/include -Ikal/include -MMD -MF build/obj/kal/src/kal_governance.c.o.d -c kal/src/kal_governance.c -o build/obj/kal/src/kal_governance.c.o
