-- Start building task run all -- (719341765)
-- Start building task all -- (0)
-- Start building task kernel -- (1)
-- Enter folder esp/EFI/BOOT --
-- Enter folder kernel/arch/x86_64 --
<0> Generating esp/EFI/BOOT/BOOTX64.EFI
<1> Building kernel/arch/x86_64/interrupt.S
-- Enter folder kernel/systemd --
<3> Building kernel/systemd/udev.c
<0> Running command: ""D:\\mingw64\\bin\\gcc.exe" -ffreestanding -fno-stack-protector -fno-short-enums -Wall -Wextra -O2 -Wl,--subsystem,10 -Wl,-e,efi_main -nostdlib -nostartfiles -I bootloader -o esp/EFI/BOOT/BOOTX64.EFI bootloader/bootx64.c"
<2> Building kernel/systemd/util.c
<1> Building kernel/systemd/timer.c
kernel/systemd/util.c: In function 'fs_read_file_content':
kernel/systemd/util.c:16:48: warning: conversion to 'uint64_t' {aka 'long long unsigned int'} from 'int' may change the sign of the result [-Wsign-conversion]
   16 |     int bytes_read = vfs_read(fd, buffer, size - 1);
      |                                           ~~~~~^~~
kernel/systemd/util.c: In function 'fs_list_dir':
kernel/systemd/util.c:43:19: warning: conversion from 'size_t' {aka 'long long unsigned int'} to 'int' may change value [-Wconversion]
   43 |         int len = strlen(name);
      |                   ^~~~~~
kernel/systemd/util.c: In function 'parse_ini_section':
kernel/systemd/util.c:82:15: warning: conversion from 'long long int' to 'int' may change value [-Wconversion]
   82 |     int len = end - line - 1;
      |               ^~~
kernel/systemd/util.c:86:32: warning: conversion to 'size_t' {aka 'long long unsigned int'} from 'int' may change the sign of the result [-Wsign-conversion]
   86 |     strncpy(section, line + 1, len);
      |                                ^~~
kernel/systemd/util.c: In function 'parse_ini_keyvalue':
kernel/systemd/util.c:100:19: warning: conversion from 'long long int' to 'int' may change value [-Wconversion]
  100 |     int key_len = eq - line;
      |                   ^~
kernel/systemd/util.c:104:24: warning: conversion to 'size_t' {aka 'long long unsigned int'} from 'int' may change the sign of the result [-Wsign-conversion]
  104 |     strncpy(key, line, key_len);
      |                        ^~~~~~~
kernel/systemd/util.c:109:21: warning: conversion from 'size_t' {aka 'long long unsigned int'} to 'int' may change value [-Wconversion]
  109 |     int value_len = strlen(value_start);
      |                     ^~~~~~
kernel/systemd/util.c:112:33: warning: conversion to 'size_t' {aka 'long long unsigned int'} from 'int' may change the sign of the result [-Wsign-conversion]
  112 |     strncpy(value, value_start, value_len);
      |                                 ^~~~~~~~~
kernel/systemd/udev.c: In function 'parse_udev_rule':
kernel/systemd/udev.c:127:23: warning: conversion from 'size_t' {aka 'long long unsigned int'} to 'int' may change value [-Wconversion]
  127 |             int len = strlen(token);
      |                       ^~~~~~
kernel/systemd/udev.c:128:68: warning: conversion to 'size_t' {aka 'long long unsigned int'} from 'int' may change the sign of the result [-Wsign-conversion]
  128 |             if (len > 12) strncpy(rule->subsystem, token + 11, len - 13);
      |                                                                ~~~~^~~~
kernel/systemd/udev.c:130:23: warning: conversion from 'size_t' {aka 'long long unsigned int'} to 'int' may change value [-Wconversion]
  130 |             int len = strlen(token);
      |                       ^~~~~~
kernel/systemd/udev.c:131:68: warning: conversion to 'size_t' {aka 'long long unsigned int'} from 'int' may change the sign of the result [-Wsign-conversion]
  131 |             if (len > 13) strncpy(rule->subsystem, token + 12, len - 14);
      |                                                                ~~~~^~~~
kernel/systemd/udev.c:133:23: warning: conversion from 'size_t' {aka 'long long unsigned int'} to 'int' may change value [-Wconversion]
  133 |             int len = strlen(token);
      |                       ^~~~~~
kernel/systemd/udev.c:134:65: warning: conversion to 'size_t' {aka 'long long unsigned int'} from 'int' may change the sign of the result [-Wsign-conversion]
  134 |             if (len > 13) strncpy(rule->vendor, token + 12, len - 14);
      |                                                             ~~~~^~~~
kernel/systemd/udev.c:136:23: warning: conversion from 'size_t' {aka 'long long unsigned int'} to 'int' may change value [-Wconversion]
  136 |             int len = strlen(token);
      |                       ^~~~~~
kernel/systemd/udev.c:137:65: warning: conversion to 'size_t' {aka 'long long unsigned int'} from 'int' may change the sign of the result [-Wsign-conversion]
  137 |             if (len > 13) strncpy(rule->device, token + 12, len - 14);
      |                                                             ~~~~^~~~
kernel/systemd/udev.c:139:23: warning: conversion from 'size_t' {aka 'long long unsigned int'} to 'int' may change value [-Wconversion]
  139 |             int len = strlen(token);
      |                       ^~~~~~
kernel/systemd/udev.c:140:63: warning: conversion to 'size_t' {aka 'long long unsigned int'} from 'int' may change the sign of the result [-Wsign-conversion]
  140 |             if (len > 9) strncpy(rule->action, token + 8, len - 10);
      |                                                           ~~~~^~~~
kernel/systemd/udev.c:142:23: warning: conversion from 'size_t' {aka 'long long unsigned int'} to 'int' may change value [-Wconversion]
  142 |             int len = strlen(token);
      |                       ^~~~~~
kernel/systemd/udev.c:143:64: warning: conversion to 'size_t' {aka 'long long unsigned int'} from 'int' may change the sign of the result [-Wsign-conversion]
  143 |             if (len > 6) strncpy(rule->program, token + 5, len - 7);
      |                                                            ~~~~^~~
kernel/systemd/udev.c:145:23: warning: conversion from 'size_t' {aka 'long long unsigned int'} to 'int' may change value [-Wconversion]
  145 |             int len = strlen(token);
      |                       ^~~~~~
kernel/systemd/udev.c:146:61: warning: conversion to 'size_t' {aka 'long long unsigned int'} from 'int' may change the sign of the result [-Wsign-conversion]
  146 |             if (len > 6) strncpy(rule->name, token + 5, len - 7);
      |                                                         ~~~~^~~
kernel/systemd/udev.c:148:23: warning: conversion from 'size_t' {aka 'long long unsigned int'} to 'int' may change value [-Wconversion]
  148 |             int len = strlen(token);
      |                       ^~~~~~
kernel/systemd/udev.c:149:66: warning: conversion to 'size_t' {aka 'long long unsigned int'} from 'int' may change the sign of the result [-Wsign-conversion]
  149 |             if (len > 11) strncpy(rule->symlink, token + 10, len - 12);
      |                                                              ~~~~^~~~
kernel/systemd/udev.c:151:23: warning: conversion from 'size_t' {aka 'long long unsigned int'} to 'int' may change value [-Wconversion]
  151 |             int len = strlen(token);
      |                       ^~~~~~
kernel/systemd/udev.c:152:64: warning: conversion to 'size_t' {aka 'long long unsigned int'} from 'int' may change the sign of the result [-Wsign-conversion]
  152 |             if (len > 10) strncpy(rule->driver, token + 9, len - 11);
      |                                                            ~~~~^~~~
kernel/systemd/udev.c:154:23: warning: conversion from 'size_t' {aka 'long long unsigned int'} to 'int' may change value [-Wconversion]
  154 |             int len = strlen(token);
      |                       ^~~~~~
kernel/systemd/udev.c:155:62: warning: conversion to 'size_t' {aka 'long long unsigned int'} from 'int' may change the sign of the result [-Wsign-conversion]
  155 |             if (len > 8) strncpy(rule->group, token + 7, len - 9);
      |                                                          ~~~~^~~
kernel/systemd/udev.c:157:23: warning: conversion from 'size_t' {aka 'long long unsigned int'} to 'int' may change value [-Wconversion]
  157 |             int len = strlen(token);
      |                       ^~~~~~
kernel/systemd/udev.c: In function 'udev_create_device_node':
kernel/systemd/udev.c:205:47: warning: conversion to 'uint64_t' {aka 'long long unsigned int'} from 'int' may change the sign of the result [-Wsign-conversion]
  205 |     vfs_mknod(devpath, FS_TYPE_CHARDEV, device->major, device->minor);
      |                                         ~~~~~~^~~~~~~
kernel/systemd/udev.c:205:62: warning: conversion to 'uint64_t' {aka 'long long unsigned int'} from 'int' may change the sign of the result [-Wsign-conversion]
  205 |     vfs_mknod(devpath, FS_TYPE_CHARDEV, device->major, device->minor);
      |                                                        ~~~~~~^~~~~~~
bootloader/bootx64.c:169:15: warning: 'load_pe64' defined but not used [-Wunused-function]
  169 | static UINT64 load_pe64(void *buf, struct EFI_SYSTEM_TABLE *ST) {
      |               ^~~~~~~~~
bootloader/bootx64.c:30:13: warning: 'serial_puthex64' defined but not used [-Wunused-function]
   30 | static void serial_puthex64(UINT64 val) {
      |             ^~~~~~~~~~~~~~~
kernel/systemd/udev.c: In function 'pci_class_to_subsystem':
kernel/systemd/udev.c:283:66: warning: unused parameter 'subclass' [-Wunused-parameter]
  283 | static const char* pci_class_to_subsystem(uint8_t class, uint8_t subclass)
      |                                                          ~~~~~~~~^~~~~~~~
kernel/systemd/udev.c: In function 'udev_scan_pci_devices':
kernel/systemd/udev.c:327:64: warning: conversion from 'uint16_t' {aka 'short unsigned int'} to 'uint8_t' {aka 'unsigned char'} may change value [-Wconversion]
  327 |                 uint32_t vendor_device = pci_read_config_dword(bus, slot, func, 0);
      |                                                                ^~~
kernel/systemd/udev.c:327:69: warning: conversion from 'uint16_t' {aka 'short unsigned int'} to 'uint8_t' {aka 'unsigned char'} may change value [-Wconversion]
  327 |                 uint32_t vendor_device = pci_read_config_dword(bus, slot, func, 0);
      |                                                                     ^~~~
kernel/systemd/udev.c:327:75: warning: conversion from 'uint16_t' {aka 'short unsigned int'} to 'uint8_t' {aka 'unsigned char'} may change value [-Wconversion]
  327 |                 uint32_t vendor_device = pci_read_config_dword(bus, slot, func, 0);
      |                                                                           ^~~~
kernel/systemd/udev.c:332:38: warning: conversion from 'uint32_t' {aka 'unsigned int'} to 'uint16_t' {aka 'short unsigned int'} may change value [-Wconversion]
  332 |                 uint16_t device_id = (vendor_device >> 16) & 0xFFFF;
      |                                      ^
kernel/systemd/udev.c:336:60: warning: conversion from 'uint16_t' {aka 'short unsigned int'} to 'uint8_t' {aka 'unsigned char'} may change value [-Wconversion]
  336 |                 uint32_t class_rev = pci_read_config_dword(bus, slot, func, 8);
      |                                                            ^~~
kernel/systemd/udev.c:336:65: warning: conversion from 'uint16_t' {aka 'short unsigned int'} to 'uint8_t' {aka 'unsigned char'} may change value [-Wconversion]
  336 |                 uint32_t class_rev = pci_read_config_dword(bus, slot, func, 8);
      |                                                                 ^~~~
kernel/systemd/udev.c:336:71: warning: conversion from 'uint16_t' {aka 'short unsigned int'} to 'uint8_t' {aka 'unsigned char'} may change value [-Wconversion]
  336 |                 uint32_t class_rev = pci_read_config_dword(bus, slot, func, 8);
      |                                                                       ^~~~
kernel/systemd/udev.c:337:33: warning: conversion from 'uint32_t' {aka 'unsigned int'} to 'uint8_t' {aka 'unsigned char'} may change value [-Wconversion]
  337 |                 uint8_t class = (class_rev >> 24) & 0xFF;
      |                                 ^
kernel/systemd/udev.c: At top level:
kernel/systemd/udev.c:109:20: warning: 'udev_subsystems' defined but not used [-Wunused-variable]
  109 | static const char* udev_subsystems[UDEV_MAX_SUBSYSTEMS] = {
      |                    ^~~~~~~~~~~~~~~
kernel/systemd/timer.c: In function 'timer_read_persist':
kernel/systemd/timer.c:131:44: warning: conversion to 'uint64_t' {aka 'long long unsigned int'} from 'int' may change the sign of the result [-Wsign-conversion]
  131 |                     timer->accuracy_usec = accuracy_usec;
      |                                            ^~~~~~~~~~~~~
kernel/systemd/timer.c: In function 'timer_calculate_calendar_next':
kernel/systemd/timer.c:419:22: warning: conversion to 'time_t' {aka 'long long int'} from 'uint64_t' {aka 'long long unsigned int'} may change the sign of the result [-Wsign-conversion]
  419 |     time_t current = now;
      |                      ^~~
kernel/systemd/timer.c:420:16: warning: conversion from 'time_t' {aka 'long long int'} to 'int' may change value [-Wconversion]
  420 |     int year = 1970 + current / (365 * 24 * 3600);
      |                ^~~~
kernel/systemd/timer.c:421:21: warning: conversion from 'time_t' {aka 'long long int'} to 'int' may change value [-Wconversion]
  421 |     int remaining = current % (365 * 24 * 3600);
      |                     ^~~~~~~
kernel/systemd/timer.c:485:59: warning: conversion to 'uint64_t' {aka 'long long unsigned int'} from 'int' may change the sign of the result [-Wsign-conversion]
  485 |                                 timer->next_elapse_time = seconds;
      |                                                           ^~~~~~~
kernel/systemd/timer.c:498:43: warning: conversion to 'long long unsigned int' from 'time_t' {aka 'long long int'} may change the sign of the result [-Wsign-conversion]
  498 |         timer->next_elapse_time = current + timer->interval_sec;
      |                                           ^
kernel/systemd/timer.c: In function 'timer_calculate_next_elapse':
kernel/systemd/timer.c:510:9: warning: the comparison will always evaluate as 'true' for the address of 'calendar' will never be NULL [-Waddress]
  510 |     if (timer->calendar && strlen(timer->calendar) > 0) {
      |         ^~~~~
In file included from kernel/systemd/timer.c:1:
kernel/systemd/include/systemd.h:407:10: note: 'calendar' declared here
  407 |     char calendar[SYSTEMD_MAX_PATH_LEN];
      |          ^~~~~~~~
kernel/systemd/timer.c:529:40: warning: conversion to 'uint64_t' {aka 'long long unsigned int'} from 'int' may change the sign of the result [-Wsign-conversion]
  529 |         uint64_t rand_offset = (rand() % timer->accuracy_usec) / 1000000;
      |                                        ^
kernel/systemd/timer.c: In function 'timer_trigger':
kernel/systemd/timer.c:551:9: warning: the comparison will always evaluate as 'true' for the address of 'unit' will never be NULL [-Waddress]
  551 |     if (timer->unit) {
      |         ^~~~~
kernel/systemd/include/systemd.h:409:10: note: 'unit' declared here
  409 |     char unit[SYSTEMD_MAX_NAME];
      |          ^~~~
kernel/systemd/timer.c: In function 'timer_load':
kernel/systemd/timer.c:628:43: warning: conversion to 'uint64_t' {aka 'long long unsigned int'} from 'int' may change the sign of the result [-Wsign-conversion]
  628 |                     timer->interval_sec = atoi(value);
      |                                           ^~~~
kernel/systemd/timer.c:630:43: warning: conversion to 'uint64_t' {aka 'long long unsigned int'} from 'int' may change the sign of the result [-Wsign-conversion]
  630 |                     timer->interval_sec = atoi(value);
      |                                           ^~~~
kernel/systemd/timer.c:632:43: warning: conversion to 'uint64_t' {aka 'long long unsigned int'} from 'int' may change the sign of the result [-Wsign-conversion]
  632 |                     timer->interval_sec = atoi(value);
      |                                           ^~~~
kernel/systemd/timer.c:634:43: warning: conversion to 'uint64_t' {aka 'long long unsigned int'} from 'int' may change the sign of the result [-Wsign-conversion]
  634 |                     timer->interval_sec = atoi(value);
      |                                           ^~~~
kernel/systemd/timer.c:636:43: warning: conversion to 'uint64_t' {aka 'long long unsigned int'} from 'int' may change the sign of the result [-Wsign-conversion]
  636 |                     timer->interval_sec = atoi(value);
      |                                           ^~~~
kernel/systemd/timer.c: In function 'timer_start':
kernel/systemd/timer.c:695:19: warning: ISO C forbids passing argument 1 of 'thread_create' between function pointer and 'void *' [-Wpedantic]
  695 |     thread_create(timer_monitor_thread, timer);
      |                   ^~~~~~~~~~~~~~~~~~~~
kernel/systemd/include/systemd.h:727:32: note: expected 'void *' but argument is of type 'void (*)(void *)'
  727 | extern int thread_create(void* entry, void* arg);
      |                          ~~~~~~^~~~~
kernel/systemd/timer.c: In function 'timer_find_next_activation':
kernel/systemd/timer.c:746:9: warning: the comparison will always evaluate as 'true' for the address of 'calendar' will never be NULL [-Waddress]
  746 |     if (timer->calendar && strlen(timer->calendar) > 0) {
      |         ^~~~~
kernel/systemd/include/systemd.h:407:10: note: 'calendar' declared here
  407 |     char calendar[SYSTEMD_MAX_PATH_LEN];
      |          ^~~~~~~~
kernel/systemd/timer.c: At top level:
kernel/systemd/timer.c:742:5: warning: 'timer_find_next_activation' defined but not used [-Wunused-function]
  742 | int timer_find_next_activation(timer_t* timer, uint64_t now)
      |     ^~~~~~~~~~~~~~~~~~~~~~~~~~
<2> Building kernel/systemd/target.c
<0> Building kernel/systemd/systemd.c
<3> Building kernel/systemd/systemctl.c
In file included from kernel/systemd/systemd.c:6:
kernel/kernel/cgroup.h:20:9: warning: 'MEM_LIMIT_MAX' redefined
   20 | #define MEM_LIMIT_MAX           ((uint64_t)(-1))
      |         ^~~~~~~~~~~~~
In file included from kernel/systemd/systemd.c:1:
kernel/systemd/include/systemd.h:725:9: note: this is the location of the previous definition
  725 | #define MEM_LIMIT_MAX ((uint64_t)-1)
      |         ^~~~~~~~~~~~~
kernel/systemd/systemd.c: In function 'systemd_topological_sort':
kernel/systemd/systemd.c:598:41: warning: conversion to 'long long unsigned int' from 'int' may change the sign of the result [-Wsign-conversion]
  598 |     int* in_degree = (int*)malloc(count * sizeof(int));
      |                                         ^
kernel/systemd/systemd.c:601:32: warning: conversion to 'long long unsigned int' from 'int' may change the sign of the result [-Wsign-conversion]
  601 |     memset(in_degree, 0, count * sizeof(int));
      |                                ^
kernel/systemd/systemd.c:615:37: warning: conversion to 'long long unsigned int' from 'int' may change the sign of the result [-Wsign-conversion]
  615 |     int* queue = (int*)malloc(count * sizeof(int));
      |                                     ^
kernel/systemd/systemd.c: In function 'systemd_list_services':
kernel/systemd/systemd.c:986:9: warning: enumeration value 'UNIT_STATE_CONFIRMED' not handled in switch [-Wswitch]
  986 |         switch (service->base.state) {
      |         ^~~~~~
kernel/systemd/systemd.c:986:9: warning: enumeration value 'UNIT_STATE_AWAITING' not handled in switch [-Wswitch]
kernel/systemd/systemd.c:1000:19: warning: conversion from 'size_t' {aka 'long long unsigned int'} to 'int' may change value [-Wconversion]
 1000 |         int len = strlen(line);
      |                   ^~~~~~
kernel/systemd/systemd.c: In function 'systemd_get_service_status':
kernel/systemd/systemd.c:1017:5: warning: enumeration value 'UNIT_STATE_CONFIRMED' not handled in switch [-Wswitch]
 1017 |     switch (service->base.state) {
      |     ^~~~~~
kernel/systemd/systemd.c:1017:5: warning: enumeration value 'UNIT_STATE_AWAITING' not handled in switch [-Wswitch]
kernel/systemd/systemd.c: In function 'systemd_list_units':
kernel/systemd/systemd.c:1207:19: warning: conversion from 'size_t' {aka 'long long unsigned int'} to 'int' may change value [-Wconversion]
 1207 |         int len = strlen(line);
      |                   ^~~~~~
kernel/systemd/systemd.c: In function 'systemd_list_units_by_type':
kernel/systemd/systemd.c:1245:19: warning: conversion from 'size_t' {aka 'long long unsigned int'} to 'int' may change value [-Wconversion]
 1245 |         int len = strlen(line);
      |                   ^~~~~~
kernel/systemd/systemd.c: At top level:
kernel/systemd/systemd.c:527:13: warning: 'systemd_detect_cycle' defined but not used [-Wunused-function]
  527 | static bool systemd_detect_cycle(unit_t* unit, unit_t** visited, int visited_count)
      |             ^~~~~~~~~~~~~~~~~~~~
kernel/systemd/systemd.c:110:16: warning: 'find_swap' defined but not used [-Wunused-function]
  110 | static swap_t* find_swap(const char* name)
      |                ^~~~~~~~~
kernel/systemd/systemd.c:100:24: warning: 'find_path' defined but not used [-Wunused-function]
  100 | static systemd_path_t* find_path(const char* name)
      |                        ^~~~~~~~~
kernel/systemd/systemd.c:90:21: warning: 'find_automount' defined but not used [-Wunused-function]
   90 | static automount_t* find_automount(const char* name)
      |                     ^~~~~~~~~~~~~~
kernel/systemd/systemd.c:80:18: warning: 'find_device' defined but not used [-Wunused-function]
   80 | static device_t* find_device(const char* name)
      |                  ^~~~~~~~~~~
kernel/systemd/systemd.c:70:17: warning: 'find_slice' defined but not used [-Wunused-function]
   70 | static slice_t* find_slice(const char* name)
      |                 ^~~~~~~~~~
kernel/systemd/systemd.c:60:17: warning: 'find_mount' defined but not used [-Wunused-function]
   60 | static mount_t* find_mount(const char* name)
      |                 ^~~~~~~~~~
kernel/systemd/systemd.c:50:17: warning: 'find_timer' defined but not used [-Wunused-function]
   50 | static timer_t* find_timer(const char* name)
      |                 ^~~~~~~~~~
kernel/systemd/systemd.c:40:26: warning: 'find_socket' defined but not used [-Wunused-function]
   40 | static systemd_socket_t* find_socket(const char* name)
      |                          ^~~~~~~~~~~
kernel/systemd/systemctl.c: In function 'systemctl_list_units':
kernel/systemd/systemctl.c:73:21: warning: variable 'sub_state' set but not used [-Wunused-but-set-variable=]
   73 |         const char* sub_state = "-";
      |                     ^~~~~~~~~
<2> Building kernel/systemd/swap.c
<1> Building kernel/systemd/socket.c
<3> Building kernel/systemd/slice.c
kernel/systemd/socket.c: In function 'parse_socket_config':
kernel/systemd/socket.c:63:32: warning: conversion to 'uint64_t' {aka 'long long unsigned int'} from 'int' may change the sign of the result [-Wsign-conversion]
   63 |                 socket->port = atoi(value);
      |                                ^~~~
kernel/systemd/socket.c: In function 'socket_accept_thread':
kernel/systemd/socket.c:107:14: warning: declaration of 'msg' shadows a previous local [-Wshadow]
  107 |         char msg[256];
      |              ^~~
kernel/systemd/socket.c:96:10: note: shadowed declaration is here
   96 |     char msg[256];
      |          ^~~
kernel/systemd/socket.c: In function 'socket_start':
kernel/systemd/socket.c:173:44: warning: conversion to 'uint32_t' {aka 'unsigned int'} from 'int' may change the sign of the result [-Wsign-conversion]
  173 |     socket->unix_sock = unix_socket_create(unix_type);
      |                                            ^~~~~~~~~
kernel/systemd/socket.c:223:50: warning: ISO C forbids passing argument 1 of 'thread_create' between function pointer and 'void *' [-Wpedantic]
  223 |         socket->accept_thread_id = thread_create(socket_accept_thread, socket);
      |                                                  ^~~~~~~~~~~~~~~~~~~~
In file included from kernel/systemd/socket.c:1:
kernel/systemd/include/systemd.h:727:32: note: expected 'void *' but argument is of type 'void (*)(void *)'
  727 | extern int thread_create(void* entry, void* arg);
      |                          ~~~~~~^~~~~
kernel/systemd/socket.c:225:18: warning: declaration of 'msg' shadows a previous local [-Wshadow]
  225 |             char msg[256];
      |                  ^~~
kernel/systemd/socket.c:219:14: note: shadowed declaration is here
  219 |         char msg[256];
      |              ^~~
In file included from kernel/systemd/slice.c:5:
kernel/kernel/cgroup.h:20:9: warning: 'MEM_LIMIT_MAX' redefined
   20 | #define MEM_LIMIT_MAX           ((uint64_t)(-1))
      |         ^~~~~~~~~~~~~
In file included from kernel/systemd/slice.c:1:
kernel/systemd/include/systemd.h:725:9: note: this is the location of the previous definition
  725 | #define MEM_LIMIT_MAX ((uint64_t)-1)
      |         ^~~~~~~~~~~~~
kernel/systemd/slice.c: In function 'parse_slice_config':
kernel/systemd/slice.c:45:37: warning: conversion to 'uint64_t' {aka 'long long unsigned int'} from 'int' may change the sign of the result [-Wsign-conversion]
   45 |                 slice->cpu_weight = atoi(value);
      |                                     ^~~~
kernel/systemd/slice.c:47:36: warning: conversion to 'uint64_t' {aka 'long long unsigned int'} from 'int' may change the sign of the result [-Wsign-conversion]
   47 |                 slice->io_weight = atoi(value);
      |                                    ^~~~
kernel/systemd/slice.c:49:40: warning: conversion to 'uint64_t' {aka 'long long unsigned int'} from 'int' may change the sign of the result [-Wsign-conversion]
   49 |                 slice->memory_weight = atoi(value);
<2> Building kernel/systemd/service.c
      |                                        ^~~~
kernel/systemd/slice.c:51:34: warning: conversion to 'uint64_t' {aka 'long long unsigned int'} from 'int' may change the sign of the result [-Wsign-conversion]
   51 |                 slice->cpu_max = atoi(value);
      |                                  ^~~~
kernel/systemd/slice.c:53:33: warning: conversion to 'uint64_t' {aka 'long long unsigned int'} from 'int' may change the sign of the result [-Wsign-conversion]
   53 |                 slice->io_max = atoi(value);
      |                                 ^~~~
kernel/systemd/slice.c:55:37: warning: conversion to 'uint64_t' {aka 'long long unsigned int'} from 'int' may change the sign of the result [-Wsign-conversion]
   55 |                 slice->memory_max = atoi(value);
      |                                     ^~~~
In file included from kernel/systemd/service.c:8:
kernel/kernel/cgroup.h:20:9: warning: 'MEM_LIMIT_MAX' redefined
   20 | #define MEM_LIMIT_MAX           ((uint64_t)(-1))
      |         ^~~~~~~~~~~~~
In file included from kernel/systemd/service.c:1:
kernel/systemd/include/systemd.h:725:9: note: this is the location of the previous definition
  725 | #define MEM_LIMIT_MAX ((uint64_t)-1)
      |         ^~~~~~~~~~~~~
kernel/systemd/service.c: In function 'strtoul':
kernel/systemd/service.c:34:25: warning: conversion to 'long unsigned int' from 'int' may change the sign of the result [-Wsign-conversion]
   34 |         result = result * base + digit;
      |                         ^
kernel/systemd/service.c:34:32: warning: conversion to 'long unsigned int' from 'int' may change the sign of the result [-Wsign-conversion]
   34 |         result = result * base + digit;
      |                                ^
kernel/systemd/service.c: In function 'strtoull':
kernel/systemd/service.c:64:25: warning: conversion to 'long long unsigned int' from 'int' may change the sign of the result [-Wsign-conversion]
   64 |         result = result * base + digit;
      |                         ^
kernel/systemd/service.c:64:32: warning: conversion to 'long long unsigned int' from 'int' may change the sign of the result [-Wsign-conversion]
   64 |         result = result * base + digit;
      |                                ^
kernel/systemd/service.c: In function 'parse_env_vars':
kernel/systemd/service.c:138:15: warning: conversion from 'long long int' to 'int' may change value [-Wconversion]
  138 |     int len = eq - line;
      |               ^~
kernel/systemd/service.c:143:58: warning: conversion to 'size_t' {aka 'long long unsigned int'} from 'int' may change the sign of the result [-Wsign-conversion]
  143 |     strncpy(service->env[service->env_count].name, line, len);
      |                                                          ^~~
kernel/systemd/service.c: In function 'parse_install_section':
kernel/systemd/service.c:217:70: warning: unused parameter 'value' [-Wunused-parameter]
  217 | int parse_install_section(unit_t* unit, const char* key, const char* value)
      |                                                          ~~~~~~~~~~~~^~~~~
kernel/systemd/service.c: In function 'parse_service_section':
kernel/systemd/service.c:244:24: warning: conversion to 'uint64_t' {aka 'long long unsigned int'} from 'int' may change the sign of the result [-Wsign-conversion]
  244 |         service->uid = atoi(value);
      |                        ^~~~
kernel/systemd/service.c:247:24: warning: conversion to 'uint64_t' {aka 'long long unsigned int'} from 'int' may change the sign of the result [-Wsign-conversion]
  247 |         service->gid = atoi(value);
      |                        ^~~~
kernel/systemd/service.c:251:32: warning: conversion to 'uint64_t' {aka 'long long unsigned int'} from 'int' may change the sign of the result [-Wsign-conversion]
  251 |         service->restart_sec = atoi(value);
      |                                ^~~~
kernel/systemd/service.c:253:41: warning: conversion to 'uint64_t' {aka 'long long unsigned int'} from 'int' may change the sign of the result [-Wsign-conversion]
  253 |         service->start_limit_interval = atoi(value);
      |                                         ^~~~
kernel/systemd/service.c:255:38: warning: conversion to 'uint64_t' {aka 'long long unsigned int'} from 'int' may change the sign of the result [-Wsign-conversion]
  255 |         service->start_limit_burst = atoi(value);
      |                                      ^~~~
kernel/systemd/service.c:284:38: warning: conversion to 'uint64_t' {aka 'long long unsigned int'} from 'int' may change the sign of the result [-Wsign-conversion]
  284 |         service->timeout_start_sec = atoi(value);
      |                                      ^~~~
kernel/systemd/service.c:286:37: warning: conversion to 'uint64_t' {aka 'long long unsigned int'} from 'int' may change the sign of the result [-Wsign-conversion]
  286 |         service->timeout_stop_sec = atoi(value);
      |                                     ^~~~
kernel/systemd/service.c:288:38: warning: conversion to 'uint64_t' {aka 'long long unsigned int'} from 'int' may change the sign of the result [-Wsign-conversion]
  288 |         service->timeout_abort_sec = atoi(value);
      |                                      ^~~~
kernel/systemd/service.c:306:31: warning: conversion to 'uint64_t' {aka 'long long unsigned int'} from 'int' may change the sign of the result [-Wsign-conversion]
  306 |         service->cpu_shares = atoi(value);
      |                               ^~~~
kernel/systemd/service.c: In function 'service_build_envp':
kernel/systemd/service.c:376:50: warning: conversion to 'long long unsigned int' from 'int' may change the sign of the result [-Wsign-conversion]
  376 |     char** envp = (char**)malloc((total_env + 1) * sizeof(char*));
      |                                                  ^
kernel/systemd/service.c: In function 'service_create_dynamic_user':
kernel/systemd/service.c:452:20: warning: conversion to 'uint64_t' {aka 'long long unsigned int'} from 'int' may change the sign of the result [-Wsign-conversion]
  452 |     service->uid = 1000 + systemd.service_count;
      |                    ^~~~
kernel/systemd/service.c: In function 'service_setup_watchdog':
kernel/systemd/include/systemd.h:9:30: warning: conversion to 'time_t' {aka 'long long int'} from 'uint64_t' {aka 'long long unsigned int'} may change the sign of the result [-Wsign-conversion]
    9 | #define time_get_timestamp() timer_get_jiffies()
      |                              ^~~~~~~~~~~~~~~~~
kernel/systemd/service.c:536:35: note: in expansion of macro 'time_get_timestamp'
  536 |     service->watchdog_last_ping = time_get_timestamp();
      |                                   ^~~~~~~~~~~~~~~~~~
kernel/systemd/service.c: In function 'service_monitor_watchdog':
kernel/systemd/include/systemd.h:9:30: warning: conversion to 'time_t' {aka 'long long int'} from 'uint64_t' {aka 'long long unsigned int'} may change the sign of the result [-Wsign-conversion]
    9 | #define time_get_timestamp() timer_get_jiffies()
      |                              ^~~~~~~~~~~~~~~~~
kernel/systemd/service.c:550:43: note: in expansion of macro 'time_get_timestamp'
  550 |             service->watchdog_last_ping = time_get_timestamp();
      |                                           ^~~~~~~~~~~~~~~~~~
kernel/systemd/service.c: In function 'service_check_start_limit':
kernel/systemd/include/systemd.h:9:30: warning: conversion to 'time_t' {aka 'long long int'} from 'uint64_t' {aka 'long long unsigned int'} may change the sign of the result [-Wsign-conversion]
    9 | #define time_get_timestamp() timer_get_jiffies()
      |                              ^~~~~~~~~~~~~~~~~
kernel/systemd/service.c:560:18: note: in expansion of macro 'time_get_timestamp'
  560 |     time_t now = time_get_timestamp();
      |                  ^~~~~~~~~~~~~~~~~~
kernel/systemd/service.c:563:44: warning: comparison of integer expressions of different signedness: 'time_t' {aka 'long long int'} and 'uint64_t' {aka 'long long unsigned int'} [-Wsign-compare]
  563 |         if (now - service->last_start_time < service->start_limit_interval) {
      |                                            ^
kernel/systemd/service.c: In function 'service_run_command':
kernel/systemd/service.c:580:58: warning: unused parameter 'working_dir' [-Wunused-parameter]
  580 | int service_run_command(exec_command_t* cmd, const char* working_dir)
      |                                              ~~~~~~~~~~~~^~~~~~~~~~~
kernel/systemd/service.c: In function 'service_start':
kernel/systemd/include/systemd.h:9:30: warning: conversion to 'time_t' {aka 'long long int'} from 'uint64_t' {aka 'long long unsigned int'} may change the sign of the result [-Wsign-conversion]
    9 | #define time_get_timestamp() timer_get_jiffies()
      |                              ^~~~~~~~~~~~~~~~~
kernel/systemd/service.c:730:32: note: in expansion of macro 'time_get_timestamp'
  730 |     service->last_start_time = time_get_timestamp();
      |                                ^~~~~~~~~~~~~~~~~~
kernel/systemd/service.c:782:33: warning: conversion from 'uint64_t' {aka 'long long unsigned int'} to 'int' may change value [-Wconversion]
  782 |             service->main_pid = pid;
      |                                 ^~~
kernel/systemd/service.c:797:31: warning: ISO C forbids passing argument 1 of 'thread_create' between function pointer and 'void *' [-Wpedantic]
  797 |                 thread_create(service_monitor_watchdog, service);
      |                               ^~~~~~~~~~~~~~~~~~~~~~~~
kernel/systemd/include/systemd.h:727:32: note: expected 'void *' but argument is of type 'void (*)(void *)'
  727 | extern int thread_create(void* entry, void* arg);
      |                          ~~~~~~^~~~~
kernel/systemd/include/systemd.h:9:30: warning: conversion to 'time_t' {aka 'long long int'} from 'uint64_t' {aka 'long long unsigned int'} may change the sign of the result [-Wsign-conversion]
    9 | #define time_get_timestamp() timer_get_jiffies()
      |                              ^~~~~~~~~~~~~~~~~
kernel/systemd/service.c:810:39: note: in expansion of macro 'time_get_timestamp'
  810 |             service->last_exit_time = time_get_timestamp();
      |                                       ^~~~~~~~~~~~~~~~~~
kernel/systemd/service.c:841:33: warning: conversion from 'uint64_t' {aka 'long long unsigned int'} to 'int' may change value [-Wconversion]
  841 |             service->main_pid = pid;
      |                                 ^~~
kernel/systemd/service.c:852:31: warning: ISO C forbids passing argument 1 of 'thread_create' between function pointer and 'void *' [-Wpedantic]
  852 |                 thread_create(service_monitor_watchdog, service);
      |                               ^~~~~~~~~~~~~~~~~~~~~~~~
kernel/systemd/include/systemd.h:727:32: note: expected 'void *' but argument is of type 'void (*)(void *)'
  727 | extern int thread_create(void* entry, void* arg);
      |                          ~~~~~~^~~~~
kernel/systemd/service.c:898:33: warning: conversion from 'uint64_t' {aka 'long long unsigned int'} to 'int' may change value [-Wconversion]
  898 |             service->main_pid = pid;
      |                                 ^~~
kernel/systemd/service.c:913:31: warning: ISO C forbids passing argument 1 of 'thread_create' between function pointer and 'void *' [-Wpedantic]
  913 |                 thread_create(service_monitor_watchdog, service);
      |                               ^~~~~~~~~~~~~~~~~~~~~~~~
kernel/systemd/include/systemd.h:727:32: note: expected 'void *' but argument is of type 'void (*)(void *)'
  727 | extern int thread_create(void* entry, void* arg);
      |                          ~~~~~~^~~~~
kernel/systemd/service.c:932:33: warning: conversion from 'uint64_t' {aka 'long long unsigned int'} to 'int' may change value [-Wconversion]
  932 |             service->main_pid = pid;
      |                                 ^~~
kernel/systemd/service.c:947:31: warning: ISO C forbids passing argument 1 of 'thread_create' between function pointer and 'void *' [-Wpedantic]
  947 |                 thread_create(service_monitor_watchdog, service);
      |                               ^~~~~~~~~~~~~~~~~~~~~~~~
kernel/systemd/include/systemd.h:727:32: note: expected 'void *' but argument is of type 'void (*)(void *)'
  727 | extern int thread_create(void* entry, void* arg);
      |                          ~~~~~~^~~~~
kernel/systemd/include/systemd.h:9:30: warning: conversion to 'time_t' {aka 'long long int'} from 'uint64_t' {aka 'long long unsigned int'} may change the sign of the result [-Wsign-conversion]
    9 | #define time_get_timestamp() timer_get_jiffies()
      |                              ^~~~~~~~~~~~~~~~~
kernel/systemd/service.c:965:39: note: in expansion of macro 'time_get_timestamp'
  965 |         service->watchdog_last_ping = time_get_timestamp();
      |                                       ^~~~~~~~~~~~~~~~~~
kernel/systemd/service.c: In function 'service_stop':
kernel/systemd/service.c:1009:57: warning: comparison of integer expressions of different signedness: 'int' and 'uint64_t' {aka 'long long unsigned int'} [-Wsign-compare]
 1009 |         if (service->main_pid != 0 && service->main_pid != service->pid) {
      |                                                         ^~
kernel/systemd/service.c:1010:33: warning: conversion to 'uint64_t' {aka 'long long unsigned int'} from 'int' may change the sign of the result [-Wsign-conversion]
 1010 |             process_kill(service->main_pid, service->kill_signal);
      |                          ~~~~~~~^~~~~~~~~~
kernel/systemd/include/systemd.h:9:30: warning: conversion to 'time_t' {aka 'long long int'} from 'uint64_t' {aka 'long long unsigned int'} may change the sign of the result [-Wsign-conversion]
    9 | #define time_get_timestamp() timer_get_jiffies()
      |                              ^~~~~~~~~~~~~~~~~
kernel/systemd/service.c:1054:31: note: in expansion of macro 'time_get_timestamp'
 1054 |     service->last_exit_time = time_get_timestamp();
      |                               ^~~~~~~~~~~~~~~~~~
kernel/systemd/service.c: In function 'service_check_watchdog':
kernel/systemd/include/systemd.h:9:30: warning: conversion to 'time_t' {aka 'long long int'} from 'uint64_t' {aka 'long long unsigned int'} may change the sign of the result [-Wsign-conversion]
    9 | #define time_get_timestamp() timer_get_jiffies()
      |                              ^~~~~~~~~~~~~~~~~
kernel/systemd/service.c:1132:18: note: in expansion of macro 'time_get_timestamp'
 1132 |     time_t now = time_get_timestamp();
      |                  ^~~~~~~~~~~~~~~~~~
kernel/systemd/service.c:1133:27: warning: conversion to 'uint64_t' {aka 'long long unsigned int'} from 'time_t' {aka 'long long int'} may change the sign of the result [-Wsign-conversion]
 1133 |     uint64_t elapsed_ms = (now - service->watchdog_last_ping) * 1000;
      |                           ^
kernel/systemd/service.c: In function 'service_monitor':
kernel/systemd/include/systemd.h:9:30: warning: conversion to 'time_t' {aka 'long long int'} from 'uint64_t' {aka 'long long unsigned int'} may change the sign of the result [-Wsign-conversion]
    9 | #define time_get_timestamp() timer_get_jiffies()
      |                              ^~~~~~~~~~~~~~~~~
kernel/systemd/service.c:1154:35: note: in expansion of macro 'time_get_timestamp'
 1154 |         service->last_exit_time = time_get_timestamp();
      |                                   ^~~~~~~~~~~~~~~~~~
kernel/systemd/include/systemd.h:9:30: warning: conversion to 'time_t' {aka 'long long int'} from 'uint64_t' {aka 'long long unsigned int'} may change the sign of the result [-Wsign-conversion]
    9 | #define time_get_timestamp() timer_get_jiffies()
      |                              ^~~~~~~~~~~~~~~~~
kernel/systemd/service.c:1171:35: note: in expansion of macro 'time_get_timestamp'
 1171 |         service->last_exit_time = time_get_timestamp();
      |                                   ^~~~~~~~~~~~~~~~~~
<3> Building kernel/systemd/path.c
<1> Building kernel/systemd/mount.c
kernel/systemd/mount.c: In function 'parse_mount_config':
kernel/systemd/mount.c:66:36: warning: conversion to 'uint64_t' {aka 'long long unsigned int'} from 'int' may change the sign of the result [-Wsign-conversion]
   66 |                 mount->dump_freq = atoi(value);
      |                                    ^~~~
kernel/systemd/mount.c:68:35: warning: conversion to 'uint64_t' {aka 'long long unsigned int'} from 'int' may change the sign of the result [-Wsign-conversion]
   68 |                 mount->pass_num = atoi(value);
      |                                   ^~~~
In function 'parse_service_section',
    inlined from 'service_load' at kernel/systemd/service.c:682:17:
kernel/systemd/service.c:310:13: warning: 'end' may be used uninitialized [-Wmaybe-uninitialized]
  310 |         if (*end == 'M') service->memory_limit *= 1024 * 1024;
      |             ^~~~
kernel/systemd/service.c: In function 'service_load':
kernel/systemd/service.c:308:15: note: 'end' was declared here
  308 |         char* end;
      |               ^~~
In function 'parse_service_section',
    inlined from 'service_load' at kernel/systemd/service.c:682:17:
kernel/systemd/service.c:315:13: warning: 'end' may be used uninitialized [-Wmaybe-uninitialized]
  315 |         if (*end == 'M') service->memory_max *= 1024 * 1024;
      |             ^~~~
kernel/systemd/service.c: In function 'service_load':
kernel/systemd/service.c:313:15: note: 'end' was declared here
  313 |         char* end;
      |               ^~~
In function 'parse_service_section',
    inlined from 'service_load' at kernel/systemd/service.c:682:17:
kernel/systemd/service.c:320:13: warning: 'end' may be used uninitialized [-Wmaybe-uninitialized]
  320 |         if (*end == 'M') service->memory_high *= 1024 * 1024;
      |             ^~~~
kernel/systemd/service.c: In function 'service_load':
kernel/systemd/service.c:318:15: note: 'end' was declared here
  318 |         char* end;
      |               ^~~
In function 'parse_service_section',
    inlined from 'service_load' at kernel/systemd/service.c:682:17:
kernel/systemd/service.c:325:13: warning: 'end' may be used uninitialized [-Wmaybe-uninitialized]
  325 |         if (*end == 'M') service->memory_low *= 1024 * 1024;
      |             ^~~~
kernel/systemd/service.c: In function 'service_load':
kernel/systemd/service.c:323:15: note: 'end' was declared here
  323 |         char* end;
      |               ^~~
<3> Building kernel/systemd/journalctl.c
<1> Building kernel/systemd/journal.c
kernel/systemd/journalctl.c: In function 'journalctl_print_entry':
kernel/systemd/journalctl.c:53:52: warning: conversion to 'int' from 'uint32_t' {aka 'unsigned int'} may change the sign of the result [-Wsign-conversion]
   53 |     const char* prio_str = priority_to_string(entry->priority);
      |                                               ~~~~~^~~~~~~~~~
kernel/systemd/journalctl.c: In function 'journalctl_main':
kernel/systemd/journalctl.c:104:31: warning: conversion to 'uint64_t' {aka 'long long unsigned int'} from 'int' may change the sign of the result [-Wsign-conversion]
  104 |                 query.since = parse_time(argv[++i]);
      |                               ^~~~~~~~~~
kernel/systemd/journalctl.c:108:31: warning: conversion to 'uint64_t' {aka 'long long unsigned int'} from 'int' may change the sign of the result [-Wsign-conversion]
  108 |                 query.until = parse_time(argv[++i]);
      |                               ^~~~~~~~~~
kernel/systemd/journalctl.c:151:42: warning: comparison of integer expressions of different signedness: 'time_t' {aka 'long long int'} and 'uint64_t' {aka 'long long unsigned int'} [-Wsign-compare]
  151 |                 if (entries[i].timestamp > last_timestamp) {
      |                                          ^
kernel/systemd/journalctl.c:152:38: warning: conversion to 'uint64_t' {aka 'long long unsigned int'} from 'time_t' {aka 'long long int'} may change the sign of the result [-Wsign-conversion]
  152 |                     last_timestamp = entries[i].timestamp;
      |                                      ^~~~~~~
kernel/systemd/journal.c: In function 'journal_crc32':
kernel/systemd/journal.c:99:24: warning: conversion from 'size_t' {aka 'long long unsigned int'} to 'uint32_t' {aka 'unsigned int'} may change value [-Wconversion]
   99 |     return crc32(data, len);
      |                        ^~~
kernel/systemd/journal.c: In function 'journal_update_header':
kernel/systemd/journal.c:148:24: warning: conversion to 'long long unsigned int' from 'int' may change the sign of the result [-Wsign-conversion]
  148 |         .entry_count = journal_index.count,
      |                        ^~~~~~~~~~~~~
kernel/systemd/journal.c: In function 'journal_write_binary':
kernel/systemd/journal.c:191:33: warning: conversion to 'uint64_t' {aka 'long long unsigned int'} from 'int' may change the sign of the result [-Wsign-conversion]
  191 |             journal_file_size = vfs_lseek(journal_fd, 0, SEEK_END);
      |                                 ^~~~~~~~~
kernel/systemd/journal.c:201:25: warning: conversion from 'size_t' {aka 'long long unsigned int'} to 'uint32_t' {aka 'unsigned int'} may change value [-Wconversion]
  201 |     uint32_t unit_len = strlen(entry->unit);
      |                         ^~~~~~
kernel/systemd/journal.c:202:24: warning: conversion from 'size_t' {aka 'long long unsigned int'} to 'uint32_t' {aka 'unsigned int'} may change value [-Wconversion]
  202 |     uint32_t msg_len = strlen(entry->message);
      |                        ^~~~~~
kernel/systemd/journal.c:203:25: warning: conversion from 'size_t' {aka 'long long unsigned int'} to 'uint32_t' {aka 'unsigned int'} may change value [-Wconversion]
  203 |     uint32_t comm_len = strlen(entry->comm);
      |                         ^~~~~~
kernel/systemd/journal.c:215:23: warning: conversion to 'uint64_t' {aka 'long long unsigned int'} from 'time_t' {aka 'long long int'} may change the sign of the result [-Wsign-conversion]
  215 |     *(uint64_t*)ptr = entry->timestamp; ptr += sizeof(uint64_t);
      |                       ^~~~~
kernel/systemd/journal.c:225:27: warning: conversion to 'int64_t' {aka 'long long int'} from 'uint64_t' {aka 'long long unsigned int'} may change the sign of the result [-Wsign-conversion]
  225 |     vfs_lseek(journal_fd, offset, SEEK_SET);
      |                           ^~~~~~
kernel/systemd/journal.c:232:64: warning: conversion to 'uint64_t' {aka 'long long unsigned int'} from 'time_t' {aka 'long long int'} may change the sign of the result [-Wsign-conversion]
  232 |         journal_index.entries[journal_index.count].timestamp = entry->timestamp;
      |                                                                ^~~~~
kernel/systemd/journal.c:236:40: warning: conversion to 'uint64_t' {aka 'long long unsigned int'} from 'time_t' {aka 'long long int'} may change the sign of the result [-Wsign-conversion]
  236 |         journal_index.last_timestamp = entry->timestamp;
      |                                        ^~~~~
kernel/systemd/journal.c: In function 'journal_read_binary':
kernel/systemd/journal.c:254:27: warning: conversion to 'int64_t' {aka 'long long int'} from 'uint64_t' {aka 'long long unsigned int'} may change the sign of the result [-Wsign-conversion]
  254 |     vfs_lseek(journal_fd, offset, SEEK_SET);
      |                           ^~~~~~
In file included from kernel/systemd/journal.c:1:
kernel/systemd/journal.c: In function 'journal_log':
kernel/systemd/include/systemd.h:9:30: warning: conversion to 'time_t' {aka 'long long int'} from 'uint64_t' {aka 'long long unsigned int'} may change the sign of the result [-Wsign-conversion]
    9 | #define time_get_timestamp() timer_get_jiffies()
      |                              ^~~~~~~~~~~~~~~~~
kernel/systemd/journal.c:279:23: note: in expansion of macro 'time_get_timestamp'
  279 |     entry.timestamp = time_get_timestamp();
      |                       ^~~~~~~~~~~~~~~~~~
kernel/systemd/journal.c:280:22: warning: conversion to 'uint32_t' {aka 'unsigned int'} from 'int' may change the sign of the result [-Wsign-conversion]
  280 |     entry.priority = priority;
      |                      ^~~~~~~~
kernel/systemd/journal.c: In function 'journal_query':
kernel/systemd/journal.c:366:57: warning: comparison of integer expressions of different signedness: 'uint32_t' {aka 'unsigned int'} and 'int' [-Wsign-compare]
  366 |         if (query->priority >= 0 && idx_entry->priority > query->priority) {
      |                                                         ^
kernel/systemd/journal.c:370:13: warning: the comparison will always evaluate as 'true' for the address of 'unit' will never be NULL [-Waddress]
  370 |         if (query->unit && strlen(query->unit) > 0) {
      |             ^~~~~
kernel/systemd/include/systemd.h:551:10: note: 'unit' declared here
  551 |     char unit[SYSTEMD_MAX_NAME];
      |          ^~~~
kernel/systemd/journal.c: In function 'journal_count':
kernel/systemd/journal.c:410:57: warning: comparison of integer expressions of different signedness: 'uint32_t' {aka 'unsigned int'} and 'int' [-Wsign-compare]
  410 |         if (query->priority >= 0 && idx_entry->priority > query->priority) {
      |                                                         ^
kernel/systemd/journal.c:414:13: warning: the comparison will always evaluate as 'true' for the address of 'unit' will never be NULL [-Waddress]
  414 |         if (query->unit && strlen(query->unit) > 0) {
      |             ^~~~~
kernel/systemd/include/systemd.h:551:10: note: 'unit' declared here
  551 |     char unit[SYSTEMD_MAX_NAME];
      |          ^~~~
kernel/systemd/journal.c: At top level:
kernel/systemd/journal.c:88:13: warning: 'journal_current_file' defined but not used [-Wunused-variable]
   88 | static char journal_current_file[SYSTEMD_MAX_PATH_LEN];
      |             ^~~~~~~~~~~~~~~~~~~~
<0> Building kernel/systemd/fstab.c
<3> Building kernel/systemd/device.c
kernel/systemd/fstab.c: In function 'parse_fstab_line':
kernel/systemd/fstab.c:39:24: warning: conversion to 'uint64_t' {aka 'long long unsigned int'} from 'int' may change the sign of the result [-Wsign-conversion]
   39 |     entry->dump_freq = atoi(token);
      |                        ^~~~
kernel/systemd/fstab.c:43:23: warning: conversion to 'uint64_t' {aka 'long long unsigned int'} from 'int' may change the sign of the result [-Wsign-conversion]
   43 |     entry->pass_num = atoi(token);
      |                       ^~~~
<1> Building kernel/systemd/automount.c
-- Enter folder kernel/lib/libc --
<0> Building kernel/lib/libc/vsprintf.c
<2> Building kernel/lib/libc/unistd.c
kernel/systemd/automount.c:7:25: warning: 'parse_automount_type' defined but not used [-Wunused-function]
    7 | static automount_type_t parse_automount_type(const char* type)
      |                         ^~~~~~~~~~~~~~~~~~~~
kernel/lib/libc/vsprintf.c: In function 'vsprintf':
kernel/lib/libc/vsprintf.c:27:35: warning: conversion from 'int' to 'char' may change value [-Wconversion]
   27 |                     buffer[i++] = '0' + (n % 10);
      |                                   ^~~
kernel/lib/libc/vsprintf.c:40:29: warning: operation on 'i' may be undefined [-Wsequence-point]
   40 |                     buffer[i++] = (digit < 10) ? ('0' + digit) : ((format[i] == 'X') ? ('A' + digit - 10) : ('a' + digit - 10));
      |                            ~^~
<3> Building kernel/lib/libc/time.c
kernel/lib/libc/unistd.c: In function 'execve':
kernel/lib/libc/unistd.c:415:38: warning: cast from pointer to integer of different size [-Wpointer-to-int-cast]
  415 |     return (int)syscall3(SYS_execve, (long)filename, (long)argv, (long)envp);
      |                                      ^
kernel/lib/libc/unistd.c:415:54: warning: cast from pointer to integer of different size [-Wpointer-to-int-cast]
  415 |     return (int)syscall3(SYS_execve, (long)filename, (long)argv, (long)envp);
      |                                                      ^
kernel/lib/libc/unistd.c:415:66: warning: cast from pointer to integer of different size [-Wpointer-to-int-cast]
  415 |     return (int)syscall3(SYS_execve, (long)filename, (long)argv, (long)envp);
      |                                                                  ^
kernel/lib/libc/unistd.c: In function 'wait':
kernel/lib/libc/unistd.c:430:41: warning: cast from pointer to integer of different size [-Wpointer-to-int-cast]
  430 |     return (int)syscall4(SYS_wait4, -1, (long)status, 0, 0);
      |                                         ^
kernel/lib/libc/unistd.c: In function 'waitpid':
kernel/lib/libc/unistd.c:435:42: warning: cast from pointer to integer of different size [-Wpointer-to-int-cast]
  435 |     return (int)syscall4(SYS_wait4, pid, (long)status, options, 0);
      |                                          ^
kernel/lib/libc/unistd.c: In function 'pipe':
kernel/lib/libc/unistd.c:440:36: warning: cast from pointer to integer of different size [-Wpointer-to-int-cast]
  440 |     return (int)syscall1(SYS_pipe, (long)pipefd);
      |                                    ^
kernel/lib/libc/unistd.c: In function 'chdir':
kernel/lib/libc/unistd.c:455:37: warning: cast from pointer to integer of different size [-Wpointer-to-int-cast]
  455 |     return (int)syscall1(SYS_chdir, (long)path);
      |                                     ^
kernel/lib/libc/unistd.c: In function 'getcwd':
kernel/lib/libc/unistd.c:460:37: warning: cast from pointer to integer of different size [-Wpointer-to-int-cast]
  460 |     long ret = syscall2(SYS_getcwd, (long)buf, size);
      |                                     ^
kernel/lib/libc/unistd.c:460:48: warning: conversion from 'size_t' {aka 'long long unsigned int'} to 'long int' may change value [-Wconversion]
  460 |     long ret = syscall2(SYS_getcwd, (long)buf, size);
      |                                                ^~~~
kernel/lib/libc/unistd.c: In function 'read':
kernel/lib/libc/unistd.c:472:40: warning: cast from pointer to integer of different size [-Wpointer-to-int-cast]
  472 |     return (int)syscall3(SYS_read, fd, (long)buf, count);
      |                                        ^
kernel/lib/libc/unistd.c:472:51: warning: conversion from 'size_t' {aka 'long long unsigned int'} to 'long int' may change value [-Wconversion]
  472 |     return (int)syscall3(SYS_read, fd, (long)buf, count);
      |                                                   ^~~~~
kernel/lib/libc/unistd.c: In function 'write':
kernel/lib/libc/unistd.c:477:41: warning: cast from pointer to integer of different size [-Wpointer-to-int-cast]
  477 |     return (int)syscall3(SYS_write, fd, (long)buf, count);
      |                                         ^
kernel/lib/libc/unistd.c:477:52: warning: conversion from 'size_t' {aka 'long long unsigned int'} to 'long int' may change value [-Wconversion]
  477 |     return (int)syscall3(SYS_write, fd, (long)buf, count);
      |                                                    ^~~~~
kernel/lib/libc/unistd.c: In function 'open':
kernel/lib/libc/unistd.c:488:36: warning: cast from pointer to integer of different size [-Wpointer-to-int-cast]
  488 |     return (int)syscall3(SYS_open, (long)pathname, flags, mode);
      |                                    ^
kernel/lib/libc/unistd.c:488:59: warning: conversion from 'mode_t' {aka 'long long unsigned int'} to 'long int' may change value [-Wconversion]
  488 |     return (int)syscall3(SYS_open, (long)pathname, flags, mode);
      |                                                           ^~~~
kernel/lib/libc/unistd.c: In function 'creat':
kernel/lib/libc/unistd.c:493:37: warning: cast from pointer to integer of different size [-Wpointer-to-int-cast]
  493 |     return (int)syscall2(SYS_creat, (long)pathname, mode);
      |                                     ^
kernel/lib/libc/unistd.c:493:53: warning: conversion from 'mode_t' {aka 'long long unsigned int'} to 'long int' may change value [-Wconversion]
  493 |     return (int)syscall2(SYS_creat, (long)pathname, mode);
      |                                                     ^~~~
kernel/lib/libc/unistd.c: In function 'lseek':
kernel/lib/libc/unistd.c:498:36: warning: conversion from 'off_t' {aka 'long long int'} to 'long int' may change value [-Wconversion]
  498 |     return syscall3(SYS_lseek, fd, offset, whence);
      |                                    ^~~~~~
kernel/lib/libc/unistd.c: In function 'sleep':
kernel/lib/libc/unistd.c:507:36: warning: cast from pointer to integer of different size [-Wpointer-to-int-cast]
  507 |     while (syscall2(SYS_nanosleep, (long)&req, (long)&rem) < 0) {
      |                                    ^
kernel/lib/libc/unistd.c:507:48: warning: cast from pointer to integer of different size [-Wpointer-to-int-cast]
  507 |     while (syscall2(SYS_nanosleep, (long)&req, (long)&rem) < 0) {
      |                                                ^
kernel/lib/libc/unistd.c: In function 'unlink':
kernel/lib/libc/unistd.c:517:38: warning: cast from pointer to integer of different size [-Wpointer-to-int-cast]
  517 |     return (int)syscall1(SYS_unlink, (long)pathname);
      |                                      ^
kernel/lib/libc/unistd.c: In function 'rename':
kernel/lib/libc/unistd.c:522:38: warning: cast from pointer to integer of different size [-Wpointer-to-int-cast]
  522 |     return (int)syscall2(SYS_rename, (long)oldpath, (long)newpath);
      |                                      ^
kernel/lib/libc/unistd.c:522:53: warning: cast from pointer to integer of different size [-Wpointer-to-int-cast]
  522 |     return (int)syscall2(SYS_rename, (long)oldpath, (long)newpath);
      |                                                     ^
kernel/lib/libc/unistd.c: In function 'mkdir':
kernel/lib/libc/unistd.c:527:37: warning: cast from pointer to integer of different size [-Wpointer-to-int-cast]
  527 |     return (int)syscall2(SYS_mkdir, (long)pathname, mode);
      |                                     ^
kernel/lib/libc/unistd.c:527:53: warning: conversion from 'mode_t' {aka 'long long unsigned int'} to 'long int' may change value [-Wconversion]
  527 |     return (int)syscall2(SYS_mkdir, (long)pathname, mode);
      |                                                     ^~~~
kernel/lib/libc/unistd.c: In function 'rmdir':
kernel/lib/libc/unistd.c:532:37: warning: cast from pointer to integer of different size [-Wpointer-to-int-cast]
  532 |     return (int)syscall1(SYS_rmdir, (long)pathname);
      |                                     ^
kernel/lib/libc/unistd.c: In function 'chmod':
kernel/lib/libc/unistd.c:537:37: warning: cast from pointer to integer of different size [-Wpointer-to-int-cast]
  537 |     return (int)syscall2(SYS_chmod, (long)pathname, mode);
      |                                     ^
kernel/lib/libc/unistd.c:537:53: warning: conversion from 'mode_t' {aka 'long long unsigned int'} to 'long int' may change value [-Wconversion]
  537 |     return (int)syscall2(SYS_chmod, (long)pathname, mode);
      |                                                     ^~~~
kernel/lib/libc/unistd.c: In function 'chown':
kernel/lib/libc/unistd.c:542:37: warning: cast from pointer to integer of different size [-Wpointer-to-int-cast]
  542 |     return (int)syscall3(SYS_chown, (long)pathname, owner, group);
      |                                     ^
kernel/lib/libc/time.c: In function 'bcd_to_bin':
kernel/lib/libc/time.c:34:30: warning: conversion from 'int' to 'uint8_t' {aka 'unsigned char'} may change value [-Wconversion]
   34 |     return ((bcd >> 4) * 10) + (bcd & 0x0F);
      |            ~~~~~~~~~~~~~~~~~~^~~~~~~~~~~~~~
kernel/lib/libc/time.c: In function 'rtc_to_tm':
kernel/lib/libc/time.c:107:16: warning: conversion from 'int' to 'uint8_t' {aka 'unsigned char'} may change value [-Wconversion]
  107 |         hour = ((hour & 0x7F) % 12) + 12;
      |                ^
kernel/lib/libc/time.c: In function 'asctime':
kernel/lib/libc/time.c:229:13: warning: conversion from 'int' to 'char' may change value [-Wconversion]
  229 |     p[8]  = '0' + (tm->tm_mday / 10);
      |             ^~~
kernel/lib/libc/time.c:230:13: warning: conversion from 'int' to 'char' may change value [-Wconversion]
  230 |     p[9]  = '0' + (tm->tm_mday % 10);
      |             ^~~
kernel/lib/libc/time.c:232:13: warning: conversion from 'int' to 'char' may change value [-Wconversion]
  232 |     p[11] = '0' + (tm->tm_hour / 10);
      |             ^~~
kernel/lib/libc/time.c:233:13: warning: conversion from 'int' to 'char' may change value [-Wconversion]
  233 |     p[12] = '0' + (tm->tm_hour % 10);
      |             ^~~
kernel/lib/libc/time.c:235:13: warning: conversion from 'int' to 'char' may change value [-Wconversion]
  235 |     p[14] = '0' + (tm->tm_min / 10);
      |             ^~~
kernel/lib/libc/time.c:236:13: warning: conversion from 'int' to 'char' may change value [-Wconversion]
  236 |     p[15] = '0' + (tm->tm_min % 10);
      |             ^~~
kernel/lib/libc/time.c:238:13: warning: conversion from 'int' to 'char' may change value [-Wconversion]
  238 |     p[17] = '0' + (tm->tm_sec / 10);
      |             ^~~
kernel/lib/libc/time.c:239:13: warning: conversion from 'int' to 'char' may change value [-Wconversion]
  239 |     p[18] = '0' + (tm->tm_sec % 10);
      |             ^~~
kernel/lib/libc/time.c:242:13: warning: conversion from 'int' to 'char' may change value [-Wconversion]
  242 |     p[20] = '0' + (yr / 1000);
      |             ^~~
kernel/lib/libc/time.c:243:13: warning: conversion from 'int' to 'char' may change value [-Wconversion]
  243 |     p[21] = '0' + ((yr / 100) % 10);
      |             ^~~
kernel/lib/libc/time.c:244:13: warning: conversion from 'int' to 'char' may change value [-Wconversion]
  244 |     p[22] = '0' + ((yr / 10) % 10);
      |             ^~~
kernel/lib/libc/time.c:245:13: warning: conversion from 'int' to 'char' may change value [-Wconversion]
  245 |     p[23] = '0' + (yr % 10);
      |             ^~~
kernel/lib/libc/time.c: In function 'strftime':
kernel/lib/libc/time.c:296:26: warning: conversion from 'int' to 'char' may change value [-Wconversion]
  296 |                 tmp[0] = '0' + (tm->tm_mday / 10);
      |                          ^~~
kernel/lib/libc/time.c:297:26: warning: conversion from 'int' to 'char' may change value [-Wconversion]
  297 |                 tmp[1] = '0' + (tm->tm_mday % 10);
      |                          ^~~
kernel/lib/libc/time.c:301:26: warning: conversion from 'int' to 'char' may change value [-Wconversion]
  301 |                 tmp[0] = '0' + (tm->tm_hour / 10);
      |                          ^~~
kernel/lib/libc/time.c:302:26: warning: conversion from 'int' to 'char' may change value [-Wconversion]
  302 |                 tmp[1] = '0' + (tm->tm_hour % 10);
      |                          ^~~
kernel/lib/libc/time.c:306:26: warning: conversion from 'int' to 'char' may change value [-Wconversion]
  306 |                 tmp[0] = '0' + (tm->tm_min / 10);
      |                          ^~~
kernel/lib/libc/time.c:307:26: warning: conversion from 'int' to 'char' may change value [-Wconversion]
  307 |                 tmp[1] = '0' + (tm->tm_min % 10);
      |                          ^~~
kernel/lib/libc/time.c:311:26: warning: conversion from 'int' to 'char' may change value [-Wconversion]
  311 |                 tmp[0] = '0' + ((tm->tm_mon + 1) / 10);
      |                          ^~~
kernel/lib/libc/time.c:312:26: warning: conversion from 'int' to 'char' may change value [-Wconversion]
  312 |                 tmp[1] = '0' + ((tm->tm_mon + 1) % 10);
      |                          ^~~
kernel/lib/libc/time.c:316:26: warning: conversion from 'int' to 'char' may change value [-Wconversion]
  316 |                 tmp[0] = '0' + (tm->tm_sec / 10);
      |                          ^~~
kernel/lib/libc/time.c:317:26: warning: conversion from 'int' to 'char' may change value [-Wconversion]
  317 |                 tmp[1] = '0' + (tm->tm_sec % 10);
      |                          ^~~
kernel/lib/libc/time.c:323:30: warning: conversion from 'int' to 'char' may change value [-Wconversion]
  323 |                     tmp[0] = '0' + (yr / 1000);
      |                              ^~~
kernel/lib/libc/time.c:324:30: warning: conversion from 'int' to 'char' may change value [-Wconversion]
  324 |                     tmp[1] = '0' + ((yr / 100) % 10);
      |                              ^~~
kernel/lib/libc/time.c:325:30: warning: conversion from 'int' to 'char' may change value [-Wconversion]
  325 |                     tmp[2] = '0' + ((yr / 10) % 10);
      |                              ^~~
kernel/lib/libc/time.c:326:30: warning: conversion from 'int' to 'char' may change value [-Wconversion]
  326 |                     tmp[3] = '0' + (yr % 10);
      |                              ^~~
<1> Building kernel/lib/libc/string.c
<0> Building kernel/lib/libc/stdlib.c
In file included from kernel/lib/libc/stdlib.c:3:
include/kapi_syscall.h: In function 'sys_read':
include/kapi_syscall.h:494:38: warning: cast from pointer to integer of different size [-Wpointer-to-int-cast]
  494 | { return kapi_syscall3(SYS_read, fd, (long)buf, count); }
      |                                      ^
include/kapi_syscall.h:494:49: warning: conversion from 'size_t' {aka 'long long unsigned int'} to 'long int' may change value [-Wconversion]
  494 | { return kapi_syscall3(SYS_read, fd, (long)buf, count); }
      |                                                 ^~~~~
include/kapi_syscall.h: In function 'sys_write':
include/kapi_syscall.h:497:39: warning: cast from pointer to integer of different size [-Wpointer-to-int-cast]
  497 | { return kapi_syscall3(SYS_write, fd, (long)buf, count); }
      |                                       ^
include/kapi_syscall.h:497:50: warning: conversion from 'size_t' {aka 'long long unsigned int'} to 'long int' may change value [-Wconversion]
  497 | { return kapi_syscall3(SYS_write, fd, (long)buf, count); }
      |                                                  ^~~~~
include/kapi_syscall.h: In function 'sys_open':
include/kapi_syscall.h:500:34: warning: cast from pointer to integer of different size [-Wpointer-to-int-cast]
  500 | { return kapi_syscall3(SYS_open, (long)pathname, flags, mode); }
      |                                  ^
include/kapi_syscall.h: In function 'sys_mmap':
include/kapi_syscall.h:509:34: warning: cast from pointer to integer of different size [-Wpointer-to-int-cast]
  509 | { return kapi_syscall6(SYS_mmap, (long)addr, length, prot, flags, fd, offset); }
      |                                  ^
include/kapi_syscall.h:509:46: warning: conversion from 'size_t' {aka 'long long unsigned int'} to 'long int' may change value [-Wconversion]
  509 | { return kapi_syscall6(SYS_mmap, (long)addr, length, prot, flags, fd, offset); }
      |                                              ^~~~~~
include/kapi_syscall.h: In function 'sys_munmap':
include/kapi_syscall.h:512:36: warning: cast from pointer to integer of different size [-Wpointer-to-int-cast]
  512 | { return kapi_syscall2(SYS_munmap, (long)addr, length); }
      |                                    ^
include/kapi_syscall.h:512:48: warning: conversion from 'size_t' {aka 'long long unsigned int'} to 'long int' may change value [-Wconversion]
  512 | { return kapi_syscall2(SYS_munmap, (long)addr, length); }
      |                                                ^~~~~~
include/kapi_syscall.h: In function 'sys_mprotect':
include/kapi_syscall.h:515:38: warning: cast from pointer to integer of different size [-Wpointer-to-int-cast]
  515 | { return kapi_syscall3(SYS_mprotect, (long)addr, len, prot); }
      |                                      ^
include/kapi_syscall.h:515:50: warning: conversion from 'size_t' {aka 'long long unsigned int'} to 'long int' may change value [-Wconversion]
  515 | { return kapi_syscall3(SYS_mprotect, (long)addr, len, prot); }
      |                                                  ^~~
include/kapi_syscall.h: In function 'sys_brk':
include/kapi_syscall.h:518:33: warning: cast from pointer to integer of different size [-Wpointer-to-int-cast]
  518 | { return kapi_syscall1(SYS_brk, (long)addr); }
      |                                 ^
include/kapi_syscall.h: In function 'sys_clone':
include/kapi_syscall.h:527:42: warning: cast from pointer to integer of different size [-Wpointer-to-int-cast]
  527 | { return kapi_syscall5(SYS_clone, flags, (long)stack, (long)ptid, (long)ctid, tls); }
      |                                          ^
include/kapi_syscall.h:527:55: warning: cast from pointer to integer of different size [-Wpointer-to-int-cast]
  527 | { return kapi_syscall5(SYS_clone, flags, (long)stack, (long)ptid, (long)ctid, tls); }
      |                                                       ^
include/kapi_syscall.h:527:67: warning: cast from pointer to integer of different size [-Wpointer-to-int-cast]
  527 | { return kapi_syscall5(SYS_clone, flags, (long)stack, (long)ptid, (long)ctid, tls); }
      |                                                                   ^
include/kapi_syscall.h:527:35: warning: conversion to 'long int' from 'long unsigned int' may change the sign of the result [-Wsign-conversion]
  527 | { return kapi_syscall5(SYS_clone, flags, (long)stack, (long)ptid, (long)ctid, tls); }
      |                                   ^~~~~
include/kapi_syscall.h:527:79: warning: conversion to 'long int' from 'long unsigned int' may change the sign of the result [-Wsign-conversion]
  527 | { return kapi_syscall5(SYS_clone, flags, (long)stack, (long)ptid, (long)ctid, tls); }
      |                                                                               ^~~
include/kapi_syscall.h: In function 'sys_execve':
include/kapi_syscall.h:530:36: warning: cast from pointer to integer of different size [-Wpointer-to-int-cast]
  530 | { return kapi_syscall3(SYS_execve, (long)filename, (long)argv, (long)envp); }
      |                                    ^
include/kapi_syscall.h:530:52: warning: cast from pointer to integer of different size [-Wpointer-to-int-cast]
  530 | { return kapi_syscall3(SYS_execve, (long)filename, (long)argv, (long)envp); }
      |                                                    ^
include/kapi_syscall.h:530:64: warning: cast from pointer to integer of different size [-Wpointer-to-int-cast]
  530 | { return kapi_syscall3(SYS_execve, (long)filename, (long)argv, (long)envp); }
      |                                                                ^
include/kapi_syscall.h: In function 'sys_wait4':
include/kapi_syscall.h:539:40: warning: cast from pointer to integer of different size [-Wpointer-to-int-cast]
  539 | { return kapi_syscall4(SYS_wait4, pid, (long)wstatus, options, (long)rusage); }
      |                                        ^
include/kapi_syscall.h:539:64: warning: cast from pointer to integer of different size [-Wpointer-to-int-cast]
  539 | { return kapi_syscall4(SYS_wait4, pid, (long)wstatus, options, (long)rusage); }
      |                                                                ^
include/kapi_syscall.h: In function 'sys_stat':
include/kapi_syscall.h:554:34: warning: cast from pointer to integer of different size [-Wpointer-to-int-cast]
  554 | { return kapi_syscall2(SYS_stat, (long)pathname, (long)statbuf); }
      |                                  ^
include/kapi_syscall.h:554:50: warning: cast from pointer to integer of different size [-Wpointer-to-int-cast]
  554 | { return kapi_syscall2(SYS_stat, (long)pathname, (long)statbuf); }
      |                                                  ^
include/kapi_syscall.h: In function 'sys_fstat':
include/kapi_syscall.h:557:39: warning: cast from pointer to integer of different size [-Wpointer-to-int-cast]
  557 | { return kapi_syscall2(SYS_fstat, fd, (long)statbuf); }
      |                                       ^
include/kapi_syscall.h: In function 'sys_lstat':
include/kapi_syscall.h:560:35: warning: cast from pointer to integer of different size [-Wpointer-to-int-cast]
  560 | { return kapi_syscall2(SYS_lstat, (long)pathname, (long)statbuf); }
      |                                   ^
include/kapi_syscall.h:560:51: warning: cast from pointer to integer of different size [-Wpointer-to-int-cast]
  560 | { return kapi_syscall2(SYS_lstat, (long)pathname, (long)statbuf); }
      |                                                   ^
include/kapi_syscall.h: In function 'sys_access':
include/kapi_syscall.h:563:36: warning: cast from pointer to integer of different size [-Wpointer-to-int-cast]
  563 | { return kapi_syscall2(SYS_access, (long)pathname, mode); }
      |                                    ^
include/kapi_syscall.h: In function 'sys_chdir':
include/kapi_syscall.h:566:35: warning: cast from pointer to integer of different size [-Wpointer-to-int-cast]
  566 | { return kapi_syscall1(SYS_chdir, (long)path); }
      |                                   ^
include/kapi_syscall.h: In function 'sys_getcwd':
include/kapi_syscall.h:569:36: warning: cast from pointer to integer of different size [-Wpointer-to-int-cast]
  569 | { return kapi_syscall2(SYS_getcwd, (long)buf, size); }
      |                                    ^
include/kapi_syscall.h:569:47: warning: conversion from 'size_t' {aka 'long long unsigned int'} to 'long int' may change value [-Wconversion]
  569 | { return kapi_syscall2(SYS_getcwd, (long)buf, size); }
      |                                               ^~~~
include/kapi_syscall.h: In function 'sys_mkdir':
include/kapi_syscall.h:572:35: warning: cast from pointer to integer of different size [-Wpointer-to-int-cast]
  572 | { return kapi_syscall2(SYS_mkdir, (long)pathname, mode); }
      |                                   ^
include/kapi_syscall.h: In function 'sys_rmdir':
include/kapi_syscall.h:575:35: warning: cast from pointer to integer of different size [-Wpointer-to-int-cast]
  575 | { return kapi_syscall1(SYS_rmdir, (long)pathname); }
      |                                   ^
include/kapi_syscall.h: In function 'sys_unlink':
include/kapi_syscall.h:578:36: warning: cast from pointer to integer of different size [-Wpointer-to-int-cast]
  578 | { return kapi_syscall1(SYS_unlink, (long)pathname); }
      |                                    ^
include/kapi_syscall.h: In function 'sys_rename':
include/kapi_syscall.h:581:36: warning: cast from pointer to integer of different size [-Wpointer-to-int-cast]
  581 | { return kapi_syscall2(SYS_rename, (long)oldpath, (long)newpath); }
      |                                    ^
include/kapi_syscall.h:581:51: warning: cast from pointer to integer of different size [-Wpointer-to-int-cast]
  581 | { return kapi_syscall2(SYS_rename, (long)oldpath, (long)newpath); }
      |                                                   ^
include/kapi_syscall.h: In function 'sys_creat':
include/kapi_syscall.h:584:35: warning: cast from pointer to integer of different size [-Wpointer-to-int-cast]
  584 | { return kapi_syscall2(SYS_creat, (long)pathname, mode); }
      |                                   ^
include/kapi_syscall.h: In function 'sys_link':
include/kapi_syscall.h:587:34: warning: cast from pointer to integer of different size [-Wpointer-to-int-cast]
  587 | { return kapi_syscall2(SYS_link, (long)oldpath, (long)newpath); }
      |                                  ^
include/kapi_syscall.h:587:49: warning: cast from pointer to integer of different size [-Wpointer-to-int-cast]
  587 | { return kapi_syscall2(SYS_link, (long)oldpath, (long)newpath); }
      |                                                 ^
include/kapi_syscall.h: In function 'sys_symlink':
include/kapi_syscall.h:590:37: warning: cast from pointer to integer of different size [-Wpointer-to-int-cast]
  590 | { return kapi_syscall2(SYS_symlink, (long)target, (long)linkpath); }
      |                                     ^
include/kapi_syscall.h:590:51: warning: cast from pointer to integer of different size [-Wpointer-to-int-cast]
  590 | { return kapi_syscall2(SYS_symlink, (long)target, (long)linkpath); }
      |                                                   ^
include/kapi_syscall.h: In function 'sys_readlink':
include/kapi_syscall.h:593:38: warning: cast from pointer to integer of different size [-Wpointer-to-int-cast]
  593 | { return kapi_syscall3(SYS_readlink, (long)pathname, (long)buf, bufsiz); }
      |                                      ^
include/kapi_syscall.h:593:54: warning: cast from pointer to integer of different size [-Wpointer-to-int-cast]
  593 | { return kapi_syscall3(SYS_readlink, (long)pathname, (long)buf, bufsiz); }
      |                                                      ^
include/kapi_syscall.h:593:65: warning: conversion from 'size_t' {aka 'long long unsigned int'} to 'long int' may change value [-Wconversion]
  593 | { return kapi_syscall3(SYS_readlink, (long)pathname, (long)buf, bufsiz); }
      |                                                                 ^~~~~~
include/kapi_syscall.h: In function 'sys_chmod':
include/kapi_syscall.h:596:35: warning: cast from pointer to integer of different size [-Wpointer-to-int-cast]
  596 | { return kapi_syscall2(SYS_chmod, (long)pathname, mode); }
      |                                   ^
include/kapi_syscall.h: In function 'sys_chown':
include/kapi_syscall.h:599:35: warning: cast from pointer to integer of different size [-Wpointer-to-int-cast]
  599 | { return kapi_syscall3(SYS_chown, (long)pathname, owner, group); }
      |                                   ^
include/kapi_syscall.h: In function 'sys_truncate':
include/kapi_syscall.h:602:38: warning: cast from pointer to integer of different size [-Wpointer-to-int-cast]
  602 | { return kapi_syscall2(SYS_truncate, (long)path, length); }
      |                                      ^
include/kapi_syscall.h: In function 'sys_pipe':
include/kapi_syscall.h:626:34: warning: cast from pointer to integer of different size [-Wpointer-to-int-cast]
  626 | { return kapi_syscall1(SYS_pipe, (long)pipefd); }
      |                                  ^
include/kapi_syscall.h: In function 'sys_pipe2':
include/kapi_syscall.h:629:35: warning: cast from pointer to integer of different size [-Wpointer-to-int-cast]
  629 | { return kapi_syscall2(SYS_pipe2, (long)pipefd, flags); }
      |                                   ^
include/kapi_syscall.h: In function 'sys_mount':
include/kapi_syscall.h:634:35: warning: cast from pointer to integer of different size [-Wpointer-to-int-cast]
  634 | { return kapi_syscall5(SYS_mount, (long)source, (long)target, (long)filesystemtype, mountflags, (long)data); }
      |                                   ^
include/kapi_syscall.h:634:49: warning: cast from pointer to integer of different size [-Wpointer-to-int-cast]
  634 | { return kapi_syscall5(SYS_mount, (long)source, (long)target, (long)filesystemtype, mountflags, (long)data); }
      |                                                 ^
include/kapi_syscall.h:634:63: warning: cast from pointer to integer of different size [-Wpointer-to-int-cast]
  634 | { return kapi_syscall5(SYS_mount, (long)source, (long)target, (long)filesystemtype, mountflags, (long)data); }
      |                                                               ^
include/kapi_syscall.h:634:97: warning: cast from pointer to integer of different size [-Wpointer-to-int-cast]
  634 | { return kapi_syscall5(SYS_mount, (long)source, (long)target, (long)filesystemtype, mountflags, (long)data); }
      |                                                                                                 ^
include/kapi_syscall.h:634:85: warning: conversion to 'long int' from 'long unsigned int' may change the sign of the result [-Wsign-conversion]
  634 | { return kapi_syscall5(SYS_mount, (long)source, (long)target, (long)filesystemtype, mountflags, (long)data); }
      |                                                                                     ^~~~~~~~~~
include/kapi_syscall.h: In function 'sys_umount2':
include/kapi_syscall.h:637:37: warning: cast from pointer to integer of different size [-Wpointer-to-int-cast]
  637 | { return kapi_syscall2(SYS_umount2, (long)target, flags); }
      |                                     ^
include/kapi_syscall.h: In function 'sys_swapon':
include/kapi_syscall.h:640:36: warning: cast from pointer to integer of different size [-Wpointer-to-int-cast]
  640 | { return kapi_syscall2(SYS_swapon, (long)path, swapflags); }
      |                                    ^
include/kapi_syscall.h: In function 'sys_swapoff':
include/kapi_syscall.h:643:37: warning: cast from pointer to integer of different size [-Wpointer-to-int-cast]
  643 | { return kapi_syscall1(SYS_swapoff, (long)path); }
      |                                     ^
include/kapi_syscall.h: In function 'sys_nanosleep':
include/kapi_syscall.h:646:39: warning: cast from pointer to integer of different size [-Wpointer-to-int-cast]
  646 | { return kapi_syscall2(SYS_nanosleep, (long)req, (long)rem); }
      |                                       ^
include/kapi_syscall.h:646:50: warning: cast from pointer to integer of different size [-Wpointer-to-int-cast]
  646 | { return kapi_syscall2(SYS_nanosleep, (long)req, (long)rem); }
      |                                                  ^
include/kapi_syscall.h: In function 'sys_gettimeofday':
include/kapi_syscall.h:649:42: warning: cast from pointer to integer of different size [-Wpointer-to-int-cast]
  649 | { return kapi_syscall2(SYS_gettimeofday, (long)tv, (long)tz); }
      |                                          ^
include/kapi_syscall.h:649:52: warning: cast from pointer to integer of different size [-Wpointer-to-int-cast]
  649 | { return kapi_syscall2(SYS_gettimeofday, (long)tv, (long)tz); }
      |                                                    ^
include/kapi_syscall.h: In function 'sys_settimeofday':
include/kapi_syscall.h:652:42: warning: cast from pointer to integer of different size [-Wpointer-to-int-cast]
  652 | { return kapi_syscall2(SYS_settimeofday, (long)tv, (long)tz); }
      |                                          ^
include/kapi_syscall.h:652:52: warning: cast from pointer to integer of different size [-Wpointer-to-int-cast]
  652 | { return kapi_syscall2(SYS_settimeofday, (long)tv, (long)tz); }
      |                                                    ^
include/kapi_syscall.h: In function 'sys_time':
include/kapi_syscall.h:655:34: warning: cast from pointer to integer of different size [-Wpointer-to-int-cast]
  655 | { return kapi_syscall1(SYS_time, (long)tloc); }
      |                                  ^
include/kapi_syscall.h: In function 'sys_clock_gettime':
include/kapi_syscall.h:658:51: warning: cast from pointer to integer of different size [-Wpointer-to-int-cast]
  658 | { return kapi_syscall2(SYS_clock_gettime, clk_id, (long)tp); }
      |                                                   ^
include/kapi_syscall.h: In function 'sys_clock_settime':
include/kapi_syscall.h:661:51: warning: cast from pointer to integer of different size [-Wpointer-to-int-cast]
  661 | { return kapi_syscall2(SYS_clock_settime, clk_id, (long)tp); }
      |                                                   ^
include/kapi_syscall.h: In function 'sys_clock_nanosleep':
include/kapi_syscall.h:664:60: warning: cast from pointer to integer of different size [-Wpointer-to-int-cast]
  664 | { return kapi_syscall4(SYS_clock_nanosleep, clk_id, flags, (long)req, (long)rem); }
      |                                                            ^
include/kapi_syscall.h:664:71: warning: cast from pointer to integer of different size [-Wpointer-to-int-cast]
  664 | { return kapi_syscall4(SYS_clock_nanosleep, clk_id, flags, (long)req, (long)rem); }
      |                                                                       ^
include/kapi_syscall.h: In function 'sys_rt_sigaction':
include/kapi_syscall.h:667:47: warning: cast from pointer to integer of different size [-Wpointer-to-int-cast]
  667 | { return kapi_syscall4(SYS_rt_sigaction, sig, (long)act, (long)oact, sigsetsize); }
      |                                               ^
include/kapi_syscall.h:667:58: warning: cast from pointer to integer of different size [-Wpointer-to-int-cast]
  667 | { return kapi_syscall4(SYS_rt_sigaction, sig, (long)act, (long)oact, sigsetsize); }
      |                                                          ^
include/kapi_syscall.h:667:70: warning: conversion from 'size_t' {aka 'long long unsigned int'} to 'long int' may change value [-Wconversion]
  667 | { return kapi_syscall4(SYS_rt_sigaction, sig, (long)act, (long)oact, sigsetsize); }
      |                                                                      ^~~~~~~~~~
include/kapi_syscall.h: In function 'sys_rt_sigprocmask':
include/kapi_syscall.h:670:49: warning: cast from pointer to integer of different size [-Wpointer-to-int-cast]
  670 | { return kapi_syscall4(SYS_rt_sigprocmask, how, (long)set, (long)oldset, sigsetsize); }
      |                                                 ^
include/kapi_syscall.h:670:60: warning: cast from pointer to integer of different size [-Wpointer-to-int-cast]
  670 | { return kapi_syscall4(SYS_rt_sigprocmask, how, (long)set, (long)oldset, sigsetsize); }
      |                                                            ^
include/kapi_syscall.h:670:74: warning: conversion from 'size_t' {aka 'long long unsigned int'} to 'long int' may change value [-Wconversion]
  670 | { return kapi_syscall4(SYS_rt_sigprocmask, how, (long)set, (long)oldset, sigsetsize); }
      |                                                                          ^~~~~~~~~~
include/kapi_syscall.h: In function 'sys_ioctl':
include/kapi_syscall.h:679:39: warning: conversion to 'long int' from 'long unsigned int' may change the sign of the result [-Wsign-conversion]
  679 | { return kapi_syscall3(SYS_ioctl, fd, request, arg); }
      |                                       ^~~~~~~
include/kapi_syscall.h: In function 'sys_pread64':
include/kapi_syscall.h:682:41: warning: cast from pointer to integer of different size [-Wpointer-to-int-cast]
  682 | { return kapi_syscall4(SYS_pread64, fd, (long)buf, count, offset); }
      |                                         ^
include/kapi_syscall.h:682:52: warning: conversion from 'size_t' {aka 'long long unsigned int'} to 'long int' may change value [-Wconversion]
  682 | { return kapi_syscall4(SYS_pread64, fd, (long)buf, count, offset); }
      |                                                    ^~~~~
include/kapi_syscall.h: In function 'sys_pwrite64':
include/kapi_syscall.h:685:42: warning: cast from pointer to integer of different size [-Wpointer-to-int-cast]
  685 | { return kapi_syscall4(SYS_pwrite64, fd, (long)buf, count, offset); }
      |                                          ^
include/kapi_syscall.h:685:53: warning: conversion from 'size_t' {aka 'long long unsigned int'} to 'long int' may change value [-Wconversion]
  685 | { return kapi_syscall4(SYS_pwrite64, fd, (long)buf, count, offset); }
      |                                                     ^~~~~
include/kapi_syscall.h: In function 'sys_readv':
include/kapi_syscall.h:688:39: warning: cast from pointer to integer of different size [-Wpointer-to-int-cast]
  688 | { return kapi_syscall3(SYS_readv, fd, (long)iov, iovcnt); }
      |                                       ^
include/kapi_syscall.h: In function 'sys_writev':
include/kapi_syscall.h:691:40: warning: cast from pointer to integer of different size [-Wpointer-to-int-cast]
  691 | { return kapi_syscall3(SYS_writev, fd, (long)iov, iovcnt); }
      |                                        ^
include/kapi_syscall.h: In function 'sys_getdents':
include/kapi_syscall.h:694:42: warning: cast from pointer to integer of different size [-Wpointer-to-int-cast]
  694 | { return kapi_syscall3(SYS_getdents, fd, (long)dirp, count); }
      |                                          ^
include/kapi_syscall.h:694:54: warning: conversion to 'long int' from 'unsigned int' may change the sign of the result [-Wsign-conversion]
  694 | { return kapi_syscall3(SYS_getdents, fd, (long)dirp, count); }
      |                                                      ^~~~~
include/kapi_syscall.h: In function 'sys_getdents64':
include/kapi_syscall.h:697:44: warning: cast from pointer to integer of different size [-Wpointer-to-int-cast]
  697 | { return kapi_syscall3(SYS_getdents64, fd, (long)dirp, count); }
      |                                            ^
include/kapi_syscall.h:697:56: warning: conversion to 'long int' from 'unsigned int' may change the sign of the result [-Wsign-conversion]
  697 | { return kapi_syscall3(SYS_getdents64, fd, (long)dirp, count); }
      |                                                        ^~~~~
include/kapi_syscall.h: In function 'sys_getgroups':
include/kapi_syscall.h:718:45: warning: cast from pointer to integer of different size [-Wpointer-to-int-cast]
  718 | { return kapi_syscall2(SYS_getgroups, size, (long)list); }
      |                                             ^
include/kapi_syscall.h: In function 'sys_setgroups':
include/kapi_syscall.h:721:45: warning: cast from pointer to integer of different size [-Wpointer-to-int-cast]
  721 | { return kapi_syscall2(SYS_setgroups, size, (long)list); }
      |                                             ^
include/kapi_syscall.h: In function 'sys_uname':
include/kapi_syscall.h:724:35: warning: cast from pointer to integer of different size [-Wpointer-to-int-cast]
  724 | { return kapi_syscall1(SYS_uname, (long)buf); }
      |                                   ^
include/kapi_syscall.h: In function 'sys_sysinfo':
include/kapi_syscall.h:727:37: warning: cast from pointer to integer of different size [-Wpointer-to-int-cast]
  727 | { return kapi_syscall1(SYS_sysinfo, (long)info); }
      |                                     ^
include/kapi_syscall.h: In function 'sys_getrlimit':
include/kapi_syscall.h:730:49: warning: cast from pointer to integer of different size [-Wpointer-to-int-cast]
  730 | { return kapi_syscall2(SYS_getrlimit, resource, (long)rlim); }
      |                                                 ^
include/kapi_syscall.h: In function 'sys_setrlimit':
include/kapi_syscall.h:733:49: warning: cast from pointer to integer of different size [-Wpointer-to-int-cast]
  733 | { return kapi_syscall2(SYS_setrlimit, resource, (long)rlim); }
      |                                                 ^
include/kapi_syscall.h: In function 'sys_getrusage':
include/kapi_syscall.h:736:44: warning: cast from pointer to integer of different size [-Wpointer-to-int-cast]
  736 | { return kapi_syscall2(SYS_getrusage, who, (long)usage); }
      |                                            ^
include/kapi_syscall.h: In function 'sys_times':
include/kapi_syscall.h:739:35: warning: cast from pointer to integer of different size [-Wpointer-to-int-cast]
  739 | { return kapi_syscall1(SYS_times, (long)tbuf); }
      |                                   ^
include/kapi_syscall.h: In function 'sys_reboot':
include/kapi_syscall.h:754:57: warning: cast from pointer to integer of different size [-Wpointer-to-int-cast]
  754 | { return kapi_syscall4(SYS_reboot, magic1, magic2, cmd, (long)arg); }
      |                                                         ^
include/kapi_syscall.h: In function 'sys_chroot':
include/kapi_syscall.h:757:36: warning: cast from pointer to integer of different size [-Wpointer-to-int-cast]
  757 | { return kapi_syscall1(SYS_chroot, (long)path); }
      |                                    ^
include/kapi_syscall.h: In function 'sys_sethostname':
include/kapi_syscall.h:760:41: warning: cast from pointer to integer of different size [-Wpointer-to-int-cast]
  760 | { return kapi_syscall2(SYS_sethostname, (long)name, len); }
      |                                         ^
include/kapi_syscall.h: In function 'sys_setdomainname':
include/kapi_syscall.h:763:43: warning: cast from pointer to integer of different size [-Wpointer-to-int-cast]
  763 | { return kapi_syscall2(SYS_setdomainname, (long)name, len); }
      |                                           ^
include/kapi_syscall.h: In function 'sys_init_module':
include/kapi_syscall.h:766:41: warning: cast from pointer to integer of different size [-Wpointer-to-int-cast]
  766 | { return kapi_syscall3(SYS_init_module, (long)module_image, len, (long)param_values); }
      |                                         ^
include/kapi_syscall.h:766:66: warning: cast from pointer to integer of different size [-Wpointer-to-int-cast]
  766 | { return kapi_syscall3(SYS_init_module, (long)module_image, len, (long)param_values); }
      |                                                                  ^
include/kapi_syscall.h:766:61: warning: conversion to 'long int' from 'long unsigned int' may change the sign of the result [-Wsign-conversion]
  766 | { return kapi_syscall3(SYS_init_module, (long)module_image, len, (long)param_values); }
      |                                                             ^~~
include/kapi_syscall.h: In function 'sys_delete_module':
include/kapi_syscall.h:769:43: warning: cast from pointer to integer of different size [-Wpointer-to-int-cast]
  769 | { return kapi_syscall2(SYS_delete_module, (long)name, flags); }
      |                                           ^
include/kapi_syscall.h:769:55: warning: conversion to 'long int' from 'unsigned int' may change the sign of the result [-Wsign-conversion]
  769 | { return kapi_syscall2(SYS_delete_module, (long)name, flags); }
      |                                                       ^~~~~
include/kapi_syscall.h: In function 'sys_finit_module':
include/kapi_syscall.h:772:46: warning: cast from pointer to integer of different size [-Wpointer-to-int-cast]
  772 | { return kapi_syscall3(SYS_finit_module, fd, (long)param_values, flags); }
      |                                              ^
<2> Building kernel/lib/libc/stdio.c
<3> Building kernel/lib/libc/signal.c
<2> Building kernel/lib/libc/setjmp.c
kernel/lib/libc/signal.c: In function 'signal':
kernel/lib/libc/signal.c:66:51: warning: cast from pointer to integer of different size [-Wpointer-to-int-cast]
   66 |     long ret = syscall4(SYS_rt_sigaction, signum, (long)&act, (long)&oldact, SIGSET_SIZE);
      |                                                   ^
kernel/lib/libc/signal.c:66:63: warning: cast from pointer to integer of different size [-Wpointer-to-int-cast]
   66 |     long ret = syscall4(SYS_rt_sigaction, signum, (long)&act, (long)&oldact, SIGSET_SIZE);
      |                                                               ^
<1> Building kernel/lib/libc/math.c
<0> Building kernel/lib/libc/errno.c
kernel/lib/libc/setjmp.c: In function 'setjmp':
kernel/lib/libc/setjmp.c:3:20: warning: unused parameter 'env' [-Wunused-parameter]
    3 | int setjmp(jmp_buf env)
      |            ~~~~~~~~^~~
kernel/lib/libc/setjmp.c: In function 'longjmp':
kernel/lib/libc/setjmp.c:8:22: warning: unused parameter 'env' [-Wunused-parameter]
    8 | void longjmp(jmp_buf env, int val)
      |              ~~~~~~~~^~~
kernel/lib/libc/setjmp.c:8:31: warning: unused parameter 'val' [-Wunused-parameter]
    8 | void longjmp(jmp_buf env, int val)
      |                           ~~~~^~~
kernel/lib/libc/math.c: In function 'exp':
kernel/lib/libc/math.c:174:22: warning: conversion from 'long long int' to 'double' may change value [-Wconversion]
  174 |     double r = x - k * 0.69314718055994530942;
      |                      ^
kernel/lib/libc/math.c: In function 'log':
kernel/lib/libc/math.c:210:18: warning: conversion from 'long long int' to 'double' may change value [-Wconversion]
  210 |     return y + k * 0.69314718055994530942;
      |                  ^
kernel/lib/libc/math.c: At top level:
kernel/lib/libc/math.c:8:21: warning: 'E' defined but not used [-Wunused-const-variable=]
    8 | static const double E       = 2.71828182845904523536;
      |                     ^
-- Enter folder kernel/kernel --
<3> Building kernel/kernel/workqueue.c
<2> Building kernel/kernel/wait.c
kernel/kernel/workqueue.c: In function '__tasklet_add':
kernel/kernel/workqueue.c:216:22: warning: conversion to 'int' from 'uint32_t' {aka 'unsigned int'} may change the sign of the result [-Wsign-conversion]
  216 |         for (int i = tasklet_count; i > 0; i--) {
      |                      ^~~~~~~~~~~~~
<0> Building kernel/kernel/unixsock.c
kernel/kernel/unixsock.c: In function 'ring_write':
kernel/kernel/unixsock.c:62:21: warning: unused variable 'to_copy' [-Wunused-variable]
   62 |     uint32_t space, to_copy, contiguous, first_chunk;
      |                     ^~~~~~~
kernel/kernel/unixsock.c:59:38: warning: unused parameter 'rpos' [-Wunused-parameter]
   59 |                            uint32_t* rpos, uint32_t* wpos, uint32_t* bytes,
      |                            ~~~~~~~~~~^~~~
kernel/kernel/unixsock.c: In function 'ring_read':
kernel/kernel/unixsock.c:89:14: warning: unused variable 'to_copy' [-Wunused-variable]
   89 |     uint32_t to_copy, contiguous, first_chunk;
      |              ^~~~~~~
kernel/kernel/unixsock.c:86:53: warning: unused parameter 'wpos' [-Wunused-parameter]
   86 |                           uint32_t* rpos, uint32_t* wpos, uint32_t* bytes,
      |                                           ~~~~~~~~~~^~~~
<2> Building kernel/kernel/timer.c
<1> Building kernel/kernel/sysfs.c
<3> Building kernel/kernel/syscall.c
In file included from kernel/kernel/syscall.c:2:
include/kapi_syscall.h: In function 'sys_read':
include/kapi_syscall.h:494:38: warning: cast from pointer to integer of different size [-Wpointer-to-int-cast]
  494 | { return kapi_syscall3(SYS_read, fd, (long)buf, count); }
      |                                      ^
include/kapi_syscall.h:494:49: warning: conversion from 'size_t' {aka 'long long unsigned int'} to 'long int' may change value [-Wconversion]
  494 | { return kapi_syscall3(SYS_read, fd, (long)buf, count); }
      |                                                 ^~~~~
include/kapi_syscall.h: In function 'sys_write':
include/kapi_syscall.h:497:39: warning: cast from pointer to integer of different size [-Wpointer-to-int-cast]
  497 | { return kapi_syscall3(SYS_write, fd, (long)buf, count); }
      |                                       ^
include/kapi_syscall.h:497:50: warning: conversion from 'size_t' {aka 'long long unsigned int'} to 'long int' may change value [-Wconversion]
  497 | { return kapi_syscall3(SYS_write, fd, (long)buf, count); }
      |                                                  ^~~~~
include/kapi_syscall.h: In function 'sys_open':
include/kapi_syscall.h:500:34: warning: cast from pointer to integer of different size [-Wpointer-to-int-cast]
  500 | { return kapi_syscall3(SYS_open, (long)pathname, flags, mode); }
      |                                  ^
include/kapi_syscall.h: In function 'sys_mmap':
include/kapi_syscall.h:509:34: warning: cast from pointer to integer of different size [-Wpointer-to-int-cast]
  509 | { return kapi_syscall6(SYS_mmap, (long)addr, length, prot, flags, fd, offset); }
      |                                  ^
include/kapi_syscall.h:509:46: warning: conversion from 'size_t' {aka 'long long unsigned int'} to 'long int' may change value [-Wconversion]
  509 | { return kapi_syscall6(SYS_mmap, (long)addr, length, prot, flags, fd, offset); }
      |                                              ^~~~~~
include/kapi_syscall.h: In function 'sys_munmap':
include/kapi_syscall.h:512:36: warning: cast from pointer to integer of different size [-Wpointer-to-int-cast]
  512 | { return kapi_syscall2(SYS_munmap, (long)addr, length); }
      |                                    ^
include/kapi_syscall.h:512:48: warning: conversion from 'size_t' {aka 'long long unsigned int'} to 'long int' may change value [-Wconversion]
  512 | { return kapi_syscall2(SYS_munmap, (long)addr, length); }
      |                                                ^~~~~~
include/kapi_syscall.h: In function 'sys_mprotect':
include/kapi_syscall.h:515:38: warning: cast from pointer to integer of different size [-Wpointer-to-int-cast]
  515 | { return kapi_syscall3(SYS_mprotect, (long)addr, len, prot); }
      |                                      ^
include/kapi_syscall.h:515:50: warning: conversion from 'size_t' {aka 'long long unsigned int'} to 'long int' may change value [-Wconversion]
  515 | { return kapi_syscall3(SYS_mprotect, (long)addr, len, prot); }
      |                                                  ^~~
include/kapi_syscall.h: In function 'sys_brk':
include/kapi_syscall.h:518:33: warning: cast from pointer to integer of different size [-Wpointer-to-int-cast]
  518 | { return kapi_syscall1(SYS_brk, (long)addr); }
      |                                 ^
include/kapi_syscall.h: In function 'sys_clone':
include/kapi_syscall.h:527:42: warning: cast from pointer to integer of different size [-Wpointer-to-int-cast]
  527 | { return kapi_syscall5(SYS_clone, flags, (long)stack, (long)ptid, (long)ctid, tls); }
      |                                          ^
include/kapi_syscall.h:527:55: warning: cast from pointer to integer of different size [-Wpointer-to-int-cast]
  527 | { return kapi_syscall5(SYS_clone, flags, (long)stack, (long)ptid, (long)ctid, tls); }
      |                                                       ^
include/kapi_syscall.h:527:67: warning: cast from pointer to integer of different size [-Wpointer-to-int-cast]
  527 | { return kapi_syscall5(SYS_clone, flags, (long)stack, (long)ptid, (long)ctid, tls); }
      |                                                                   ^
include/kapi_syscall.h:527:35: warning: conversion to 'long int' from 'long unsigned int' may change the sign of the result [-Wsign-conversion]
  527 | { return kapi_syscall5(SYS_clone, flags, (long)stack, (long)ptid, (long)ctid, tls); }
      |                                   ^~~~~
include/kapi_syscall.h:527:79: warning: conversion to 'long int' from 'long unsigned int' may change the sign of the result [-Wsign-conversion]
  527 | { return kapi_syscall5(SYS_clone, flags, (long)stack, (long)ptid, (long)ctid, tls); }
      |                                                                               ^~~
include/kapi_syscall.h: In function 'sys_execve':
include/kapi_syscall.h:530:36: warning: cast from pointer to integer of different size [-Wpointer-to-int-cast]
  530 | { return kapi_syscall3(SYS_execve, (long)filename, (long)argv, (long)envp); }
      |                                    ^
include/kapi_syscall.h:530:52: warning: cast from pointer to integer of different size [-Wpointer-to-int-cast]
  530 | { return kapi_syscall3(SYS_execve, (long)filename, (long)argv, (long)envp); }
      |                                                    ^
include/kapi_syscall.h:530:64: warning: cast from pointer to integer of different size [-Wpointer-to-int-cast]
  530 | { return kapi_syscall3(SYS_execve, (long)filename, (long)argv, (long)envp); }
      |                                                                ^
include/kapi_syscall.h: In function 'sys_wait4':
include/kapi_syscall.h:539:40: warning: cast from pointer to integer of different size [-Wpointer-to-int-cast]
  539 | { return kapi_syscall4(SYS_wait4, pid, (long)wstatus, options, (long)rusage); }
      |                                        ^
include/kapi_syscall.h:539:64: warning: cast from pointer to integer of different size [-Wpointer-to-int-cast]
  539 | { return kapi_syscall4(SYS_wait4, pid, (long)wstatus, options, (long)rusage); }
      |                                                                ^
include/kapi_syscall.h: In function 'sys_stat':
include/kapi_syscall.h:554:34: warning: cast from pointer to integer of different size [-Wpointer-to-int-cast]
  554 | { return kapi_syscall2(SYS_stat, (long)pathname, (long)statbuf); }
      |                                  ^
include/kapi_syscall.h:554:50: warning: cast from pointer to integer of different size [-Wpointer-to-int-cast]
  554 | { return kapi_syscall2(SYS_stat, (long)pathname, (long)statbuf); }
      |                                                  ^
include/kapi_syscall.h: In function 'sys_fstat':
include/kapi_syscall.h:557:39: warning: cast from pointer to integer of different size [-Wpointer-to-int-cast]
  557 | { return kapi_syscall2(SYS_fstat, fd, (long)statbuf); }
      |                                       ^
include/kapi_syscall.h: In function 'sys_lstat':
include/kapi_syscall.h:560:35: warning: cast from pointer to integer of different size [-Wpointer-to-int-cast]
  560 | { return kapi_syscall2(SYS_lstat, (long)pathname, (long)statbuf); }
      |                                   ^
include/kapi_syscall.h:560:51: warning: cast from pointer to integer of different size [-Wpointer-to-int-cast]
  560 | { return kapi_syscall2(SYS_lstat, (long)pathname, (long)statbuf); }
      |                                                   ^
include/kapi_syscall.h: In function 'sys_access':
include/kapi_syscall.h:563:36: warning: cast from pointer to integer of different size [-Wpointer-to-int-cast]
  563 | { return kapi_syscall2(SYS_access, (long)pathname, mode); }
      |                                    ^
include/kapi_syscall.h: In function 'sys_chdir':
include/kapi_syscall.h:566:35: warning: cast from pointer to integer of different size [-Wpointer-to-int-cast]
  566 | { return kapi_syscall1(SYS_chdir, (long)path); }
      |                                   ^
include/kapi_syscall.h: In function 'sys_getcwd':
include/kapi_syscall.h:569:36: warning: cast from pointer to integer of different size [-Wpointer-to-int-cast]
  569 | { return kapi_syscall2(SYS_getcwd, (long)buf, size); }
      |                                    ^
include/kapi_syscall.h:569:47: warning: conversion from 'size_t' {aka 'long long unsigned int'} to 'long int' may change value [-Wconversion]
  569 | { return kapi_syscall2(SYS_getcwd, (long)buf, size); }
      |                                               ^~~~
include/kapi_syscall.h: In function 'sys_mkdir':
include/kapi_syscall.h:572:35: warning: cast from pointer to integer of different size [-Wpointer-to-int-cast]
  572 | { return kapi_syscall2(SYS_mkdir, (long)pathname, mode); }
      |                                   ^
include/kapi_syscall.h: In function 'sys_rmdir':
include/kapi_syscall.h:575:35: warning: cast from pointer to integer of different size [-Wpointer-to-int-cast]
  575 | { return kapi_syscall1(SYS_rmdir, (long)pathname); }
      |                                   ^
include/kapi_syscall.h: In function 'sys_unlink':
include/kapi_syscall.h:578:36: warning: cast from pointer to integer of different size [-Wpointer-to-int-cast]
  578 | { return kapi_syscall1(SYS_unlink, (long)pathname); }
      |                                    ^
include/kapi_syscall.h: In function 'sys_rename':
include/kapi_syscall.h:581:36: warning: cast from pointer to integer of different size [-Wpointer-to-int-cast]
  581 | { return kapi_syscall2(SYS_rename, (long)oldpath, (long)newpath); }
      |                                    ^
include/kapi_syscall.h:581:51: warning: cast from pointer to integer of different size [-Wpointer-to-int-cast]
  581 | { return kapi_syscall2(SYS_rename, (long)oldpath, (long)newpath); }
      |                                                   ^
include/kapi_syscall.h: In function 'sys_creat':
include/kapi_syscall.h:584:35: warning: cast from pointer to integer of different size [-Wpointer-to-int-cast]
  584 | { return kapi_syscall2(SYS_creat, (long)pathname, mode); }
      |                                   ^
include/kapi_syscall.h: In function 'sys_link':
include/kapi_syscall.h:587:34: warning: cast from pointer to integer of different size [-Wpointer-to-int-cast]
  587 | { return kapi_syscall2(SYS_link, (long)oldpath, (long)newpath); }
      |                                  ^
include/kapi_syscall.h:587:49: warning: cast from pointer to integer of different size [-Wpointer-to-int-cast]
  587 | { return kapi_syscall2(SYS_link, (long)oldpath, (long)newpath); }
      |                                                 ^
include/kapi_syscall.h: In function 'sys_symlink':
include/kapi_syscall.h:590:37: warning: cast from pointer to integer of different size [-Wpointer-to-int-cast]
  590 | { return kapi_syscall2(SYS_symlink, (long)target, (long)linkpath); }
      |                                     ^
include/kapi_syscall.h:590:51: warning: cast from pointer to integer of different size [-Wpointer-to-int-cast]
  590 | { return kapi_syscall2(SYS_symlink, (long)target, (long)linkpath); }
      |                                                   ^
include/kapi_syscall.h: In function 'sys_readlink':
include/kapi_syscall.h:593:38: warning: cast from pointer to integer of different size [-Wpointer-to-int-cast]
  593 | { return kapi_syscall3(SYS_readlink, (long)pathname, (long)buf, bufsiz); }
      |                                      ^
include/kapi_syscall.h:593:54: warning: cast from pointer to integer of different size [-Wpointer-to-int-cast]
  593 | { return kapi_syscall3(SYS_readlink, (long)pathname, (long)buf, bufsiz); }
      |                                                      ^
include/kapi_syscall.h:593:65: warning: conversion from 'size_t' {aka 'long long unsigned int'} to 'long int' may change value [-Wconversion]
  593 | { return kapi_syscall3(SYS_readlink, (long)pathname, (long)buf, bufsiz); }
      |                                                                 ^~~~~~
include/kapi_syscall.h: In function 'sys_chmod':
include/kapi_syscall.h:596:35: warning: cast from pointer to integer of different size [-Wpointer-to-int-cast]
  596 | { return kapi_syscall2(SYS_chmod, (long)pathname, mode); }
      |                                   ^
include/kapi_syscall.h: In function 'sys_chown':
include/kapi_syscall.h:599:35: warning: cast from pointer to integer of different size [-Wpointer-to-int-cast]
  599 | { return kapi_syscall3(SYS_chown, (long)pathname, owner, group); }
      |                                   ^
include/kapi_syscall.h: In function 'sys_truncate':
include/kapi_syscall.h:602:38: warning: cast from pointer to integer of different size [-Wpointer-to-int-cast]
  602 | { return kapi_syscall2(SYS_truncate, (long)path, length); }
      |                                      ^
include/kapi_syscall.h: In function 'sys_pipe':
include/kapi_syscall.h:626:34: warning: cast from pointer to integer of different size [-Wpointer-to-int-cast]
  626 | { return kapi_syscall1(SYS_pipe, (long)pipefd); }
      |                                  ^
include/kapi_syscall.h: In function 'sys_pipe2':
include/kapi_syscall.h:629:35: warning: cast from pointer to integer of different size [-Wpointer-to-int-cast]
  629 | { return kapi_syscall2(SYS_pipe2, (long)pipefd, flags); }
      |                                   ^
include/kapi_syscall.h: In function 'sys_mount':
include/kapi_syscall.h:634:35: warning: cast from pointer to integer of different size [-Wpointer-to-int-cast]
  634 | { return kapi_syscall5(SYS_mount, (long)source, (long)target, (long)filesystemtype, mountflags, (long)data); }
      |                                   ^
include/kapi_syscall.h:634:49: warning: cast from pointer to integer of different size [-Wpointer-to-int-cast]
  634 | { return kapi_syscall5(SYS_mount, (long)source, (long)target, (long)filesystemtype, mountflags, (long)data); }
      |                                                 ^
include/kapi_syscall.h:634:63: warning: cast from pointer to integer of different size [-Wpointer-to-int-cast]
  634 | { return kapi_syscall5(SYS_mount, (long)source, (long)target, (long)filesystemtype, mountflags, (long)data); }
      |                                                               ^
include/kapi_syscall.h:634:97: warning: cast from pointer to integer of different size [-Wpointer-to-int-cast]
  634 | { return kapi_syscall5(SYS_mount, (long)source, (long)target, (long)filesystemtype, mountflags, (long)data); }
      |                                                                                                 ^
include/kapi_syscall.h:634:85: warning: conversion to 'long int' from 'long unsigned int' may change the sign of the result [-Wsign-conversion]
  634 | { return kapi_syscall5(SYS_mount, (long)source, (long)target, (long)filesystemtype, mountflags, (long)data); }
      |                                                                                     ^~~~~~~~~~
include/kapi_syscall.h: In function 'sys_umount2':
include/kapi_syscall.h:637:37: warning: cast from pointer to integer of different size [-Wpointer-to-int-cast]
  637 | { return kapi_syscall2(SYS_umount2, (long)target, flags); }
      |                                     ^
include/kapi_syscall.h: In function 'sys_swapon':
include/kapi_syscall.h:640:36: warning: cast from pointer to integer of different size [-Wpointer-to-int-cast]
  640 | { return kapi_syscall2(SYS_swapon, (long)path, swapflags); }
      |                                    ^
include/kapi_syscall.h: In function 'sys_swapoff':
include/kapi_syscall.h:643:37: warning: cast from pointer to integer of different size [-Wpointer-to-int-cast]
  643 | { return kapi_syscall1(SYS_swapoff, (long)path); }
      |                                     ^
include/kapi_syscall.h: In function 'sys_nanosleep':
include/kapi_syscall.h:646:39: warning: cast from pointer to integer of different size [-Wpointer-to-int-cast]
  646 | { return kapi_syscall2(SYS_nanosleep, (long)req, (long)rem); }
      |                                       ^
include/kapi_syscall.h:646:50: warning: cast from pointer to integer of different size [-Wpointer-to-int-cast]
  646 | { return kapi_syscall2(SYS_nanosleep, (long)req, (long)rem); }
      |                                                  ^
include/kapi_syscall.h: In function 'sys_gettimeofday':
include/kapi_syscall.h:649:42: warning: cast from pointer to integer of different size [-Wpointer-to-int-cast]
  649 | { return kapi_syscall2(SYS_gettimeofday, (long)tv, (long)tz); }
      |                                          ^
include/kapi_syscall.h:649:52: warning: cast from pointer to integer of different size [-Wpointer-to-int-cast]
  649 | { return kapi_syscall2(SYS_gettimeofday, (long)tv, (long)tz); }
      |                                                    ^
include/kapi_syscall.h: In function 'sys_settimeofday':
include/kapi_syscall.h:652:42: warning: cast from pointer to integer of different size [-Wpointer-to-int-cast]
  652 | { return kapi_syscall2(SYS_settimeofday, (long)tv, (long)tz); }
      |                                          ^
include/kapi_syscall.h:652:52: warning: cast from pointer to integer of different size [-Wpointer-to-int-cast]
  652 | { return kapi_syscall2(SYS_settimeofday, (long)tv, (long)tz); }
      |                                                    ^
include/kapi_syscall.h: In function 'sys_time':
include/kapi_syscall.h:655:34: warning: cast from pointer to integer of different size [-Wpointer-to-int-cast]
  655 | { return kapi_syscall1(SYS_time, (long)tloc); }
      |                                  ^
include/kapi_syscall.h: In function 'sys_clock_gettime':
include/kapi_syscall.h:658:51: warning: cast from pointer to integer of different size [-Wpointer-to-int-cast]
  658 | { return kapi_syscall2(SYS_clock_gettime, clk_id, (long)tp); }
      |                                                   ^
include/kapi_syscall.h: In function 'sys_clock_settime':
include/kapi_syscall.h:661:51: warning: cast from pointer to integer of different size [-Wpointer-to-int-cast]
  661 | { return kapi_syscall2(SYS_clock_settime, clk_id, (long)tp); }
      |                                                   ^
include/kapi_syscall.h: In function 'sys_clock_nanosleep':
include/kapi_syscall.h:664:60: warning: cast from pointer to integer of different size [-Wpointer-to-int-cast]
  664 | { return kapi_syscall4(SYS_clock_nanosleep, clk_id, flags, (long)req, (long)rem); }
      |                                                            ^
include/kapi_syscall.h:664:71: warning: cast from pointer to integer of different size [-Wpointer-to-int-cast]
  664 | { return kapi_syscall4(SYS_clock_nanosleep, clk_id, flags, (long)req, (long)rem); }
      |                                                                       ^
include/kapi_syscall.h: In function 'sys_rt_sigaction':
include/kapi_syscall.h:667:47: warning: cast from pointer to integer of different size [-Wpointer-to-int-cast]
  667 | { return kapi_syscall4(SYS_rt_sigaction, sig, (long)act, (long)oact, sigsetsize); }
      |                                               ^
include/kapi_syscall.h:667:58: warning: cast from pointer to integer of different size [-Wpointer-to-int-cast]
  667 | { return kapi_syscall4(SYS_rt_sigaction, sig, (long)act, (long)oact, sigsetsize); }
      |                                                          ^
include/kapi_syscall.h:667:70: warning: conversion from 'size_t' {aka 'long long unsigned int'} to 'long int' may change value [-Wconversion]
  667 | { return kapi_syscall4(SYS_rt_sigaction, sig, (long)act, (long)oact, sigsetsize); }
      |                                                                      ^~~~~~~~~~
include/kapi_syscall.h: In function 'sys_rt_sigprocmask':
include/kapi_syscall.h:670:49: warning: cast from pointer to integer of different size [-Wpointer-to-int-cast]
  670 | { return kapi_syscall4(SYS_rt_sigprocmask, how, (long)set, (long)oldset, sigsetsize); }
      |                                                 ^
include/kapi_syscall.h:670:60: warning: cast from pointer to integer of different size [-Wpointer-to-int-cast]
  670 | { return kapi_syscall4(SYS_rt_sigprocmask, how, (long)set, (long)oldset, sigsetsize); }
      |                                                            ^
include/kapi_syscall.h:670:74: warning: conversion from 'size_t' {aka 'long long unsigned int'} to 'long int' may change value [-Wconversion]
  670 | { return kapi_syscall4(SYS_rt_sigprocmask, how, (long)set, (long)oldset, sigsetsize); }
      |                                                                          ^~~~~~~~~~
include/kapi_syscall.h: In function 'sys_ioctl':
include/kapi_syscall.h:679:39: warning: conversion to 'long int' from 'long unsigned int' may change the sign of the result [-Wsign-conversion]
  679 | { return kapi_syscall3(SYS_ioctl, fd, request, arg); }
      |                                       ^~~~~~~
In file included from kernel/kernel/timer.c:3:
kernel/kernel/timer.c: In function '__calc_index':
include/kapi_syscall.h: In function 'sys_pread64':
include/kapi_syscall.h:682:41: warning: cast from pointer to integer of different size [-Wpointer-to-int-cast]
  682 | { return kapi_syscall4(SYS_pread64, fd, (long)buf, count, offset); }
      |                                         ^
include/kapi_syscall.h:682:52: warning: conversion from 'size_t' {aka 'long long unsigned int'} to 'long int' may change value [-Wconversion]
  682 | { return kapi_syscall4(SYS_pread64, fd, (long)buf, count, offset); }
      |                                                    ^~~~~
include/kapi_syscall.h: In function 'sys_pwrite64':
include/kapi_syscall.h:685:42: warning: cast from pointer to integer of different size [-Wpointer-to-int-cast]
  685 | { return kapi_syscall4(SYS_pwrite64, fd, (long)buf, count, offset); }
      |                                          ^
include/kapi_syscall.h:685:53: warning: conversion from 'size_t' {aka 'long long unsigned int'} to 'long int' may change value [-Wconversion]
  685 | { return kapi_syscall4(SYS_pwrite64, fd, (long)buf, count, offset); }
      |                                                     ^~~~~
include/kapi_syscall.h: In function 'sys_readv':
include/kapi_syscall.h:688:39: warning: cast from pointer to integer of different size [-Wpointer-to-int-cast]
  688 | { return kapi_syscall3(SYS_readv, fd, (long)iov, iovcnt); }
      |                                       ^
include/kapi_syscall.h: In function 'sys_writev':
kernel/kernel/timer.h:29:31: warning: conversion to 'uint64_t' {aka 'long long unsigned int'} from 'int' may change the sign of the result [-Wsign-conversion]
   29 | #define TIMER_WHEEL_BITS      8
      |                               ^
kernel/kernel/timer.c:63:22: note: in expansion of macro 'TIMER_WHEEL_BITS'
   63 |     uint64_t shift = TIMER_WHEEL_BITS * (*level);
      |                      ^~~~~~~~~~~~~~~~
include/kapi_syscall.h:691:40: warning: cast from pointer to integer of different size [-Wpointer-to-int-cast]
  691 | { return kapi_syscall3(SYS_writev, fd, (long)iov, iovcnt); }
      |                                        ^
include/kapi_syscall.h: In function 'sys_getdents':
include/kapi_syscall.h:694:42: warning: cast from pointer to integer of different size [-Wpointer-to-int-cast]
  694 | { return kapi_syscall3(SYS_getdents, fd, (long)dirp, count); }
      |                                          ^
include/kapi_syscall.h:694:54: warning: conversion to 'long int' from 'unsigned int' may change the sign of the result [-Wsign-conversion]
  694 | { return kapi_syscall3(SYS_getdents, fd, (long)dirp, count); }
      |                                                      ^~~~~
include/kapi_syscall.h: In function 'sys_getdents64':
include/kapi_syscall.h:697:44: warning: cast from pointer to integer of different size [-Wpointer-to-int-cast]
  697 | { return kapi_syscall3(SYS_getdents64, fd, (long)dirp, count); }
      |                                            ^
include/kapi_syscall.h:697:56: warning: conversion to 'long int' from 'unsigned int' may change the sign of the result [-Wsign-conversion]
  697 | { return kapi_syscall3(SYS_getdents64, fd, (long)dirp, count); }
      |                                                        ^~~~~
include/kapi_syscall.h: In function 'sys_getgroups':
include/kapi_syscall.h:718:45: warning: cast from pointer to integer of different size [-Wpointer-to-int-cast]
  718 | { return kapi_syscall2(SYS_getgroups, size, (long)list); }
      |                                             ^
include/kapi_syscall.h: In function 'sys_setgroups':
include/kapi_syscall.h:721:45: warning: cast from pointer to integer of different size [-Wpointer-to-int-cast]
  721 | { return kapi_syscall2(SYS_setgroups, size, (long)list); }
      |                                             ^
include/kapi_syscall.h: In function 'sys_uname':
include/kapi_syscall.h:724:35: warning: cast from pointer to integer of different size [-Wpointer-to-int-cast]
  724 | { return kapi_syscall1(SYS_uname, (long)buf); }
      |                                   ^
include/kapi_syscall.h: In function 'sys_sysinfo':
include/kapi_syscall.h:727:37: warning: cast from pointer to integer of different size [-Wpointer-to-int-cast]
  727 | { return kapi_syscall1(SYS_sysinfo, (long)info); }
      |                                     ^
include/kapi_syscall.h: In function 'sys_getrlimit':
include/kapi_syscall.h:730:49: warning: cast from pointer to integer of different size [-Wpointer-to-int-cast]
  730 | { return kapi_syscall2(SYS_getrlimit, resource, (long)rlim); }
      |                                                 ^
include/kapi_syscall.h: In function 'sys_setrlimit':
include/kapi_syscall.h:733:49: warning: cast from pointer to integer of different size [-Wpointer-to-int-cast]
  733 | { return kapi_syscall2(SYS_setrlimit, resource, (long)rlim); }
      |                                                 ^
include/kapi_syscall.h: In function 'sys_getrusage':
include/kapi_syscall.h:736:44: warning: cast from pointer to integer of different size [-Wpointer-to-int-cast]
  736 | { return kapi_syscall2(SYS_getrusage, who, (long)usage); }
      |                                            ^
include/kapi_syscall.h: In function 'sys_times':
include/kapi_syscall.h:739:35: warning: cast from pointer to integer of different size [-Wpointer-to-int-cast]
  739 | { return kapi_syscall1(SYS_times, (long)tbuf); }
      |                                   ^
include/kapi_syscall.h: In function 'sys_reboot':
include/kapi_syscall.h:754:57: warning: cast from pointer to integer of different size [-Wpointer-to-int-cast]
  754 | { return kapi_syscall4(SYS_reboot, magic1, magic2, cmd, (long)arg); }
      |                                                         ^
include/kapi_syscall.h: In function 'sys_chroot':
include/kapi_syscall.h:757:36: warning: cast from pointer to integer of different size [-Wpointer-to-int-cast]
  757 | { return kapi_syscall1(SYS_chroot, (long)path); }
      |                                    ^
include/kapi_syscall.h: In function 'sys_sethostname':
include/kapi_syscall.h:760:41: warning: cast from pointer to integer of different size [-Wpointer-to-int-cast]
  760 | { return kapi_syscall2(SYS_sethostname, (long)name, len); }
      |                                         ^
include/kapi_syscall.h: In function 'sys_setdomainname':
include/kapi_syscall.h:763:43: warning: cast from pointer to integer of different size [-Wpointer-to-int-cast]
  763 | { return kapi_syscall2(SYS_setdomainname, (long)name, len); }
      |                                           ^
include/kapi_syscall.h: In function 'sys_init_module':
include/kapi_syscall.h:766:41: warning: cast from pointer to integer of different size [-Wpointer-to-int-cast]
  766 | { return kapi_syscall3(SYS_init_module, (long)module_image, len, (long)param_values); }
      |                                         ^
include/kapi_syscall.h:766:66: warning: cast from pointer to integer of different size [-Wpointer-to-int-cast]
  766 | { return kapi_syscall3(SYS_init_module, (long)module_image, len, (long)param_values); }
      |                                                                  ^
include/kapi_syscall.h:766:61: warning: conversion to 'long int' from 'long unsigned int' may change the sign of the result [-Wsign-conversion]
  766 | { return kapi_syscall3(SYS_init_module, (long)module_image, len, (long)param_values); }
      |                                                             ^~~
include/kapi_syscall.h: In function 'sys_delete_module':
include/kapi_syscall.h:769:43: warning: cast from pointer to integer of different size [-Wpointer-to-int-cast]
  769 | { return kapi_syscall2(SYS_delete_module, (long)name, flags); }
      |                                           ^
include/kapi_syscall.h:769:55: warning: conversion to 'long int' from 'unsigned int' may change the sign of the result [-Wsign-conversion]
  769 | { return kapi_syscall2(SYS_delete_module, (long)name, flags); }
      |                                                       ^~~~~
include/kapi_syscall.h: In function 'sys_finit_module':
include/kapi_syscall.h:772:46: warning: cast from pointer to integer of different size [-Wpointer-to-int-cast]
  772 | { return kapi_syscall3(SYS_finit_module, fd, (long)param_values, flags); }
      |                                              ^
kernel/kernel/syscall.c: In function 'kenux_syscall_entry':
kernel/kernel/syscall.c:41:32: warning: ISO C forbids conversion of object pointer to function pointer type [-Wpedantic]
   41 |         kapi_syscall_fn_t fn = (kapi_syscall_fn_t)syscall_table[nr].handler;
      |                                ^
kernel/kernel/timer.c: At top level:
kernel/kernel/timer.c:274:13: warning: '__msleep_wakeup' defined but not used [-Wunused-function]
  274 | static void __msleep_wakeup(void* arg)
      |             ^~~~~~~~~~~~~~~
kernel/kernel/sysfs.c: In function 'sysfs_vfs_read':
kernel/kernel/sysfs.c:87:57: warning: conversion to 'long long unsigned int' from 'int' may change the sign of the result [-Wsign-conversion]
   87 |             len = attr->show(temp + total, sizeof(temp) - total);
      |                                                         ^
kernel/kernel/sysfs.c:89:55: warning: conversion to 'long long unsigned int' from 'int' may change the sign of the result [-Wsign-conversion]
   89 |             len = snprintf(temp + total, sizeof(temp) - total, "%s\n", attr->value);
      |                                                       ^
<3> Building kernel/kernel/sync.c
<1> Building kernel/kernel/stacktrace.c
<2> Building kernel/kernel/signal.c
<0> Building kernel/kernel/shell_enhanced.c
kernel/kernel/sync.c: In function 'mutex_is_locked':
kernel/kernel/sync.c:249:15: warning: conversion to 'int' from 'uint32_t' {aka 'unsigned int'} may change the sign of the result [-Wsign-conversion]
  249 |     return mtx->locked;
      |            ~~~^~~~~~~~
kernel/kernel/stacktrace.c: In function 'console_hex64':
kernel/kernel/stacktrace.c:48:23: warning: conversion from 'int' to 'char' may change value [-Wconversion]
   48 |         buf[15 - i] = (n < 10) ? ('0' + n) : ('a' + n - 10);
      |                       ^
kernel/kernel/stacktrace.c: In function 'console_hex32':
kernel/kernel/stacktrace.c:59:22: warning: conversion from 'int' to 'char' may change value [-Wconversion]
   59 |         buf[7 - i] = (n < 10) ? ('0' + n) : ('a' + n - 10);
      |                      ^
kernel/kernel/stacktrace.c: In function 'console_dec':
kernel/kernel/stacktrace.c:71:20: warning: conversion from 'int' to 'char' may change value [-Wconversion]
   71 |         buf[i++] = '0' + (int)(v % 10);
      |                    ^~~
kernel/kernel/signal.c: In function 'signal_send_info':
kernel/kernel/signal.c:184:19: warning: conversion from 'uint64_t' {aka 'long long unsigned int'} to 'int' may change value [-Wconversion]
  184 |     info.si_pid = current_process;
      |                   ^~~~~~~~~~~~~~~
kernel/kernel/signal.c: In function '__signal_setup_frame':
kernel/kernel/signal.c:222:27: warning: conversion from 'uint64_t' {aka 'long long unsigned int'} to 'int' may change value [-Wconversion]
  222 |     siginfo_ptr->si_pid = current_process;
      |                           ^~~~~~~~~~~~~~~
kernel/kernel/signal.c: In function 'signal_do_pending':
kernel/kernel/signal.c:251:29: warning: ISO C forbids comparison of 'void *' with function pointer [-Wpedantic]
  251 |         if (act->sa_handler == (void*)1) {
      |                             ^~
kernel/kernel/signal.c:280:23: warning: conversion from 'uint64_t' {aka 'long long unsigned int'} to 'int' may change value [-Wconversion]
  280 |         info.si_pid = current_process;
      |                       ^~~~~~~~~~~~~~~
kernel/kernel/signal.c:289:20: warning: unused variable 'old_blocked' [-Wunused-variable]
  289 |         k_sigset_t old_blocked = sig_data->blocked;
      |                    ^~~~~~~~~~~
kernel/kernel/stacktrace.c: In function 'print_frame':
kernel/kernel/stacktrace.c:222:17: warning: conversion to 'uint64_t' {aka 'long long unsigned int'} from 'int' may change the sign of the result [-Wsign-conversion]
  222 |     console_dec(frame_no);
      |                 ^~~~~~~~
kernel/kernel/stacktrace.c: In function '__assert_fail':
kernel/kernel/stacktrace.c:309:20: warning: conversion from 'int' to 'char' may change value [-Wconversion]
  309 |         num[n++] = '0' + (l % 10);
      |                    ^~~
kernel/kernel/stacktrace.c: At top level:
kernel/kernel/stacktrace.c:54:13: warning: 'console_hex32' defined but not used [-Wunused-function]
   54 | static void console_hex32(uint32_t v)
      |             ^~~~~~~~~~~~~
kernel/kernel/stacktrace.c:25:13: warning: 'serial_puts' defined but not used [-Wunused-function]
   25 | static void serial_puts(const char* s)
      |             ^~~~~~~~~~~
In file included from include/kapi.h:23,
                 from kernel/kernel/shell_enhanced.c:10:
include/kapi_bitmap.h: In function 'kapi_bitmap_set_all':
include/kapi_bitmap.h:33:26: warning: conversion from 'long long unsigned int' to 'unsigned int' may change value [-Wconversion]
   33 |     unsigned int longs = (nbits + KAPI_BITS_PER_LONG - 1) / KAPI_BITS_PER_LONG;
      |                          ^
include/kapi_bitmap.h: In function 'kapi_bitmap_clear_all':
include/kapi_bitmap.h:41:26: warning: conversion from 'long long unsigned int' to 'unsigned int' may change value [-Wconversion]
   41 |     unsigned int longs = (nbits + KAPI_BITS_PER_LONG - 1) / KAPI_BITS_PER_LONG;
      |                          ^
include/kapi_bitmap.h: In function 'kapi_bitmap_find_first':
include/kapi_bitmap.h:49:26: warning: conversion from 'long long unsigned int' to 'unsigned int' may change value [-Wconversion]
   49 |     unsigned int longs = (nbits + KAPI_BITS_PER_LONG - 1) / KAPI_BITS_PER_LONG;
      |                          ^
include/kapi_bitmap.h:56:35: warning: conversion to 'int' from 'unsigned int' may change the sign of the result [-Wsign-conversion]
   56 |                     return offset + j;
      |                            ~~~~~~~^~~
include/kapi_bitmap.h: In function 'kapi_bitmap_find_first_zero':
include/kapi_bitmap.h:66:26: warning: conversion from 'long long unsigned int' to 'unsigned int' may change value [-Wconversion]
   66 |     unsigned int longs = (nbits + KAPI_BITS_PER_LONG - 1) / KAPI_BITS_PER_LONG;
      |                          ^
include/kapi_bitmap.h:73:35: warning: conversion to 'int' from 'unsigned int' may change the sign of the result [-Wsign-conversion]
   73 |                     return offset + j;
      |                            ~~~~~~~^~~
include/kapi_bitmap.h: In function 'kapi_bitmap_count':
include/kapi_bitmap.h:84:26: warning: conversion from 'long long unsigned int' to 'unsigned int' may change value [-Wconversion]
   84 |     unsigned int longs = (nbits + KAPI_BITS_PER_LONG - 1) / KAPI_BITS_PER_LONG;
      |                          ^
In file included from include/kapi.h:59:
include/kapi_netlink.h: In function 'kapi_nlmsg_next':
include/kapi_netlink.h:19:37: warning: conversion to 'int' from 'uint32_t' {aka 'unsigned int'} may change the sign of the result [-Wsign-conversion]
   19 | #define KAPI_NLMSG_ALIGNTO          4
      |                                     ^
include/kapi_netlink.h:75:18: note: in expansion of macro 'KAPI_NLMSG_ALIGNTO'
   75 |     int totlen = KAPI_NLMSG_ALIGNTO * ((nlh->nlmsg_len + KAPI_NLMSG_ALIGNTO - 1) / KAPI_NLMSG_ALIGNTO);
      |                  ^~~~~~~~~~~~~~~~~~
kernel/kernel/shell_enhanced.c: In function 'shell_parse_line':
kernel/kernel/shell_enhanced.c:203:41: warning: conversion to 'long long unsigned int' from 'int' may change the sign of the result [-Wsign-conversion]
  203 |     memset(cmds, 0, sizeof(shell_cmd_t) * max_cmds);
      |                                         ^
kernel/kernel/shell_enhanced.c: At top level:
kernel/kernel/shell_enhanced.c:235:12: warning: 'shell_create_pipe' defined but not used [-Wunused-function]
  235 | static int shell_create_pipe(int pipefd[2])
      |            ^~~~~~~~~~~~~~~~~
kernel/kernel/shell_enhanced.c:136:13: warning: 'shell_unquote' defined but not used [-Wunused-function]
  136 | static void shell_unquote(char* dst, const char* src, uint64_t max)
      |             ^~~~~~~~~~~~~
kernel/kernel/shell_enhanced.c:81:17: warning: 'history_index' defined but not used [-Wunused-variable]
   81 | static uint32_t history_index = 0;
      |                 ^~~~~~~~~~~~~
<3> Building kernel/kernel/rcu.c
<1> Building kernel/kernel/process.c
<2> Building kernel/kernel/printk.c
kernel/kernel/process.c: In function '__process_trampoline':
kernel/kernel/process.c:17:29: warning: ISO C forbids conversion of object pointer to function pointer type [-Wpedantic]
   17 |         void (*fn)(void*) = (void (*)(void*))p->entry;
      |                             ^
kernel/kernel/process.c: In function 'process_create':
kernel/kernel/process.c:53:16: warning: conversion to 'uint64_t' {aka 'long long unsigned int'} from 'int' may change the sign of the result [-Wsign-conversion]
   53 |     proc->id = process_count;
      |                ^~~~~~~~~~~~~
kernel/kernel/process.c: In function 'process_switch':
kernel/kernel/process.c:133:63: warning: unused parameter 'old' [-Wunused-parameter]
  133 | __attribute__((naked)) void process_switch(process_context_t* old, process_context_t* new)
      |                                            ~~~~~~~~~~~~~~~~~~~^~~
kernel/kernel/process.c:133:87: warning: unused parameter 'new' [-Wunused-parameter]
  133 | __attribute__((naked)) void process_switch(process_context_t* old, process_context_t* new)
      |                                                                    ~~~~~~~~~~~~~~~~~~~^~~
kernel/kernel/printk.c: In function '__vsnprintf':
kernel/kernel/printk.c:86:32: warning: conversion from 'int' to 'char' may change value [-Wconversion]
   86 |                     num[n++] = '0' + (val % 10);
      |                                ^~~
kernel/kernel/printk.c:97:32: warning: conversion from 'unsigned int' to 'char' may change value [-Wconversion]
   97 |                     num[n++] = '0' + (val % 10);
      |                                ^~~
kernel/kernel/printk.c:109:32: warning: conversion from 'int' to 'char' may change value [-Wconversion]
  109 |                     buf[i++] = (nibble < 10) ? ('0' + nibble) : ('a' + nibble - 10);
      |                                ^
kernel/kernel/printk.c:120:36: warning: conversion from 'uint64_t' {aka 'long long unsigned int'} to 'char' may change value [-Wconversion]
  120 |                         num[n++] = '0' + (val % 10);
      |                                    ^~~
kernel/kernel/printk.c:130:36: warning: conversion from 'int' to 'char' may change value [-Wconversion]
  130 |                         buf[i++] = (nibble < 10) ? ('0' + nibble) : ('a' + nibble - 10);
      |                                    ^
kernel/kernel/printk.c:141:36: warning: conversion from 'int64_t' {aka 'long long int'} to 'char' may change value [-Wconversion]
  141 |                         num[n++] = '0' + (val % 10);
      |                                    ^~~
kernel/kernel/printk.c:159:32: warning: conversion from 'int' to 'char' may change value [-Wconversion]
  159 |                     buf[i++] = (nibble < 10) ? ('0' + nibble) : ('a' + nibble - 10);
      |                                ^
kernel/kernel/printk.c: In function 'printk':
kernel/kernel/printk.c:199:22: warning: conversion to 'uint64_t' {aka 'long long unsigned int'} from 'int' may change the sign of the result [-Wsign-conversion]
  199 |     __log_store(buf, len);
      |                      ^~~
kernel/kernel/printk.c:202:28: warning: conversion to 'uint64_t' {aka 'long long unsigned int'} from 'int' may change the sign of the result [-Wsign-conversion]
  202 |         console_write(buf, len);
      |                            ^~~
kernel/kernel/printk.c: In function 'printk_emerg':
kernel/kernel/printk.c:213:22: warning: conversion to 'uint64_t' {aka 'long long unsigned int'} from 'int' may change the sign of the result [-Wsign-conversion]
  213 |     __log_store(buf, len);
      |                      ^~~
kernel/kernel/printk.c:214:24: warning: conversion to 'uint64_t' {aka 'long long unsigned int'} from 'int' may change the sign of the result [-Wsign-conversion]
  214 |     console_write(buf, len);
      |                        ^~~
kernel/kernel/printk.c: In function 'printk_alert':
kernel/kernel/printk.c:224:22: warning: conversion to 'uint64_t' {aka 'long long unsigned int'} from 'int' may change the sign of the result [-Wsign-conversion]
  224 |     __log_store(buf, len);
      |                      ^~~
kernel/kernel/printk.c:225:51: warning: conversion to 'uint64_t' {aka 'long long unsigned int'} from 'int' may change the sign of the result [-Wsign-conversion]
  225 |     if (1 <= console_loglevel) console_write(buf, len);
      |                                                   ^~~
kernel/kernel/printk.c: In function 'printk_crit':
kernel/kernel/printk.c:235:22: warning: conversion to 'uint64_t' {aka 'long long unsigned int'} from 'int' may change the sign of the result [-Wsign-conversion]
  235 |     __log_store(buf, len);
      |                      ^~~
kernel/kernel/printk.c:236:51: warning: conversion to 'uint64_t' {aka 'long long unsigned int'} from 'int' may change the sign of the result [-Wsign-conversion]
  236 |     if (2 <= console_loglevel) console_write(buf, len);
      |                                                   ^~~
kernel/kernel/printk.c: In function 'printk_err':
kernel/kernel/printk.c:246:22: warning: conversion to 'uint64_t' {aka 'long long unsigned int'} from 'int' may change the sign of the result [-Wsign-conversion]
  246 |     __log_store(buf, len);
      |                      ^~~
kernel/kernel/printk.c:247:51: warning: conversion to 'uint64_t' {aka 'long long unsigned int'} from 'int' may change the sign of the result [-Wsign-conversion]
  247 |     if (3 <= console_loglevel) console_write(buf, len);
      |                                                   ^~~
kernel/kernel/printk.c: In function 'printk_warn':
kernel/kernel/printk.c:257:22: warning: conversion to 'uint64_t' {aka 'long long unsigned int'} from 'int' may change the sign of the result [-Wsign-conversion]
  257 |     __log_store(buf, len);
      |                      ^~~
kernel/kernel/printk.c:258:51: warning: conversion to 'uint64_t' {aka 'long long unsigned int'} from 'int' may change the sign of the result [-Wsign-conversion]
  258 |     if (4 <= console_loglevel) console_write(buf, len);
      |                                                   ^~~
kernel/kernel/printk.c: In function 'printk_notice':
kernel/kernel/printk.c:268:22: warning: conversion to 'uint64_t' {aka 'long long unsigned int'} from 'int' may change the sign of the result [-Wsign-conversion]
  268 |     __log_store(buf, len);
      |                      ^~~
kernel/kernel/printk.c:269:51: warning: conversion to 'uint64_t' {aka 'long long unsigned int'} from 'int' may change the sign of the result [-Wsign-conversion]
  269 |     if (5 <= console_loglevel) console_write(buf, len);
      |                                                   ^~~
kernel/kernel/printk.c: In function 'printk_info':
kernel/kernel/printk.c:279:22: warning: conversion to 'uint64_t' {aka 'long long unsigned int'} from 'int' may change the sign of the result [-Wsign-conversion]
  279 |     __log_store(buf, len);
      |                      ^~~
kernel/kernel/printk.c:280:51: warning: conversion to 'uint64_t' {aka 'long long unsigned int'} from 'int' may change the sign of the result [-Wsign-conversion]
  280 |     if (6 <= console_loglevel) console_write(buf, len);
      |                                                   ^~~
kernel/kernel/printk.c: In function 'printk_debug':
kernel/kernel/printk.c:290:22: warning: conversion to 'uint64_t' {aka 'long long unsigned int'} from 'int' may change the sign of the result [-Wsign-conversion]
  290 |     __log_store(buf, len);
      |                      ^~~
kernel/kernel/printk.c:291:51: warning: conversion to 'uint64_t' {aka 'long long unsigned int'} from 'int' may change the sign of the result [-Wsign-conversion]
  291 |     if (7 <= console_loglevel) console_write(buf, len);
      |                                                   ^~~
<0> Building kernel/kernel/module.c
<3> Building kernel/kernel/kthread.c
kernel/kernel/module.c: In function '__apply_relocations':
kernel/kernel/module.c:147:47: warning: conversion from 'uint32_t' {aka 'unsigned int'} to 'uint16_t' {aka 'short unsigned int'} may change value [-Wconversion]
  147 |         void* target_base = section_base(mod, target_idx, shdrs, shstr, data);
      |                                               ^~~~~~~~~~
kernel/kernel/module.c:153:21: warning: unused variable 'strtab' [-Wunused-variable]
  153 |         const char* strtab = (const char*)mod->strtab;
      |                     ^~~~~~
kernel/kernel/module.c: In function 'module_load':
kernel/kernel/module.c:275:56: warning: pointer of type 'void *' used in arithmetic [-Wpointer-arith]
  275 |     const Elf64_Shdr* shdrs = (const Elf64_Shdr*)(data + ehdr->e_shoff);
      |                                                        ^
kernel/kernel/module.c:277:44: warning: pointer of type 'void *' used in arithmetic [-Wpointer-arith]
  277 |     const char* shstr = (const char*)(data + shstrtab->sh_offset);
      |                                            ^
kernel/kernel/module.c:290:52: warning: pointer of type 'void *' used in arithmetic [-Wpointer-arith]
  290 |                     memcpy(mod->text_section, data + shdrs[i].sh_offset, shdrs[i].sh_size);
      |                                                    ^
kernel/kernel/module.c:297:52: warning: pointer of type 'void *' used in arithmetic [-Wpointer-arith]
  297 |                     memcpy(mod->data_section, data + shdrs[i].sh_offset, shdrs[i].sh_size);
      |                                                    ^
kernel/kernel/module.c:304:54: warning: pointer of type 'void *' used in arithmetic [-Wpointer-arith]
  304 |                     memcpy(mod->rodata_section, data + shdrs[i].sh_offset, shdrs[i].sh_size);
      |                                                      ^
kernel/kernel/module.c:315:55: warning: pointer of type 'void *' used in arithmetic [-Wpointer-arith]
  315 |             if (mod->symtab) memcpy(mod->symtab, data + shdrs[i].sh_offset, shdrs[i].sh_size);
      |                                                       ^
kernel/kernel/module.c:321:59: warning: pointer of type 'void *' used in arithmetic [-Wpointer-arith]
  321 |                 if (mod->strtab) memcpy(mod->strtab, data + shdrs[i].sh_offset, shdrs[i].sh_size);
      |                                                           ^
kernel/kernel/module.c: In function 'module_get_next':
kernel/kernel/module.c:472:20: warning: conversion from 'long long int' to 'uint32_t' {aka 'unsigned int'} may change value [-Wconversion]
  472 |     uint32_t idx = mod - module_table;
      |                    ^~~
kernel/kernel/kthread.c: In function 'kthread_entry':
kernel/kernel/kthread.c:29:18: warning: conversion to 'uint64_t' {aka 'long long unsigned int'} from 'int' may change the sign of the result [-Wsign-conversion]
   29 |     kt->result = ret;
      |                  ^~~
kernel/kernel/kthread.c: In function 'kthread_create':
kernel/kernel/kthread.c:50:44: warning: ISO C forbids passing argument 2 of 'process_create_ex' between function pointer and 'void *' [-Wpedantic]
   50 |     uint64_t pid = process_create_ex(name, kthread_entry, NULL,
      |                                            ^~~~~~~~~~~~~
In file included from kernel/kernel/kthread.h:7,
                 from kernel/kernel/kthread.c:3:
kernel/arch/x86_64/include/arch/process.h:110:52: note: expected 'void *' but argument is of type 'void (*)(void)'
  110 | uint64_t process_create_ex(const char* name, void* entry, void* arg,
      |                                              ~~~~~~^~~~~
kernel/kernel/kthread.c: At top level:
kernel/kernel/kthread.c:14:13: warning: '__kthread_wrapper' declared 'static' but never defined [-Wunused-function]
   14 | static void __kthread_wrapper(void);
      |             ^~~~~~~~~~~~~~~~~
<1> Building kernel/kernel/kernel.c
In file included from kernel/kernel/kernel.c:32:
kernel/arch/x86_64/include/arch/netfilter.h: In function 'nf_hook_slow_eval':
kernel/arch/x86_64/include/arch/netfilter.h:56:16: warning: conversion from 'int' to 'uint16_t' {aka 'short unsigned int'} may change value [-Wconversion]
   56 |         return verdict;
      |                ^~~~~~~
In file included from kernel/kernel/kernel.c:40:
kernel/arch/x86_64/include/arch/ext4.h: At top level:
kernel/arch/x86_64/include/arch/ext4.h:275:7: warning: ISO C forbids zero-size array 'dx_entry' [-Wpedantic]
  275 |     } dx_entry[0];
      |       ^~~~~~~~
kernel/arch/x86_64/include/arch/ext4.h:289:7: warning: ISO C forbids zero-size array 'dx_entry' [-Wpedantic]
  289 |     } dx_entry[0];
      |       ^~~~~~~~
In file included from kernel/kernel/kernel.c:54:
kernel/arch/x86_64/include/arch/registry.h:144:17: warning: invalid use of structure with flexible array member [-Wpedantic]
  144 |     lf_entry_t  entries[];
      |                 ^~~~~~~
kernel/arch/x86_64/include/arch/registry.h:157:17: warning: invalid use of structure with flexible array member [-Wpedantic]
  157 |     lh_entry_t  entries[];
      |                 ^~~~~~~
In file included from include/kapi.h:23,
                 from kernel/kernel/kernel.c:72:
include/kapi_bitmap.h: In function 'kapi_bitmap_set_all':
include/kapi_bitmap.h:33:26: warning: conversion from 'long long unsigned int' to 'unsigned int' may change value [-Wconversion]
   33 |     unsigned int longs = (nbits + KAPI_BITS_PER_LONG - 1) / KAPI_BITS_PER_LONG;
      |                          ^
include/kapi_bitmap.h: In function 'kapi_bitmap_clear_all':
include/kapi_bitmap.h:41:26: warning: conversion from 'long long unsigned int' to 'unsigned int' may change value [-Wconversion]
   41 |     unsigned int longs = (nbits + KAPI_BITS_PER_LONG - 1) / KAPI_BITS_PER_LONG;
      |                          ^
include/kapi_bitmap.h: In function 'kapi_bitmap_find_first':
include/kapi_bitmap.h:49:26: warning: conversion from 'long long unsigned int' to 'unsigned int' may change value [-Wconversion]
   49 |     unsigned int longs = (nbits + KAPI_BITS_PER_LONG - 1) / KAPI_BITS_PER_LONG;
      |                          ^
include/kapi_bitmap.h:56:35: warning: conversion to 'int' from 'unsigned int' may change the sign of the result [-Wsign-conversion]
   56 |                     return offset + j;
      |                            ~~~~~~~^~~
include/kapi_bitmap.h: In function 'kapi_bitmap_find_first_zero':
include/kapi_bitmap.h:66:26: warning: conversion from 'long long unsigned int' to 'unsigned int' may change value [-Wconversion]
   66 |     unsigned int longs = (nbits + KAPI_BITS_PER_LONG - 1) / KAPI_BITS_PER_LONG;
      |                          ^
include/kapi_bitmap.h:73:35: warning: conversion to 'int' from 'unsigned int' may change the sign of the result [-Wsign-conversion]
   73 |                     return offset + j;
      |                            ~~~~~~~^~~
include/kapi_bitmap.h: In function 'kapi_bitmap_count':
include/kapi_bitmap.h:84:26: warning: conversion from 'long long unsigned int' to 'unsigned int' may change value [-Wconversion]
   84 |     unsigned int longs = (nbits + KAPI_BITS_PER_LONG - 1) / KAPI_BITS_PER_LONG;
      |                          ^
In file included from include/kapi.h:59:
include/kapi_netlink.h: In function 'kapi_nlmsg_next':
include/kapi_netlink.h:19:37: warning: conversion to 'int' from 'uint32_t' {aka 'unsigned int'} may change the sign of the result [-Wsign-conversion]
   19 | #define KAPI_NLMSG_ALIGNTO          4
      |                                     ^
include/kapi_netlink.h:75:18: note: in expansion of macro 'KAPI_NLMSG_ALIGNTO'
   75 |     int totlen = KAPI_NLMSG_ALIGNTO * ((nlh->nlmsg_len + KAPI_NLMSG_ALIGNTO - 1) / KAPI_NLMSG_ALIGNTO);
      |                  ^~~~~~~~~~~~~~~~~~
<3> Building kernel/kernel/ipc.c
kernel/kernel/kernel.c: In function 'kernel_main':
kernel/kernel/kernel.c:96:71: warning: unused parameter 'mmi' [-Wunused-parameter]
   96 | void kernel_main(struct FrameBufferConfig *fbc, struct MemoryMapInfo *mmi)
      |                                                 ~~~~~~~~~~~~~~~~~~~~~~^~~
<2> Building kernel/kernel/interrupt.c
kernel/kernel/ipc.c: In function 'shm_get':
kernel/kernel/ipc.c:73:40: warning: unsigned conversion from 'int' to 'uint64_t' {aka 'long long unsigned int'} changes value from '-4096' to '18446744073709547520' [-Wsign-conversion]
   73 |     seg->size = (size + PAGE_SIZE - 1) & ~(PAGE_SIZE - 1);
      |                                        ^
kernel/kernel/ipc.c:81:24: warning: conversion from 'uint64_t' {aka 'long long unsigned int'} to 'uint32_t' {aka 'unsigned int'} may change value [-Wconversion]
   81 |     seg->creator_pid = current_process;
      |                        ^~~~~~~~~~~~~~~
kernel/kernel/ipc.c: In function 'shm_at':
kernel/kernel/ipc.c:111:14: warning: unsigned conversion from 'int' to 'uint32_t' {aka 'unsigned int'} changes value from '-3' to '4294967293' [-Wsign-conversion]
  111 |         prot &= ~PROT_WRITE;
      |              ^~
kernel/kernel/ipc.c: In function 'msg_get':
kernel/kernel/ipc.c:245:34: warning: conversion from 'uint64_t' {aka 'long long unsigned int'} to 'uint32_t' {aka 'unsigned int'} may change value [-Wconversion]
  245 |     msg_queues[id].creator_pid = current_process;
      |                                  ^~~~~~~~~~~~~~~
kernel/kernel/ipc.c: In function 'sem_get':
kernel/kernel/ipc.c:410:17: warning: conversion from 'int' to 'uint16_t' {aka 'short unsigned int'} may change value [-Wconversion]
  410 |     ss->nsems = nsems;
      |                 ^~~~~
kernel/kernel/ipc.c:412:23: warning: conversion from 'uint64_t' {aka 'long long unsigned int'} to 'uint32_t' {aka 'unsigned int'} may change value [-Wconversion]
  412 |     ss->creator_pid = current_process;
      |                       ^~~~~~~~~~~~~~~
kernel/kernel/ipc.c: In function 'sem_op':
kernel/kernel/ipc.c:452:27: warning: conversion from 'int' to 'int16_t' {aka 'short int'} may change value [-Wconversion]
  452 |         ss->values[num] = val;
      |                           ^~~
kernel/kernel/ipc.c: In function 'sem_ctl':
kernel/kernel/ipc.c:472:38: warning: conversion from 'int' to 'int16_t' {aka 'short int'} may change value [-Wconversion]
  472 |                 ss->values[semnum] = *(int*)arg;
      |                                      ^
kernel/kernel/ipc.c: In function 'futex_wait':
kernel/kernel/ipc.c:503:52: warning: unused parameter 'timeout_ms' [-Wunused-parameter]
  503 | int futex_wait(void* uaddr, uint32_t val, uint64_t timeout_ms)
      |                                           ~~~~~~~~~^~~~~~~~~~
kernel/kernel/ipc.c: In function 'futex_wake':
kernel/kernel/ipc.c:573:12: warning: conversion to 'int' from 'uint32_t' {aka 'unsigned int'} may change the sign of the result [-Wsign-conversion]
  573 |     return woken;
      |            ^~~~~
kernel/kernel/ipc.c: In function 'futex_requeue':
kernel/kernel/ipc.c:600:12: warning: conversion to 'int' from 'uint32_t' {aka 'unsigned int'} may change the sign of the result [-Wsign-conversion]
  600 |     return moved;
      |            ^~~~~
kernel/kernel/ipc.c: In function 'ipc_syscall':
kernel/kernel/ipc.c:626:53: warning: cast to pointer from integer of different size [-Wint-to-pointer-cast]
  626 |                 void* ret = shm_at((uint32_t)first, (void*)second, (int)third);
      |                                                     ^
kernel/kernel/ipc.c:627:30: warning: cast from pointer to integer of different size [-Wpointer-to-int-cast]
  627 |                 return ret ? (long)ret : -1;
      |                              ^
kernel/kernel/ipc.c:630:27: warning: cast to pointer from integer of different size [-Wint-to-pointer-cast]
  630 |             return shm_dt((void*)first);
      |                           ^
kernel/kernel/ipc.c:632:58: warning: cast to pointer from integer of different size [-Wint-to-pointer-cast]
  632 |             return shm_ctl((uint32_t)first, (int)second, (void*)third);
      |                                                          ^
kernel/kernel/ipc.c:641:46: warning: cast to pointer from integer of different size [-Wint-to-pointer-cast]
  641 |             return msg_send((uint32_t)first, (void*)second, (uint64_t)third, (int)fourth);
      |                                              ^
kernel/kernel/ipc.c:643:46: warning: cast to pointer from integer of different size [-Wint-to-pointer-cast]
  643 |             return msg_recv((uint32_t)first, (void*)second, (uint64_t)third, (long)fourth, (int)fifth);
      |                                              ^
kernel/kernel/ipc.c:645:58: warning: cast to pointer from integer of different size [-Wint-to-pointer-cast]
  645 |             return msg_ctl((uint32_t)first, (int)second, (void*)third);
      |                                                          ^
kernel/kernel/ipc.c:654:44: warning: cast to pointer from integer of different size [-Wint-to-pointer-cast]
  654 |             return sem_op((uint32_t)first, (struct sembuf*)second, (uint32_t)third);
      |                                            ^
kernel/kernel/ipc.c:656:70: warning: cast to pointer from integer of different size [-Wint-to-pointer-cast]
  656 |             return sem_ctl((uint32_t)first, (int)second, (int)third, (void*)fifth);
      |                                                                      ^
kernel/kernel/interrupt.c: In function 'interrupt_register':
kernel/kernel/interrupt.c:16:13: warning: comparison is always true due to limited range of data type [-Wtype-limits]
   16 |     if (irq < 256) {
      |             ^
kernel/kernel/interrupt.c: In function 'interrupt_dispatch':
kernel/kernel/interrupt.c:75:33: warning: ISO C forbids conversion of object pointer to function pointer type [-Wpedantic]
   75 |         void (*handler)(void) = (void (*)(void))interrupt_handlers[irq];
      |                                 ^
kernel/kernel/interrupt.c: At top level:
kernel/kernel/interrupt.c:22:12: warning: 'exception_has_error_code' defined but not used [-Wunused-function]
   22 | static int exception_has_error_code(uint8_t vector)
      |            ^~~~~~~~~~~~~~~~~~~~~~~~
<0> Building kernel/kernel/gdb_stub.c
<1> Building kernel/kernel/fs.c
<2> Building kernel/kernel/fifo.c
kernel/kernel/gdb_stub.c: In function 'com1_read':
kernel/kernel/gdb_stub.c:49:12: warning: conversion to 'char' from 'uint8_t' {aka 'unsigned char'} may change the sign of the result [-Wsign-conversion]
   49 |     return inb(COM1_RBR);
      |            ^~~~~~~~~~~~~
kernel/kernel/gdb_stub.c: In function 'com1_write':
kernel/kernel/gdb_stub.c:55:20: warning: conversion to 'uint8_t' {aka 'unsigned char'} from 'char' may change the sign of the result [-Wsign-conversion]
   55 |     outb(COM1_THR, c);
      |                    ^
kernel/kernel/gdb_stub.c: In function 'gdb_get_packet':
kernel/kernel/gdb_stub.c:100:21: warning: conversion from 'int' to 'uint8_t' {aka 'unsigned char'} may change value [-Wconversion]
  100 |     recv_checksum = (c >= 'a') ? (c - 'a' + 10) : (c - '0') << 4;
      |                     ^
kernel/kernel/gdb_stub.c:102:22: warning: conversion from 'int' to 'uint8_t' {aka 'unsigned char'} may change value [-Wconversion]
  102 |     recv_checksum |= (c >= 'a') ? (c - 'a' + 10) : (c - '0');
      |                      ^
kernel/kernel/gdb_stub.c: In function 'hex_to_u64':
kernel/kernel/gdb_stub.c:130:13: warning: conversion to 'uint64_t' {aka 'long long unsigned int'} from 'int' may change the sign of the result [-Wsign-conversion]
  130 |         val |= hex2int(*s);
      |             ^~
kernel/kernel/gdb_stub.c: In function 'gdb_stub_enter':
kernel/kernel/gdb_stub.c:261:59: warning: conversion to 'size_t' {aka 'long long unsigned int'} from 'int' may change the sign of the result [-Wsign-conversion]
  261 |                 char* comma = (char*)memchr(gdb_buf, ',', len);
      |                                                           ^~~
kernel/kernel/gdb_stub.c:282:59: warning: conversion to 'size_t' {aka 'long long unsigned int'} from 'int' may change the sign of the result [-Wsign-conversion]
  282 |                 char* comma = (char*)memchr(gdb_buf, ',', len);
      |                                                           ^~~
kernel/kernel/gdb_stub.c:286:89: warning: conversion to 'size_t' {aka 'long long unsigned int'} from 'long long int' may change the sign of the result [-Wsign-conversion]
  286 |                     char* colon = (char*)memchr(comma + 1, ':', len - (comma - gdb_buf) - 1);
      |                                                                 ~~~~~~~~~~~~~~~~~~~~~~~~^~~
kernel/kernel/gdb_stub.c:305:63: warning: conversion to 'size_t' {aka 'long long unsigned int'} from 'int' may change the sign of the result [-Wsign-conversion]
  305 |                 char* comma = (char*)memchr(gdb_buf + 2, ',', len);
      |                                                               ^~~
kernel/kernel/gdb_stub.c:319:63: warning: conversion to 'size_t' {aka 'long long unsigned int'} from 'int' may change the sign of the result [-Wsign-conversion]
  319 |                 char* comma = (char*)memchr(gdb_buf + 2, ',', len);
      |                                                               ^~~
kernel/kernel/gdb_stub.c:354:21: warning: unused variable 'len' [-Wunused-variable]
  354 |                 int len = gdb_get_packet(gdb_buf, sizeof(gdb_buf));
      |                     ^~~
kernel/kernel/fs.c: In function 'vfs_read':
kernel/kernel/fs.c:103:28: warning: conversion to 'uint64_t' {aka 'long long unsigned int'} from 'int' may change the sign of the result [-Wsign-conversion]
  103 |     if (ret > 0) f->offset += ret;
      |                            ^~
kernel/kernel/fs.c: In function 'vfs_write':
kernel/kernel/fs.c:113:28: warning: conversion to 'uint64_t' {aka 'long long unsigned int'} from 'int' may change the sign of the result [-Wsign-conversion]
  113 |     if (ret > 0) f->offset += ret;
      |                            ^~
kernel/kernel/fs.c: In function 'get_parent_and_name':
kernel/kernel/fs.c:230:15: warning: conversion from 'size_t' {aka 'long long unsigned int'} to 'int' may change value [-Wconversion]
  230 |     int len = strlen(path);
      |               ^~~~~~
kernel/kernel/fs.c:249:22: warning: conversion from 'long long int' to 'int' may change value [-Wconversion]
  249 |     int parent_len = last_slash - path;
      |                      ^~~~~~~~~~
kernel/kernel/fs.c:254:36: warning: conversion to 'size_t' {aka 'long long unsigned int'} from 'int' may change the sign of the result [-Wsign-conversion]
  254 |         strncpy(parent_path, path, parent_len);
      |                                    ^~~~~~~~~~
kernel/kernel/fs.c:258:43: warning: conversion to 'size_t' {aka 'long long unsigned int'} from 'int' may change the sign of the result [-Wsign-conversion]
  258 |     strncpy(name, last_slash + 1, max_len - 1);
      |                                   ~~~~~~~~^~~
kernel/kernel/fs.c: In function 'vfs_mkdir':
kernel/kernel/fs.c:285:44: warning: conversion to 'uint64_t' {aka 'long long unsigned int'} from 'int' may change the sign of the result [-Wsign-conversion]
  285 |         return parent->mkdir(parent, name, mode);
      |                                            ^~~~
kernel/kernel/fs.c:290:18: warning: conversion to 'uint64_t' {aka 'long long unsigned int'} from 'int' may change the sign of the result [-Wsign-conversion]
  290 |     node->mode = mode;
      |                  ^~~~
<2> Building kernel/kernel/epoll.c
<1> Building kernel/kernel/drivers.c
<3> Building kernel/kernel/devtmpfs.c
<0> Building kernel/kernel/cgroup.c
kernel/kernel/drivers.c: In function 'drivers_register':
kernel/kernel/drivers.c:39:34: warning: ISO C forbids conversion of object pointer to function pointer type [-Wpedantic]
   39 |     drivers[driver_count].init = (int (*)(void))init_func;
      |                                  ^
-- Enter folder kernel/gui/src --
<3> Building kernel/gui/src/window_manager.c
<1> Building kernel/gui/src/window.c
kernel/gui/src/window.c:121:13: warning: 'draw_3d_rect_outset' defined but not used [-Wunused-function]
  121 | static void draw_3d_rect_outset(uint32_t x, uint32_t y, uint32_t w, uint32_t h) {
      |             ^~~~~~~~~~~~~~~~~~~
kernel/gui/src/window.c:114:13: warning: 'draw_3d_rect_inset' defined but not used [-Wunused-function]
  114 | static void draw_3d_rect_inset(uint32_t x, uint32_t y, uint32_t w, uint32_t h) {
      |             ^~~~~~~~~~~~~~~~~~
kernel/gui/src/window.c:41:17: warning: 'strlen8' defined but not used [-Wunused-function]
   41 | static uint32_t strlen8(const char* s) {
      |                 ^~~~~~~
kernel/gui/src/window.c:17:17: warning: 'widget_pool_idx' defined but not used [-Wunused-variable]
   17 | static uint32_t widget_pool_idx = 0;
      |                 ^~~~~~~~~~~~~~~
kernel/gui/src/window.c:16:17: warning: 'widget_pool' defined but not used [-Wunused-variable]
   16 | static widget_t widget_pool[MAX_WIDGETS];
      |                 ^~~~~~~~~~~
kernel/gui/src/window_manager.c: In function 'wm_paint':
kernel/gui/src/window_manager.c:192:22: warning: conversion to 'int32_t' {aka 'int'} from 'uint32_t' {aka 'unsigned int'} may change the sign of the result [-Wsign-conversion]
  192 |     for (int32_t i = count - 1; i >= 0; i--) {
      |                      ^~~~~
kernel/gui/src/window_manager.c: In function 'wm_handle_mouse_move':
kernel/gui/src/window_manager.c:247:31: warning: conversion to 'uint32_t' {aka 'unsigned int'} from 'int32_t' {aka 'int'} may change the sign of the result [-Wsign-conversion]
  247 |         wm.drag_window->x = x - wm.drag_offset_x;
      |                               ^
kernel/gui/src/window_manager.c:248:31: warning: conversion to 'uint32_t' {aka 'unsigned int'} from 'int32_t' {aka 'int'} may change the sign of the result [-Wsign-conversion]
  248 |         wm.drag_window->y = y - wm.drag_offset_y;
      |                               ^
kernel/gui/src/window_manager.c: In function 'wm_handle_mouse_down':
kernel/gui/src/window_manager.c:305:32: warning: conversion to 'int32_t' {aka 'int'} from 'uint32_t' {aka 'unsigned int'} may change the sign of the result [-Wsign-conversion]
  305 |             wm.drag_offset_x = x - win->x;
      |                                ^
kernel/gui/src/window_manager.c:306:32: warning: conversion to 'int32_t' {aka 'int'} from 'uint32_t' {aka 'unsigned int'} may change the sign of the result [-Wsign-conversion]
  306 |             wm.drag_offset_y = y - win->y;
      |                                ^
kernel/gui/src/window_manager.c: In function 'wm_handle_mouse_up':
kernel/gui/src/window_manager.c:330:50: warning: unused parameter 'x' [-Wunused-parameter]
  330 | void wm_handle_mouse_up(uint8_t button, uint32_t x, uint32_t y) {
      |                                         ~~~~~~~~~^
kernel/gui/src/window_manager.c:330:62: warning: unused parameter 'y' [-Wunused-parameter]
  330 | void wm_handle_mouse_up(uint8_t button, uint32_t x, uint32_t y) {
      |                                                     ~~~~~~~~~^
<2> Building kernel/gui/src/widget.c
<0> Building kernel/gui/src/thispc.c
kernel/gui/src/thispc.c: In function 'pc_int_to_str':
kernel/gui/src/thispc.c:43:34: warning: conversion from 'uint32_t' {aka 'unsigned int'} to 'char' may change value [-Wconversion]
   43 |     while (val > 0) { tmp[i++] = '0' + (val % 10); val /= 10; }
      |                                  ^~~
kernel/gui/src/thispc.c: In function 'pc_format_size':
kernel/gui/src/thispc.c:68:19: warning: conversion from 'uint32_t' {aka 'unsigned int'} to 'char' may change value [-Wconversion]
   68 |         frac[1] = '0' + gb_frac;
      |                   ^~~
kernel/gui/src/widget.c: In function 'widget_destroy':
kernel/gui/src/widget.c:162:31: warning: unused parameter 'widget' [-Wunused-parameter]
  162 | void widget_destroy(widget_t* widget) {
      |                     ~~~~~~~~~~^~~~~~
kernel/gui/src/widget.c: In function 'paint_checkbox':
kernel/gui/src/widget.c:249:26: warning: conversion to 'int32_t' {aka 'int'} from 'uint32_t' {aka 'unsigned int'} may change the sign of the result [-Wsign-conversion]
  249 |         gfx_draw_line(px + 3, py + 8, px + 6, py + 14, RGB(0xFF, 0xFF, 0xFF));
      |                       ~~~^~~
kernel/gui/src/widget.c:249:34: warning: conversion to 'int32_t' {aka 'int'} from 'uint32_t' {aka 'unsigned int'} may change the sign of the result [-Wsign-conversion]
  249 |         gfx_draw_line(px + 3, py + 8, px + 6, py + 14, RGB(0xFF, 0xFF, 0xFF));
      |                               ~~~^~~
kernel/gui/src/widget.c:249:42: warning: conversion to 'int32_t' {aka 'int'} from 'uint32_t' {aka 'unsigned int'} may change the sign of the result [-Wsign-conversion]
  249 |         gfx_draw_line(px + 3, py + 8, px + 6, py + 14, RGB(0xFF, 0xFF, 0xFF));
      |                                       ~~~^~~
kernel/gui/src/widget.c:249:50: warning: conversion to 'int32_t' {aka 'int'} from 'uint32_t' {aka 'unsigned int'} may change the sign of the result [-Wsign-conversion]
  249 |         gfx_draw_line(px + 3, py + 8, px + 6, py + 14, RGB(0xFF, 0xFF, 0xFF));
      |                                               ~~~^~~~
kernel/gui/src/widget.c:250:26: warning: conversion to 'int32_t' {aka 'int'} from 'uint32_t' {aka 'unsigned int'} may change the sign of the result [-Wsign-conversion]
  250 |         gfx_draw_line(px + 6, py + 14, px + 14, py + 4, RGB(0xFF, 0xFF, 0xFF));
      |                       ~~~^~~
kernel/gui/src/widget.c:250:34: warning: conversion to 'int32_t' {aka 'int'} from 'uint32_t' {aka 'unsigned int'} may change the sign of the result [-Wsign-conversion]
  250 |         gfx_draw_line(px + 6, py + 14, px + 14, py + 4, RGB(0xFF, 0xFF, 0xFF));
      |                               ~~~^~~~
kernel/gui/src/widget.c:250:43: warning: conversion to 'int32_t' {aka 'int'} from 'uint32_t' {aka 'unsigned int'} may change the sign of the result [-Wsign-conversion]
  250 |         gfx_draw_line(px + 6, py + 14, px + 14, py + 4, RGB(0xFF, 0xFF, 0xFF));
      |                                        ~~~^~~~
kernel/gui/src/widget.c:250:52: warning: conversion to 'int32_t' {aka 'int'} from 'uint32_t' {aka 'unsigned int'} may change the sign of the result [-Wsign-conversion]
  250 |         gfx_draw_line(px + 6, py + 14, px + 14, py + 4, RGB(0xFF, 0xFF, 0xFF));
      |                                                 ~~~^~~
kernel/gui/src/widget.c: At top level:
kernel/gui/src/widget.c:173:13: warning: 'draw_3d_rect_outset' defined but not used [-Wunused-function]
  173 | static void draw_3d_rect_outset(uint32_t x, uint32_t y, uint32_t w, uint32_t h,
      |             ^~~~~~~~~~~~~~~~~~~
kernel/gui/src/widget.c:165:13: warning: 'draw_3d_rect_inset' defined but not used [-Wunused-function]
  165 | static void draw_3d_rect_inset(uint32_t x, uint32_t y, uint32_t w, uint32_t h,
      |             ^~~~~~~~~~~~~~~~~~
<1> Building kernel/gui/src/textedit.c
<3> Building kernel/gui/src/terminal.c
kernel/gui/src/textedit.c: In function 'te_int_to_str':
kernel/gui/src/textedit.c:84:34: warning: conversion from 'uint32_t' {aka 'unsigned int'} to 'char' may change value [-Wconversion]
   84 |     while (val > 0) { tmp[i++] = '0' + (val % 10); val /= 10; }
      |                                  ^~~
kernel/gui/src/textedit.c: In function 'te_draw_line_numbers':
kernel/gui/src/textedit.c:274:69: warning: unused parameter 'cw' [-Wunused-parameter]
  274 | static void te_draw_line_numbers(uint32_t cx, uint32_t cy, uint32_t cw, uint32_t ch) {
      |                                                            ~~~~~~~~~^~
kernel/gui/src/terminal.c: In function 'term_int_to_str':
kernel/gui/src/terminal.c:95:34: warning: conversion from 'uint32_t' {aka 'unsigned int'} to 'char' may change value [-Wconversion]
   95 |     while (val > 0) { tmp[i++] = '0' + (val % 10); val /= 10; }
      |                                  ^~~
<0> Building kernel/gui/src/taskmgr.c
<2> Building kernel/gui/src/sysinfo.c
kernel/gui/src/taskmgr.c: In function 'tm_int_to_str':
kernel/gui/src/taskmgr.c:30:34: warning: conversion from 'uint32_t' {aka 'unsigned int'} to 'char' may change value [-Wconversion]
   30 |     while (val > 0) { tmp[i++] = '0' + (val % 10); val /= 10; }
      |                                  ^~~
kernel/gui/src/sysinfo.c: In function 'si_int_to_str':
kernel/gui/src/sysinfo.c:36:34: warning: conversion from 'uint32_t' {aka 'unsigned int'} to 'char' may change value [-Wconversion]
   36 |     while (val > 0) { tmp[i++] = '0' + (val % 10); val /= 10; }
      |                                  ^~~
<1> Building kernel/gui/src/msf.c
kernel/gui/src/msf.c: In function 'hex_to_uint':
kernel/gui/src/msf.c:41:43: warning: conversion to 'uint32_t' {aka 'unsigned int'} from 'int' may change the sign of the result [-Wsign-conversion]
   41 |         if (c >= '0' && c <= '9') digit = c - '0';
      |                                           ^
kernel/gui/src/msf.c:42:48: warning: conversion to 'uint32_t' {aka 'unsigned int'} from 'int' may change the sign of the result [-Wsign-conversion]
<0> Building kernel/gui/src/main.c
   42 |         else if (c >= 'A' && c <= 'F') digit = c - 'A' + 10;
      |                                                ^
kernel/gui/src/msf.c:43:48: warning: conversion to 'uint32_t' {aka 'unsigned int'} from 'int' may change the sign of the result [-Wsign-conversion]
   43 |         else if (c >= 'a' && c <= 'f') digit = c - 'a' + 10;
      |                                                ^
kernel/gui/src/msf.c: In function 'parse_uint':
kernel/gui/src/msf.c:64:24: warning: conversion to 'uint32_t' {aka 'unsigned int'} from 'int' may change the sign of the result [-Wsign-conversion]
   64 |         val = val * 10 + (*s - '0');
      |                        ^
kernel/gui/src/msf.c: In function 'uint_to_str':
kernel/gui/src/msf.c:612:34: warning: conversion from 'uint32_t' {aka 'unsigned int'} to 'char' may change value [-Wconversion]
  612 |     while (val > 0) { tmp[i++] = '0' + (val % 10); val /= 10; }
      |                                  ^~~
kernel/gui/src/msf.c: In function 'msf_save_to_buffer':
kernel/gui/src/msf.c:626:45: warning: unused parameter 'buf_size' [-Wunused-parameter]
  626 | void msf_save_to_buffer(char* buf, uint32_t buf_size) {
      |                                    ~~~~~~~~~^~~~~~~~
kernel/gui/src/msf.c: At top level:
kernel/gui/src/msf.c:581:13: warning: 'uint_to_hex' defined but not used [-Wunused-function]
  581 | static void uint_to_hex(uint32_t val, char* buf) {
      |             ^~~~~~~~~~~
kernel/gui/src/msf.c:101:13: warning: 'str_copy' defined but not used [-Wunused-function]
  101 | static void str_copy(char* dst, const char* src, uint32_t max) {
      |             ^~~~~~~~
kernel/gui/src/msf.c:92:16: warning: 'str_find_char' defined but not used [-Wunused-function]
   92 | static int32_t str_find_char(const char* s, char c) {
      |                ^~~~~~~~~~~~~
kernel/gui/src/msf.c:83:13: warning: 'str_starts_with' defined but not used [-Wunused-function]
   83 | static bool str_starts_with(const char* s, const char* prefix) {
      |             ^~~~~~~~~~~~~~~
kernel/gui/src/msf.c:7:20: warning: 'default_msf' defined but not used [-Wunused-variable]
    7 | static const char* default_msf =
      |                    ^~~~~~~~~~~
kernel/gui/src/main.c: In function 'int_to_string':
kernel/gui/src/main.c:69:34: warning: conversion from 'uint32_t' {aka 'unsigned int'} to 'char' may change value [-Wconversion]
   69 |     while (val > 0) { tmp[i++] = '0' + (val % 10); val /= 10; }
      |                                  ^~~
kernel/gui/src/main.c: In function 'button_ok_click':
kernel/gui/src/main.c:81:39: warning: unused parameter 'wgt' [-Wunused-parameter]
   81 | static void button_ok_click(widget_t* wgt, void* user_data) {
      |                             ~~~~~~~~~~^~~
kernel/gui/src/main.c:81:50: warning: unused parameter 'user_data' [-Wunused-parameter]
   81 | static void button_ok_click(widget_t* wgt, void* user_data) {
      |                                            ~~~~~~^~~~~~~~~
kernel/gui/src/main.c: In function 'button_clear_click':
kernel/gui/src/main.c:98:42: warning: unused parameter 'wgt' [-Wunused-parameter]
   98 | static void button_clear_click(widget_t* wgt, void* user_data) {
      |                                ~~~~~~~~~~^~~
kernel/gui/src/main.c:98:53: warning: unused parameter 'user_data' [-Wunused-parameter]
   98 | static void button_clear_click(widget_t* wgt, void* user_data) {
      |                                               ~~~~~~^~~~~~~~~
kernel/gui/src/main.c: In function 'button_about_click':
kernel/gui/src/main.c:106:42: warning: unused parameter 'wgt' [-Wunused-parameter]
  106 | static void button_about_click(widget_t* wgt, void* user_data) {
      |                                ~~~~~~~~~~^~~
kernel/gui/src/main.c:106:53: warning: unused parameter 'user_data' [-Wunused-parameter]
  106 | static void button_about_click(widget_t* wgt, void* user_data) {
      |                                               ~~~~~~^~~~~~~~~
kernel/gui/src/main.c: In function 'theme_light_click':
kernel/gui/src/main.c:205:41: warning: unused parameter 'wgt' [-Wunused-parameter]
  205 | static void theme_light_click(widget_t* wgt, void* user_data) {
      |                               ~~~~~~~~~~^~~
kernel/gui/src/main.c:205:52: warning: unused parameter 'user_data' [-Wunused-parameter]
  205 | static void theme_light_click(widget_t* wgt, void* user_data) {
      |                                              ~~~~~~^~~~~~~~~
kernel/gui/src/main.c: In function 'theme_dark_click':
kernel/gui/src/main.c:211:40: warning: unused parameter 'wgt' [-Wunused-parameter]
  211 | static void theme_dark_click(widget_t* wgt, void* user_data) {
      |                              ~~~~~~~~~~^~~
kernel/gui/src/main.c:211:51: warning: unused parameter 'user_data' [-Wunused-parameter]
  211 | static void theme_dark_click(widget_t* wgt, void* user_data) {
      |                                             ~~~~~~^~~~~~~~~
kernel/gui/src/main.c: In function 'theme_blue_click':
kernel/gui/src/main.c:217:40: warning: unused parameter 'wgt' [-Wunused-parameter]
  217 | static void theme_blue_click(widget_t* wgt, void* user_data) {
      |                              ~~~~~~~~~~^~~
kernel/gui/src/main.c:217:51: warning: unused parameter 'user_data' [-Wunused-parameter]
  217 | static void theme_blue_click(widget_t* wgt, void* user_data) {
      |                                             ~~~~~~^~~~~~~~~
kernel/gui/src/main.c: In function 'theme_green_click':
kernel/gui/src/main.c:223:41: warning: unused parameter 'wgt' [-Wunused-parameter]
  223 | static void theme_green_click(widget_t* wgt, void* user_data) {
      |                               ~~~~~~~~~~^~~
kernel/gui/src/main.c:223:52: warning: unused parameter 'user_data' [-Wunused-parameter]
  223 | static void theme_green_click(widget_t* wgt, void* user_data) {
      |                                              ~~~~~~^~~~~~~~~
kernel/gui/src/main.c: In function 'theme_sunset_click':
kernel/gui/src/main.c:229:42: warning: unused parameter 'wgt' [-Wunused-parameter]
  229 | static void theme_sunset_click(widget_t* wgt, void* user_data) {
      |                                ~~~~~~~~~~^~~
kernel/gui/src/main.c:229:53: warning: unused parameter 'user_data' [-Wunused-parameter]
  229 | static void theme_sunset_click(widget_t* wgt, void* user_data) {
      |                                               ~~~~~~^~~~~~~~~
kernel/gui/src/main.c: In function 'theme_ocean_click':
kernel/gui/src/main.c:235:41: warning: unused parameter 'wgt' [-Wunused-parameter]
  235 | static void theme_ocean_click(widget_t* wgt, void* user_data) {
      |                               ~~~~~~~~~~^~~
kernel/gui/src/main.c:235:52: warning: unused parameter 'user_data' [-Wunused-parameter]
  235 | static void theme_ocean_click(widget_t* wgt, void* user_data) {
      |                                              ~~~~~~^~~~~~~~~
kernel/gui/src/main.c: In function 'theme_forest_click':
kernel/gui/src/main.c:241:42: warning: unused parameter 'wgt' [-Wunused-parameter]
  241 | static void theme_forest_click(widget_t* wgt, void* user_data) {
      |                                ~~~~~~~~~~^~~
kernel/gui/src/main.c:241:53: warning: unused parameter 'user_data' [-Wunused-parameter]
  241 | static void theme_forest_click(widget_t* wgt, void* user_data) {
      |                                               ~~~~~~^~~~~~~~~
kernel/gui/src/main.c: In function 'theme_aurora_click':
kernel/gui/src/main.c:247:42: warning: unused parameter 'wgt' [-Wunused-parameter]
  247 | static void theme_aurora_click(widget_t* wgt, void* user_data) {
      |                                ~~~~~~~~~~^~~
kernel/gui/src/main.c:247:53: warning: unused parameter 'user_data' [-Wunused-parameter]
  247 | static void theme_aurora_click(widget_t* wgt, void* user_data) {
      |                                               ~~~~~~^~~~~~~~~
kernel/gui/src/main.c: In function 'theme_rose_click':
kernel/gui/src/main.c:253:40: warning: unused parameter 'wgt' [-Wunused-parameter]
  253 | static void theme_rose_click(widget_t* wgt, void* user_data) {
      |                              ~~~~~~~~~~^~~
kernel/gui/src/main.c:253:51: warning: unused parameter 'user_data' [-Wunused-parameter]
  253 | static void theme_rose_click(widget_t* wgt, void* user_data) {
      |                                             ~~~~~~^~~~~~~~~
kernel/gui/src/main.c: In function 'theme_gold_click':
kernel/gui/src/main.c:259:40: warning: unused parameter 'wgt' [-Wunused-parameter]
  259 | static void theme_gold_click(widget_t* wgt, void* user_data) {
      |                              ~~~~~~~~~~^~~
kernel/gui/src/main.c:259:51: warning: unused parameter 'user_data' [-Wunused-parameter]
  259 | static void theme_gold_click(widget_t* wgt, void* user_data) {
      |                                             ~~~~~~^~~~~~~~~
kernel/gui/src/main.c: In function 'theme_midnight_click':
kernel/gui/src/main.c:265:44: warning: unused parameter 'wgt' [-Wunused-parameter]
  265 | static void theme_midnight_click(widget_t* wgt, void* user_data) {
      |                                  ~~~~~~~~~~^~~
kernel/gui/src/main.c:265:55: warning: unused parameter 'user_data' [-Wunused-parameter]
  265 | static void theme_midnight_click(widget_t* wgt, void* user_data) {
      |                                                 ~~~~~~^~~~~~~~~
kernel/gui/src/main.c: In function 'theme_lavender_click':
kernel/gui/src/main.c:271:44: warning: unused parameter 'wgt' [-Wunused-parameter]
  271 | static void theme_lavender_click(widget_t* wgt, void* user_data) {
      |                                  ~~~~~~~~~~^~~
kernel/gui/src/main.c:271:55: warning: unused parameter 'user_data' [-Wunused-parameter]
  271 | static void theme_lavender_click(widget_t* wgt, void* user_data) {
      |                                                 ~~~~~~^~~~~~~~~
kernel/gui/src/main.c: In function 'accent_blue_click':
kernel/gui/src/main.c:277:41: warning: unused parameter 'wgt' [-Wunused-parameter]
  277 | static void accent_blue_click(widget_t* wgt, void* user_data) {
      |                               ~~~~~~~~~~^~~
kernel/gui/src/main.c:277:52: warning: unused parameter 'user_data' [-Wunused-parameter]
  277 | static void accent_blue_click(widget_t* wgt, void* user_data) {
      |                                              ~~~~~~^~~~~~~~~
kernel/gui/src/main.c: In function 'accent_red_click':
kernel/gui/src/main.c:282:40: warning: unused parameter 'wgt' [-Wunused-parameter]
  282 | static void accent_red_click(widget_t* wgt, void* user_data) {
      |                              ~~~~~~~~~~^~~
kernel/gui/src/main.c:282:51: warning: unused parameter 'user_data' [-Wunused-parameter]
  282 | static void accent_red_click(widget_t* wgt, void* user_data) {
      |                                             ~~~~~~^~~~~~~~~
kernel/gui/src/main.c: In function 'accent_green_click':
kernel/gui/src/main.c:287:42: warning: unused parameter 'wgt' [-Wunused-parameter]
  287 | static void accent_green_click(widget_t* wgt, void* user_data) {
      |                                ~~~~~~~~~~^~~
kernel/gui/src/main.c:287:53: warning: unused parameter 'user_data' [-Wunused-parameter]
  287 | static void accent_green_click(widget_t* wgt, void* user_data) {
      |                                               ~~~~~~^~~~~~~~~
kernel/gui/src/main.c: In function 'accent_purple_click':
kernel/gui/src/main.c:292:43: warning: unused parameter 'wgt' [-Wunused-parameter]
  292 | static void accent_purple_click(widget_t* wgt, void* user_data) {
      |                                 ~~~~~~~~~~^~~
kernel/gui/src/main.c:292:54: warning: unused parameter 'user_data' [-Wunused-parameter]
  292 | static void accent_purple_click(widget_t* wgt, void* user_data) {
      |                                                ~~~~~~^~~~~~~~~
kernel/gui/src/main.c: In function 'accent_orange_click':
kernel/gui/src/main.c:297:43: warning: unused parameter 'wgt' [-Wunused-parameter]
  297 | static void accent_orange_click(widget_t* wgt, void* user_data) {
      |                                 ~~~~~~~~~~^~~
kernel/gui/src/main.c:297:54: warning: unused parameter 'user_data' [-Wunused-parameter]
  297 | static void accent_orange_click(widget_t* wgt, void* user_data) {
      |                                                ~~~~~~^~~~~~~~~
kernel/gui/src/main.c: In function 'accent_pink_click':
kernel/gui/src/main.c:302:41: warning: unused parameter 'wgt' [-Wunused-parameter]
  302 | static void accent_pink_click(widget_t* wgt, void* user_data) {
      |                               ~~~~~~~~~~^~~
kernel/gui/src/main.c:302:52: warning: unused parameter 'user_data' [-Wunused-parameter]
  302 | static void accent_pink_click(widget_t* wgt, void* user_data) {
      |                                              ~~~~~~^~~~~~~~~
kernel/gui/src/main.c: In function 'accent_teal_click':
kernel/gui/src/main.c:307:41: warning: unused parameter 'wgt' [-Wunused-parameter]
  307 | static void accent_teal_click(widget_t* wgt, void* user_data) {
      |                               ~~~~~~~~~~^~~
kernel/gui/src/main.c:307:52: warning: unused parameter 'user_data' [-Wunused-parameter]
  307 | static void accent_teal_click(widget_t* wgt, void* user_data) {
      |                                              ~~~~~~^~~~~~~~~
kernel/gui/src/main.c: In function 'accent_indigo_click':
kernel/gui/src/main.c:312:43: warning: unused parameter 'wgt' [-Wunused-parameter]
  312 | static void accent_indigo_click(widget_t* wgt, void* user_data) {
      |                                 ~~~~~~~~~~^~~
kernel/gui/src/main.c:312:54: warning: unused parameter 'user_data' [-Wunused-parameter]
  312 | static void accent_indigo_click(widget_t* wgt, void* user_data) {
      |                                                ~~~~~~^~~~~~~~~
kernel/gui/src/main.c: In function 'accent_rose_click':
kernel/gui/src/main.c:317:41: warning: unused parameter 'wgt' [-Wunused-parameter]
  317 | static void accent_rose_click(widget_t* wgt, void* user_data) {
      |                               ~~~~~~~~~~^~~
kernel/gui/src/main.c:317:52: warning: unused parameter 'user_data' [-Wunused-parameter]
  317 | static void accent_rose_click(widget_t* wgt, void* user_data) {
      |                                              ~~~~~~^~~~~~~~~
kernel/gui/src/main.c: In function 'accent_amber_click':
kernel/gui/src/main.c:322:42: warning: unused parameter 'wgt' [-Wunused-parameter]
  322 | static void accent_amber_click(widget_t* wgt, void* user_data) {
      |                                ~~~~~~~~~~^~~
kernel/gui/src/main.c:322:53: warning: unused parameter 'user_data' [-Wunused-parameter]
  322 | static void accent_amber_click(widget_t* wgt, void* user_data) {
      |                                               ~~~~~~^~~~~~~~~
kernel/gui/src/main.c: In function 'accent_emerald_click':
kernel/gui/src/main.c:327:44: warning: unused parameter 'wgt' [-Wunused-parameter]
  327 | static void accent_emerald_click(widget_t* wgt, void* user_data) {
      |                                  ~~~~~~~~~~^~~
kernel/gui/src/main.c:327:55: warning: unused parameter 'user_data' [-Wunused-parameter]
  327 | static void accent_emerald_click(widget_t* wgt, void* user_data) {
      |                                                 ~~~~~~^~~~~~~~~
kernel/gui/src/main.c: In function 'accent_violet_click':
kernel/gui/src/main.c:332:43: warning: unused parameter 'wgt' [-Wunused-parameter]
  332 | static void accent_violet_click(widget_t* wgt, void* user_data) {
<2> Building kernel/gui/src/kenux_render.c
      |                                 ~~~~~~~~~~^~~
kernel/gui/src/main.c:332:54: warning: unused parameter 'user_data' [-Wunused-parameter]
  332 | static void accent_violet_click(widget_t* wgt, void* user_data) {
      |                                                ~~~~~~^~~~~~~~~
kernel/gui/src/main.c: In function 'accent_fuchsia_click':
kernel/gui/src/main.c:337:44: warning: unused parameter 'wgt' [-Wunused-parameter]
  337 | static void accent_fuchsia_click(widget_t* wgt, void* user_data) {
      |                                  ~~~~~~~~~~^~~
kernel/gui/src/main.c:337:55: warning: unused parameter 'user_data' [-Wunused-parameter]
  337 | static void accent_fuchsia_click(widget_t* wgt, void* user_data) {
      |                                                 ~~~~~~^~~~~~~~~
kernel/gui/src/main.c: In function 'accent_sky_click':
kernel/gui/src/main.c:342:40: warning: unused parameter 'wgt' [-Wunused-parameter]
  342 | static void accent_sky_click(widget_t* wgt, void* user_data) {
      |                              ~~~~~~~~~~^~~
kernel/gui/src/main.c:342:51: warning: unused parameter 'user_data' [-Wunused-parameter]
  342 | static void accent_sky_click(widget_t* wgt, void* user_data) {
      |                                             ~~~~~~^~~~~~~~~
kernel/gui/src/main.c: In function 'accent_lime_click':
kernel/gui/src/main.c:347:41: warning: unused parameter 'wgt' [-Wunused-parameter]
  347 | static void accent_lime_click(widget_t* wgt, void* user_data) {
      |                               ~~~~~~~~~~^~~
kernel/gui/src/main.c:347:52: warning: unused parameter 'user_data' [-Wunused-parameter]
  347 | static void accent_lime_click(widget_t* wgt, void* user_data) {
      |                                              ~~~~~~^~~~~~~~~
kernel/gui/src/main.c: In function 'wall_default_click':
kernel/gui/src/main.c:352:42: warning: unused parameter 'wgt' [-Wunused-parameter]
  352 | static void wall_default_click(widget_t* wgt, void* user_data) {
      |                                ~~~~~~~~~~^~~
kernel/gui/src/main.c:352:53: warning: unused parameter 'user_data' [-Wunused-parameter]
  352 | static void wall_default_click(widget_t* wgt, void* user_data) {
      |                                               ~~~~~~^~~~~~~~~
kernel/gui/src/main.c: In function 'wall_sunset_click':
kernel/gui/src/main.c:356:41: warning: unused parameter 'wgt' [-Wunused-parameter]
  356 | static void wall_sunset_click(widget_t* wgt, void* user_data) {
      |                               ~~~~~~~~~~^~~
kernel/gui/src/main.c:356:52: warning: unused parameter 'user_data' [-Wunused-parameter]
  356 | static void wall_sunset_click(widget_t* wgt, void* user_data) {
      |                                              ~~~~~~^~~~~~~~~
kernel/gui/src/main.c: In function 'wall_forest_click':
kernel/gui/src/main.c:360:41: warning: unused parameter 'wgt' [-Wunused-parameter]
  360 | static void wall_forest_click(widget_t* wgt, void* user_data) {
      |                               ~~~~~~~~~~^~~
kernel/gui/src/main.c:360:52: warning: unused parameter 'user_data' [-Wunused-parameter]
  360 | static void wall_forest_click(widget_t* wgt, void* user_data) {
      |                                              ~~~~~~^~~~~~~~~
kernel/gui/src/main.c: In function 'wall_night_click':
kernel/gui/src/main.c:364:40: warning: unused parameter 'wgt' [-Wunused-parameter]
  364 | static void wall_night_click(widget_t* wgt, void* user_data) {
      |                              ~~~~~~~~~~^~~
kernel/gui/src/main.c:364:51: warning: unused parameter 'user_data' [-Wunused-parameter]
  364 | static void wall_night_click(widget_t* wgt, void* user_data) {
      |                                             ~~~~~~^~~~~~~~~
kernel/gui/src/main.c: In function 'wall_ocean_click':
kernel/gui/src/main.c:368:40: warning: unused parameter 'wgt' [-Wunused-parameter]
  368 | static void wall_ocean_click(widget_t* wgt, void* user_data) {
      |                              ~~~~~~~~~~^~~
kernel/gui/src/main.c:368:51: warning: unused parameter 'user_data' [-Wunused-parameter]
  368 | static void wall_ocean_click(widget_t* wgt, void* user_data) {
      |                                             ~~~~~~^~~~~~~~~
kernel/gui/src/main.c: In function 'wall_aurora_click':
kernel/gui/src/main.c:372:41: warning: unused parameter 'wgt' [-Wunused-parameter]
  372 | static void wall_aurora_click(widget_t* wgt, void* user_data) {
      |                               ~~~~~~~~~~^~~
kernel/gui/src/main.c:372:52: warning: unused parameter 'user_data' [-Wunused-parameter]
  372 | static void wall_aurora_click(widget_t* wgt, void* user_data) {
      |                                              ~~~~~~^~~~~~~~~
kernel/gui/src/main.c: In function 'wall_rose_click':
kernel/gui/src/main.c:376:39: warning: unused parameter 'wgt' [-Wunused-parameter]
  376 | static void wall_rose_click(widget_t* wgt, void* user_data) {
      |                             ~~~~~~~~~~^~~
kernel/gui/src/main.c:376:50: warning: unused parameter 'user_data' [-Wunused-parameter]
  376 | static void wall_rose_click(widget_t* wgt, void* user_data) {
      |                                            ~~~~~~^~~~~~~~~
kernel/gui/src/main.c: In function 'wall_gold_click':
kernel/gui/src/main.c:380:39: warning: unused parameter 'wgt' [-Wunused-parameter]
  380 | static void wall_gold_click(widget_t* wgt, void* user_data) {
      |                             ~~~~~~~~~~^~~
kernel/gui/src/main.c:380:50: warning: unused parameter 'user_data' [-Wunused-parameter]
  380 | static void wall_gold_click(widget_t* wgt, void* user_data) {
      |                                            ~~~~~~^~~~~~~~~
kernel/gui/src/main.c: At top level:
kernel/gui/src/main.c:122:13: warning: 'menu_open_main' defined but not used [-Wunused-function]
  122 | static void menu_open_main(void) {
      |             ^~~~~~~~~~~~~~
kernel/gui/src/main.c:55:18: warning: 'color_gallery_win' defined but not used [-Wunused-variable]
   55 | static window_t* color_gallery_win = NULL;
      |                  ^~~~~~~~~~~~~~~~~
kernel/gui/src/main.c:50:13: warning: 'test_pattern_active' defined but not used [-Wunused-variable]
   50 | static bool test_pattern_active = false;  /* 颜色测试界面激活标志 */
      |             ^~~~~~~~~~~~~~~~~~~
kernel/gui/src/kenux_render.c: In function 'KENUX_Render_DrawDashboardCard':
kernel/gui/src/kenux_render.c:362:36: warning: conversion from 'uint32_t' {aka 'unsigned int'} to 'char' may change value [-Wconversion]
  362 |         while (v > 0) { tmp[i++] = '0' + (v % 10); v /= 10; }
      |                                    ^~~
<3> Building kernel/gui/src/icon_registry.c
<3> Building kernel/gui/src/icon_data.c
<0> Building kernel/gui/src/icon.c
kernel/gui/src/icon.c: In function 'draw_settings':
kernel/gui/src/icon.c:100:23: warning: conversion from 'int32_t' {aka 'int'} to 'float' may change value [-Wconversion]
  100 |         float ang = a * 3.14159265f / 180.0f;
      |                       ^
kernel/gui/src/icon.c:101:45: warning: conversion from 'int' to 'float' may change value [-Wconversion]
  101 |         int32_t tx = (int32_t)(cx + (r + 2) * cos_approx(ang));
      |                                             ^
kernel/gui/src/icon.c:101:35: warning: conversion from 'uint32_t' {aka 'unsigned int'} to 'float' may change value [-Wconversion]
  101 |         int32_t tx = (int32_t)(cx + (r + 2) * cos_approx(ang));
      |                                   ^
kernel/gui/src/icon.c:102:45: warning: conversion from 'int' to 'float' may change value [-Wconversion]
  102 |         int32_t ty = (int32_t)(cy + (r + 2) * sin_approx(ang));
      |                                             ^
kernel/gui/src/icon.c:102:35: warning: conversion from 'uint32_t' {aka 'unsigned int'} to 'float' may change value [-Wconversion]
  102 |         int32_t ty = (int32_t)(cy + (r + 2) * sin_approx(ang));
      |                                   ^
kernel/gui/src/icon.c: In function 'draw_user':
kernel/gui/src/icon.c:127:14: warning: unused variable 'bx' [-Wunused-variable]
  127 |     uint32_t bx = cx - bw / 2;
      |              ^~
kernel/gui/src/icon.c: In function 'draw_refresh':
kernel/gui/src/icon.c:154:24: warning: conversion from 'int32_t' {aka 'int'} to 'float' may change value [-Wconversion]
  154 |         float ang1 = a * 3.14159265f / 180.0f;
      |                        ^
kernel/gui/src/icon.c:155:30: warning: conversion from 'int' to 'float' may change value [-Wconversion]
  155 |         float ang2 = (a + 5) * 3.14159265f / 180.0f;
      |                              ^
kernel/gui/src/icon.c:156:35: warning: conversion from 'int32_t' {aka 'int'} to 'float' may change value [-Wconversion]
  156 |         line_abs((int32_t)(cx + r * cos_approx(ang1)), (int32_t)(cy + r * sin_approx(ang1)),
      |                                   ^
kernel/gui/src/icon.c:156:31: warning: conversion from 'uint32_t' {aka 'unsigned int'} to 'float' may change value [-Wconversion]
  156 |         line_abs((int32_t)(cx + r * cos_approx(ang1)), (int32_t)(cy + r * sin_approx(ang1)),
      |                               ^
kernel/gui/src/icon.c:156:73: warning: conversion from 'int32_t' {aka 'int'} to 'float' may change value [-Wconversion]
  156 |         line_abs((int32_t)(cx + r * cos_approx(ang1)), (int32_t)(cy + r * sin_approx(ang1)),
      |                                                                         ^
kernel/gui/src/icon.c:156:69: warning: conversion from 'uint32_t' {aka 'unsigned int'} to 'float' may change value [-Wconversion]
  156 |         line_abs((int32_t)(cx + r * cos_approx(ang1)), (int32_t)(cy + r * sin_approx(ang1)),
      |                                                                     ^
kernel/gui/src/icon.c:157:35: warning: conversion from 'int32_t' {aka 'int'} to 'float' may change value [-Wconversion]
  157 |                  (int32_t)(cx + r * cos_approx(ang2)), (int32_t)(cy + r * sin_approx(ang2)), C_WIN_GREEN);
      |                                   ^
kernel/gui/src/icon.c:157:31: warning: conversion from 'uint32_t' {aka 'unsigned int'} to 'float' may change value [-Wconversion]
  157 |                  (int32_t)(cx + r * cos_approx(ang2)), (int32_t)(cy + r * sin_approx(ang2)), C_WIN_GREEN);
      |                               ^
kernel/gui/src/icon.c:157:73: warning: conversion from 'int32_t' {aka 'int'} to 'float' may change value [-Wconversion]
  157 |                  (int32_t)(cx + r * cos_approx(ang2)), (int32_t)(cy + r * sin_approx(ang2)), C_WIN_GREEN);
      |                                                                         ^
kernel/gui/src/icon.c:157:69: warning: conversion from 'uint32_t' {aka 'unsigned int'} to 'float' may change value [-Wconversion]
  157 |                  (int32_t)(cx + r * cos_approx(ang2)), (int32_t)(cy + r * sin_approx(ang2)), C_WIN_GREEN);
      |                                                                     ^
kernel/gui/src/icon.c:159:35: warning: conversion from 'int32_t' {aka 'int'} to 'float' may change value [-Wconversion]
  159 |     int32_t ax = (int32_t)(cx + r * cos_approx(45 * 3.14159265f / 180.0f));
      |                                   ^
kernel/gui/src/icon.c:159:31: warning: conversion from 'uint32_t' {aka 'unsigned int'} to 'float' may change value [-Wconversion]
  159 |     int32_t ax = (int32_t)(cx + r * cos_approx(45 * 3.14159265f / 180.0f));
      |                               ^
kernel/gui/src/icon.c:160:35: warning: conversion from 'int32_t' {aka 'int'} to 'float' may change value [-Wconversion]
  160 |     int32_t ay = (int32_t)(cy + r * sin_approx(45 * 3.14159265f / 180.0f));
      |                                   ^
kernel/gui/src/icon.c:160:31: warning: conversion from 'uint32_t' {aka 'unsigned int'} to 'float' may change value [-Wconversion]
  160 |     int32_t ay = (int32_t)(cy + r * sin_approx(45 * 3.14159265f / 180.0f));
      |                               ^
kernel/gui/src/icon.c: In function 'draw_check':
kernel/gui/src/icon.c:202:41: warning: conversion to 'uint32_t' {aka 'unsigned int'} from 'int' may change the sign of the result [-Wsign-conversion]
  202 |     line_abs((int32_t)x + 2, (int32_t)y + s / 2, (int32_t)x + s / 3, (int32_t)y + s * 2 / 3, C_WIN_GREEN);
      |                                         ^
kernel/gui/src/icon.c:202:61: warning: conversion to 'uint32_t' {aka 'unsigned int'} from 'int' may change the sign of the result [-Wsign-conversion]
  202 |     line_abs((int32_t)x + 2, (int32_t)y + s / 2, (int32_t)x + s / 3, (int32_t)y + s * 2 / 3, C_WIN_GREEN);
      |                                                             ^
kernel/gui/src/icon.c:202:81: warning: conversion to 'uint32_t' {aka 'unsigned int'} from 'int' may change the sign of the result [-Wsign-conversion]
  202 |     line_abs((int32_t)x + 2, (int32_t)y + s / 2, (int32_t)x + s / 3, (int32_t)y + s * 2 / 3, C_WIN_GREEN);
      |                                                                                 ^
kernel/gui/src/icon.c:202:41: warning: conversion to 'int32_t' {aka 'int'} from 'uint32_t' {aka 'unsigned int'} may change the sign of the result [-Wsign-conversion]
  202 |     line_abs((int32_t)x + 2, (int32_t)y + s / 2, (int32_t)x + s / 3, (int32_t)y + s * 2 / 3, C_WIN_GREEN);
      |                              ~~~~~~~~~~~^~~~~~~
kernel/gui/src/icon.c:202:61: warning: conversion to 'int32_t' {aka 'int'} from 'uint32_t' {aka 'unsigned int'} may change the sign of the result [-Wsign-conversion]
  202 |     line_abs((int32_t)x + 2, (int32_t)y + s / 2, (int32_t)x + s / 3, (int32_t)y + s * 2 / 3, C_WIN_GREEN);
      |                                                  ~~~~~~~~~~~^~~~~~~
kernel/gui/src/icon.c:202:81: warning: conversion to 'int32_t' {aka 'int'} from 'uint32_t' {aka 'unsigned int'} may change the sign of the result [-Wsign-conversion]
  202 |     line_abs((int32_t)x + 2, (int32_t)y + s / 2, (int32_t)x + s / 3, (int32_t)y + s * 2 / 3, C_WIN_GREEN);
      |                                                                      ~~~~~~~~~~~^~~~~~~~~~~
kernel/gui/src/icon.c:203:25: warning: conversion to 'uint32_t' {aka 'unsigned int'} from 'int' may change the sign of the result [-Wsign-conversion]
  203 |     line_abs((int32_t)x + s / 3, (int32_t)y + s * 2 / 3, (int32_t)x + s - 2, (int32_t)y + 2, C_WIN_GREEN);
      |                         ^
kernel/gui/src/icon.c:203:45: warning: conversion to 'uint32_t' {aka 'unsigned int'} from 'int' may change the sign of the result [-Wsign-conversion]
  203 |     line_abs((int32_t)x + s / 3, (int32_t)y + s * 2 / 3, (int32_t)x + s - 2, (int32_t)y + 2, C_WIN_GREEN);
      |                                             ^
kernel/gui/src/icon.c:203:69: warning: conversion to 'uint32_t' {aka 'unsigned int'} from 'int' may change the sign of the result [-Wsign-conversion]
  203 |     line_abs((int32_t)x + s / 3, (int32_t)y + s * 2 / 3, (int32_t)x + s - 2, (int32_t)y + 2, C_WIN_GREEN);
      |                                                                     ^
kernel/gui/src/icon.c:203:25: warning: conversion to 'int32_t' {aka 'int'} from 'uint32_t' {aka 'unsigned int'} may change the sign of the result [-Wsign-conversion]
  203 |     line_abs((int32_t)x + s / 3, (int32_t)y + s * 2 / 3, (int32_t)x + s - 2, (int32_t)y + 2, C_WIN_GREEN);
      |              ~~~~~~~~~~~^~~~~~~
kernel/gui/src/icon.c:203:45: warning: conversion to 'int32_t' {aka 'int'} from 'uint32_t' {aka 'unsigned int'} may change the sign of the result [-Wsign-conversion]
  203 |     line_abs((int32_t)x + s / 3, (int32_t)y + s * 2 / 3, (int32_t)x + s - 2, (int32_t)y + 2, C_WIN_GREEN);
      |                                  ~~~~~~~~~~~^~~~~~~~~~~
kernel/gui/src/icon.c:203:73: warning: conversion to 'int32_t' {aka 'int'} from 'uint32_t' {aka 'unsigned int'} may change the sign of the result [-Wsign-conversion]
  203 |     line_abs((int32_t)x + s / 3, (int32_t)y + s * 2 / 3, (int32_t)x + s - 2, (int32_t)y + 2, C_WIN_GREEN);
      |                                                          ~~~~~~~~~~~~~~~^~~
kernel/gui/src/icon.c:204:41: warning: conversion to 'uint32_t' {aka 'unsigned int'} from 'int' may change the sign of the result [-Wsign-conversion]
  204 |     line_abs((int32_t)x + 2, (int32_t)y + s / 2 + 1, (int32_t)x + s / 3, (int32_t)y + s * 2 / 3 + 1, C_WIN_GREEN);
      |                                         ^
kernel/gui/src/icon.c:204:65: warning: conversion to 'uint32_t' {aka 'unsigned int'} from 'int' may change the sign of the result [-Wsign-conversion]
  204 |     line_abs((int32_t)x + 2, (int32_t)y + s / 2 + 1, (int32_t)x + s / 3, (int32_t)y + s * 2 / 3 + 1, C_WIN_GREEN);
      |                                                                 ^
kernel/gui/src/icon.c:204:85: warning: conversion to 'uint32_t' {aka 'unsigned int'} from 'int' may change the sign of the result [-Wsign-conversion]
  204 |     line_abs((int32_t)x + 2, (int32_t)y + s / 2 + 1, (int32_t)x + s / 3, (int32_t)y + s * 2 / 3 + 1, C_WIN_GREEN);
      |                                                                                     ^
kernel/gui/src/icon.c:204:49: warning: conversion to 'int32_t' {aka 'int'} from 'uint32_t' {aka 'unsigned int'} may change the sign of the result [-Wsign-conversion]
  204 |     line_abs((int32_t)x + 2, (int32_t)y + s / 2 + 1, (int32_t)x + s / 3, (int32_t)y + s * 2 / 3 + 1, C_WIN_GREEN);
      |                              ~~~~~~~~~~~~~~~~~~~^~~
kernel/gui/src/icon.c:204:65: warning: conversion to 'int32_t' {aka 'int'} from 'uint32_t' {aka 'unsigned int'} may change the sign of the result [-Wsign-conversion]
  204 |     line_abs((int32_t)x + 2, (int32_t)y + s / 2 + 1, (int32_t)x + s / 3, (int32_t)y + s * 2 / 3 + 1, C_WIN_GREEN);
      |                                                      ~~~~~~~~~~~^~~~~~~
kernel/gui/src/icon.c:204:97: warning: conversion to 'int32_t' {aka 'int'} from 'uint32_t' {aka 'unsigned int'} may change the sign of the result [-Wsign-conversion]
  204 |     line_abs((int32_t)x + 2, (int32_t)y + s / 2 + 1, (int32_t)x + s / 3, (int32_t)y + s * 2 / 3 + 1, C_WIN_GREEN);
      |                                                                          ~~~~~~~~~~~~~~~~~~~~~~~^~~
kernel/gui/src/icon.c: In function 'draw_error':
kernel/gui/src/icon.c:226:25: warning: conversion to 'uint32_t' {aka 'unsigned int'} from 'int' may change the sign of the result [-Wsign-conversion]
  226 |     line_abs((int32_t)x + s / 4, (int32_t)y + s / 4, (int32_t)x + s * 3 / 4, (int32_t)y + s * 3 / 4, C_WIN_WHITE);
      |                         ^
kernel/gui/src/icon.c:226:45: warning: conversion to 'uint32_t' {aka 'unsigned int'} from 'int' may change the sign of the result [-Wsign-conversion]
  226 |     line_abs((int32_t)x + s / 4, (int32_t)y + s / 4, (int32_t)x + s * 3 / 4, (int32_t)y + s * 3 / 4, C_WIN_WHITE);
      |                                             ^
kernel/gui/src/icon.c:226:65: warning: conversion to 'uint32_t' {aka 'unsigned int'} from 'int' may change the sign of the result [-Wsign-conversion]
  226 |     line_abs((int32_t)x + s / 4, (int32_t)y + s / 4, (int32_t)x + s * 3 / 4, (int32_t)y + s * 3 / 4, C_WIN_WHITE);
      |                                                                 ^
kernel/gui/src/icon.c:226:89: warning: conversion to 'uint32_t' {aka 'unsigned int'} from 'int' may change the sign of the result [-Wsign-conversion]
  226 |     line_abs((int32_t)x + s / 4, (int32_t)y + s / 4, (int32_t)x + s * 3 / 4, (int32_t)y + s * 3 / 4, C_WIN_WHITE);
      |                                                                                         ^
kernel/gui/src/icon.c:226:25: warning: conversion to 'int32_t' {aka 'int'} from 'uint32_t' {aka 'unsigned int'} may change the sign of the result [-Wsign-conversion]
  226 |     line_abs((int32_t)x + s / 4, (int32_t)y + s / 4, (int32_t)x + s * 3 / 4, (int32_t)y + s * 3 / 4, C_WIN_WHITE);
      |              ~~~~~~~~~~~^~~~~~~
kernel/gui/src/icon.c:226:45: warning: conversion to 'int32_t' {aka 'int'} from 'uint32_t' {aka 'unsigned int'} may change the sign of the result [-Wsign-conversion]
  226 |     line_abs((int32_t)x + s / 4, (int32_t)y + s / 4, (int32_t)x + s * 3 / 4, (int32_t)y + s * 3 / 4, C_WIN_WHITE);
      |                                  ~~~~~~~~~~~^~~~~~~
kernel/gui/src/icon.c:226:65: warning: conversion to 'int32_t' {aka 'int'} from 'uint32_t' {aka 'unsigned int'} may change the sign of the result [-Wsign-conversion]
  226 |     line_abs((int32_t)x + s / 4, (int32_t)y + s / 4, (int32_t)x + s * 3 / 4, (int32_t)y + s * 3 / 4, C_WIN_WHITE);
      |                                                      ~~~~~~~~~~~^~~~~~~~~~~
kernel/gui/src/icon.c:226:89: warning: conversion to 'int32_t' {aka 'int'} from 'uint32_t' {aka 'unsigned int'} may change the sign of the result [-Wsign-conversion]
  226 |     line_abs((int32_t)x + s / 4, (int32_t)y + s / 4, (int32_t)x + s * 3 / 4, (int32_t)y + s * 3 / 4, C_WIN_WHITE);
      |                                                                              ~~~~~~~~~~~^~~~~~~~~~~
kernel/gui/src/icon.c:227:25: warning: conversion to 'uint32_t' {aka 'unsigned int'} from 'int' may change the sign of the result [-Wsign-conversion]
  227 |     line_abs((int32_t)x + s / 4, (int32_t)y + s * 3 / 4, (int32_t)x + s * 3 / 4, (int32_t)y + s / 4, C_WIN_WHITE);
      |                         ^
kernel/gui/src/icon.c:227:45: warning: conversion to 'uint32_t' {aka 'unsigned int'} from 'int' may change the sign of the result [-Wsign-conversion]
  227 |     line_abs((int32_t)x + s / 4, (int32_t)y + s * 3 / 4, (int32_t)x + s * 3 / 4, (int32_t)y + s / 4, C_WIN_WHITE);
      |                                             ^
kernel/gui/src/icon.c:227:69: warning: conversion to 'uint32_t' {aka 'unsigned int'} from 'int' may change the sign of the result [-Wsign-conversion]
  227 |     line_abs((int32_t)x + s / 4, (int32_t)y + s * 3 / 4, (int32_t)x + s * 3 / 4, (int32_t)y + s / 4, C_WIN_WHITE);
      |                                                                     ^
kernel/gui/src/icon.c:227:93: warning: conversion to 'uint32_t' {aka 'unsigned int'} from 'int' may change the sign of the result [-Wsign-conversion]
  227 |     line_abs((int32_t)x + s / 4, (int32_t)y + s * 3 / 4, (int32_t)x + s * 3 / 4, (int32_t)y + s / 4, C_WIN_WHITE);
      |                                                                                             ^
kernel/gui/src/icon.c:227:25: warning: conversion to 'int32_t' {aka 'int'} from 'uint32_t' {aka 'unsigned int'} may change the sign of the result [-Wsign-conversion]
  227 |     line_abs((int32_t)x + s / 4, (int32_t)y + s * 3 / 4, (int32_t)x + s * 3 / 4, (int32_t)y + s / 4, C_WIN_WHITE);
      |              ~~~~~~~~~~~^~~~~~~
kernel/gui/src/icon.c:227:45: warning: conversion to 'int32_t' {aka 'int'} from 'uint32_t' {aka 'unsigned int'} may change the sign of the result [-Wsign-conversion]
  227 |     line_abs((int32_t)x + s / 4, (int32_t)y + s * 3 / 4, (int32_t)x + s * 3 / 4, (int32_t)y + s / 4, C_WIN_WHITE);
      |                                  ~~~~~~~~~~~^~~~~~~~~~~
kernel/gui/src/icon.c:227:69: warning: conversion to 'int32_t' {aka 'int'} from 'uint32_t' {aka 'unsigned int'} may change the sign of the result [-Wsign-conversion]
  227 |     line_abs((int32_t)x + s / 4, (int32_t)y + s * 3 / 4, (int32_t)x + s * 3 / 4, (int32_t)y + s / 4, C_WIN_WHITE);
      |                                                          ~~~~~~~~~~~^~~~~~~~~~~
kernel/gui/src/icon.c:227:93: warning: conversion to 'int32_t' {aka 'int'} from 'uint32_t' {aka 'unsigned int'} may change the sign of the result [-Wsign-conversion]
  227 |     line_abs((int32_t)x + s / 4, (int32_t)y + s * 3 / 4, (int32_t)x + s * 3 / 4, (int32_t)y + s / 4, C_WIN_WHITE);
      |                                                                                  ~~~~~~~~~~~^~~~~~~
kernel/gui/src/icon.c: In function 'draw_lock':
kernel/gui/src/icon.c:240:23: warning: conversion from 'int32_t' {aka 'int'} to 'float' may change value [-Wconversion]
  240 |         float ang = a * 3.14159265f / 180.0f;
      |                       ^
kernel/gui/src/icon.c:241:30: warning: conversion from 'int32_t' {aka 'int'} to 'float' may change value [-Wconversion]
  241 |         px((uint32_t)(cx + r * cos_approx(ang)), (uint32_t)(cy + r * sin_approx(ang) / 2), C_WIN_DKGRAY);
      |                              ^
kernel/gui/src/icon.c:241:26: warning: conversion from 'int32_t' {aka 'int'} to 'float' may change value [-Wconversion]
  241 |         px((uint32_t)(cx + r * cos_approx(ang)), (uint32_t)(cy + r * sin_approx(ang) / 2), C_WIN_DKGRAY);
      |                          ^
kernel/gui/src/icon.c:241:68: warning: conversion from 'int32_t' {aka 'int'} to 'float' may change value [-Wconversion]
  241 |         px((uint32_t)(cx + r * cos_approx(ang)), (uint32_t)(cy + r * sin_approx(ang) / 2), C_WIN_DKGRAY);
      |                                                                    ^
kernel/gui/src/icon.c:241:64: warning: conversion from 'int32_t' {aka 'int'} to 'float' may change value [-Wconversion]
  241 |         px((uint32_t)(cx + r * cos_approx(ang)), (uint32_t)(cy + r * sin_approx(ang) / 2), C_WIN_DKGRAY);
      |                                                                ^
kernel/gui/src/icon.c:242:36: warning: conversion from 'int' to 'float' may change value [-Wconversion]
  242 |         px((uint32_t)(cx + (r - 1) * cos_approx(ang)), (uint32_t)(cy + (r - 1) * sin_approx(ang) / 2), C_WIN_DKGRAY);
      |                                    ^
kernel/gui/src/icon.c:242:26: warning: conversion from 'int32_t' {aka 'int'} to 'float' may change value [-Wconversion]
  242 |         px((uint32_t)(cx + (r - 1) * cos_approx(ang)), (uint32_t)(cy + (r - 1) * sin_approx(ang) / 2), C_WIN_DKGRAY);
      |                          ^
kernel/gui/src/icon.c:242:80: warning: conversion from 'int' to 'float' may change value [-Wconversion]
  242 |         px((uint32_t)(cx + (r - 1) * cos_approx(ang)), (uint32_t)(cy + (r - 1) * sin_approx(ang) / 2), C_WIN_DKGRAY);
      |                                                                                ^
kernel/gui/src/icon.c:242:70: warning: conversion from 'int32_t' {aka 'int'} to 'float' may change value [-Wconversion]
  242 |         px((uint32_t)(cx + (r - 1) * cos_approx(ang)), (uint32_t)(cy + (r - 1) * sin_approx(ang) / 2), C_WIN_DKGRAY);
      |                                                                      ^
kernel/gui/src/icon.c: In function 'draw_arrow_left':
kernel/gui/src/icon.c:276:25: warning: conversion to 'uint32_t' {aka 'unsigned int'} from 'int' may change the sign of the result [-Wsign-conversion]
  276 |     line_abs((int32_t)x + s / 2, (int32_t)y + 2, (int32_t)x + 2, cy, C_WIN_DKGRAY);
      |                         ^
kernel/gui/src/icon.c:276:25: warning: conversion to 'int32_t' {aka 'int'} from 'uint32_t' {aka 'unsigned int'} may change the sign of the result [-Wsign-conversion]
  276 |     line_abs((int32_t)x + s / 2, (int32_t)y + 2, (int32_t)x + 2, cy, C_WIN_DKGRAY);
      |              ~~~~~~~~~~~^~~~~~~
kernel/gui/src/icon.c:277:45: warning: conversion to 'uint32_t' {aka 'unsigned int'} from 'int' may change the sign of the result [-Wsign-conversion]
  277 |     line_abs((int32_t)x + 2, cy, (int32_t)x + s / 2, (int32_t)(y + s - 2), C_WIN_DKGRAY);
      |                                             ^
kernel/gui/src/icon.c:277:45: warning: conversion to 'int32_t' {aka 'int'} from 'uint32_t' {aka 'unsigned int'} may change the sign of the result [-Wsign-conversion]
  277 |     line_abs((int32_t)x + 2, cy, (int32_t)x + s / 2, (int32_t)(y + s - 2), C_WIN_DKGRAY);
      |                                  ~~~~~~~~~~~^~~~~~~
kernel/gui/src/icon.c: In function 'draw_arrow_right':
kernel/gui/src/icon.c:282:57: warning: conversion to 'uint32_t' {aka 'unsigned int'} from 'int' may change the sign of the result [-Wsign-conversion]
  282 |     line_abs((int32_t)x + 2, (int32_t)y + 2, (int32_t)x + s / 2, cy, C_WIN_DKGRAY);
      |                                                         ^
kernel/gui/src/icon.c:282:57: warning: conversion to 'int32_t' {aka 'int'} from 'uint32_t' {aka 'unsigned int'} may change the sign of the result [-Wsign-conversion]
  282 |     line_abs((int32_t)x + 2, (int32_t)y + 2, (int32_t)x + s / 2, cy, C_WIN_DKGRAY);
      |                                              ~~~~~~~~~~~^~~~~~~
kernel/gui/src/icon.c:283:25: warning: conversion to 'uint32_t' {aka 'unsigned int'} from 'int' may change the sign of the result [-Wsign-conversion]
  283 |     line_abs((int32_t)x + s / 2, cy, (int32_t)x + 2, (int32_t)(y + s - 2), C_WIN_DKGRAY);
      |                         ^
kernel/gui/src/icon.c:283:25: warning: conversion to 'int32_t' {aka 'int'} from 'uint32_t' {aka 'unsigned int'} may change the sign of the result [-Wsign-conversion]
  283 |     line_abs((int32_t)x + s / 2, cy, (int32_t)x + 2, (int32_t)(y + s - 2), C_WIN_DKGRAY);
      |              ~~~~~~~~~~~^~~~~~~
kernel/gui/src/icon.c: In function 'draw_fill':
kernel/gui/src/icon.c:364:23: warning: conversion from 'int32_t' {aka 'int'} to 'float' may change value [-Wconversion]
  364 |         float ang = a * 3.14159265f / 180.0f;
      |                       ^
kernel/gui/src/icon.c:365:47: warning: conversion from 'uint32_t' {aka 'unsigned int'} to 'float' may change value [-Wconversion]
  365 |         line_abs(cx, cy, (int32_t)(cx + s / 3 * cos_approx(ang)), (int32_t)(cy + s / 3 * sin_approx(ang) / 2), C_WIN_BLUE);
      |                                               ^
kernel/gui/src/icon.c:365:39: warning: conversion from 'int32_t' {aka 'int'} to 'float' may change value [-Wconversion]
  365 |         line_abs(cx, cy, (int32_t)(cx + s / 3 * cos_approx(ang)), (int32_t)(cy + s / 3 * sin_approx(ang) / 2), C_WIN_BLUE);
      |                                       ^
kernel/gui/src/icon.c:365:88: warning: conversion from 'uint32_t' {aka 'unsigned int'} to 'float' may change value [-Wconversion]
  365 |         line_abs(cx, cy, (int32_t)(cx + s / 3 * cos_approx(ang)), (int32_t)(cy + s / 3 * sin_approx(ang) / 2), C_WIN_BLUE);
      |                                                                                        ^
kernel/gui/src/icon.c:365:80: warning: conversion from 'int32_t' {aka 'int'} to 'float' may change value [-Wconversion]
  365 |         line_abs(cx, cy, (int32_t)(cx + s / 3 * cos_approx(ang)), (int32_t)(cy + s / 3 * sin_approx(ang) / 2), C_WIN_BLUE);
      |                                                                                ^
kernel/gui/src/icon.c: In function 'draw_network':
kernel/gui/src/icon.c:430:58: warning: conversion to 'int32_t' {aka 'int'} from 'uint32_t' {aka 'unsigned int'} may change the sign of the result [-Wsign-conversion]
  430 |     gfx_draw_circle((int32_t)cx, (int32_t)(y + s / 2), s / 3, C_WIN_GREEN);
      |                                                        ~~^~~
kernel/gui/src/icon.c:431:62: warning: conversion to 'int32_t' {aka 'int'} from 'uint32_t' {aka 'unsigned int'} may change the sign of the result [-Wsign-conversion]
  431 |     gfx_draw_circle((int32_t)cx, (int32_t)(y + s / 2), s / 2 - 1, C_WIN_GREEN);
      |                                                        ~~~~~~^~~
kernel/gui/src/icon.c: In function 'draw_power':
kernel/gui/src/icon.c:439:23: warning: conversion from 'int32_t' {aka 'int'} to 'float' may change value [-Wconversion]
  439 |         float ang = a * 3.14159265f / 180.0f;
      |                       ^
kernel/gui/src/icon.c:440:49: warning: conversion from 'int32_t' {aka 'int'} to 'float' may change value [-Wconversion]
  440 |         px((uint32_t)((int32_t)cx + (int32_t)(r * cos_approx(ang))),
      |                                                 ^
kernel/gui/src/icon.c:441:49: warning: conversion from 'int32_t' {aka 'int'} to 'float' may change value [-Wconversion]
  441 |            (uint32_t)((int32_t)cy + (int32_t)(r * sin_approx(ang))), C_WIN_RED);
      |                                                 ^
kernel/gui/src/icon.c: In function 'cos_approx':
kernel/gui/src/icon.c:447:50: warning: conversion from 'int' to 'float' may change value [-Wconversion]
  447 |     x = x - (int32_t)(x / (2 * 3.14159265f)) * 2 * 3.14159265f;
      |                                                  ^
kernel/gui/src/icon.c: At top level:
kernel/gui/src/icon.c:14:17: warning: 'col_folder_dark' defined but not used [-Wunused-variable]
   14 | static uint32_t col_folder_dark = 0;
      |                 ^~~~~~~~~~~~~~~
kernel/gui/src/icon.c:13:17: warning: 'col_folder' defined but not used [-Wunused-variable]
   13 | static uint32_t col_folder = 0;
      |                 ^~~~~~~~~~
<2> Building kernel/gui/src/graphics.c
kernel/gui/src/graphics.c: In function 'gfx_draw_circle':
kernel/gui/src/graphics.c:49:25: warning: conversion to 'uint32_t' {aka 'unsigned int'} from 'int32_t' {aka 'int'} may change the sign of the result [-Wsign-conversion]
   49 |         fb_set_pixel(xc + x, yc + y, color);
      |                      ~~~^~~
kernel/gui/src/graphics.c:49:33: warning: conversion to 'uint32_t' {aka 'unsigned int'} from 'int32_t' {aka 'int'} may change the sign of the result [-Wsign-conversion]
   49 |         fb_set_pixel(xc + x, yc + y, color);
      |                              ~~~^~~
kernel/gui/src/graphics.c:50:25: warning: conversion to 'uint32_t' {aka 'unsigned int'} from 'int32_t' {aka 'int'} may change the sign of the result [-Wsign-conversion]
   50 |         fb_set_pixel(xc - x, yc + y, color);
      |                      ~~~^~~
kernel/gui/src/graphics.c:50:33: warning: conversion to 'uint32_t' {aka 'unsigned int'} from 'int32_t' {aka 'int'} may change the sign of the result [-Wsign-conversion]
   50 |         fb_set_pixel(xc - x, yc + y, color);
      |                              ~~~^~~
kernel/gui/src/graphics.c:51:25: warning: conversion to 'uint32_t' {aka 'unsigned int'} from 'int32_t' {aka 'int'} may change the sign of the result [-Wsign-conversion]
   51 |         fb_set_pixel(xc + x, yc - y, color);
      |                      ~~~^~~
kernel/gui/src/graphics.c:51:33: warning: conversion to 'uint32_t' {aka 'unsigned int'} from 'int32_t' {aka 'int'} may change the sign of the result [-Wsign-conversion]
   51 |         fb_set_pixel(xc + x, yc - y, color);
      |                              ~~~^~~
kernel/gui/src/graphics.c:52:25: warning: conversion to 'uint32_t' {aka 'unsigned int'} from 'int32_t' {aka 'int'} may change the sign of the result [-Wsign-conversion]
   52 |         fb_set_pixel(xc - x, yc - y, color);
      |                      ~~~^~~
kernel/gui/src/graphics.c:52:33: warning: conversion to 'uint32_t' {aka 'unsigned int'} from 'int32_t' {aka 'int'} may change the sign of the result [-Wsign-conversion]
   52 |         fb_set_pixel(xc - x, yc - y, color);
      |                              ~~~^~~
kernel/gui/src/graphics.c:53:25: warning: conversion to 'uint32_t' {aka 'unsigned int'} from 'int32_t' {aka 'int'} may change the sign of the result [-Wsign-conversion]
   53 |         fb_set_pixel(xc + y, yc + x, color);
      |                      ~~~^~~
kernel/gui/src/graphics.c:53:33: warning: conversion to 'uint32_t' {aka 'unsigned int'} from 'int32_t' {aka 'int'} may change the sign of the result [-Wsign-conversion]
   53 |         fb_set_pixel(xc + y, yc + x, color);
      |                              ~~~^~~
kernel/gui/src/graphics.c:54:25: warning: conversion to 'uint32_t' {aka 'unsigned int'} from 'int32_t' {aka 'int'} may change the sign of the result [-Wsign-conversion]
   54 |         fb_set_pixel(xc - y, yc + x, color);
      |                      ~~~^~~
kernel/gui/src/graphics.c:54:33: warning: conversion to 'uint32_t' {aka 'unsigned int'} from 'int32_t' {aka 'int'} may change the sign of the result [-Wsign-conversion]
   54 |         fb_set_pixel(xc - y, yc + x, color);
      |                              ~~~^~~
kernel/gui/src/graphics.c:55:25: warning: conversion to 'uint32_t' {aka 'unsigned int'} from 'int32_t' {aka 'int'} may change the sign of the result [-Wsign-conversion]
   55 |         fb_set_pixel(xc + y, yc - x, color);
      |                      ~~~^~~
kernel/gui/src/graphics.c:55:33: warning: conversion to 'uint32_t' {aka 'unsigned int'} from 'int32_t' {aka 'int'} may change the sign of the result [-Wsign-conversion]
   55 |         fb_set_pixel(xc + y, yc - x, color);
      |                              ~~~^~~
kernel/gui/src/graphics.c:56:25: warning: conversion to 'uint32_t' {aka 'unsigned int'} from 'int32_t' {aka 'int'} may change the sign of the result [-Wsign-conversion]
   56 |         fb_set_pixel(xc - y, yc - x, color);
      |                      ~~~^~~
kernel/gui/src/graphics.c:56:33: warning: conversion to 'uint32_t' {aka 'unsigned int'} from 'int32_t' {aka 'int'} may change the sign of the result [-Wsign-conversion]
   56 |         fb_set_pixel(xc - y, yc - x, color);
      |                              ~~~^~~
kernel/gui/src/graphics.c: In function 'gfx_draw_filled_circle':
kernel/gui/src/graphics.c:72:33: warning: conversion to 'uint32_t' {aka 'unsigned int'} from 'int32_t' {aka 'int'} may change the sign of the result [-Wsign-conversion]
   72 |                 fb_set_pixel(xc + x, yc + y, color);
      |                              ~~~^~~
kernel/gui/src/graphics.c:72:41: warning: conversion to 'uint32_t' {aka 'unsigned int'} from 'int32_t' {aka 'int'} may change the sign of the result [-Wsign-conversion]
   72 |                 fb_set_pixel(xc + x, yc + y, color);
      |                                      ~~~^~~
<2> Building kernel/gui/src/framebuffer.c
kernel/gui/src/framebuffer.c: In function 'gui_fb_init':
kernel/gui/src/framebuffer.c:46:14: warning: conversion from 'uint32_t' {aka 'unsigned int'} to 'uint8_t' {aka 'unsigned char'} may change value [-Wconversion]
   46 |     fb.bpp = info->bpp;
      |              ^~~~
kernel/gui/src/framebuffer.c: In function 'fb_convert_color':
kernel/gui/src/framebuffer.c:87:17: warning: conversion from 'uint32_t' {aka 'unsigned int'} to 'uint8_t' {aka 'unsigned char'} may change value [-Wconversion]
   87 |     uint8_t a = (rgb_color >> 24) & 0xFF;
      |                 ^
kernel/gui/src/framebuffer.c: In function 'fb_blit_alpha':
kernel/gui/src/framebuffer.c:464:25: warning: conversion from 'uint32_t' {aka 'unsigned int'} to 'uint8_t' {aka 'unsigned char'} may change value [-Wconversion]
  464 |             uint8_t a = (pixel >> 24) & 0xFF;
      |                         ^
kernel/gui/src/framebuffer.c: In function 'fb_fill_rounded_rect':
kernel/gui/src/framebuffer.c:509:36: warning: conversion to 'uint32_t' {aka 'unsigned int'} from 'int32_t' {aka 'int'} may change the sign of the result [-Wsign-conversion]
  509 |                 set_pixel_direct(x + dx, y + dy, color);               /* TL */
      |                                    ^
kernel/gui/src/framebuffer.c:509:44: warning: conversion to 'uint32_t' {aka 'unsigned int'} from 'int32_t' {aka 'int'} may change the sign of the result [-Wsign-conversion]
  509 |                 set_pixel_direct(x + dx, y + dy, color);               /* TL */
      |                                            ^
kernel/gui/src/framebuffer.c:510:44: warning: conversion to 'uint32_t' {aka 'unsigned int'} from 'int32_t' {aka 'int'} may change the sign of the result [-Wsign-conversion]
  510 |                 set_pixel_direct(x + w - 1 - dx, y + dy, color);       /* TR */
      |                                            ^
kernel/gui/src/framebuffer.c:510:52: warning: conversion to 'uint32_t' {aka 'unsigned int'} from 'int32_t' {aka 'int'} may change the sign of the result [-Wsign-conversion]
  510 |                 set_pixel_direct(x + w - 1 - dx, y + dy, color);       /* TR */
      |                                                    ^
kernel/gui/src/framebuffer.c:511:36: warning: conversion to 'uint32_t' {aka 'unsigned int'} from 'int32_t' {aka 'int'} may change the sign of the result [-Wsign-conversion]
  511 |                 set_pixel_direct(x + dx, y + h - 1 - dy, color);       /* BL */
      |                                    ^
kernel/gui/src/framebuffer.c:511:52: warning: conversion to 'uint32_t' {aka 'unsigned int'} from 'int32_t' {aka 'int'} may change the sign of the result [-Wsign-conversion]
  511 |                 set_pixel_direct(x + dx, y + h - 1 - dy, color);       /* BL */
      |                                                    ^
kernel/gui/src/framebuffer.c:512:44: warning: conversion to 'uint32_t' {aka 'unsigned int'} from 'int32_t' {aka 'int'} may change the sign of the result [-Wsign-conversion]
  512 |                 set_pixel_direct(x + w - 1 - dx, y + h - 1 - dy, color); /* BR */
      |                                            ^
kernel/gui/src/framebuffer.c:512:60: warning: conversion to 'uint32_t' {aka 'unsigned int'} from 'int32_t' {aka 'int'} may change the sign of the result [-Wsign-conversion]
  512 |                 set_pixel_direct(x + w - 1 - dx, y + h - 1 - dy, color); /* BR */
      |                                                            ^
kernel/gui/src/framebuffer.c: In function 'fb_fill_rounded_top_rect':
kernel/gui/src/framebuffer.c:537:36: warning: conversion to 'uint32_t' {aka 'unsigned int'} from 'int32_t' {aka 'int'} may change the sign of the result [-Wsign-conversion]
  537 |                 set_pixel_direct(x + dx, y + dy, color);
      |                                    ^
kernel/gui/src/framebuffer.c:537:44: warning: conversion to 'uint32_t' {aka 'unsigned int'} from 'int32_t' {aka 'int'} may change the sign of the result [-Wsign-conversion]
  537 |                 set_pixel_direct(x + dx, y + dy, color);
      |                                            ^
kernel/gui/src/framebuffer.c:538:44: warning: conversion to 'uint32_t' {aka 'unsigned int'} from 'int32_t' {aka 'int'} may change the sign of the result [-Wsign-conversion]
  538 |                 set_pixel_direct(x + w - 1 - dx, y + dy, color);
      |                                            ^
kernel/gui/src/framebuffer.c:538:52: warning: conversion to 'uint32_t' {aka 'unsigned int'} from 'int32_t' {aka 'int'} may change the sign of the result [-Wsign-conversion]
  538 |                 set_pixel_direct(x + w - 1 - dx, y + dy, color);
      |                                                    ^
kernel/gui/src/framebuffer.c: In function 'fb_blit_scaled':
kernel/gui/src/framebuffer.c:607:25: warning: conversion from 'uint32_t' {aka 'unsigned int'} to 'uint8_t' {aka 'unsigned char'} may change value [-Wconversion]
  607 |             uint8_t a = (pixel >> 24) & 0xFF;
      |                         ^
<1> Building kernel/gui/src/font_data.c
<0> Building kernel/gui/src/font.c
kernel/gui/src/font_data.c:4:8: warning: ISO C forbids specifying range of elements to initialize [-Wpedantic]
    4 |     [0 ... 255] = {0},
      |        ^~~
kernel/gui/src/font_data.c:6:13: warning: initialized field overwritten [-Woverride-init]
    6 |     [' '] = {0x00,0x00,0x00,0x00,0x00,0x00,0x00,0x00,0x00,0x00,0x00,0x00,0x00,0x00,0x00,0x00},
      |             ^
kernel/gui/src/font_data.c:6:13: note: (near initialization for 'font_8x16[32]')
kernel/gui/src/font_data.c:7:13: warning: initialized field overwritten [-Woverride-init]
    7 |     ['!'] = {0x00,0x00,0x00,0x30,0x30,0x30,0x10,0x10,0x00,0x10,0x10,0x00,0x00,0x00,0x00,0x00},
      |             ^
kernel/gui/src/font_data.c:7:13: note: (near initialization for 'font_8x16[33]')
kernel/gui/src/font_data.c:8:13: warning: initialized field overwritten [-Woverride-init]
    8 |     ['"'] = {0x00,0x00,0x00,0x38,0x38,0x00,0x00,0x00,0x00,0x00,0x00,0x00,0x00,0x00,0x00,0x00},
      |             ^
kernel/gui/src/font_data.c:8:13: note: (near initialization for 'font_8x16[34]')
kernel/gui/src/font_data.c:9:13: warning: initialized field overwritten [-Woverride-init]
    9 |     ['#'] = {0x00,0x00,0x12,0x16,0x14,0x7F,0x2C,0xFE,0x28,0x68,0x58,0x00,0x00,0x00,0x00,0x00},
      |             ^
kernel/gui/src/font_data.c:9:13: note: (near initialization for 'font_8x16[35]')
kernel/gui/src/font_data.c:10:13: warning: initialized field overwritten [-Woverride-init]
   10 |     ['$'] = {0x00,0x00,0x10,0x3C,0x74,0x70,0x38,0x1C,0x1C,0x78,0x10,0x00,0x00,0x00,0x00,0x00},
      |             ^
kernel/gui/src/font_data.c:10:13: note: (near initialization for 'font_8x16[36]')
kernel/gui/src/font_data.c:11:13: warning: initialized field overwritten [-Woverride-init]
   11 |     ['%'] = {0x00,0x00,0x00,0xE8,0xA8,0xB0,0xFE,0x3B,0x2B,0x6E,0x00,0x00,0x00,0x00,0x00,0x00},
      |             ^
kernel/gui/src/font_data.c:11:13: note: (near initialization for 'font_8x16[37]')
kernel/gui/src/font_data.c:12:13: warning: initialized field overwritten [-Woverride-init]
   12 |     ['&'] = {0x00,0x00,0x38,0x78,0x78,0x70,0xF6,0xBC,0x9C,0xEE,0x00,0x00,0x00,0x00,0x00,0x00},
      |             ^
kernel/gui/src/font_data.c:12:13: note: (near initialization for 'font_8x16[38]')
kernel/gui/src/font_data.c:13:14: warning: initialized field overwritten [-Woverride-init]
   13 |     ['\''] = {0x00,0x00,0x00,0x18,0x18,0x00,0x00,0x00,0x00,0x00,0x00,0x00,0x00,0x00,0x00,0x00},
      |              ^
kernel/gui/src/font_data.c:13:14: note: (near initialization for 'font_8x16[39]')
kernel/gui/src/font_data.c:14:13: warning: initialized field overwritten [-Woverride-init]
   14 |     ['('] = {0x00,0x08,0x18,0x30,0x30,0x20,0x60,0x20,0x30,0x30,0x18,0x08,0x00,0x00,0x00,0x00},
      |             ^
kernel/gui/src/font_data.c:14:13: note: (near initialization for 'font_8x16[40]')
kernel/gui/src/font_data.c:15:13: warning: initialized field overwritten [-Woverride-init]
   15 |     [')'] = {0x00,0x30,0x30,0x18,0x08,0x0C,0x0C,0x0C,0x0C,0x18,0x38,0x30,0x00,0x00,0x00,0x00},
      |             ^
kernel/gui/src/font_data.c:15:13: note: (near initialization for 'font_8x16[41]')
kernel/gui/src/font_data.c:16:13: warning: initialized field overwritten [-Woverride-init]
   16 |     ['*'] = {0x00,0x00,0x00,0x18,0x3C,0x18,0x1C,0x00,0x00,0x00,0x00,0x00,0x00,0x00,0x00,0x00},
      |             ^
kernel/gui/src/font_data.c:16:13: note: (near initialization for 'font_8x16[42]')
kernel/gui/src/font_data.c:17:13: warning: initialized field overwritten [-Woverride-init]
   17 |     ['+'] = {0x00,0x00,0x00,0x00,0x10,0x10,0x7C,0x10,0x10,0x00,0x00,0x00,0x00,0x00,0x00,0x00},
      |             ^
kernel/gui/src/font_data.c:17:13: note: (near initialization for 'font_8x16[43]')
kernel/gui/src/font_data.c:18:13: warning: initialized field overwritten [-Woverride-init]
   18 |     [','] = {0x00,0x00,0x00,0x00,0x00,0x18,0x18,0x10,0x00,0x00,0x00,0x00,0x00,0x00,0x00,0x00},
      |             ^
kernel/gui/src/font_data.c:18:13: note: (near initialization for 'font_8x16[44]')
kernel/gui/src/font_data.c:19:13: warning: initialized field overwritten [-Woverride-init]
   19 |     ['-'] = {0x00,0x00,0x00,0x00,0x00,0x78,0x00,0x00,0x00,0x00,0x00,0x00,0x00,0x00,0x00,0x00},
      |             ^
kernel/gui/src/font_data.c:19:13: note: (near initialization for 'font_8x16[45]')
kernel/gui/src/font_data.c:20:13: warning: initialized field overwritten [-Woverride-init]
   20 |     ['.'] = {0x00,0x00,0x00,0x00,0x00,0x00,0x30,0x30,0x00,0x00,0x00,0x00,0x00,0x00,0x00,0x00},
      |             ^
kernel/gui/src/font_data.c:20:13: note: (near initialization for 'font_8x16[46]')
kernel/gui/src/font_data.c:21:13: warning: initialized field overwritten [-Woverride-init]
   21 |     ['/'] = {0x00,0x00,0x00,0x08,0x08,0x18,0x18,0x10,0x10,0x30,0x30,0x20,0x00,0x00,0x00,0x00},
      |             ^
kernel/gui/src/font_data.c:21:13: note: (near initialization for 'font_8x16[47]')
kernel/gui/src/font_data.c:22:13: warning: initialized field overwritten [-Woverride-init]
   22 |     ['0'] = {0x00,0x00,0x00,0x38,0x6C,0xC6,0xC6,0xC6,0x6C,0x38,0x00,0x00,0x00,0x00,0x00,0x00},
      |             ^
kernel/gui/src/font_data.c:22:13: note: (near initialization for 'font_8x16[48]')
kernel/gui/src/font_data.c:23:13: warning: initialized field overwritten [-Woverride-init]
   23 |     ['1'] = {0x00,0x00,0x00,0x18,0x38,0x18,0x18,0x18,0x18,0x18,0x00,0x00,0x00,0x00,0x00,0x00},
      |             ^
kernel/gui/src/font_data.c:23:13: note: (near initialization for 'font_8x16[49]')
kernel/gui/src/font_data.c:24:13: warning: initialized field overwritten [-Woverride-init]
   24 |     ['2'] = {0x00,0x00,0x00,0x7C,0x4C,0x0C,0x0C,0x18,0x30,0x7E,0x00,0x00,0x00,0x00,0x00,0x00},
      |             ^
kernel/gui/src/font_data.c:24:13: note: (near initialization for 'font_8x16[50]')
kernel/gui/src/font_data.c:25:13: warning: initialized field overwritten [-Woverride-init]
   25 |     ['3'] = {0x00,0x00,0x00,0x3C,0x6C,0x0C,0x3C,0x0C,0x6C,0x3C,0x00,0x00,0x00,0x00,0x00,0x00},
      |             ^
kernel/gui/src/font_data.c:25:13: note: (near initialization for 'font_8x16[51]')
kernel/gui/src/font_data.c:26:13: warning: initialized field overwritten [-Woverride-init]
   26 |     ['4'] = {0x00,0x00,0x00,0x0C,0x1C,0x3C,0x6C,0x7E,0x0C,0x0C,0x00,0x00,0x00,0x00,0x00,0x00},
      |             ^
kernel/gui/src/font_data.c:26:13: note: (near initialization for 'font_8x16[52]')
kernel/gui/src/font_data.c:27:13: warning: initialized field overwritten [-Woverride-init]
   27 |     ['5'] = {0x00,0x00,0x00,0x7C,0x60,0x7C,0x0C,0x0C,0x4C,0x38,0x00,0x00,0x00,0x00,0x00,0x00},
      |             ^
kernel/gui/src/font_data.c:27:13: note: (near initialization for 'font_8x16[53]')
kernel/gui/src/font_data.c:28:13: warning: initialized field overwritten [-Woverride-init]
   28 |     ['6'] = {0x00,0x00,0x00,0x1C,0x38,0x7C,0x66,0x66,0x36,0x3C,0x00,0x00,0x00,0x00,0x00,0x00},
      |             ^
kernel/gui/src/font_data.c:28:13: note: (near initialization for 'font_8x16[54]')
kernel/gui/src/font_data.c:29:13: warning: initialized field overwritten [-Woverride-init]
   29 |     ['7'] = {0x00,0x00,0x00,0x7C,0x0C,0x18,0x18,0x18,0x30,0x30,0x00,0x00,0x00,0x00,0x00,0x00},
      |             ^
kernel/gui/src/font_data.c:29:13: note: (near initialization for 'font_8x16[55]')
kernel/gui/src/font_data.c:30:13: warning: initialized field overwritten [-Woverride-init]
   30 |     ['8'] = {0x00,0x00,0x00,0x3C,0x6C,0x64,0x7C,0x6C,0x6C,0x3C,0x00,0x00,0x00,0x00,0x00,0x00},
      |             ^
kernel/gui/src/font_data.c:30:13: note: (near initialization for 'font_8x16[56]')
kernel/gui/src/font_data.c:31:13: warning: initialized field overwritten [-Woverride-init]
   31 |     ['9'] = {0x00,0x00,0x00,0x3C,0x66,0x66,0x66,0x3E,0x0C,0x38,0x00,0x00,0x00,0x00,0x00,0x00},
      |             ^
kernel/gui/src/font_data.c:31:13: note: (near initialization for 'font_8x16[57]')
kernel/gui/src/font_data.c:32:13: warning: initialized field overwritten [-Woverride-init]
   32 |     [':'] = {0x00,0x00,0x00,0x00,0x18,0x18,0x00,0x18,0x18,0x00,0x00,0x00,0x00,0x00,0x00,0x00},
      |             ^
kernel/gui/src/font_data.c:32:13: note: (near initialization for 'font_8x16[58]')
kernel/gui/src/font_data.c:33:13: warning: initialized field overwritten [-Woverride-init]
   33 |     [';'] = {0x00,0x00,0x00,0x00,0x18,0x18,0x00,0x18,0x18,0x10,0x00,0x00,0x00,0x00,0x00,0x00},
      |             ^
kernel/gui/src/font_data.c:33:13: note: (near initialization for 'font_8x16[59]')
kernel/gui/src/font_data.c:34:13: warning: initialized field overwritten [-Woverride-init]
   34 |     ['<'] = {0x00,0x00,0x00,0x00,0x08,0x30,0x60,0x30,0x08,0x00,0x00,0x00,0x00,0x00,0x00,0x00},
      |             ^
kernel/gui/src/font_data.c:34:13: note: (near initialization for 'font_8x16[60]')
kernel/gui/src/font_data.c:35:13: warning: initialized field overwritten [-Woverride-init]
   35 |     ['='] = {0x00,0x00,0x00,0x00,0x7C,0x00,0x7C,0x00,0x00,0x00,0x00,0x00,0x00,0x00,0x00,0x00},
      |             ^
kernel/gui/src/font_data.c:35:13: note: (near initialization for 'font_8x16[61]')
kernel/gui/src/font_data.c:36:13: warning: initialized field overwritten [-Woverride-init]
   36 |     ['>'] = {0x00,0x00,0x00,0x00,0x30,0x18,0x0C,0x18,0x30,0x00,0x00,0x00,0x00,0x00,0x00,0x00},
      |             ^
kernel/gui/src/font_data.c:36:13: note: (near initialization for 'font_8x16[62]')
kernel/gui/src/font_data.c:37:13: warning: initialized field overwritten [-Woverride-init]
   37 |     ['?'] = {0x00,0x00,0x00,0x38,0x5C,0x0C,0x18,0x30,0x00,0x30,0x30,0x00,0x00,0x00,0x00,0x00},
      |             ^
kernel/gui/src/font_data.c:37:13: note: (near initialization for 'font_8x16[63]')
kernel/gui/src/font_data.c:38:13: warning: initialized field overwritten [-Woverride-init]
   38 |     ['@'] = {0x00,0x00,0x00,0x3C,0x66,0xDE,0xF6,0xF6,0xDE,0x60,0x30,0x00,0x00,0x00,0x00,0x00},
      |             ^
kernel/gui/src/font_data.c:38:13: note: (near initialization for 'font_8x16[64]')
kernel/gui/src/font_data.c:39:13: warning: initialized field overwritten [-Woverride-init]
   39 |     ['A'] = {0x00,0x00,0x00,0x18,0x3C,0x3C,0x6C,0x66,0x7E,0xC7,0xC3,0x00,0x00,0x00,0x00,0x00},
      |             ^
kernel/gui/src/font_data.c:39:13: note: (near initialization for 'font_8x16[65]')
kernel/gui/src/font_data.c:40:13: warning: initialized field overwritten [-Woverride-init]
   40 |     ['B'] = {0x00,0x00,0x00,0xFC,0xC6,0xC6,0xFC,0xC6,0xC6,0xC6,0xFC,0x00,0x00,0x00,0x00,0x00},
      |             ^
kernel/gui/src/font_data.c:40:13: note: (near initialization for 'font_8x16[66]')
kernel/gui/src/font_data.c:41:13: warning: initialized field overwritten [-Woverride-init]
   41 |     ['C'] = {0x00,0x00,0x00,0x3E,0x66,0xC0,0xC0,0xC0,0xC0,0x66,0x3E,0x00,0x00,0x00,0x00,0x00},
      |             ^
kernel/gui/src/font_data.c:41:13: note: (near initialization for 'font_8x16[67]')
kernel/gui/src/font_data.c:42:13: warning: initialized field overwritten [-Woverride-init]
   42 |     ['D'] = {0x00,0x00,0x00,0xFC,0xC6,0xC3,0xC3,0xC3,0xC3,0xC6,0xFC,0x00,0x00,0x00,0x00,0x00},
      |             ^
kernel/gui/src/font_data.c:42:13: note: (near initialization for 'font_8x16[68]')
kernel/gui/src/font_data.c:43:13: warning: initialized field overwritten [-Woverride-init]
   43 |     ['E'] = {0x00,0x00,0xFC,0xC0,0xC0,0xFC,0xC0,0xC0,0xC0,0xFC,0x00,0x00,0x00,0x00,0x00,0x00},
      |             ^
kernel/gui/src/font_data.c:43:13: note: (near initialization for 'font_8x16[69]')
kernel/gui/src/font_data.c:44:13: warning: initialized field overwritten [-Woverride-init]
   44 |     ['F'] = {0x00,0x00,0x00,0xFC,0xC0,0xC0,0xFC,0xC0,0xC0,0xC0,0xC0,0x00,0x00,0x00,0x00,0x00},
      |             ^
kernel/gui/src/font_data.c:44:13: note: (near initialization for 'font_8x16[70]')
kernel/gui/src/font_data.c:45:13: warning: initialized field overwritten [-Woverride-init]
   45 |     ['G'] = {0x00,0x00,0x00,0x3E,0x66,0xC0,0xC0,0xC3,0xC3,0x63,0x3D,0x00,0x00,0x00,0x00,0x00},
      |             ^
kernel/gui/src/font_data.c:45:13: note: (near initialization for 'font_8x16[71]')
kernel/gui/src/font_data.c:46:13: warning: initialized field overwritten [-Woverride-init]
   46 |     ['H'] = {0x00,0x00,0x00,0x86,0x86,0x86,0xFE,0x86,0x86,0x86,0x86,0x00,0x00,0x00,0x00,0x00},
      |             ^
kernel/gui/src/font_data.c:46:13: note: (near initialization for 'font_8x16[72]')
kernel/gui/src/font_data.c:47:13: warning: initialized field overwritten [-Woverride-init]
   47 |     ['I'] = {0x00,0x00,0x00,0x30,0x30,0x30,0x30,0x30,0x30,0x30,0x30,0x00,0x00,0x00,0x00,0x00},
      |             ^
kernel/gui/src/font_data.c:47:13: note: (near initialization for 'font_8x16[73]')
kernel/gui/src/font_data.c:48:13: warning: initialized field overwritten [-Woverride-init]
   48 |     ['J'] = {0x00,0x00,0x18,0x18,0x18,0x18,0x18,0x18,0x18,0x30,0x30,0x00,0x00,0x00,0x00,0x00},
      |             ^
kernel/gui/src/font_data.c:48:13: note: (near initialization for 'font_8x16[74]')
kernel/gui/src/font_data.c:49:13: warning: initialized field overwritten [-Woverride-init]
   49 |     ['K'] = {0x00,0x00,0x00,0xC6,0xC6,0xCC,0xF8,0xD8,0xCC,0xCC,0xC6,0x00,0x00,0x00,0x00,0x00},
      |             ^
kernel/gui/src/font_data.c:49:13: note: (near initialization for 'font_8x16[75]')
kernel/gui/src/font_data.c:50:13: warning: initialized field overwritten [-Woverride-init]
   50 |     ['L'] = {0x00,0x00,0xC0,0xC0,0xC0,0xC0,0xC0,0xC0,0xC0,0xFC,0x00,0x00,0x00,0x00,0x00,0x00},
      |             ^
kernel/gui/src/font_data.c:50:13: note: (near initialization for 'font_8x16[76]')
kernel/gui/src/font_data.c:51:13: warning: initialized field overwritten [-Woverride-init]
   51 |     ['M'] = {0x00,0x00,0x83,0xC3,0xC7,0xE7,0xEF,0xBF,0xBB,0x9B,0x00,0x00,0x00,0x00,0x00,0x00},
      |             ^
kernel/gui/src/font_data.c:51:13: note: (near initialization for 'font_8x16[77]')
kernel/gui/src/font_data.c:52:13: warning: initialized field overwritten [-Woverride-init]
   52 |     ['N'] = {0x00,0x00,0x00,0xC6,0xC6,0xA6,0xB6,0x96,0x8E,0x8E,0x86,0x00,0x00,0x00,0x00,0x00},
      |             ^
kernel/gui/src/font_data.c:52:13: note: (near initialization for 'font_8x16[78]')
kernel/gui/src/font_data.c:53:13: warning: initialized field overwritten [-Woverride-init]
   53 |     ['O'] = {0x00,0x00,0x00,0x7C,0xCE,0x86,0x83,0x83,0x86,0xCE,0x7C,0x00,0x00,0x00,0x00,0x00},
      |             ^
kernel/gui/src/font_data.c:53:13: note: (near initialization for 'font_8x16[79]')
kernel/gui/src/font_data.c:54:13: warning: initialized field overwritten [-Woverride-init]
   54 |     ['P'] = {0x00,0x00,0x00,0xFC,0xC6,0xC6,0xC6,0xC6,0xFC,0xC0,0xC0,0x00,0x00,0x00,0x00,0x00},
      |             ^
kernel/gui/src/font_data.c:54:13: note: (near initialization for 'font_8x16[80]')
kernel/gui/src/font_data.c:55:13: warning: initialized field overwritten [-Woverride-init]
   55 |     ['Q'] = {0x00,0x00,0x7C,0xCE,0x86,0x83,0x83,0x86,0xCE,0x7C,0x30,0x18,0x00,0x00,0x00,0x00},
      |             ^
kernel/gui/src/font_data.c:55:13: note: (near initialization for 'font_8x16[81]')
kernel/gui/src/font_data.c:56:13: warning: initialized field overwritten [-Woverride-init]
   56 |     ['R'] = {0x00,0x00,0x00,0xFC,0xC6,0xC6,0xC6,0xFC,0xCC,0xCE,0xC6,0x00,0x00,0x00,0x00,0x00},
      |             ^
kernel/gui/src/font_data.c:56:13: note: (near initialization for 'font_8x16[82]')
kernel/gui/src/font_data.c:57:13: warning: initialized field overwritten [-Woverride-init]
   57 |     ['S'] = {0x00,0x00,0x00,0x3C,0x30,0x60,0x38,0x1C,0x0C,0x0C,0x38,0x00,0x00,0x00,0x00,0x00},
      |             ^
kernel/gui/src/font_data.c:57:13: note: (near initialization for 'font_8x16[83]')
kernel/gui/src/font_data.c:58:13: warning: initialized field overwritten [-Woverride-init]
   58 |     ['T'] = {0x00,0x00,0x00,0xFC,0x30,0x30,0x30,0x30,0x30,0x30,0x30,0x00,0x00,0x00,0x00,0x00},
      |             ^
kernel/gui/src/font_data.c:58:13: note: (near initialization for 'font_8x16[84]')
kernel/gui/src/font_data.c:59:13: warning: initialized field overwritten [-Woverride-init]
   59 |     ['U'] = {0x00,0x00,0x00,0xC3,0xC3,0xC2,0xC2,0xC2,0xC2,0x66,0x7E,0x00,0x00,0x00,0x00,0x00},
      |             ^
kernel/gui/src/font_data.c:59:13: note: (near initialization for 'font_8x16[85]')
kernel/gui/src/font_data.c:60:13: warning: initialized field overwritten [-Woverride-init]
   60 |     ['V'] = {0x00,0x00,0x00,0xC6,0xC6,0xC6,0xC6,0x66,0x6C,0x38,0x18,0x00,0x00,0x00,0x00,0x00},
      |             ^
kernel/gui/src/font_data.c:60:13: note: (near initialization for 'font_8x16[86]')
kernel/gui/src/font_data.c:61:13: warning: initialized field overwritten [-Woverride-init]
   61 |     ['W'] = {0x00,0x00,0x00,0x31,0x31,0x31,0x33,0xBB,0xBA,0xEE,0xCC,0x00,0x00,0x00,0x00,0x00},
      |             ^
kernel/gui/src/font_data.c:61:13: note: (near initialization for 'font_8x16[87]')
kernel/gui/src/font_data.c:62:13: warning: initialized field overwritten [-Woverride-init]
   62 |     ['X'] = {0x00,0x00,0x00,0xC6,0xEC,0x7C,0x38,0x38,0x7C,0x6C,0xC6,0x00,0x00,0x00,0x00,0x00},
      |             ^
kernel/gui/src/font_data.c:62:13: note: (near initialization for 'font_8x16[88]')
kernel/gui/src/font_data.c:63:13: warning: initialized field overwritten [-Woverride-init]
   63 |     ['Y'] = {0x00,0x00,0x00,0xC6,0xC6,0xC6,0x6C,0x7C,0x38,0x38,0x38,0x00,0x00,0x00,0x00,0x00},
      |             ^
kernel/gui/src/font_data.c:63:13: note: (near initialization for 'font_8x16[89]')
kernel/gui/src/font_data.c:64:13: warning: initialized field overwritten [-Woverride-init]
   64 |     ['Z'] = {0x00,0x00,0x7E,0x0C,0x0C,0x18,0x18,0x30,0x60,0x7E,0x00,0x00,0x00,0x00,0x00,0x00},
      |             ^
kernel/gui/src/font_data.c:64:13: note: (near initialization for 'font_8x16[90]')
kernel/gui/src/font_data.c:65:13: warning: initialized field overwritten [-Woverride-init]
   65 |     ['['] = {0x00,0x00,0x38,0x20,0x20,0x20,0x20,0x20,0x20,0x20,0x20,0x38,0x00,0x00,0x00,0x00},
      |             ^
kernel/gui/src/font_data.c:65:13: note: (near initialization for 'font_8x16[91]')
kernel/gui/src/font_data.c:66:14: warning: initialized field overwritten [-Woverride-init]
   66 |     ['\\'] = {0x00,0x00,0x00,0x20,0x30,0x10,0x10,0x10,0x18,0x18,0x08,0x08,0x00,0x00,0x00,0x00},
      |              ^
kernel/gui/src/font_data.c:66:14: note: (near initialization for 'font_8x16[92]')
kernel/gui/src/font_data.c:67:13: warning: initialized field overwritten [-Woverride-init]
   67 |     [']'] = {0x00,0x00,0x3C,0x0C,0x0C,0x0C,0x0C,0x0C,0x0C,0x0C,0x0C,0x3C,0x00,0x00,0x00,0x00},
      |             ^
kernel/gui/src/font_data.c:67:13: note: (near initialization for 'font_8x16[93]')
kernel/gui/src/font_data.c:68:13: warning: initialized field overwritten [-Woverride-init]
   68 |     ['^'] = {0x00,0x00,0x00,0x00,0x18,0x38,0x3C,0x64,0x00,0x00,0x00,0x00,0x00,0x00,0x00,0x00},
      |             ^
kernel/gui/src/font_data.c:68:13: note: (near initialization for 'font_8x16[94]')
kernel/gui/src/font_data.c:69:13: warning: initialized field overwritten [-Woverride-init]
   69 |     ['_'] = {0x00,0x00,0x00,0x00,0x00,0x00,0x7C,0x00,0x00,0x00,0x00,0x00,0x00,0x00,0x00,0x00},
      |             ^
kernel/gui/src/font_data.c:69:13: note: (near initialization for 'font_8x16[95]')
kernel/gui/src/font_data.c:70:13: warning: initialized field overwritten [-Woverride-init]
   70 |     ['`'] = {0x00,0x00,0x00,0x30,0x08,0x00,0x00,0x00,0x00,0x00,0x00,0x00,0x00,0x00,0x00,0x00},
      |             ^
kernel/gui/src/font_data.c:70:13: note: (near initialization for 'font_8x16[96]')
kernel/gui/src/font_data.c:71:13: warning: initialized field overwritten [-Woverride-init]
   71 |     ['a'] = {0x00,0x00,0x00,0x00,0x7C,0xEC,0xCC,0xCC,0xEC,0x7C,0x00,0x00,0x00,0x00,0x00,0x00},
      |             ^
kernel/gui/src/font_data.c:71:13: note: (near initialization for 'font_8x16[97]')
kernel/gui/src/font_data.c:72:13: warning: initialized field overwritten [-Woverride-init]
   72 |     ['b'] = {0x00,0x00,0x00,0xC0,0xC0,0xFC,0xEC,0xC6,0xC6,0xEC,0xF8,0x00,0x00,0x00,0x00,0x00},
      |             ^
kernel/gui/src/font_data.c:72:13: note: (near initialization for 'font_8x16[98]')
kernel/gui/src/font_data.c:73:13: warning: initialized field overwritten [-Woverride-init]
   73 |     ['c'] = {0x00,0x00,0x00,0x00,0x3C,0x70,0x60,0x60,0x70,0x3C,0x00,0x00,0x00,0x00,0x00,0x00},
      |             ^
kernel/gui/src/font_data.c:73:13: note: (near initialization for 'font_8x16[99]')
kernel/gui/src/font_data.c:74:13: warning: initialized field overwritten [-Woverride-init]
   74 |     ['d'] = {0x00,0x00,0x00,0x04,0x04,0x7C,0xEC,0xCC,0xCC,0xEC,0x7C,0x00,0x00,0x00,0x00,0x00},
      |             ^
kernel/gui/src/font_data.c:74:13: note: (near initialization for 'font_8x16[100]')
kernel/gui/src/font_data.c:75:13: warning: initialized field overwritten [-Woverride-init]
   75 |     ['e'] = {0x00,0x00,0x00,0x00,0x3C,0x66,0x7E,0x60,0x70,0x3C,0x00,0x00,0x00,0x00,0x00,0x00},
      |             ^
kernel/gui/src/font_data.c:75:13: note: (near initialization for 'font_8x16[101]')
kernel/gui/src/font_data.c:76:13: warning: initialized field overwritten [-Woverride-init]
   76 |     ['f'] = {0x00,0x00,0x00,0x1C,0x18,0x3C,0x10,0x10,0x10,0x10,0x10,0x00,0x00,0x00,0x00,0x00},
      |             ^
kernel/gui/src/font_data.c:76:13: note: (near initialization for 'font_8x16[102]')
kernel/gui/src/font_data.c:77:13: warning: initialized field overwritten [-Woverride-init]
   77 |     ['g'] = {0x00,0x00,0x00,0x3E,0x66,0x66,0x66,0x66,0x3E,0x06,0x3C,0x00,0x00,0x00,0x00,0x00},
      |             ^
kernel/gui/src/font_data.c:77:13: note: (near initialization for 'font_8x16[103]')
kernel/gui/src/font_data.c:78:13: warning: initialized field overwritten [-Woverride-init]
   78 |     ['h'] = {0x00,0x00,0x60,0x60,0x7C,0x76,0x66,0x66,0x66,0x66,0x00,0x00,0x00,0x00,0x00,0x00},
      |             ^
kernel/gui/src/font_data.c:78:13: note: (near initialization for 'font_8x16[104]')
kernel/gui/src/font_data.c:79:13: warning: initialized field overwritten [-Woverride-init]
   79 |     ['i'] = {0x00,0x00,0x00,0x30,0x00,0x30,0x30,0x30,0x30,0x30,0x30,0x00,0x00,0x00,0x00,0x00},
      |             ^
kernel/gui/src/font_data.c:79:13: note: (near initialization for 'font_8x16[105]')
kernel/gui/src/font_data.c:80:13: warning: initialized field overwritten [-Woverride-init]
   80 |     ['j'] = {0x00,0x00,0x18,0x00,0x18,0x18,0x18,0x18,0x18,0x18,0x18,0x10,0x00,0x00,0x00,0x00},
      |             ^
kernel/gui/src/font_data.c:80:13: note: (near initialization for 'font_8x16[106]')
kernel/gui/src/font_data.c:81:13: warning: initialized field overwritten [-Woverride-init]
   81 |     ['k'] = {0x00,0x00,0xC0,0xC0,0xFC,0xE6,0xCC,0xFC,0xCC,0xCC,0x00,0x00,0x00,0x00,0x00,0x00},
      |             ^
kernel/gui/src/font_data.c:81:13: note: (near initialization for 'font_8x16[107]')
kernel/gui/src/font_data.c:82:13: warning: initialized field overwritten [-Woverride-init]
   82 |     ['l'] = {0x00,0x00,0x00,0x30,0x30,0x30,0x30,0x30,0x30,0x30,0x30,0x00,0x00,0x00,0x00,0x00},
      |             ^
kernel/gui/src/font_data.c:82:13: note: (near initialization for 'font_8x16[108]')
kernel/gui/src/font_data.c:83:13: warning: initialized field overwritten [-Woverride-init]
   83 |     ['m'] = {0x00,0x00,0x00,0xF7,0xD9,0x99,0x99,0x99,0x99,0x00,0x00,0x00,0x00,0x00,0x00,0x00},
      |             ^
kernel/gui/src/font_data.c:83:13: note: (near initialization for 'font_8x16[109]')
kernel/gui/src/font_data.c:84:13: warning: initialized field overwritten [-Woverride-init]
   84 |     ['n'] = {0x00,0x00,0x00,0x7E,0x76,0x66,0x66,0x66,0x66,0x00,0x00,0x00,0x00,0x00,0x00,0x00},
      |             ^
kernel/gui/src/font_data.c:84:13: note: (near initialization for 'font_8x16[110]')
kernel/gui/src/font_data.c:85:13: warning: initialized field overwritten [-Woverride-init]
   85 |     ['o'] = {0x00,0x00,0x00,0x00,0x3C,0x66,0x66,0x66,0x66,0x3C,0x00,0x00,0x00,0x00,0x00,0x00},
      |             ^
kernel/gui/src/font_data.c:85:13: note: (near initialization for 'font_8x16[111]')
kernel/gui/src/font_data.c:86:13: warning: initialized field overwritten [-Woverride-init]
   86 |     ['p'] = {0x00,0x00,0x00,0xF8,0xEC,0xC6,0xC6,0xEC,0xF8,0xC0,0xC0,0x00,0x00,0x00,0x00,0x00},
      |             ^
kernel/gui/src/font_data.c:86:13: note: (near initialization for 'font_8x16[112]')
kernel/gui/src/font_data.c:87:13: warning: initialized field overwritten [-Woverride-init]
   87 |     ['q'] = {0x00,0x00,0x00,0x7C,0xEC,0xCC,0xC4,0xEC,0x7C,0x04,0x04,0x00,0x00,0x00,0x00,0x00},
      |             ^
kernel/gui/src/font_data.c:87:13: note: (near initialization for 'font_8x16[113]')
kernel/gui/src/font_data.c:88:13: warning: initialized field overwritten [-Woverride-init]
   88 |     ['r'] = {0x00,0x00,0x00,0x3C,0x30,0x30,0x30,0x30,0x30,0x00,0x00,0x00,0x00,0x00,0x00,0x00},
      |             ^
kernel/gui/src/font_data.c:88:13: note: (near initialization for 'font_8x16[114]')
kernel/gui/src/font_data.c:89:13: warning: initialized field overwritten [-Woverride-init]
   89 |     ['s'] = {0x00,0x00,0x00,0x00,0x18,0x30,0x38,0x18,0x08,0x38,0x00,0x00,0x00,0x00,0x00,0x00},
      |             ^
kernel/gui/src/font_data.c:89:13: note: (near initialization for 'font_8x16[115]')
kernel/gui/src/font_data.c:90:13: warning: initialized field overwritten [-Woverride-init]
   90 |     ['t'] = {0x00,0x00,0x00,0x10,0x10,0x3C,0x10,0x10,0x10,0x10,0x1C,0x00,0x00,0x00,0x00,0x00},
      |             ^
kernel/gui/src/font_data.c:90:13: note: (near initialization for 'font_8x16[116]')
kernel/gui/src/font_data.c:91:13: warning: initialized field overwritten [-Woverride-init]
   91 |     ['u'] = {0x00,0x00,0x00,0x00,0x4C,0xCC,0xCC,0xCC,0xEC,0x7C,0x00,0x00,0x00,0x00,0x00,0x00},
      |             ^
kernel/gui/src/font_data.c:91:13: note: (near initialization for 'font_8x16[117]')
kernel/gui/src/font_data.c:92:13: warning: initialized field overwritten [-Woverride-init]
   92 |     ['v'] = {0x00,0x00,0x00,0x66,0x66,0x66,0x26,0x3C,0x18,0x00,0x00,0x00,0x00,0x00,0x00,0x00},
      |             ^
kernel/gui/src/font_data.c:92:13: note: (near initialization for 'font_8x16[118]')
kernel/gui/src/font_data.c:93:13: warning: initialized field overwritten [-Woverride-init]
   93 |     ['w'] = {0x00,0x00,0x00,0x00,0x93,0x93,0xB3,0xBA,0xFE,0x6C,0x00,0x00,0x00,0x00,0x00,0x00},
      |             ^
kernel/gui/src/font_data.c:93:13: note: (near initialization for 'font_8x16[119]')
kernel/gui/src/font_data.c:94:13: warning: initialized field overwritten [-Woverride-init]
   94 |     ['x'] = {0x00,0x00,0x00,0x00,0x6C,0x7C,0x38,0x38,0x7C,0x6C,0x00,0x00,0x00,0x00,0x00,0x00},
      |             ^
kernel/gui/src/font_data.c:94:13: note: (near initialization for 'font_8x16[120]')
kernel/gui/src/font_data.c:95:13: warning: initialized field overwritten [-Woverride-init]
   95 |     ['y'] = {0x00,0x00,0x00,0x66,0x66,0x66,0x64,0x3C,0x18,0x18,0x70,0x00,0x00,0x00,0x00,0x00},
      |             ^
kernel/gui/src/font_data.c:95:13: note: (near initialization for 'font_8x16[121]')
kernel/gui/src/font_data.c:96:13: warning: initialized field overwritten [-Woverride-init]
   96 |     ['z'] = {0x00,0x00,0x00,0x7C,0x0C,0x18,0x30,0x60,0x7C,0x00,0x00,0x00,0x00,0x00,0x00,0x00},
      |             ^
kernel/gui/src/font_data.c:96:13: note: (near initialization for 'font_8x16[122]')
kernel/gui/src/font_data.c:97:13: warning: initialized field overwritten [-Woverride-init]
   97 |     ['{'] = {0x00,0x00,0x1C,0x18,0x18,0x18,0x18,0x30,0x18,0x18,0x18,0x1C,0x00,0x00,0x00,0x00},
      |             ^
kernel/gui/src/font_data.c:97:13: note: (near initialization for 'font_8x16[123]')
kernel/gui/src/font_data.c:98:13: warning: initialized field overwritten [-Woverride-init]
   98 |     ['|'] = {0x00,0x00,0x00,0x10,0x10,0x10,0x10,0x10,0x10,0x10,0x10,0x10,0x00,0x00,0x00,0x00},
      |             ^
kernel/gui/src/font_data.c:98:13: note: (near initialization for 'font_8x16[124]')
kernel/gui/src/font_data.c:99:13: warning: initialized field overwritten [-Woverride-init]
   99 |     ['}'] = {0x00,0x00,0x38,0x08,0x18,0x18,0x0C,0x18,0x18,0x08,0x08,0x38,0x00,0x00,0x00,0x00},
      |             ^
kernel/gui/src/font_data.c:99:13: note: (near initialization for 'font_8x16[125]')
kernel/gui/src/font_data.c:100:13: warning: initialized field overwritten [-Woverride-init]
  100 |     ['~'] = {0x00,0x00,0x00,0x00,0x00,0x36,0x6E,0x00,0x00,0x00,0x00,0x00,0x00,0x00,0x00,0x00},
      |             ^
kernel/gui/src/font_data.c:100:13: note: (near initialization for 'font_8x16[126]')
<1> Building kernel/gui/src/filemgr.c
kernel/gui/src/filemgr.c: In function 'fm_int_to_str':
kernel/gui/src/filemgr.c:154:34: warning: conversion from 'uint32_t' {aka 'unsigned int'} to 'char' may change value [-Wconversion]
  154 |     while (val > 0) { tmp[i++] = '0' + (val % 10); val /= 10; }
      |                                  ^~~
kernel/gui/src/filemgr.c: In function 'fm_format_size':
kernel/gui/src/filemgr.c:173:19: warning: conversion from 'uint32_t' {aka 'unsigned int'} to 'char' may change value [-Wconversion]
  173 |         frac[1] = '0' + mb_frac;
      |                   ^~~
<0> Building kernel/gui/src/emoji_font.c
<2> Building kernel/gui/src/desktop.c
kernel/gui/src/desktop.c: In function 'int_to_str':
kernel/gui/src/desktop.c:43:34: warning: conversion from 'uint32_t' {aka 'unsigned int'} to 'char' may change value [-Wconversion]
   43 |     while (val > 0) { tmp[i++] = '0' + (val % 10); val /= 10; }
      |                                  ^~~
kernel/gui/src/desktop.c:44:12: warning: conversion to 'uint32_t' {aka 'unsigned int'} from 'int32_t' {aka 'int'} may change the sign of the result [-Wsign-conversion]
   44 |     *len = i;
      |            ^
kernel/gui/src/desktop.c: In function 'taskbar_paint':
kernel/gui/src/desktop.c:518:28: warning: conversion from 'uint32_t' {aka 'unsigned int'} to 'char' may change value [-Wconversion]
  518 |         time_buf[tlen++] = '0' + desktop.clock_hour;
      |                            ^~~
kernel/gui/src/desktop.c:520:28: warning: conversion from 'uint32_t' {aka 'unsigned int'} to 'char' may change value [-Wconversion]
  520 |         time_buf[tlen++] = '0' + (desktop.clock_hour / 10);
      |                            ^~~
kernel/gui/src/desktop.c:521:28: warning: conversion from 'uint32_t' {aka 'unsigned int'} to 'char' may change value [-Wconversion]
  521 |         time_buf[tlen++] = '0' + (desktop.clock_hour % 10);
      |                            ^~~
kernel/gui/src/desktop.c:526:28: warning: conversion from 'uint32_t' {aka 'unsigned int'} to 'char' may change value [-Wconversion]
  526 |         time_buf[tlen++] = '0' + desktop.clock_minute;
      |                            ^~~
kernel/gui/src/desktop.c:528:28: warning: conversion from 'uint32_t' {aka 'unsigned int'} to 'char' may change value [-Wconversion]
  528 |         time_buf[tlen++] = '0' + (desktop.clock_minute / 10);
      |                            ^~~
kernel/gui/src/desktop.c:529:28: warning: conversion from 'uint32_t' {aka 'unsigned int'} to 'char' may change value [-Wconversion]
  529 |         time_buf[tlen++] = '0' + (desktop.clock_minute % 10);
      |                            ^~~
<0> Building kernel/gui/src/cursor_data.c
kernel/gui/src/desktop.c: In function 'context_menu_handle_click':
kernel/gui/src/desktop.c:1050:14: warning: unused variable 'mx' [-Wunused-variable]
 1050 |     uint32_t mx = desktop.context_menu.x;
      |              ^~
kernel/gui/src/desktop.c: At top level:
kernel/gui/src/desktop.c:538:16: warning: 'sqrt_approx' defined but not used [-Wunused-function]
  538 | static int32_t sqrt_approx(int32_t n) {
      |                ^~~~~~~~~~~
kernel/gui/src/desktop.c:135:13: warning: 'draw_modern_desktop_content' defined but not used [-Wunused-function]
  135 | static void draw_modern_desktop_content(void) {
      |             ^~~~~~~~~~~~~~~~~~~~~~~~~~~
<1> Building kernel/gui/src/color.c
<0> Building kernel/gui/src/cjk_font.c
kernel/gui/src/color.c: In function 'rgb_to_hsl':
kernel/gui/src/color.c:149:42: warning: conversion to 'uint32_t' {aka 'unsigned int'} from 'int' may change the sign of the result [-Wsign-conversion]
  149 |             hue = (int32_t)((g - b) * 60 / (int32_t)delta);
      |                                          ^
kernel/gui/src/color.c:151:42: warning: conversion to 'uint32_t' {aka 'unsigned int'} from 'int' may change the sign of the result [-Wsign-conversion]
  151 |             hue = (int32_t)((g - b) * 60 / (int32_t)delta) + 360;
      |                                          ^
kernel/gui/src/color.c:156:42: warning: conversion to 'uint32_t' {aka 'unsigned int'} from 'int' may change the sign of the result [-Wsign-conversion]
  156 |         hsl.h = (uint16_t)(((b - r) * 60 / (int32_t)delta) + 120);
      |                                          ^
kernel/gui/src/color.c:159:42: warning: conversion to 'uint32_t' {aka 'unsigned int'} from 'int' may change the sign of the result [-Wsign-conversion]
  159 |         hsl.h = (uint16_t)(((r - g) * 60 / (int32_t)delta) + 240);
      |                                          ^
kernel/gui/src/color.c: In function 'hue_to_rgb':
kernel/gui/src/color.c:174:18: warning: unused variable 'nt' [-Wunused-variable]
  174 |         uint32_t nt = t - 256;
      |                  ^~
kernel/gui/src/color.c: In function 'hsl_to_rgb':
kernel/gui/src/color.c:197:25: warning: conversion to 'uint32_t' {aka 'unsigned int'} from 'int' may change the sign of the result [-Wsign-conversion]
  197 |         uint32_t gray = l * 255 / 100;
      |                         ^
<1> Building kernel/gui/src/browser.c
kernel/gui/src/browser.c: In function 'br_int_to_str':
kernel/gui/src/browser.c:101:34: warning: conversion from 'uint32_t' {aka 'unsigned int'} to 'char' may change value [-Wconversion]
  101 |     while (val > 0) { tmp[i++] = '0' + (val % 10); val /= 10; }
      |                                  ^~~
kernel/gui/src/browser.c: At top level:
kernel/gui/src/browser.c:91:17: warning: 'br_str_len' defined but not used [-Wunused-function]
   91 | static uint32_t br_str_len(const char* s) {
      |                 ^~~~~~~~~~
<3> Building kernel/arch/x86_64/xhci.c
<2> Building kernel/arch/x86_64/wmi.c
kernel/arch/x86_64/xhci.c: In function 'xhci_init':
kernel/arch/x86_64/xhci.c:17:59: warning: conversion from 'int' to 'uint8_t' {aka 'unsigned char'} may change value [-Wconversion]
   17 |                 uint32_t class_code_reg = pci_read_config(b, d, f, 0x08);
      |                                                           ^
kernel/arch/x86_64/xhci.c:17:62: warning: conversion from 'int' to 'uint8_t' {aka 'unsigned char'} may change value [-Wconversion]
   17 |                 uint32_t class_code_reg = pci_read_config(b, d, f, 0x08);
      |                                                              ^
kernel/arch/x86_64/xhci.c:17:65: warning: conversion from 'int' to 'uint8_t' {aka 'unsigned char'} may change value [-Wconversion]
   17 |                 uint32_t class_code_reg = pci_read_config(b, d, f, 0x08);
      |                                                                 ^
kernel/arch/x86_64/xhci.c:21:38: warning: conversion from 'uint32_t' {aka 'unsigned int'} to 'uint8_t' {aka 'unsigned char'} may change value [-Wconversion]
   21 |                 uint8_t class_code = (class_code_reg >> 24) & 0xFF;
      |                                      ^
kernel/arch/x86_64/xhci.c:27:37: warning: conversion from 'int' to 'uint8_t' {aka 'unsigned char'} may change value [-Wconversion]
   27 |                         ctrl->bus = b;
      |                                     ^
kernel/arch/x86_64/xhci.c:28:40: warning: conversion from 'int' to 'uint8_t' {aka 'unsigned char'} may change value [-Wconversion]
   28 |                         ctrl->device = d;
      |                                        ^
kernel/arch/x86_64/xhci.c:29:42: warning: conversion from 'int' to 'uint8_t' {aka 'unsigned char'} may change value [-Wconversion]
   29 |                         ctrl->function = f;
      |                                          ^
kernel/arch/x86_64/xhci.c:30:54: warning: conversion from 'int' to 'uint8_t' {aka 'unsigned char'} may change value [-Wconversion]
   30 |                         ctrl->base = pci_read_config(b, d, f, 0x10) & 0xFFFFFFF0;
      |                                                      ^
kernel/arch/x86_64/xhci.c:30:57: warning: conversion from 'int' to 'uint8_t' {aka 'unsigned char'} may change value [-Wconversion]
   30 |                         ctrl->base = pci_read_config(b, d, f, 0x10) & 0xFFFFFFF0;
      |                                                         ^
kernel/arch/x86_64/xhci.c:30:60: warning: conversion from 'int' to 'uint8_t' {aka 'unsigned char'} may change value [-Wconversion]
   30 |                         ctrl->base = pci_read_config(b, d, f, 0x10) & 0xFFFFFFF0;
      |                                                            ^
In file included from kernel/arch/x86_64/wmi.c:3:
kernel/arch/x86_64/include/arch/registry.h:144:17: warning: invalid use of structure with flexible array member [-Wpedantic]
  144 |     lf_entry_t  entries[];
      |                 ^~~~~~~
kernel/arch/x86_64/include/arch/registry.h:157:17: warning: invalid use of structure with flexible array member [-Wpedantic]
  157 |     lh_entry_t  entries[];
      |                 ^~~~~~~
kernel/arch/x86_64/wmi.c: In function 'wmi_exec_query':
kernel/arch/x86_64/wmi.c:498:21: warning: multi-character character constant [-Wmultichar]
  498 |     en->signature = 'ENUM';
      |                     ^~~~~~
kernel/arch/x86_64/wmi.c: In function 'wmi_enum_get':
kernel/arch/x86_64/wmi.c:531:36: warning: multi-character character constant [-Wmultichar]
  531 |     if (en->signature != (uint32_t)'ENUM') return WBEM_E_INVALID_PARAMETER;
      |                                    ^~~~~~
<0> Building kernel/arch/x86_64/win32_stubs.c
<3> Building kernel/arch/x86_64/win32_shell.c
In file included from kernel/arch/x86_64/win32_shell.c:7:
kernel/arch/x86_64/include/arch/registry.h:144:17: warning: invalid use of structure with flexible array member [-Wpedantic]
  144 |     lf_entry_t  entries[];
      |                 ^~~~~~~
kernel/arch/x86_64/include/arch/registry.h:157:17: warning: invalid use of structure with flexible array member [-Wpedantic]
  157 |     lh_entry_t  entries[];
      |                 ^~~~~~~
kernel/arch/x86_64/win32_shell.c: In function 'ShellExecuteA':
kernel/arch/x86_64/win32_shell.c:207:30: warning: unused variable 'tmp' [-Wunused-variable]
  207 |                         char tmp[512];
      |                              ^~~
kernel/arch/x86_64/win32_shell.c: In function 'PathCanonicalizeA':
kernel/arch/x86_64/win32_shell.c:728:34: warning: conversion to 'size_t' {aka 'long long unsigned int'} from 'int' may change the sign of the result [-Wsign-conversion]
  728 |             memcpy(tmp + ti, sp, ci);
      |                                  ^~
kernel/arch/x86_64/win32_shell.c: In function 'cmd_builtin_dir':
kernel/arch/x86_64/win32_shell.c:1598:9: warning: variable 'found' set but not used [-Wunused-but-set-variable=]
 1598 |     int found;
      |         ^~~~~
kernel/arch/x86_64/win32_shell.c: In function 'cmd_builtin_set':
kernel/arch/x86_64/win32_shell.c:1795:9: warning: variable 'expr_mode' set but not used [-Wunused-but-set-variable=]
 1795 |     int expr_mode = 0;
      |         ^~~~~~~~~
kernel/arch/x86_64/win32_shell.c: In function 'cmd_builtin_sort':
kernel/arch/x86_64/win32_shell.c:2065:22: warning: conversion to 'size_t' {aka 'long long unsigned int'} from 'int' may change the sign of the result [-Wsign-conversion]
 2065 |         qsort(lines, count, sizeof(char*), strcmp_void);
      |                      ^~~~~
kernel/arch/x86_64/win32_shell.c: In function 'cmd_builtin_help':
kernel/arch/x86_64/win32_shell.c:2116:42: warning: unused parameter 'cmd' [-Wunused-parameter]
 2116 | static int cmd_builtin_help(cmd_state_t* cmd, int argc, char** argv) {
      |                             ~~~~~~~~~~~~~^~~
kernel/arch/x86_64/win32_shell.c: In function 'cmd_resolve_and_run':
kernel/arch/x86_64/win32_shell.c:2224:23: warning: comparison between pointer and integer
 2224 |         if (fn && *fn != cmdname) {
      |                       ^~
kernel/arch/x86_64/win32_shell.c: In function 'cmd_execute_line':
kernel/arch/x86_64/win32_shell.c:2373:13: warning: variable 'match_idx' set but not used [-Wunused-but-set-variable=]
 2373 |         int match_idx;
      |             ^~~~~~~~~
<0> Building kernel/arch/x86_64/win32_security.c
kernel/arch/x86_64/win32_security.c: In function 'CreateWellKnownSid':
kernel/arch/x86_64/win32_security.c:8:43: warning: missing braces around initializer [-Wmissing-braces]
    8 | #define SECURITY_WORLD_SID_AUTHORITY      {0,0,0,0,0,1}
      |                                           ^
kernel/arch/x86_64/win32_security.c:397:43: note: in expansion of macro 'SECURITY_WORLD_SID_AUTHORITY'
  397 |     SID_IDENTIFIER_AUTHORITY world_auth = SECURITY_WORLD_SID_AUTHORITY;
      |                                           ^~~~~~~~~~~~~~~~~~~~~~~~~~~~
kernel/arch/x86_64/win32_security.c:9:43: warning: missing braces around initializer [-Wmissing-braces]
    9 | #define SECURITY_LOCAL_SID_AUTHORITY      {0,0,0,0,0,2}
      |                                           ^
kernel/arch/x86_64/win32_security.c:398:43: note: in expansion of macro 'SECURITY_LOCAL_SID_AUTHORITY'
  398 |     SID_IDENTIFIER_AUTHORITY local_auth = SECURITY_LOCAL_SID_AUTHORITY;
      |                                           ^~~~~~~~~~~~~~~~~~~~~~~~~~~~
kernel/arch/x86_64/win32_security.c:10:43: warning: missing braces around initializer [-Wmissing-braces]
   10 | #define SECURITY_CREATOR_SID_AUTHORITY    {0,0,0,0,0,3}
      |                                           ^
kernel/arch/x86_64/win32_security.c:399:45: note: in expansion of macro 'SECURITY_CREATOR_SID_AUTHORITY'
  399 |     SID_IDENTIFIER_AUTHORITY creator_auth = SECURITY_CREATOR_SID_AUTHORITY;
      |                                             ^~~~~~~~~~~~~~~~~~~~~~~~~~~~~~
kernel/arch/x86_64/win32_security.c:12:43: warning: missing braces around initializer [-Wmissing-braces]
   12 | #define SECURITY_NT_AUTHORITY             {0,0,0,0,0,5}
      |                                           ^
kernel/arch/x86_64/win32_security.c:400:40: note: in expansion of macro 'SECURITY_NT_AUTHORITY'
  400 |     SID_IDENTIFIER_AUTHORITY nt_auth = SECURITY_NT_AUTHORITY;
      |                                        ^~~~~~~~~~~~~~~~~~~~~
kernel/arch/x86_64/win32_security.c: In function 'sid_is_world_or_auth':
kernel/arch/x86_64/win32_security.c:8:43: warning: missing braces around initializer [-Wmissing-braces]
    8 | #define SECURITY_WORLD_SID_AUTHORITY      {0,0,0,0,0,1}
      |                                           ^
kernel/arch/x86_64/win32_security.c:591:43: note: in expansion of macro 'SECURITY_WORLD_SID_AUTHORITY'
  591 |     SID_IDENTIFIER_AUTHORITY world_auth = SECURITY_WORLD_SID_AUTHORITY;
      |                                           ^~~~~~~~~~~~~~~~~~~~~~~~~~~~
kernel/arch/x86_64/win32_security.c:12:43: warning: missing braces around initializer [-Wmissing-braces]
   12 | #define SECURITY_NT_AUTHORITY             {0,0,0,0,0,5}
      |                                           ^
kernel/arch/x86_64/win32_security.c:592:40: note: in expansion of macro 'SECURITY_NT_AUTHORITY'
  592 |     SID_IDENTIFIER_AUTHORITY nt_auth = SECURITY_NT_AUTHORITY;
      |                                        ^~~~~~~~~~~~~~~~~~~~~
kernel/arch/x86_64/win32_security.c: In function 'create_system_token':
kernel/arch/x86_64/win32_security.c:12:43: warning: missing braces around initializer [-Wmissing-braces]
   12 | #define SECURITY_NT_AUTHORITY             {0,0,0,0,0,5}
      |                                           ^
kernel/arch/x86_64/win32_security.c:662:40: note: in expansion of macro 'SECURITY_NT_AUTHORITY'
  662 |     SID_IDENTIFIER_AUTHORITY nt_auth = SECURITY_NT_AUTHORITY;
      |                                        ^~~~~~~~~~~~~~~~~~~~~
kernel/arch/x86_64/win32_security.c:8:43: warning: missing braces around initializer [-Wmissing-braces]
    8 | #define SECURITY_WORLD_SID_AUTHORITY      {0,0,0,0,0,1}
      |                                           ^
kernel/arch/x86_64/win32_security.c:663:43: note: in expansion of macro 'SECURITY_WORLD_SID_AUTHORITY'
  663 |     SID_IDENTIFIER_AUTHORITY world_auth = SECURITY_WORLD_SID_AUTHORITY;
      |                                           ^~~~~~~~~~~~~~~~~~~~~~~~~~~~
kernel/arch/x86_64/win32_security.c: In function 'LookupAccountNameA':
kernel/arch/x86_64/win32_security.c:12:43: warning: missing braces around initializer [-Wmissing-braces]
   12 | #define SECURITY_NT_AUTHORITY             {0,0,0,0,0,5}
      |                                           ^
kernel/arch/x86_64/win32_security.c:886:44: note: in expansion of macro 'SECURITY_NT_AUTHORITY'
  886 |         SID_IDENTIFIER_AUTHORITY nt_auth = SECURITY_NT_AUTHORITY;
      |                                            ^~~~~~~~~~~~~~~~~~~~~
kernel/arch/x86_64/win32_security.c: At top level:
kernel/arch/x86_64/win32_security.c:175:13: warning: 'set_last_error' defined but not used [-Wunused-function]
  175 | static void set_last_error(uint32_t err) {
      |             ^~~~~~~~~~~~~~
<1> Building kernel/arch/x86_64/win32_process.c
kernel/arch/x86_64/win32_process.c: In function 'ZwClose':
kernel/arch/x86_64/win32_process.c:1137:12: warning: conversion to 'uint32_t' {aka 'unsigned int'} from 'NTSTATUS' {aka 'long int'} may change the sign of the result [-Wsign-conversion]
 1137 |     return NtClose(Handle);
      |            ^~~~~~~~~~~~~~~
kernel/arch/x86_64/win32_process.c: In function 'ZwAllocateVirtualMemory':
kernel/arch/x86_64/win32_process.c:1148:12: warning: conversion to 'uint32_t' {aka 'unsigned int'} from 'NTSTATUS' {aka 'long int'} may change the sign of the result [-Wsign-conversion]
 1148 |     return NtAllocateVirtualMemory(ProcessHandle, BaseAddress, ZeroBits, RegionSize, AllocationType, Protect);
      |            ^~~~~~~~~~~~~~~~~~~~~~~~~~~~~~~~~~~~~~~~~~~~~~~~~~~~~~~~~~~~~~~~~~~~~~~~~~~~~~~~~~~~~~~~~~~~~~~~~~
kernel/arch/x86_64/win32_process.c: In function 'ZwFreeVirtualMemory':
kernel/arch/x86_64/win32_process.c:1157:12: warning: conversion to 'uint32_t' {aka 'unsigned int'} from 'NTSTATUS' {aka 'long int'} may change the sign of the result [-Wsign-conversion]
 1157 |     return NtFreeVirtualMemory(ProcessHandle, BaseAddress, RegionSize, FreeType);
      |            ^~~~~~~~~~~~~~~~~~~~~~~~~~~~~~~~~~~~~~~~~~~~~~~~~~~~~~~~~~~~~~~~~~~~~
kernel/arch/x86_64/win32_process.c: In function 'ZwQueryInformationProcess':
kernel/arch/x86_64/win32_process.c:1167:12: warning: conversion to 'uint32_t' {aka 'unsigned int'} from 'NTSTATUS' {aka 'long int'} may change the sign of the result [-Wsign-conversion]
 1167 |     return NtQueryInformationProcess(ProcessHandle, ProcessInformationClass, ProcessInformation, ProcessInformationLength, ReturnLength);
      |            ^~~~~~~~~~~~~~~~~~~~~~~~~~~~~~~~~~~~~~~~~~~~~~~~~~~~~~~~~~~~~~~~~~~~~~~~~~~~~~~~~~~~~~~~~~~~~~~~~~~~~~~~~~~~~~~~~~~~~~~~~~~~~
kernel/arch/x86_64/win32_process.c: In function 'ZwQueryInformationThread':
kernel/arch/x86_64/win32_process.c:1177:12: warning: conversion to 'uint32_t' {aka 'unsigned int'} from 'NTSTATUS' {aka 'long int'} may change the sign of the result [-Wsign-conversion]
 1177 |     return NtQueryInformationThread(ThreadHandle, ThreadInformationClass, ThreadInformation, ThreadInformationLength, ReturnLength);
      |            ^~~~~~~~~~~~~~~~~~~~~~~~~~~~~~~~~~~~~~~~~~~~~~~~~~~~~~~~~~~~~~~~~~~~~~~~~~~~~~~~~~~~~~~~~~~~~~~~~~~~~~~~~~~~~~~~~~~~~~~~
kernel/arch/x86_64/win32_process.c: In function 'ZwCreateFile':
kernel/arch/x86_64/win32_process.c:1193:12: warning: conversion to 'uint32_t' {aka 'unsigned int'} from 'NTSTATUS' {aka 'long int'} may change the sign of the result [-Wsign-conversion]
 1193 |     return NtCreateFile(FileHandle, DesiredAccess, ObjectAttributes, IoStatusBlock, AllocationSize, FileAttributes, ShareAccess, CreateDisposition, CreateOptions, EaBuffer, EaLength);
      |            ^~~~~~~~~~~~~~~~~~~~~~~~~~~~~~~~~~~~~~~~~~~~~~~~~~~~~~~~~~~~~~~~~~~~~~~~~~~~~~~~~~~~~~~~~~~~~~~~~~~~~~~~~~~~~~~~~~~~~~~~~~~~~~~~~~~~~~~~~~~~~~~~~~~~~~~~~~~~~~~~~~~~~~~~~~~
kernel/arch/x86_64/win32_process.c: In function 'ZwReadFile':
kernel/arch/x86_64/win32_process.c:1207:12: warning: conversion to 'uint32_t' {aka 'unsigned int'} from 'NTSTATUS' {aka 'long int'} may change the sign of the result [-Wsign-conversion]
 1207 |     return NtReadFile(FileHandle, Event, ApcRoutine, ApcContext, IoStatusBlock, Buffer, Length, ByteOffset, Key);
      |            ^~~~~~~~~~~~~~~~~~~~~~~~~~~~~~~~~~~~~~~~~~~~~~~~~~~~~~~~~~~~~~~~~~~~~~~~~~~~~~~~~~~~~~~~~~~~~~~~~~~~~
kernel/arch/x86_64/win32_process.c: In function 'ZwWriteFile':
kernel/arch/x86_64/win32_process.c:1221:12: warning: conversion to 'uint32_t' {aka 'unsigned int'} from 'NTSTATUS' {aka 'long int'} may change the sign of the result [-Wsign-conversion]
 1221 |     return NtWriteFile(FileHandle, Event, ApcRoutine, ApcContext, IoStatusBlock, Buffer, Length, ByteOffset, Key);
      |            ^~~~~~~~~~~~~~~~~~~~~~~~~~~~~~~~~~~~~~~~~~~~~~~~~~~~~~~~~~~~~~~~~~~~~~~~~~~~~~~~~~~~~~~~~~~~~~~~~~~~~~
kernel/arch/x86_64/win32_process.c: In function 'ZwQueryAttributesFile':
kernel/arch/x86_64/win32_process.c:1228:12: warning: conversion to 'uint32_t' {aka 'unsigned int'} from 'NTSTATUS' {aka 'long int'} may change the sign of the result [-Wsign-conversion]
 1228 |     return NtQueryAttributesFile(ObjectAttributes, FileInformation);
      |            ^~~~~~~~~~~~~~~~~~~~~~~~~~~~~~~~~~~~~~~~~~~~~~~~~~~~~~~~
kernel/arch/x86_64/win32_process.c: At top level:
kernel/arch/x86_64/win32_process.c:291:13: warning: 'process_slot_cleanup' defined but not used [-Wunused-function]
  291 | static void process_slot_cleanup(win32_process_t* proc) {
      |             ^~~~~~~~~~~~~~~~~~~~
<2> Building kernel/arch/x86_64/win32_ntdll.c
kernel/arch/x86_64/win32_shell.c: In function 'PathCanonicalizeA.part.0':
kernel/arch/x86_64/win32_shell.c:724:40: warning: array subscript 128 is above array bounds of 'char *[64]' [-Warray-bounds=]
  724 |             ci = (int)((uintptr_t)comps[i + 128]);
      |                                   ~~~~~^~~~~~~~~
kernel/arch/x86_64/win32_shell.c:650:11: note: while referencing 'comps'
  650 |     char* comps[64];
      |           ^~~~~
kernel/arch/x86_64/win32_ntdll.c: In function 'NtCreateFile':
kernel/arch/x86_64/win32_ntdll.c:391:55: warning: unused parameter 'DesiredAccess' [-Wunused-parameter]
  391 | NTSTATUS NtCreateFile(PHANDLE FileHandle, ACCESS_MASK DesiredAccess,
      |                                           ~~~~~~~~~~~~^~~~~~~~~~~~~
<0> Building kernel/arch/x86_64/win32_msvcrt.c
kernel/arch/x86_64/win32_msvcrt.c: In function 'output_char':
kernel/arch/x86_64/win32_msvcrt.c:47:9: warning: the address of 'vga_putc' will always evaluate as 'true' [-Waddress]
   47 |     if (vga_putc) vga_putc(c);
      |         ^~~~~~~~
kernel/arch/x86_64/win32_msvcrt.c: In function 'output_string':
kernel/arch/x86_64/win32_msvcrt.c:55:9: warning: the address of 'vga_print' will always evaluate as 'true' [-Waddress]
   55 |     if (vga_print) vga_print(s);
      |         ^~~~~~~~~
kernel/arch/x86_64/win32_msvcrt.c: In function 'fputs':
kernel/arch/x86_64/win32_msvcrt.c:739:12: warning: conversion from 'size_t' {aka 'long long unsigned int'} to 'int' may change value [-Wconversion]
  739 |     return strlen(s);
      |            ^~~~~~~~~
<1> Building kernel/arch/x86_64/win32_kernel32.c
<2> Building kernel/arch/x86_64/win32_gdi_and_msg.c
In file included from kernel/arch/x86_64/win32_kernel32.c:2:
kernel/arch/x86_64/include/arch/registry.h:144:17: warning: invalid use of structure with flexible array member [-Wpedantic]
  144 |     lf_entry_t  entries[];
      |                 ^~~~~~~
kernel/arch/x86_64/include/arch/registry.h:157:17: warning: invalid use of structure with flexible array member [-Wpedantic]
  157 |     lh_entry_t  entries[];
      |                 ^~~~~~~
kernel/arch/x86_64/win32_kernel32.c: In function 'SetFilePointer':
kernel/arch/x86_64/win32_kernel32.c:663:48: warning: conversion to 'long long unsigned int' from 'long long int' may change the sign of the result [-Wsign-conversion]
  663 |         offset = (int64_t)((uint64_t)hi << 32) | (uint64_t)(uint32_t)lDistanceToMove;
      |                                                ^
kernel/arch/x86_64/win32_kernel32.c:663:18: warning: conversion to 'int64_t' {aka 'long long int'} from 'long long unsigned int' may change the sign of the result [-Wsign-conversion]
  663 |         offset = (int64_t)((uint64_t)hi << 32) | (uint64_t)(uint32_t)lDistanceToMove;
      |                  ^
kernel/arch/x86_64/win32_kernel32.c: At top level:
kernel/arch/x86_64/win32_kernel32.c:1017:23: warning: cast between incompatible function types from 'uint32_t (*)(void)' {aka 'unsigned int (*)(void)'} to 'intptr_t (*)()' {aka 'long long int (*)()'} [-Wcast-function-type]
 1017 |     { "GetTickCount", (FARPROC)GetTickCount },
      |                       ^
kernel/arch/x86_64/win32_kernel32.c:1019:16: warning: cast between incompatible function types from 'void (*)(uint32_t)' {aka 'void (*)(unsigned int)'} to 'intptr_t (*)()' {aka 'long long int (*)()'} [-Wcast-function-type]
 1019 |     { "Sleep", (FARPROC)Sleep },
      |                ^
kernel/arch/x86_64/win32_kernel32.c:1020:23: warning: cast between incompatible function types from 'void * (*)(void *, uint64_t,  uint32_t (*)(void *), void *, uint32_t,  uint32_t *)' {aka 'void * (*)(void *, long long unsigned int,  unsigned int (*)(void *), void *, unsigned int,  unsigned int *)'} to 'intptr_t (*)()' {aka 'long long int (*)()'} [-Wcast-function-type]
 1020 |     { "CreateThread", (FARPROC)CreateThread },
      |                       ^
kernel/arch/x86_64/win32_kernel32.c:1021:26: warning: cast between incompatible function types from 'BOOL (*)(void *, uint32_t)' {aka 'int (*)(void *, unsigned int)'} to 'intptr_t (*)()' {aka 'long long int (*)()'} [-Wcast-function-type]
 1021 |     { "TerminateThread", (FARPROC)TerminateThread },
      |                          ^
kernel/arch/x86_64/win32_kernel32.c:1022:22: warning: cast between incompatible function types from 'BOOL (*)(void *)' {aka 'int (*)(void *)'} to 'intptr_t (*)()' {aka 'long long int (*)()'} [-Wcast-function-type]
 1022 |     { "CloseHandle", (FARPROC)CloseHandle },
      |                      ^
kernel/arch/x86_64/win32_kernel32.c:1023:30: warning: cast between incompatible function types from 'uint32_t (*)(void *, uint32_t)' {aka 'unsigned int (*)(void *, unsigned int)'} to 'intptr_t (*)()' {aka 'long long int (*)()'} [-Wcast-function-type]
 1023 |     { "WaitForSingleObject", (FARPROC)WaitForSingleObject },
      |                              ^
kernel/arch/x86_64/win32_kernel32.c:1024:23: warning: cast between incompatible function types from 'uint32_t (*)(void)' {aka 'unsigned int (*)(void)'} to 'intptr_t (*)()' {aka 'long long int (*)()'} [-Wcast-function-type]
 1024 |     { "GetLastError", (FARPROC)GetLastError },
      |                       ^
kernel/arch/x86_64/win32_kernel32.c:1025:23: warning: cast between incompatible function types from 'void (*)(uint32_t)' {aka 'void (*)(unsigned int)'} to 'intptr_t (*)()' {aka 'long long int (*)()'} [-Wcast-function-type]
 1025 |     { "SetLastError", (FARPROC)SetLastError },
      |                       ^
kernel/arch/x86_64/win32_kernel32.c:1026:30: warning: cast between incompatible function types from 'uint32_t (*)(void)' {aka 'unsigned int (*)(void)'} to 'intptr_t (*)()' {aka 'long long int (*)()'} [-Wcast-function-type]
 1026 |     { "GetCurrentProcessId", (FARPROC)GetCurrentProcessId },
      |                              ^
kernel/arch/x86_64/win32_kernel32.c:1027:29: warning: cast between incompatible function types from 'uint32_t (*)(void)' {aka 'unsigned int (*)(void)'} to 'intptr_t (*)()' {aka 'long long int (*)()'} [-Wcast-function-type]
 1027 |     { "GetCurrentThreadId", (FARPROC)GetCurrentThreadId },
      |                             ^
kernel/arch/x86_64/win32_kernel32.c:1028:28: warning: cast between incompatible function types from 'void * (*)(void)' to 'intptr_t (*)()' {aka 'long long int (*)()'} [-Wcast-function-type]
 1028 |     { "GetCurrentProcess", (FARPROC)GetCurrentProcess },
      |                            ^
kernel/arch/x86_64/win32_kernel32.c:1029:27: warning: cast between incompatible function types from 'void * (*)(void)' to 'intptr_t (*)()' {aka 'long long int (*)()'} [-Wcast-function-type]
 1029 |     { "GetCurrentThread", (FARPROC)GetCurrentThread },
      |                           ^
kernel/arch/x86_64/win32_kernel32.c:1030:34: warning: cast between incompatible function types from 'BOOL (*)(void *, BOOL)' {aka 'int (*)(void *, int)'} to 'intptr_t (*)()' {aka 'long long int (*)()'} [-Wcast-function-type]
 1030 |     { "SetProcessPriorityBoost", (FARPROC)SetProcessPriorityBoost },
      |                                  ^
kernel/arch/x86_64/win32_kernel32.c:1031:29: warning: cast between incompatible function types from 'BOOL (*)(void *, uint32_t *)' {aka 'int (*)(void *, unsigned int *)'} to 'intptr_t (*)()' {aka 'long long int (*)()'} [-Wcast-function-type]
 1031 |     { "GetExitCodeProcess", (FARPROC)GetExitCodeProcess },
      |                             ^
kernel/arch/x86_64/win32_kernel32.c:1032:19: warning: cast between incompatible function types from 'BOOL (*)(void *, void *, uint32_t,  uint32_t *, void *)' {aka 'int (*)(void *, void *, unsigned int,  unsigned int *, void *)'} to 'intptr_t (*)()' {aka 'long long int (*)()'} [-Wcast-function-type]
 1032 |     { "ReadFile", (FARPROC)ReadFile },
      |                   ^
kernel/arch/x86_64/win32_kernel32.c:1033:20: warning: cast between incompatible function types from 'BOOL (*)(void *, const void *, uint32_t,  uint32_t *, void *)' {aka 'int (*)(void *, const void *, unsigned int,  unsigned int *, void *)'} to 'intptr_t (*)()' {aka 'long long int (*)()'} [-Wcast-function-type]
 1033 |     { "WriteFile", (FARPROC)WriteFile },
      |                    ^
kernel/arch/x86_64/win32_kernel32.c:1034:22: warning: cast between incompatible function types from 'void * (*)(const char *, uint32_t,  uint32_t,  void *, uint32_t,  uint32_t,  void *)' {aka 'void * (*)(const char *, unsigned int,  unsigned int,  void *, unsigned int,  unsigned int,  void *)'} to 'intptr_t (*)()' {aka 'long long int (*)()'} [-Wcast-function-type]
 1034 |     { "CreateFileA", (FARPROC)CreateFileA },
      |                      ^
kernel/arch/x86_64/win32_kernel32.c:1035:25: warning: cast between incompatible function types from 'BOOL (*)(void *, int32_t,  int32_t *, uint32_t)' {aka 'int (*)(void *, int,  int *, unsigned int)'} to 'intptr_t (*)()' {aka 'long long int (*)()'} [-Wcast-function-type]
 1035 |     { "SetFilePointer", (FARPROC)SetFilePointer },
      |                         ^
kernel/arch/x86_64/win32_kernel32.c:1036:23: warning: cast between incompatible function types from 'BOOL (*)(void *)' {aka 'int (*)(void *)'} to 'intptr_t (*)()' {aka 'long long int (*)()'} [-Wcast-function-type]
 1036 |     { "SetEndOfFile", (FARPROC)SetEndOfFile },
      |                       ^
kernel/arch/x86_64/win32_kernel32.c:1037:27: warning: cast between incompatible function types from 'BOOL (*)(void *)' {aka 'int (*)(void *)'} to 'intptr_t (*)()' {aka 'long long int (*)()'} [-Wcast-function-type]
 1037 |     { "FlushFileBuffers", (FARPROC)FlushFileBuffers },
      |                           ^
kernel/arch/x86_64/win32_kernel32.c:1038:25: warning: cast between incompatible function types from 'void * (*)(const char *, void *)' to 'intptr_t (*)()' {aka 'long long int (*)()'} [-Wcast-function-type]
 1038 |     { "FindFirstFileA", (FARPROC)FindFirstFileA },
      |                         ^
kernel/arch/x86_64/win32_kernel32.c:1039:24: warning: cast between incompatible function types from 'BOOL (*)(void *, void *)' {aka 'int (*)(void *, void *)'} to 'intptr_t (*)()' {aka 'long long int (*)()'} [-Wcast-function-type]
 1039 |     { "FindNextFileA", (FARPROC)FindNextFileA },
      |                        ^
kernel/arch/x86_64/win32_kernel32.c:1040:20: warning: cast between incompatible function types from 'BOOL (*)(void *)' {aka 'int (*)(void *)'} to 'intptr_t (*)()' {aka 'long long int (*)()'} [-Wcast-function-type]
 1040 |     { "FindClose", (FARPROC)FindClose },
      |                    ^
kernel/arch/x86_64/win32_kernel32.c:1041:27: warning: cast between incompatible function types from 'BOOL (*)(const char *, void *)' {aka 'int (*)(const char *, void *)'} to 'intptr_t (*)()' {aka 'long long int (*)()'} [-Wcast-function-type]
 1041 |     { "CreateDirectoryA", (FARPROC)CreateDirectoryA },
      |                           ^
kernel/arch/x86_64/win32_kernel32.c:1042:27: warning: cast between incompatible function types from 'BOOL (*)(const char *)' {aka 'int (*)(const char *)'} to 'intptr_t (*)()' {aka 'long long int (*)()'} [-Wcast-function-type]
 1042 |     { "RemoveDirectoryA", (FARPROC)RemoveDirectoryA },
      |                           ^
kernel/arch/x86_64/win32_kernel32.c:1043:22: warning: cast between incompatible function types from 'BOOL (*)(const char *)' {aka 'int (*)(const char *)'} to 'intptr_t (*)()' {aka 'long long int (*)()'} [-Wcast-function-type]
 1043 |     { "DeleteFileA", (FARPROC)DeleteFileA },
      |                      ^
kernel/arch/x86_64/win32_kernel32.c:1044:20: warning: cast between incompatible function types from 'BOOL (*)(const char *, const char *)' {aka 'int (*)(const char *, const char *)'} to 'intptr_t (*)()' {aka 'long long int (*)()'} [-Wcast-function-type]
 1044 |     { "MoveFileA", (FARPROC)MoveFileA },
      |                    ^
kernel/arch/x86_64/win32_kernel32.c:1045:20: warning: cast between incompatible function types from 'BOOL (*)(const char *, const char *, BOOL)' {aka 'int (*)(const char *, const char *, int)'} to 'intptr_t (*)()' {aka 'long long int (*)()'} [-Wcast-function-type]
 1045 |     { "CopyFileA", (FARPROC)CopyFileA },
      |                    ^
kernel/arch/x86_64/win32_kernel32.c:1046:29: warning: cast between incompatible function types from 'uint32_t (*)(const char *)' {aka 'unsigned int (*)(const char *)'} to 'intptr_t (*)()' {aka 'long long int (*)()'} [-Wcast-function-type]
 1046 |     { "GetFileAttributesA", (FARPROC)GetFileAttributesA },
      |                             ^
kernel/arch/x86_64/win32_kernel32.c:1047:24: warning: cast between incompatible function types from 'BOOL (*)(void *, int64_t *)' {aka 'int (*)(void *, long long int *)'} to 'intptr_t (*)()' {aka 'long long int (*)()'} [-Wcast-function-type]
 1047 |     { "GetFileSizeEx", (FARPROC)GetFileSizeEx },
      |                        ^
kernel/arch/x86_64/win32_kernel32.c:1048:29: warning: cast between incompatible function types from 'uint32_t (*)(void *, char *, uint32_t)' {aka 'unsigned int (*)(void *, char *, unsigned int)'} to 'intptr_t (*)()' {aka 'long long int (*)()'} [-Wcast-function-type]
 1048 |     { "GetModuleFileNameA", (FARPROC)GetModuleFileNameA },
      |                             ^
kernel/arch/x86_64/win32_kernel32.c:1049:27: warning: cast between incompatible function types from 'void * (*)(const char *)' to 'intptr_t (*)()' {aka 'long long int (*)()'} [-Wcast-function-type]
 1049 |     { "GetModuleHandleA", (FARPROC)GetModuleHandleA },
      |                           ^
kernel/arch/x86_64/win32_kernel32.c:1050:25: warning: cast between incompatible function types from 'intptr_t (* (*)(void *, const char *))()' {aka 'long long int (* (*)(void *, const char *))()'} to 'intptr_t (*)()' {aka 'long long int (*)()'} [-Wcast-function-type]
 1050 |     { "GetProcAddress", (FARPROC)GetProcAddress },
      |                         ^
kernel/arch/x86_64/win32_kernel32.c:1051:23: warning: cast between incompatible function types from 'void * (*)(const char *)' to 'intptr_t (*)()' {aka 'long long int (*)()'} [-Wcast-function-type]
 1051 |     { "LoadLibraryA", (FARPROC)LoadLibraryA },
      |                       ^
kernel/arch/x86_64/win32_kernel32.c:1052:22: warning: cast between incompatible function types from 'BOOL (*)(void *)' {aka 'int (*)(void *)'} to 'intptr_t (*)()' {aka 'long long int (*)()'} [-Wcast-function-type]
 1052 |     { "FreeLibrary", (FARPROC)FreeLibrary },
      |                      ^
kernel/arch/x86_64/win32_kernel32.c:1053:22: warning: cast between incompatible function types from 'void * (*)(UINT,  uint64_t)' {aka 'void * (*)(unsigned int,  long long unsigned int)'} to 'intptr_t (*)()' {aka 'long long int (*)()'} [-Wcast-function-type]
 1053 |     { "GlobalAlloc", (FARPROC)GlobalAlloc },
      |                      ^
kernel/arch/x86_64/win32_kernel32.c:1054:21: warning: cast between incompatible function types from 'void * (*)(void *)' to 'intptr_t (*)()' {aka 'long long int (*)()'} [-Wcast-function-type]
 1054 |     { "GlobalFree", (FARPROC)GlobalFree },
      |                     ^
kernel/arch/x86_64/win32_kernel32.c:1055:21: warning: cast between incompatible function types from 'void * (*)(void *)' to 'intptr_t (*)()' {aka 'long long int (*)()'} [-Wcast-function-type]
 1055 |     { "GlobalLock", (FARPROC)GlobalLock },
      |                     ^
kernel/arch/x86_64/win32_kernel32.c:1056:23: warning: cast between incompatible function types from 'BOOL (*)(void *)' {aka 'int (*)(void *)'} to 'intptr_t (*)()' {aka 'long long int (*)()'} [-Wcast-function-type]
 1056 |     { "GlobalUnlock", (FARPROC)GlobalUnlock },
      |                       ^
kernel/arch/x86_64/win32_kernel32.c:1058:21: warning: cast between incompatible function types from 'void * (*)(UINT,  uint64_t)' {aka 'void * (*)(unsigned int,  long long unsigned int)'} to 'intptr_t (*)()' {aka 'long long int (*)()'} [-Wcast-function-type]
 1058 |     { "LocalAlloc", (FARPROC)LocalAlloc },
      |                     ^
kernel/arch/x86_64/win32_kernel32.c:1059:20: warning: cast between incompatible function types from 'void * (*)(void *)' to 'intptr_t (*)()' {aka 'long long int (*)()'} [-Wcast-function-type]
 1059 |     { "LocalFree", (FARPROC)LocalFree },
      |                    ^
kernel/arch/x86_64/win32_kernel32.c:1060:20: warning: cast between incompatible function types from 'void * (*)(void *)' to 'intptr_t (*)()' {aka 'long long int (*)()'} [-Wcast-function-type]
 1060 |     { "LocalLock", (FARPROC)LocalLock },
      |                    ^
kernel/arch/x86_64/win32_kernel32.c:1061:22: warning: cast between incompatible function types from 'BOOL (*)(void *)' {aka 'int (*)(void *)'} to 'intptr_t (*)()' {aka 'long long int (*)()'} [-Wcast-function-type]
 1061 |     { "LocalUnlock", (FARPROC)LocalUnlock },
      |                      ^
kernel/arch/x86_64/win32_kernel32.c:1063:23: warning: cast between incompatible function types from 'void * (*)(void *, uint64_t,  DWORD,  DWORD)' {aka 'void * (*)(void *, long long unsigned int,  unsigned int,  unsigned int)'} to 'intptr_t (*)()' {aka 'long long int (*)()'} [-Wcast-function-type]
 1063 |     { "VirtualAlloc", (FARPROC)VirtualAlloc },
      |                       ^
kernel/arch/x86_64/win32_kernel32.c:1064:22: warning: cast between incompatible function types from 'BOOL (*)(void *, uint64_t,  DWORD)' {aka 'int (*)(void *, long long unsigned int,  unsigned int)'} to 'intptr_t (*)()' {aka 'long long int (*)()'} [-Wcast-function-type]
 1064 |     { "VirtualFree", (FARPROC)VirtualFree },
      |                      ^
kernel/arch/x86_64/win32_kernel32.c:1065:25: warning: cast between incompatible function types from 'BOOL (*)(void *, uint64_t,  DWORD,  DWORD *)' {aka 'int (*)(void *, long long unsigned int,  unsigned int,  unsigned int *)'} to 'intptr_t (*)()' {aka 'long long int (*)()'} [-Wcast-function-type]
 1065 |     { "VirtualProtect", (FARPROC)VirtualProtect },
      |                         ^
kernel/arch/x86_64/win32_kernel32.c:1066:23: warning: cast between incompatible function types from 'BOOL (*)(const void *, void *, uint64_t)' {aka 'int (*)(const void *, void *, long long unsigned int)'} to 'intptr_t (*)()' {aka 'long long int (*)()'} [-Wcast-function-type]
 1066 |     { "VirtualQuery", (FARPROC)VirtualQuery },
      |                       ^
kernel/arch/x86_64/win32_kernel32.c:1067:21: warning: cast between incompatible function types from 'void * (*)(DWORD,  uint64_t,  uint64_t)' {aka 'void * (*)(unsigned int,  long long unsigned int,  long long unsigned int)'} to 'intptr_t (*)()' {aka 'long long int (*)()'} [-Wcast-function-type]
 1067 |     { "HeapCreate", (FARPROC)HeapCreate },
      |                     ^
kernel/arch/x86_64/win32_kernel32.c:1068:22: warning: cast between incompatible function types from 'BOOL (*)(void *)' {aka 'int (*)(void *)'} to 'intptr_t (*)()' {aka 'long long int (*)()'} [-Wcast-function-type]
 1068 |     { "HeapDestroy", (FARPROC)HeapDestroy },
      |                      ^
kernel/arch/x86_64/win32_kernel32.c:1069:20: warning: cast between incompatible function types from 'void * (*)(void *, DWORD,  uint64_t)' {aka 'void * (*)(void *, unsigned int,  long long unsigned int)'} to 'intptr_t (*)()' {aka 'long long int (*)()'} [-Wcast-function-type]
 1069 |     { "HeapAlloc", (FARPROC)HeapAlloc },
      |                    ^
kernel/arch/x86_64/win32_kernel32.c:1070:19: warning: cast between incompatible function types from 'BOOL (*)(void *, DWORD,  void *)' {aka 'int (*)(void *, unsigned int,  void *)'} to 'intptr_t (*)()' {aka 'long long int (*)()'} [-Wcast-function-type]
 1070 |     { "HeapFree", (FARPROC)HeapFree },
      |                   ^
kernel/arch/x86_64/win32_kernel32.c:1071:25: warning: cast between incompatible function types from 'void * (*)(void)' to 'intptr_t (*)()' {aka 'long long int (*)()'} [-Wcast-function-type]
 1071 |     { "GetProcessHeap", (FARPROC)GetProcessHeap },
      |                         ^
kernel/arch/x86_64/win32_kernel32.c:1072:24: warning: cast between incompatible function types from 'void (*)(void *)' to 'intptr_t (*)()' {aka 'long long int (*)()'} [-Wcast-function-type]
 1072 |     { "GetSystemInfo", (FARPROC)GetSystemInfo },
      |                        ^
kernel/arch/x86_64/win32_kernel32.c:1073:21: warning: cast between incompatible function types from 'DWORD (*)(void)' {aka 'unsigned int (*)(void)'} to 'intptr_t (*)()' {aka 'long long int (*)()'} [-Wcast-function-type]
 1073 |     { "GetVersion", (FARPROC)GetVersion },
      |                     ^
kernel/arch/x86_64/win32_kernel32.c:1074:24: warning: cast between incompatible function types from 'BOOL (*)(void *)' {aka 'int (*)(void *)'} to 'intptr_t (*)()' {aka 'long long int (*)()'} [-Wcast-function-type]
 1074 |     { "GetVersionExA", (FARPROC)GetVersionExA },
      |                        ^
kernel/arch/x86_64/win32_kernel32.c:1075:30: warning: cast between incompatible function types from 'UINT (*)(char *, UINT)' {aka 'unsigned int (*)(char *, unsigned int)'} to 'intptr_t (*)()' {aka 'long long int (*)()'} [-Wcast-function-type]
 1075 |     { "GetSystemDirectoryA", (FARPROC)GetSystemDirectoryA },
      |                              ^
kernel/arch/x86_64/win32_kernel32.c:1076:31: warning: cast between incompatible function types from 'UINT (*)(char *, UINT)' {aka 'unsigned int (*)(char *, unsigned int)'} to 'intptr_t (*)()' {aka 'long long int (*)()'} [-Wcast-function-type]
 1076 |     { "GetWindowsDirectoryA", (FARPROC)GetWindowsDirectoryA },
      |                               ^
kernel/arch/x86_64/win32_kernel32.c:1077:23: warning: cast between incompatible function types from 'UINT (*)(uint32_t,  char *)' {aka 'unsigned int (*)(unsigned int,  char *)'} to 'intptr_t (*)()' {aka 'long long int (*)()'} [-Wcast-function-type]
 1077 |     { "GetTempPathA", (FARPROC)GetTempPathA },
      |                       ^
kernel/arch/x86_64/win32_kernel32.c:1078:34: warning: cast between incompatible function types from 'DWORD (*)(const char *, char *, DWORD)' {aka 'unsigned int (*)(const char *, char *, unsigned int)'} to 'intptr_t (*)()' {aka 'long long int (*)()'} [-Wcast-function-type]
 1078 |     { "GetEnvironmentVariableA", (FARPROC)GetEnvironmentVariableA },
      |                                  ^
kernel/arch/x86_64/win32_kernel32.c:1079:34: warning: cast between incompatible function types from 'BOOL (*)(const char *, const char *)' {aka 'int (*)(const char *, const char *)'} to 'intptr_t (*)()' {aka 'long long int (*)()'} [-Wcast-function-type]
 1079 |     { "SetEnvironmentVariableA", (FARPROC)SetEnvironmentVariableA },
      |                                  ^
kernel/arch/x86_64/win32_kernel32.c:1080:36: warning: cast between incompatible function types from 'DWORD (*)(const char *, char *, DWORD)' {aka 'unsigned int (*)(const char *, char *, unsigned int)'} to 'intptr_t (*)()' {aka 'long long int (*)()'} [-Wcast-function-type]
 1080 |     { "ExpandEnvironmentStringsA", (FARPROC)ExpandEnvironmentStringsA },
      |                                    ^
kernel/arch/x86_64/win32_kernel32.c:1081:27: warning: cast between incompatible function types from 'BOOL (*)(char *, uint32_t *)' {aka 'int (*)(char *, unsigned int *)'} to 'intptr_t (*)()' {aka 'long long int (*)()'} [-Wcast-function-type]
 1081 |     { "GetComputerNameA", (FARPROC)GetComputerNameA },
      |                           ^
kernel/arch/x86_64/win32_kernel32.c:1082:23: warning: cast between incompatible function types from 'BOOL (*)(char *, uint32_t *)' {aka 'int (*)(char *, unsigned int *)'} to 'intptr_t (*)()' {aka 'long long int (*)()'} [-Wcast-function-type]
 1082 |     { "GetUserNameA", (FARPROC)GetUserNameA },
      |                       ^
kernel/arch/x86_64/win32_kernel32.c:1083:19: warning: cast between incompatible function types from 'int (*)(const char *)' to 'intptr_t (*)()' {aka 'long long int (*)()'} [-Wcast-function-type]
 1083 |     { "lstrlenA", (FARPROC)lstrlenA },
      |                   ^
kernel/arch/x86_64/win32_kernel32.c:1084:19: warning: cast between incompatible function types from 'char * (*)(char *, const char *)' to 'intptr_t (*)()' {aka 'long long int (*)()'} [-Wcast-function-type]
 1084 |     { "lstrcpyA", (FARPROC)lstrcpyA },
      |                   ^
kernel/arch/x86_64/win32_kernel32.c:1085:20: warning: cast between incompatible function types from 'char * (*)(char *, const char *, int)' to 'intptr_t (*)()' {aka 'long long int (*)()'} [-Wcast-function-type]
 1085 |     { "lstrcpynA", (FARPROC)lstrcpynA },
      |                    ^
kernel/arch/x86_64/win32_kernel32.c:1086:19: warning: cast between incompatible function types from 'int (*)(const char *, const char *)' to 'intptr_t (*)()' {aka 'long long int (*)()'} [-Wcast-function-type]
 1086 |     { "lstrcmpA", (FARPROC)lstrcmpA },
      |                   ^
kernel/arch/x86_64/win32_kernel32.c:1087:20: warning: cast between incompatible function types from 'int (*)(const char *, const char *)' to 'intptr_t (*)()' {aka 'long long int (*)()'} [-Wcast-function-type]
 1087 |     { "lstrcmpiA", (FARPROC)lstrcmpiA },
      |                    ^
kernel/arch/x86_64/win32_kernel32.c:1088:19: warning: cast between incompatible function types from 'char * (*)(char *, const char *)' to 'intptr_t (*)()' {aka 'long long int (*)()'} [-Wcast-function-type]
 1088 |     { "lstrcatA", (FARPROC)lstrcatA },
      |                   ^
kernel/arch/x86_64/win32_kernel32.c:1089:20: warning: cast between incompatible function types from 'CHAR * (*)(const CHAR *)' {aka 'char * (*)(const char *)'} to 'intptr_t (*)()' {aka 'long long int (*)()'} [-Wcast-function-type]
 1089 |     { "CharNextA", (FARPROC)CharNextA },
      |                    ^
kernel/arch/x86_64/win32_kernel32.c:1090:20: warning: cast between incompatible function types from 'CHAR * (*)(const CHAR *, const CHAR *)' {aka 'char * (*)(const char *, const char *)'} to 'intptr_t (*)()' {aka 'long long int (*)()'} [-Wcast-function-type]
 1090 |     { "CharPrevA", (FARPROC)CharPrevA },
      |                    ^
kernel/arch/x86_64/win32_kernel32.c:1091:23: warning: cast between incompatible function types from 'BOOL (*)(CHAR)' {aka 'int (*)(char)'} to 'intptr_t (*)()' {aka 'long long int (*)()'} [-Wcast-function-type]
 1091 |     { "IsCharAlphaA", (FARPROC)IsCharAlphaA },
      |                       ^
kernel/arch/x86_64/win32_kernel32.c:1092:30: warning: cast between incompatible function types from 'BOOL (*)(CHAR)' {aka 'int (*)(char)'} to 'intptr_t (*)()' {aka 'long long int (*)()'} [-Wcast-function-type]
 1092 |     { "IsCharAlphaNumericA", (FARPROC)IsCharAlphaNumericA },
      |                              ^
kernel/arch/x86_64/win32_kernel32.c:1093:23: warning: cast between incompatible function types from 'BOOL (*)(CHAR)' {aka 'int (*)(char)'} to 'intptr_t (*)()' {aka 'long long int (*)()'} [-Wcast-function-type]
 1093 |     { "IsCharUpperA", (FARPROC)IsCharUpperA },
      |                       ^
kernel/arch/x86_64/win32_kernel32.c:1094:23: warning: cast between incompatible function types from 'BOOL (*)(CHAR)' {aka 'int (*)(char)'} to 'intptr_t (*)()' {aka 'long long int (*)()'} [-Wcast-function-type]
 1094 |     { "IsCharLowerA", (FARPROC)IsCharLowerA },
      |                       ^
kernel/arch/x86_64/win32_kernel32.c:1095:21: warning: cast between incompatible function types from 'CHAR (*)(CHAR)' {aka 'char (*)(char)'} to 'intptr_t (*)()' {aka 'long long int (*)()'} [-Wcast-function-type]
 1095 |     { "CharUpperA", (FARPROC)CharUpperA },
      |                     ^
kernel/arch/x86_64/win32_kernel32.c:1096:21: warning: cast between incompatible function types from 'CHAR (*)(CHAR)' {aka 'char (*)(char)'} to 'intptr_t (*)()' {aka 'long long int (*)()'} [-Wcast-function-type]
 1096 |     { "CharLowerA", (FARPROC)CharLowerA },
      |                     ^
kernel/arch/x86_64/win32_kernel32.c:1097:21: warning: cast between incompatible function types from 'int (*)(char *, const char *, void *)' to 'intptr_t (*)()' {aka 'long long int (*)()'} [-Wcast-function-type]
 1097 |     { "wvsprintfA", (FARPROC)wvsprintfA },
      |                     ^
kernel/arch/x86_64/win32_kernel32.c:1098:24: warning: cast between incompatible function types from 'int (*)(void *, const char *, unsigned int,  unsigned int,  void **)' to 'intptr_t (*)()' {aka 'long long int (*)()'} [-Wcast-function-type]
 1098 |     { "RegOpenKeyExA", (FARPROC)RegOpenKeyExA },
      |                        ^
kernel/arch/x86_64/win32_kernel32.c:1099:26: warning: cast between incompatible function types from 'int (*)(void *, const char *, unsigned int,  char *, unsigned int,  unsigned int,  void *, void **, DWORD *)' {aka 'int (*)(void *, const char *, unsigned int,  char *, unsigned int,  unsigned int,  void *, void **, unsigned int *)'} to 'intptr_t (*)()' {aka 'long long int (*)()'} [-Wcast-function-type]
 1099 |     { "RegCreateKeyExA", (FARPROC)RegCreateKeyExA },
      |                          ^
kernel/arch/x86_64/win32_kernel32.c:1100:22: warning: cast between incompatible function types from 'int (*)(void *)' to 'intptr_t (*)()' {aka 'long long int (*)()'} [-Wcast-function-type]
 1100 |     { "RegCloseKey", (FARPROC)RegCloseKey },
      |                      ^
kernel/arch/x86_64/win32_kernel32.c:1101:27: warning: cast between incompatible function types from 'int (*)(void *, const char *, DWORD *, DWORD *, BYTE *, DWORD *)' {aka 'int (*)(void *, const char *, unsigned int *, unsigned int *, unsigned char *, unsigned int *)'} to 'intptr_t (*)()' {aka 'long long int (*)()'} [-Wcast-function-type]
 1101 |     { "RegQueryValueExA", (FARPROC)RegQueryValueExA },
      |                           ^
kernel/arch/x86_64/win32_kernel32.c:1102:25: warning: cast between incompatible function types from 'int (*)(void *, const char *, unsigned int,  unsigned int,  const BYTE *, unsigned int)' {aka 'int (*)(void *, const char *, unsigned int,  unsigned int,  const unsigned char *, unsigned int)'} to 'intptr_t (*)()' {aka 'long long int (*)()'} [-Wcast-function-type]
 1102 |     { "RegSetValueExA", (FARPROC)RegSetValueExA },
      |                         ^
kernel/arch/x86_64/win32_kernel32.c:1103:24: warning: cast between incompatible function types from 'int (*)(void *, unsigned int,  char *, DWORD *, DWORD *, char *, DWORD *, uint64_t *)' {aka 'int (*)(void *, unsigned int,  char *, unsigned int *, unsigned int *, char *, unsigned int *, long long unsigned int *)'} to 'intptr_t (*)()' {aka 'long long int (*)()'} [-Wcast-function-type]
 1103 |     { "RegEnumKeyExA", (FARPROC)RegEnumKeyExA },
      |                        ^
kernel/arch/x86_64/win32_kernel32.c:1104:24: warning: cast between incompatible function types from 'int (*)(void *, unsigned int,  char *, DWORD *, DWORD *, DWORD *, BYTE *, DWORD *)' {aka 'int (*)(void *, unsigned int,  char *, unsigned int *, unsigned int *, unsigned int *, unsigned char *, unsigned int *)'} to 'intptr_t (*)()' {aka 'long long int (*)()'} [-Wcast-function-type]
 1104 |     { "RegEnumValueA", (FARPROC)RegEnumValueA },
      |                        ^
kernel/arch/x86_64/win32_kernel32.c:1105:24: warning: cast between incompatible function types from 'int (*)(void *, const char *)' to 'intptr_t (*)()' {aka 'long long int (*)()'} [-Wcast-function-type]
 1105 |     { "RegDeleteKeyA", (FARPROC)RegDeleteKeyA },
      |                        ^
kernel/arch/x86_64/win32_kernel32.c:1106:26: warning: cast between incompatible function types from 'int (*)(void *, const char *)' to 'intptr_t (*)()' {aka 'long long int (*)()'} [-Wcast-function-type]
 1106 |     { "RegDeleteValueA", (FARPROC)RegDeleteValueA },
      |                          ^
kernel/arch/x86_64/win32_kernel32.c:1107:22: warning: cast between incompatible function types from 'int (*)(void *)' to 'intptr_t (*)()' {aka 'long long int (*)()'} [-Wcast-function-type]
 1107 |     { "RegFlushKey", (FARPROC)RegFlushKey },
      |                      ^
kernel/arch/x86_64/win32_kernel32.c: In function 'pe_import_resolver':
kernel/arch/x86_64/win32_kernel32.c:1146:12: warning: ISO C forbids conversion of function pointer to object pointer type [-Wpedantic]
 1146 |     return (void*)result;
      |            ^
kernel/arch/x86_64/win32_kernel32.c: In function 'LoadLibraryA':
kernel/arch/x86_64/win32_kernel32.c:1185:40: warning: conversion to 'long long unsigned int' from 'off_t' {aka 'long long int'} may change the sign of the result [-Wsign-conversion]
 1185 |     file_buf = memory_alloc(st.st_size + 16ULL);
      |                                        ^
kernel/arch/x86_64/win32_kernel32.c:1191:36: warning: conversion to 'long long unsigned int' from 'off_t' {aka 'long long int'} may change the sign of the result [-Wsign-conversion]
 1191 |     memset(file_buf, 0, st.st_size + 16ULL);
      |                                    ^
kernel/arch/x86_64/win32_kernel32.c:1193:36: warning: conversion to 'uint64_t' {aka 'long long unsigned int'} from 'off_t' {aka 'long long int'} may change the sign of the result [-Wsign-conversion]
 1193 |     res = vfs_read(fd, file_buf, st.st_size);
      |                                  ~~^~~~~~~~
kernel/arch/x86_64/win32_gdi_and_msg.c:525:42: warning: overflow in conversion from 'int' to 'short int' changes value from '33999' to '-31537' [-Woverflow]
  525 |     0, 8363, 16069, 22765, 28138, 31939, 33999, 34263, 32702,
      |                                          ^~~~~
kernel/arch/x86_64/win32_gdi_and_msg.c:525:49: warning: overflow in conversion from 'int' to 'short int' changes value from '34263' to '-31273' [-Woverflow]
  525 |     0, 8363, 16069, 22765, 28138, 31939, 33999, 34263, 32702,
      |                                                 ^~~~~
kernel/arch/x86_64/win32_gdi_and_msg.c:527:21: warning: overflow in conversion from 'int' to 'short int' changes value from '-32787' to '32749' [-Woverflow]
  527 |     -25102, -29755, -32787, -34104, -33649, -31480, -27710, -22506
      |                     ^
kernel/arch/x86_64/win32_gdi_and_msg.c:527:29: warning: overflow in conversion from 'int' to 'short int' changes value from '-34104' to '31432' [-Woverflow]
  527 |     -25102, -29755, -32787, -34104, -33649, -31480, -27710, -22506
      |                             ^
kernel/arch/x86_64/win32_gdi_and_msg.c:527:37: warning: overflow in conversion from 'int' to 'short int' changes value from '-33649' to '31887' [-Woverflow]
  527 |     -25102, -29755, -32787, -34104, -33649, -31480, -27710, -22506
      |                                     ^
kernel/arch/x86_64/win32_gdi_and_msg.c:531:29: warning: overflow in conversion from 'int' to 'short int' changes value from '-34183' to '31353' [-Woverflow]
  531 |     -21473, -27452, -31783, -34183, -34516, -32730, -28899, -23224,
      |                             ^
kernel/arch/x86_64/win32_gdi_and_msg.c:531:37: warning: overflow in conversion from 'int' to 'short int' changes value from '-34516' to '31020' [-Woverflow]
  531 |     -21473, -27452, -31783, -34183, -34516, -32730, -28899, -23224,
      |                                     ^
kernel/arch/x86_64/win32_gdi_and_msg.c:532:54: warning: overflow in conversion from 'int' to 'short int' changes value from '33497' to '-32039' [-Woverflow]
  532 |     -16016, -7649, 1299, 10197, 18435, 25369, 30478, 33497
      |                                                      ^~~~~
kernel/arch/x86_64/win32_gdi_and_msg.c: In function 'Ellipse':
kernel/arch/x86_64/win32_gdi_and_msg.c:537:14: warning: variable 'brush_color' set but not used [-Wunused-but-set-variable=]
  537 |     COLORREF brush_color = RGB(255, 255, 255);
      |              ^~~~~~~~~~~
kernel/arch/x86_64/win32_gdi_and_msg.c: In function 'default_window_proc':
kernel/arch/x86_64/win32_gdi_and_msg.c:1041:64: warning: unused parameter 'wparam' [-Wunused-parameter]
 1041 | static LRESULT default_window_proc(HWND hwnd, UINT msg, WPARAM wparam, LPARAM lparam) {
      |                                                         ~~~~~~~^~~~~~
kernel/arch/x86_64/win32_gdi_and_msg.c:1041:79: warning: unused parameter 'lparam' [-Wunused-parameter]
 1041 | static LRESULT default_window_proc(HWND hwnd, UINT msg, WPARAM wparam, LPARAM lparam) {
      |                                                                        ~~~~~~~^~~~~~
kernel/arch/x86_64/win32_gdi_and_msg.c: In function 'CreateWindowExA':
kernel/arch/x86_64/win32_gdi_and_msg.c:1232:20: warning: conversion to 'LONG' {aka 'long int'} from 'uint32_t' {aka 'unsigned int'} may change the sign of the result [-Wsign-conversion]
 1232 |         cs.style = dwStyle;
      |                    ^~~~~~~
<0> Building kernel/arch/x86_64/win32_advapi32.c
kernel/arch/x86_64/win32_advapi32.c: In function 'AdjustTokenPrivileges':
kernel/arch/x86_64/win32_advapi32.c:1948:36: warning: unsigned conversion from 'long int' to 'long unsigned int' changes value from '-3' to '4294967293' [-Wsign-conversion]
 1948 |             t->privileges[j].attrs &= ~SE_PRIVILEGE_ENABLED;
      |                                    ^~
kernel/arch/x86_64/win32_advapi32.c: At top level:
kernel/arch/x86_64/win32_advapi32.c:2081:54: warning: excess elements in struct initializer
 2081 |      {1,1,0,0,0,0,0,5,0x20,0,0,0,0x20,0x20,0,0}, 16, SidTypeUser},
      |                                                      ^~~~~~~~~~~
kernel/arch/x86_64/win32_advapi32.c:2081:54: note: (near initialization for 'g_account_map[0]')
kernel/arch/x86_64/win32_advapi32.c:2083:54: warning: excess elements in struct initializer
 2083 |      {1,1,0,0,0,0,0,5,0x20,0,0,0,0x22,0x20,0,0}, 16, SidTypeUser},
      |                                                      ^~~~~~~~~~~
kernel/arch/x86_64/win32_advapi32.c:2083:54: note: (near initialization for 'g_account_map[1]')
kernel/arch/x86_64/win32_advapi32.c:2085:40: warning: excess elements in struct initializer
 2085 |      {1,1,0,0,0,0,0,5,0x12,0,0,0}, 12, SidTypeWellKnownGroup},
      |                                        ^~~~~~~~~~~~~~~~~~~~~
kernel/arch/x86_64/win32_advapi32.c:2085:40: note: (near initialization for 'g_account_map[2]')
kernel/arch/x86_64/win32_advapi32.c:2087:40: warning: excess elements in struct initializer
 2087 |      {1,1,0,0,0,0,0,5,0x13,0,0,0}, 12, SidTypeUser},
      |                                        ^~~~~~~~~~~
kernel/arch/x86_64/win32_advapi32.c:2087:40: note: (near initialization for 'g_account_map[3]')
kernel/arch/x86_64/win32_advapi32.c:2089:40: warning: excess elements in struct initializer
 2089 |      {1,1,0,0,0,0,0,5,0x14,0,0,0}, 12, SidTypeUser},
      |                                        ^~~~~~~~~~~
kernel/arch/x86_64/win32_advapi32.c:2089:40: note: (near initialization for 'g_account_map[4]')
kernel/arch/x86_64/win32_advapi32.c:2091:37: warning: excess elements in struct initializer
 2091 |      {1,1,0,0,0,0,0,1,0,0,0,0}, 12, SidTypeWellKnownGroup},
      |                                     ^~~~~~~~~~~~~~~~~~~~~
kernel/arch/x86_64/win32_advapi32.c:2091:37: note: (near initialization for 'g_account_map[5]')
kernel/arch/x86_64/win32_advapi32.c:2093:54: warning: excess elements in struct initializer
 2093 |      {1,2,0,0,0,0,0,5,0x20,0,0,0,0x20,0x20,0,0}, 16, SidTypeAlias},
      |                                                      ^~~~~~~~~~~~
kernel/arch/x86_64/win32_advapi32.c:2093:54: note: (near initialization for 'g_account_map[6]')
kernel/arch/x86_64/win32_advapi32.c:2095:54: warning: excess elements in struct initializer
 2095 |      {1,2,0,0,0,0,0,5,0x20,0,0,0,0x21,0x20,0,0}, 16, SidTypeAlias},
      |                                                      ^~~~~~~~~~~~
kernel/arch/x86_64/win32_advapi32.c:2095:54: note: (near initialization for 'g_account_map[7]')
kernel/arch/x86_64/win32_advapi32.c:2097:54: warning: excess elements in struct initializer
 2097 |      {1,2,0,0,0,0,0,5,0x20,0,0,0,0x22,0x20,0,0}, 16, SidTypeAlias},
      |                                                      ^~~~~~~~~~~~
kernel/arch/x86_64/win32_advapi32.c:2097:54: note: (near initialization for 'g_account_map[8]')
kernel/arch/x86_64/win32_advapi32.c:2099:54: warning: excess elements in struct initializer
 2099 |      {1,2,0,0,0,0,0,5,0x20,0,0,0,0x23,0x20,0,0}, 16, SidTypeAlias},
      |                                                      ^~~~~~~~~~~~
kernel/arch/x86_64/win32_advapi32.c:2099:54: note: (near initialization for 'g_account_map[9]')
<1> Building kernel/arch/x86_64/wdm.c
kernel/arch/x86_64/wdm.c: In function 'wdm_register_internal':
kernel/arch/x86_64/wdm.c:339:23: warning: ISO C forbids conversion of function pointer to object pointer type [-Wpedantic]
  339 |     drv->DriverInit = (PVOID)init;
      |                       ^
<1> Building kernel/arch/x86_64/watchdog.c
<3> Building kernel/arch/x86_64/vlan.c
kernel/arch/x86_64/watchdog.c: In function 'watchdog_acpi_set_timer':
kernel/arch/x86_64/watchdog.c:93:25: warning: cast to pointer from integer of different size [-Wint-to-pointer-cast]
   93 |     uint32_t sci_en = *((volatile uint32_t*)(watchdog_acpi_pmbase + WDT_ACPI_WDT_SMI_EN));
      |                         ^
kernel/arch/x86_64/watchdog.c:96:7: warning: cast to pointer from integer of different size [-Wint-to-pointer-cast]
   96 |     *((volatile uint16_t*)(watchdog_acpi_pmbase + WDT_ACPI_WDT_PM1a_EVT)) = 0;
      |       ^
kernel/arch/x86_64/watchdog.c:102:26: warning: cast to pointer from integer of different size [-Wint-to-pointer-cast]
  102 |     uint32_t evt_reg = *((volatile uint32_t*)(watchdog_acpi_pmbase + WDT_ACPI_WDT_PM1a_EVT));
      |                          ^
kernel/arch/x86_64/watchdog.c:104:7: warning: cast to pointer from integer of different size [-Wint-to-pointer-cast]
  104 |     *((volatile uint32_t*)(watchdog_acpi_pmbase + WDT_ACPI_WDT_PM1a_EVT)) = evt_reg;
      |       ^
kernel/arch/x86_64/watchdog.c:98:14: warning: variable 'wdt_val' set but not used [-Wunused-but-set-variable=]
   98 |     uint32_t wdt_val = (uint32_t)timeout_sec;
      |              ^~~~~~~
kernel/arch/x86_64/watchdog.c: In function 'watchdog_acpi_stop_timer':
kernel/arch/x86_64/watchdog.c:113:26: warning: cast to pointer from integer of different size [-Wint-to-pointer-cast]
  113 |     uint32_t evt_reg = *((volatile uint32_t*)(watchdog_acpi_pmbase + WDT_ACPI_WDT_PM1a_EVT));
      |                          ^
kernel/arch/x86_64/watchdog.c:114:13: warning: unsigned conversion from 'int' to 'uint32_t' {aka 'unsigned int'} changes value from '-8193' to '4294959103' [-Wsign-conversion]
  114 |     evt_reg &= ~0x2000;
      |             ^~
kernel/arch/x86_64/watchdog.c:115:7: warning: cast to pointer from integer of different size [-Wint-to-pointer-cast]
  115 |     *((volatile uint32_t*)(watchdog_acpi_pmbase + WDT_ACPI_WDT_PM1a_EVT)) = evt_reg;
      |       ^
kernel/arch/x86_64/watchdog.c: In function 'watchdog_start':
kernel/arch/x86_64/watchdog.c:234:27: warning: conversion from 'uint64_t' {aka 'long long unsigned int'} to 'uint32_t' {aka 'unsigned int'} may change value [-Wconversion]
  234 |     wdt->last_ping_tick = watchdog_get_ticks();
      |                           ^~~~~~~~~~~~~~~~~~
kernel/arch/x86_64/watchdog.c: In function 'watchdog_ping':
kernel/arch/x86_64/watchdog.c:301:27: warning: conversion from 'uint64_t' {aka 'long long unsigned int'} to 'uint32_t' {aka 'unsigned int'} may change value [-Wconversion]
  301 |     wdt->last_ping_tick = watchdog_get_ticks();
      |                           ^~~~~~~~~~~~~~~~~~
kernel/arch/x86_64/watchdog.c: In function 'watchdog_init_acpi_wdt':
kernel/arch/x86_64/watchdog.c:388:25: warning: cast to pointer from integer of different size [-Wint-to-pointer-cast]
  388 |     uint32_t sci_en = *((volatile uint32_t*)(pm1a_evt + WDT_ACPI_WDT_SMI_EN));
      |                         ^
<3> Building kernel/arch/x86_64/virtio.c
kernel/arch/x86_64/virtio.c: In function '__vq_alloc':
kernel/arch/x86_64/virtio.c:16:47: warning: conversion to 'uint64_t' {aka 'long long unsigned int'} from 'int' may change the sign of the result [-Wsign-conversion]
   16 |     vq->avail = (virtq_avail_t*)kzalloc(2 + 2 + 2 * num);
      |                                         ~~~~~~^~~~~~~~~
kernel/arch/x86_64/virtio.c:19:45: warning: conversion to 'uint64_t' {aka 'long long unsigned int'} from 'int' may change the sign of the result [-Wsign-conversion]
   19 |     vq->used = (virtq_used_t*)kzalloc(2 + 2 + 8 * num);
      |                                       ~~~~~~^~~~~~~~~
kernel/arch/x86_64/virtio.c:23:29: warning: conversion from 'int' to 'uint16_t' {aka 'short unsigned int'} may change value [-Wconversion]
   23 |         vq->descs[i].next = (i + 1) % num;
      |                             ^
kernel/arch/x86_64/virtio.c: In function '__vq_get_used':
kernel/arch/x86_64/virtio.c:61:11: warning: conversion from 'uint32_t' {aka 'unsigned int'} to 'uint16_t' {aka 'short unsigned int'} may change value [-Wconversion]
   61 |     *id = elem->id;
      |           ^~~~
kernel/arch/x86_64/virtio.c: In function 'virtio_blk_init':
kernel/arch/x86_64/virtio.c:91:27: warning: conversion from 'uint32_t' {aka 'unsigned int'} to 'uint16_t' {aka 'short unsigned int'} may change value [-Wconversion]
   91 |     uint16_t queue_size = mmio->queue_size;
      |                           ^~~~
kernel/arch/x86_64/virtio.c: In function 'virtio_net_init':
kernel/arch/x86_64/virtio.c:188:24: warning: conversion from 'uint32_t' {aka 'unsigned int'} to 'uint16_t' {aka 'short unsigned int'} may change value [-Wconversion]
  188 |     uint16_t rx_size = mmio->queue_size;
      |                        ^~~~
kernel/arch/x86_64/virtio.c:194:24: warning: conversion from 'uint32_t' {aka 'unsigned int'} to 'uint16_t' {aka 'short unsigned int'} may change value [-Wconversion]
  194 |     uint16_t tx_size = mmio->queue_size;
      |                        ^~~~
<1> Building kernel/arch/x86_64/vga.c
<2> Building kernel/arch/x86_64/usermode.c
<3> Building kernel/arch/x86_64/usb_hid.c
<1> Building kernel/arch/x86_64/uart.c
kernel/arch/x86_64/usermode.c: In function 'usermode_create_process':
kernel/arch/x86_64/usermode.c:20:46: warning: unused parameter 'name' [-Wunused-parameter]
   20 | uint64_t usermode_create_process(const char* name, void* entry, uint64_t* pid)
      |                                  ~~~~~~~~~~~~^~~~
kernel/arch/x86_64/usermode.c: In function 'usermode_syscall_handler':
kernel/arch/x86_64/usermode.c:124:41: warning: unused parameter 'context' [-Wunused-parameter]
  124 | void usermode_syscall_handler(uint64_t* context)
      |                               ~~~~~~~~~~^~~~~~~
kernel/arch/x86_64/usermode.c: In function 'usermode_page_fault_handler':
kernel/arch/x86_64/usermode.c:130:43: warning: unused parameter 'fault_addr' [-Wunused-parameter]
  130 | void usermode_page_fault_handler(uint64_t fault_addr, uint64_t error_code, uint64_t* stack_frame)
      |                                  ~~~~~~~~~^~~~~~~~~~
kernel/arch/x86_64/usermode.c:130:64: warning: unused parameter 'error_code' [-Wunused-parameter]
  130 | void usermode_page_fault_handler(uint64_t fault_addr, uint64_t error_code, uint64_t* stack_frame)
      |                                                       ~~~~~~~~~^~~~~~~~~~
kernel/arch/x86_64/usb_hid.c: In function 'hid_probe_device':
kernel/arch/x86_64/usb_hid.c:207:31: warning: conversion from 'int' to 'uint8_t' {aka 'unsigned char'} may change value [-Wconversion]
  207 |         hid_parse_report_desc(slot);
      |                               ^~~~
kernel/arch/x86_64/usb_hid.c: In function 'hid_parse_report_desc':
kernel/arch/x86_64/usb_hid.c:369:27: warning: conversion from 'int' to 'uint16_t' {aka 'short unsigned int'} may change value [-Wconversion]
  369 |             total_bits += report_size * report_count;
      |                           ^~~~~~~~~~~
kernel/arch/x86_64/usb_hid.c:372:14: warning: conversion from 'int' to 'uint16_t' {aka 'short unsigned int'} may change value [-Wconversion]
  372 |         i += 1 + bSize;
      |              ^
kernel/arch/x86_64/usb_hid.c: At top level:
kernel/arch/x86_64/usb_hid.c:55:12: warning: 'usb_submit_interrupt' defined but not used [-Wunused-function]
   55 | static int usb_submit_interrupt(void* dev, uint8_t ep_addr,
      |            ^~~~~~~~~~~~~~~~~~~~
C:\Users\Administrator\AppData\Local\Temp\cciiiJui.s: Assembler messages:
C:\Users\Administrator\AppData\Local\Temp\cciiiJui.s:80: Warning: no instruction mnemonic suffix given and no register operands; using default for `sysret'
<2> Building kernel/arch/x86_64/tmpfs.c
kernel/arch/x86_64/uart.c: In function 'uart_set_baud':
kernel/arch/x86_64/uart.c:101:42: warning: conversion from 'int' to 'uint8_t' {aka 'unsigned char'} may change value [-Wconversion]
  101 |     outb(p->base + UART_REG_DLL, divisor & 0xFF);
      |                                  ~~~~~~~~^~~~~~
kernel/arch/x86_64/uart.c:102:49: warning: conversion from 'int' to 'uint8_t' {aka 'unsigned char'} may change value [-Wconversion]
  102 |     outb(p->base + UART_REG_DLH, (divisor >> 8) & 0xFF);
      |                                  ~~~~~~~~~~~~~~~^~~~~~
kernel/arch/x86_64/uart.c: In function 'uart_set_flow_control':
kernel/arch/x86_64/uart.c:131:16: warning: unsigned conversion from 'int' to 'uint8_t' {aka 'unsigned char'} changes the value of '-11' [-Wsign-conversion]
  131 |         mcr &= ~(UART_MCR_RTS | UART_MCR_OUT2);
      |                ^
kernel/arch/x86_64/uart.c: In function 'uart_init_port':
kernel/arch/x86_64/uart.c:171:42: warning: conversion from 'int' to 'uint8_t' {aka 'unsigned char'} may change value [-Wconversion]
  171 |     outb(p->base + UART_REG_DLL, divisor & 0xFF);
      |                                  ~~~~~~~~^~~~~~
kernel/arch/x86_64/uart.c:172:49: warning: conversion from 'int' to 'uint8_t' {aka 'unsigned char'} may change value [-Wconversion]
  172 |     outb(p->base + UART_REG_DLH, (divisor >> 8) & 0xFF);
      |                                  ~~~~~~~~~~~~~~~^~~~~~
kernel/arch/x86_64/uart.c: In function 'uart_irq_handler':
kernel/arch/x86_64/uart.c:419:28: warning: unsigned conversion from 'int' to 'uint8_t' {aka 'unsigned char'} changes the value of '-3' [-Wsign-conversion]
  419 |                     ier &= ~UART_IER_THRI;
      |                            ^
kernel/arch/x86_64/uart.c: In function 'uart_irq_register':
kernel/arch/x86_64/uart.c:471:20: warning: ISO C forbids conversion of function pointer to object pointer type [-Wpedantic]
  471 |             stub = (void*)uart_com1_irq_stub;
      |                    ^
kernel/arch/x86_64/uart.c:474:20: warning: ISO C forbids conversion of function pointer to object pointer type [-Wpedantic]
  474 |             stub = (void*)uart_com2_irq_stub;
      |                    ^
kernel/arch/x86_64/uart.c:477:20: warning: ISO C forbids conversion of function pointer to object pointer type [-Wpedantic]
  477 |             stub = (void*)uart_com3_irq_stub;
      |                    ^
kernel/arch/x86_64/uart.c:480:20: warning: ISO C forbids conversion of function pointer to object pointer type [-Wpedantic]
  480 |             stub = (void*)uart_com4_irq_stub;
      |                    ^
<0> Building kernel/arch/x86_64/thermal.c
kernel/arch/x86_64/thermal.c:24:12: warning: 'read_tsc' defined but not used [-Wunused-function]
   24 | static u64 read_tsc(void)
      |            ^~~~~~~~
<3> Building kernel/arch/x86_64/tcp_cong.c
<2> Building kernel/arch/x86_64/tcp_bbr.c
kernel/arch/x86_64/tcp_cong.c: In function 'tcp_reno_cong_avoid':
kernel/arch/x86_64/tcp_cong.c:23:23: warning: conversion from 'uint32_t' {aka 'unsigned int'} to 'uint16_t' {aka 'short unsigned int'} may change value [-Wconversion]
   23 |         sk->snd_wnd = new_cwnd;
      |                       ^~~~~~~~
kernel/arch/x86_64/tcp_cong.c:27:24: warning: conversion from 'uint32_t' {aka 'unsigned int'} to 'uint16_t' {aka 'short unsigned int'} may change value [-Wconversion]
   27 |         sk->snd_wnd += incr;
      |                        ^~~~
kernel/arch/x86_64/tcp_cong.c: In function 'tcp_cubic_cong_avoid':
kernel/arch/x86_64/tcp_cong.c:160:23: warning: conversion from 'uint32_t' {aka 'unsigned int'} to 'uint16_t' {aka 'short unsigned int'} may change value [-Wconversion]
  160 |         sk->snd_wnd = new_cwnd;
      |                       ^~~~~~~~
kernel/arch/x86_64/tcp_cong.c:170:28: warning: conversion from 'uint64_t' {aka 'long long unsigned int'} to 'uint32_t' {aka 'unsigned int'} may change value [-Wconversion]
  170 |             ca->bictcp_K = cubic_root((ca->w_max - sk->snd_wnd) * 1000000 * TCP_CUBIC_SCALE / TCP_CUBIC_C);
      |                            ^~~~~~~~~~
kernel/arch/x86_64/tcp_cong.c:180:23: warning: conversion from 'uint32_t' {aka 'unsigned int'} to 'uint16_t' {aka 'short unsigned int'} may change value [-Wconversion]
  180 |         sk->snd_wnd = ca->last_wnd + 1;
      |                       ^~
kernel/arch/x86_64/tcp_cong.c:199:25: warning: comparison is always true due to limited range of data type [-Wtype-limits]
  199 |         if (sk->snd_wnd < TCP_CONG_MAX_CWND)
      |                         ^
kernel/arch/x86_64/tcp_cong.c: In function 'tcp_bbr_cong_avoid':
kernel/arch/x86_64/tcp_cong.c:399:19: warning: conversion from 'unsigned int' to 'uint16_t' {aka 'short unsigned int'} may change value [-Wconversion]
  399 |     sk->snd_wnd = (uint32_t)bbr->target_cwnd;
      |                   ^
kernel/arch/x86_64/tcp_bbr.c: In function 'bbr_quantization_budget':
kernel/arch/x86_64/tcp_bbr.c:227:54: warning: unused parameter 'bbr' [-Wunused-parameter]
  227 | static uint64_t bbr_quantization_budget(bbr_state_t* bbr, uint64_t cwnd)
      |                                         ~~~~~~~~~~~~~^~~
<1> Building kernel/arch/x86_64/swap.c
<0> Building kernel/arch/x86_64/spi.c
kernel/arch/x86_64/swap.c: In function 'bitmap_clear':
kernel/arch/x86_64/swap.c:34:25: warning: conversion from 'unsigned int' to 'uint8_t' {aka 'unsigned char'} may change value [-Wconversion]
   34 |     bitmap[bit >> 3] &= ~(1U << (bit & 7));
      |                         ^
kernel/arch/x86_64/swap.c: In function 'swap_add_area':
kernel/arch/x86_64/swap.c:210:21: warning: conversion to 'uint64_t' {aka 'long long unsigned int'} from 'int' may change the sign of the result [-Wsign-conversion]
  210 |             current += n;
      |                     ^~
kernel/arch/x86_64/swap.c: In function 'swap_out':
kernel/arch/x86_64/swap.c:386:18: warning: unused variable 'swap_pte' [-Wunused-variable]
  386 |         uint64_t swap_pte = SWAP_ENTRY_TO_PTE(entry);
      |                  ^~~~~~~~
kernel/arch/x86_64/swap.c: At top level:
kernel/arch/x86_64/swap.c:46:17: warning: 'bitmap_find_free_range' defined but not used [-Wunused-function]
   46 | static uint64_t bitmap_find_free_range(const uint8_t* bitmap,
      |                 ^~~~~~~~~~~~~~~~~~~~~~
<3> Building kernel/arch/x86_64/sound.c
<2> Building kernel/arch/x86_64/smp.c
kernel/arch/x86_64/sound.c: In function 'sound_init':
kernel/arch/x86_64/sound.c:19:59: warning: conversion from 'int' to 'uint8_t' {aka 'unsigned char'} may change value [-Wconversion]
   19 |                 uint32_t class_code_reg = pci_read_config(b, d, f, 0x08);
      |                                                           ^
kernel/arch/x86_64/sound.c:19:62: warning: conversion from 'int' to 'uint8_t' {aka 'unsigned char'} may change value [-Wconversion]
   19 |                 uint32_t class_code_reg = pci_read_config(b, d, f, 0x08);
      |                                                              ^
kernel/arch/x86_64/sound.c:19:65: warning: conversion from 'int' to 'uint8_t' {aka 'unsigned char'} may change value [-Wconversion]
   19 |                 uint32_t class_code_reg = pci_read_config(b, d, f, 0x08);
      |                                                                 ^
kernel/arch/x86_64/sound.c:23:38: warning: conversion from 'uint32_t' {aka 'unsigned int'} to 'uint8_t' {aka 'unsigned char'} may change value [-Wconversion]
   23 |                 uint8_t class_code = (class_code_reg >> 24) & 0xFF;
      |                                      ^
kernel/arch/x86_64/sound.c:29:36: warning: conversion from 'int' to 'uint8_t' {aka 'unsigned char'} may change value [-Wconversion]
   29 |                         dev->bus = b;
      |                                    ^
kernel/arch/x86_64/sound.c:30:39: warning: conversion from 'int' to 'uint8_t' {aka 'unsigned char'} may change value [-Wconversion]
   30 |                         dev->device = d;
      |                                       ^
kernel/arch/x86_64/sound.c:31:41: warning: conversion from 'int' to 'uint8_t' {aka 'unsigned char'} may change value [-Wconversion]
   31 |                         dev->function = f;
      |                                         ^
kernel/arch/x86_64/sound.c:32:58: warning: conversion from 'int' to 'uint8_t' {aka 'unsigned char'} may change value [-Wconversion]
   32 |                         dev->vendor_id = pci_read_config(b, d, f, 0x00) & 0xFFFF;
      |                                                          ^
kernel/arch/x86_64/sound.c:32:61: warning: conversion from 'int' to 'uint8_t' {aka 'unsigned char'} may change value [-Wconversion]
   32 |                         dev->vendor_id = pci_read_config(b, d, f, 0x00) & 0xFFFF;
      |                                                             ^
kernel/arch/x86_64/sound.c:32:64: warning: conversion from 'int' to 'uint8_t' {aka 'unsigned char'} may change value [-Wconversion]
   32 |                         dev->vendor_id = pci_read_config(b, d, f, 0x00) & 0xFFFF;
      |                                                                ^
kernel/arch/x86_64/sound.c:33:59: warning: conversion from 'int' to 'uint8_t' {aka 'unsigned char'} may change value [-Wconversion]
   33 |                         dev->device_id = (pci_read_config(b, d, f, 0x00) >> 16) & 0xFFFF;
      |                                                           ^
kernel/arch/x86_64/sound.c:33:62: warning: conversion from 'int' to 'uint8_t' {aka 'unsigned char'} may change value [-Wconversion]
   33 |                         dev->device_id = (pci_read_config(b, d, f, 0x00) >> 16) & 0xFFFF;
      |                                                              ^
kernel/arch/x86_64/sound.c:33:65: warning: conversion from 'int' to 'uint8_t' {aka 'unsigned char'} may change value [-Wconversion]
   33 |                         dev->device_id = (pci_read_config(b, d, f, 0x00) >> 16) & 0xFFFF;
      |                                                                 ^
kernel/arch/x86_64/sound.c:34:58: warning: conversion from 'int' to 'uint8_t' {aka 'unsigned char'} may change value [-Wconversion]
   34 |                         dev->interrupt = pci_read_config(b, d, f, 0x3C) & 0xFF;
      |                                                          ^
kernel/arch/x86_64/sound.c:34:61: warning: conversion from 'int' to 'uint8_t' {aka 'unsigned char'} may change value [-Wconversion]
   34 |                         dev->interrupt = pci_read_config(b, d, f, 0x3C) & 0xFF;
      |                                                             ^
kernel/arch/x86_64/sound.c:34:64: warning: conversion from 'int' to 'uint8_t' {aka 'unsigned char'} may change value [-Wconversion]
   34 |                         dev->interrupt = pci_read_config(b, d, f, 0x3C) & 0xFF;
      |                                                                ^
kernel/arch/x86_64/sound.c:35:61: warning: conversion from 'int' to 'uint8_t' {aka 'unsigned char'} may change value [-Wconversion]
   35 |                         dev->base_address = pci_read_config(b, d, f, 0x10) & 0xFFFFFFF0;
      |                                                             ^
kernel/arch/x86_64/sound.c:35:64: warning: conversion from 'int' to 'uint8_t' {aka 'unsigned char'} may change value [-Wconversion]
   35 |                         dev->base_address = pci_read_config(b, d, f, 0x10) & 0xFFFFFFF0;
      |                                                                ^
kernel/arch/x86_64/sound.c:35:67: warning: conversion from 'int' to 'uint8_t' {aka 'unsigned char'} may change value [-Wconversion]
   35 |                         dev->base_address = pci_read_config(b, d, f, 0x10) & 0xFFFFFFF0;
      |                                                                   ^
kernel/arch/x86_64/sound.c:41:36: warning: conversion from 'int' to 'uint8_t' {aka 'unsigned char'} may change value [-Wconversion]
   41 |                         dev->bus = b;
      |                                    ^
kernel/arch/x86_64/sound.c:42:39: warning: conversion from 'int' to 'uint8_t' {aka 'unsigned char'} may change value [-Wconversion]
   42 |                         dev->device = d;
      |                                       ^
kernel/arch/x86_64/sound.c:43:41: warning: conversion from 'int' to 'uint8_t' {aka 'unsigned char'} may change value [-Wconversion]
   43 |                         dev->function = f;
      |                                         ^
kernel/arch/x86_64/sound.c:44:58: warning: conversion from 'int' to 'uint8_t' {aka 'unsigned char'} may change value [-Wconversion]
   44 |                         dev->vendor_id = pci_read_config(b, d, f, 0x00) & 0xFFFF;
      |                                                          ^
kernel/arch/x86_64/sound.c:44:61: warning: conversion from 'int' to 'uint8_t' {aka 'unsigned char'} may change value [-Wconversion]
   44 |                         dev->vendor_id = pci_read_config(b, d, f, 0x00) & 0xFFFF;
      |                                                             ^
kernel/arch/x86_64/sound.c:44:64: warning: conversion from 'int' to 'uint8_t' {aka 'unsigned char'} may change value [-Wconversion]
   44 |                         dev->vendor_id = pci_read_config(b, d, f, 0x00) & 0xFFFF;
      |                                                                ^
kernel/arch/x86_64/sound.c:45:59: warning: conversion from 'int' to 'uint8_t' {aka 'unsigned char'} may change value [-Wconversion]
   45 |                         dev->device_id = (pci_read_config(b, d, f, 0x00) >> 16) & 0xFFFF;
      |                                                           ^
kernel/arch/x86_64/sound.c:45:62: warning: conversion from 'int' to 'uint8_t' {aka 'unsigned char'} may change value [-Wconversion]
   45 |                         dev->device_id = (pci_read_config(b, d, f, 0x00) >> 16) & 0xFFFF;
      |                                                              ^
kernel/arch/x86_64/sound.c:45:65: warning: conversion from 'int' to 'uint8_t' {aka 'unsigned char'} may change value [-Wconversion]
   45 |                         dev->device_id = (pci_read_config(b, d, f, 0x00) >> 16) & 0xFFFF;
      |                                                                 ^
kernel/arch/x86_64/sound.c:46:58: warning: conversion from 'int' to 'uint8_t' {aka 'unsigned char'} may change value [-Wconversion]
   46 |                         dev->interrupt = pci_read_config(b, d, f, 0x3C) & 0xFF;
      |                                                          ^
kernel/arch/x86_64/sound.c:46:61: warning: conversion from 'int' to 'uint8_t' {aka 'unsigned char'} may change value [-Wconversion]
   46 |                         dev->interrupt = pci_read_config(b, d, f, 0x3C) & 0xFF;
      |                                                             ^
kernel/arch/x86_64/sound.c:46:64: warning: conversion from 'int' to 'uint8_t' {aka 'unsigned char'} may change value [-Wconversion]
   46 |                         dev->interrupt = pci_read_config(b, d, f, 0x3C) & 0xFF;
      |                                                                ^
kernel/arch/x86_64/sound.c:47:61: warning: conversion from 'int' to 'uint8_t' {aka 'unsigned char'} may change value [-Wconversion]
   47 |                         dev->base_address = pci_read_config(b, d, f, 0x10) & 0xFFFFFFF0;
      |                                                             ^
kernel/arch/x86_64/sound.c:47:64: warning: conversion from 'int' to 'uint8_t' {aka 'unsigned char'} may change value [-Wconversion]
   47 |                         dev->base_address = pci_read_config(b, d, f, 0x10) & 0xFFFFFFF0;
      |                                                                ^
kernel/arch/x86_64/sound.c:47:67: warning: conversion from 'int' to 'uint8_t' {aka 'unsigned char'} may change value [-Wconversion]
   47 |                         dev->base_address = pci_read_config(b, d, f, 0x10) & 0xFFFFFFF0;
      |                                                                   ^
kernel/arch/x86_64/sound.c:15:26: warning: unused variable 'function' [-Wunused-variable]
   15 |     uint8_t bus, device, function;
      |                          ^~~~~~~~
kernel/arch/x86_64/sound.c:15:18: warning: unused variable 'device' [-Wunused-variable]
   15 |     uint8_t bus, device, function;
      |                  ^~~~~~
kernel/arch/x86_64/sound.c:15:13: warning: unused variable 'bus' [-Wunused-variable]
   15 |     uint8_t bus, device, function;
      |             ^~~
In file included from kernel/arch/x86_64/smp.c:3:
kernel/arch/x86_64/smp.c: In function 'ioapic_set_irq':
kernel/arch/x86_64/include/arch/smp.h:122:31: warning: conversion to 'uint32_t' {aka 'unsigned int'} from 'int' may change the sign of the result [-Wsign-conversion]
  122 | #define IOAPIC_REG_REDIR_BASE 0x10
      |                               ^~~~
kernel/arch/x86_64/smp.c:58:20: note: in expansion of macro 'IOAPIC_REG_REDIR_BASE'
   58 |     uint32_t reg = IOAPIC_REG_REDIR_BASE + irq * 2;
      |                    ^~~~~~~~~~~~~~~~~~~~~
kernel/arch/x86_64/smp.c: In function 'smp_setup_percpu':
kernel/arch/x86_64/smp.c:63:32: warning: unused parameter 'apic_id' [-Wunused-parameter]
   63 | void smp_setup_percpu(uint32_t apic_id, void* percpu_base)
      |                       ~~~~~~~~~^~~~~~~
<3> Building kernel/arch/x86_64/smbios.c
<0> Building kernel/arch/x86_64/slab.c
<1> Building kernel/arch/x86_64/selinux.c
<2> Building kernel/arch/x86_64/security.c
kernel/arch/x86_64/selinux.c: In function 'selinux_parse_context':
kernel/arch/x86_64/selinux.c:208:16: warning: conversion to 'u64' {aka 'long long unsigned int'} from 'long long int' may change the sign of the result [-Wsign-conversion]
  208 |     u64 ulen = p - user_start;
      |                ^
kernel/arch/x86_64/selinux.c:216:16: warning: conversion to 'u64' {aka 'long long unsigned int'} from 'long long int' may change the sign of the result [-Wsign-conversion]
  216 |     u64 rlen = p - role_start;
      |                ^
kernel/arch/x86_64/selinux.c:224:16: warning: conversion to 'u64' {aka 'long long unsigned int'} from 'long long int' may change the sign of the result [-Wsign-conversion]
  224 |     u64 tlen = p - type_start;
      |                ^
kernel/arch/x86_64/selinux.c:232:16: warning: conversion to 'u64' {aka 'long long unsigned int'} from 'long long int' may change the sign of the result [-Wsign-conversion]
  232 |     u64 llen = p - level_start;
      |                ^
kernel/arch/x86_64/selinux.c: In function 'selinux_context_to_string':
kernel/arch/x86_64/selinux.c:243:9: warning: unused variable 'remaining' [-Wunused-variable]
  243 |     s64 remaining = (s64)size - 1;
      |         ^~~~~~~~~
kernel/arch/x86_64/slab.c: In function '__slab_order':
kernel/arch/x86_64/slab.c:18:33: warning: comparison of integer expressions of different signedness: 'int' and 'uint32_t' {aka 'unsigned int'} [-Wsign-compare]
   18 |     while ((PAGE_SIZE << order) < need && order < BUDDY_MAX_ORDER) {
      |                                 ^
kernel/arch/x86_64/slab.c: In function '__slab_destroy':
kernel/arch/x86_64/slab.c:85:22: warning: unsigned conversion from 'int' to 'uint32_t' {aka 'unsigned int'} changes value from '-5' to '4294967291' [-Wsign-conversion]
   85 |             p->flags &= ~PAGE_FLAG_SLAB;
      |                      ^~
kernel/arch/x86_64/slab.c: In function 'slab_init':
kernel/arch/x86_64/slab.c:152:27: warning: conversion from 'uint32_t' {aka 'unsigned int'} to 'char' may change value [-Wconversion]
  152 |             buf[bpos++] = '0' + (n % 10);
      |                           ^~~
kernel/arch/x86_64/slab.c: In function 'kmalloc':
kernel/arch/x86_64/slab.c:297:37: warning: comparison of integer expressions of different signedness: 'int' and 'uint64_t' {aka 'long long unsigned int'} [-Wsign-compare]
  297 |         while ((PAGE_SIZE << order) < size && order < BUDDY_MAX_ORDER) order++;
      |                                     ^
<3> Building kernel/arch/x86_64/scm.c
In file included from kernel/arch/x86_64/scm.c:2:
kernel/arch/x86_64/include/arch/registry.h:144:17: warning: invalid use of structure with flexible array member [-Wpedantic]
  144 |     lf_entry_t  entries[];
      |                 ^~~~~~~
kernel/arch/x86_64/include/arch/registry.h:157:17: warning: invalid use of structure with flexible array member [-Wpedantic]
  157 |     lh_entry_t  entries[];
      |                 ^~~~~~~
<2> Building kernel/arch/x86_64/sata.c
kernel/arch/x86_64/sata.c: In function 'sata_read':
kernel/arch/x86_64/sata.c:40:82: warning: unused parameter 'sectors' [-Wunused-parameter]
   40 | int sata_read(uint8_t port, uint8_t device, uint64_t lba, void* buffer, uint32_t sectors)
      |                                                                         ~~~~~~~~~^~~~~~~
kernel/arch/x86_64/sata.c: In function 'sata_write':
kernel/arch/x86_64/sata.c:50:89: warning: unused parameter 'sectors' [-Wunused-parameter]
   50 | int sata_write(uint8_t port, uint8_t device, uint64_t lba, const void* buffer, uint32_t sectors)
      |                                                                                ~~~~~~~~~^~~~~~~
<0> Building kernel/arch/x86_64/rtc.c
<1> Building kernel/arch/x86_64/route.c
kernel/arch/x86_64/rtc.c: In function 'bcd_to_binary':
kernel/arch/x86_64/rtc.c:29:32: warning: conversion from 'int' to 'uint8_t' {aka 'unsigned char'} may change value [-Wconversion]
   29 |     return ((value >> 4) * 10) + (value & 0x0F);
      |            ~~~~~~~~~~~~~~~~~~~~^~~~~~~~~~~~~~~~
kernel/arch/x86_64/rtc.c: In function 'rtc_get_time':
kernel/arch/x86_64/rtc.c:54:40: warning: conversion from 'uint16_t' {aka 'short unsigned int'} to 'uint8_t' {aka 'unsigned char'} may change value [-Wconversion]
   54 |         time->year = bcd_to_binary(time->year);
      |                                    ~~~~^~~~~~
kernel/arch/x86_64/rtc.c:60:27: warning: conversion from 'int' to 'uint8_t' {aka 'unsigned char'} may change value [-Wconversion]
   60 |             time->hours = ((time->hours & 0x7F) + 12) % 24;
      |                           ^
kernel/arch/x86_64/rtc.c:64:19: warning: conversion from 'int' to 'uint16_t' {aka 'short unsigned int'} may change value [-Wconversion]
   64 |     time->year += time->century * 100;
      |                   ^~~~
kernel/arch/x86_64/rtc.c: In function 'rtc_set_time':
kernel/arch/x86_64/rtc.c:82:36: warning: conversion from 'uint16_t' {aka 'short unsigned int'} to 'uint8_t' {aka 'unsigned char'} may change value [-Wconversion]
   82 |     rtc_set_register(RTC_YEAR, time->year);
      |                                ~~~~^~~~~~
kernel/arch/x86_64/rtc.c: At top level:
kernel/arch/x86_64/rtc.c:18:16: warning: 'rtc_last_seconds' defined but not used [-Wunused-variable]
   18 | static uint8_t rtc_last_seconds = 0;
      |                ^~~~~~~~~~~~~~~~
<2> Building kernel/arch/x86_64/registry.c
kernel/arch/x86_64/route.c: In function 'route_table_get':
kernel/arch/x86_64/route.c:42:68: warning: comparison of unsigned expression in '>= 0' is always true [-Wtype-limits]
   42 |         if (fib.tables[i].tb_id == table_id && fib.tables[i].count >= 0) {
      |                                                                    ^~
In file included from kernel/arch/x86_64/registry.c:1:
kernel/arch/x86_64/include/arch/registry.h:144:17: warning: invalid use of structure with flexible array member [-Wpedantic]
  144 |     lf_entry_t  entries[];
      |                 ^~~~~~~
kernel/arch/x86_64/include/arch/registry.h:157:17: warning: invalid use of structure with flexible array member [-Wpedantic]
  157 |     lh_entry_t  entries[];
      |                 ^~~~~~~
kernel/arch/x86_64/registry.c: In function 'registry_init':
kernel/arch/x86_64/registry.c:344:14: warning: unused variable 'dword_zero' [-Wunused-variable]
  344 |     uint32_t dword_zero = 0;
      |              ^~~~~~~~~~
kernel/arch/x86_64/registry.c: At top level:
kernel/arch/x86_64/registry.c:294:13: warning: 'seed_value_dword' defined but not used [-Wunused-function]
  294 | static void seed_value_dword(reg_key_t* key, const char* name, uint32_t val)
      |             ^~~~~~~~~~~~~~~~
<0> Building kernel/arch/x86_64/procfs.c
In file included from include/kapi.h:23,
                 from kernel/arch/x86_64/procfs.c:10:
include/kapi_bitmap.h: In function 'kapi_bitmap_set_all':
include/kapi_bitmap.h:33:26: warning: conversion from 'long long unsigned int' to 'unsigned int' may change value [-Wconversion]
   33 |     unsigned int longs = (nbits + KAPI_BITS_PER_LONG - 1) / KAPI_BITS_PER_LONG;
      |                          ^
include/kapi_bitmap.h: In function 'kapi_bitmap_clear_all':
include/kapi_bitmap.h:41:26: warning: conversion from 'long long unsigned int' to 'unsigned int' may change value [-Wconversion]
   41 |     unsigned int longs = (nbits + KAPI_BITS_PER_LONG - 1) / KAPI_BITS_PER_LONG;
      |                          ^
include/kapi_bitmap.h: In function 'kapi_bitmap_find_first':
include/kapi_bitmap.h:49:26: warning: conversion from 'long long unsigned int' to 'unsigned int' may change value [-Wconversion]
   49 |     unsigned int longs = (nbits + KAPI_BITS_PER_LONG - 1) / KAPI_BITS_PER_LONG;
      |                          ^
include/kapi_bitmap.h:56:35: warning: conversion to 'int' from 'unsigned int' may change the sign of the result [-Wsign-conversion]
   56 |                     return offset + j;
      |                            ~~~~~~~^~~
include/kapi_bitmap.h: In function 'kapi_bitmap_find_first_zero':
include/kapi_bitmap.h:66:26: warning: conversion from 'long long unsigned int' to 'unsigned int' may change value [-Wconversion]
   66 |     unsigned int longs = (nbits + KAPI_BITS_PER_LONG - 1) / KAPI_BITS_PER_LONG;
      |                          ^
include/kapi_bitmap.h:73:35: warning: conversion to 'int' from 'unsigned int' may change the sign of the result [-Wsign-conversion]
   73 |                     return offset + j;
      |                            ~~~~~~~^~~
include/kapi_bitmap.h: In function 'kapi_bitmap_count':
include/kapi_bitmap.h:84:26: warning: conversion from 'long long unsigned int' to 'unsigned int' may change value [-Wconversion]
   84 |     unsigned int longs = (nbits + KAPI_BITS_PER_LONG - 1) / KAPI_BITS_PER_LONG;
      |                          ^
In file included from include/kapi.h:59:
include/kapi_netlink.h: In function 'kapi_nlmsg_next':
include/kapi_netlink.h:19:37: warning: conversion to 'int' from 'uint32_t' {aka 'unsigned int'} may change the sign of the result [-Wsign-conversion]
   19 | #define KAPI_NLMSG_ALIGNTO          4
      |                                     ^
include/kapi_netlink.h:75:18: note: in expansion of macro 'KAPI_NLMSG_ALIGNTO'
   75 |     int totlen = KAPI_NLMSG_ALIGNTO * ((nlh->nlmsg_len + KAPI_NLMSG_ALIGNTO - 1) / KAPI_NLMSG_ALIGNTO);
      |                  ^~~~~~~~~~~~~~~~~~
kernel/arch/x86_64/procfs.c: In function 'procfs_cpuinfo_read':
kernel/arch/x86_64/procfs.c:29:36: warning: conversion to 'uint64_t' {aka 'long long unsigned int'} from 'int' may change the sign of the result [-Wsign-conversion]
   29 |     n += snprintf(buf + n, max_len - n,
      |                                    ^
kernel/arch/x86_64/procfs.c: In function 'procfs_meminfo_read':
kernel/arch/x86_64/procfs.c:65:36: warning: conversion to 'uint64_t' {aka 'long long unsigned int'} from 'int' may change the sign of the result [-Wsign-conversion]
   65 |     n += snprintf(buf + n, max_len - n,
      |                                    ^
kernel/arch/x86_64/procfs.c: In function 'procfs_stat_read':
kernel/arch/x86_64/procfs.c:123:36: warning: conversion to 'uint64_t' {aka 'long long unsigned int'} from 'int' may change the sign of the result [-Wsign-conversion]
  123 |     n += snprintf(buf + n, max_len - n, "cpu  %lu 0 %lu %lu 0 0 0 0 0 0\n",
      |                                    ^
kernel/arch/x86_64/procfs.c:128:44: warning: conversion to 'uint64_t' {aka 'long long unsigned int'} from 'int' may change the sign of the result [-Wsign-conversion]
  128 |             n += snprintf(buf + n, max_len - n, "cpu%u %lu 0 %lu %lu 0 0 0 0 0 0\n",
      |                                            ^
kernel/arch/x86_64/procfs.c:132:36: warning: conversion to 'uint64_t' {aka 'long long unsigned int'} from 'int' may change the sign of the result [-Wsign-conversion]
  132 |     n += snprintf(buf + n, max_len - n, "intr %lu\n", irq_total);
      |                                    ^
kernel/arch/x86_64/procfs.c:134:36: warning: conversion to 'uint64_t' {aka 'long long unsigned int'} from 'int' may change the sign of the result [-Wsign-conversion]
  134 |     n += snprintf(buf + n, max_len - n, "ctxt %lu\n",
      |                                    ^
kernel/arch/x86_64/procfs.c:136:36: warning: conversion to 'uint64_t' {aka 'long long unsigned int'} from 'int' may change the sign of the result [-Wsign-conversion]
  136 |     n += snprintf(buf + n, max_len - n, "btime %lu\n", __uptime_cached / 1000);
      |                                    ^
kernel/arch/x86_64/procfs.c:147:36: warning: conversion to 'uint64_t' {aka 'long long unsigned int'} from 'int' may change the sign of the result [-Wsign-conversion]
  147 |     n += snprintf(buf + n, max_len - n, "processes %lu\n", proc_count);
      |                                    ^
kernel/arch/x86_64/procfs.c:148:36: warning: conversion to 'uint64_t' {aka 'long long unsigned int'} from 'int' may change the sign of the result [-Wsign-conversion]
  148 |     n += snprintf(buf + n, max_len - n, "procs_running %lu\n", running ? running : 1);
      |                                    ^
kernel/arch/x86_64/procfs.c:149:36: warning: conversion to 'uint64_t' {aka 'long long unsigned int'} from 'int' may change the sign of the result [-Wsign-conversion]
  149 |     n += snprintf(buf + n, max_len - n, "procs_blocked %lu\n", blocked);
      |                                    ^
kernel/arch/x86_64/procfs.c: In function 'procfs_finddir':
kernel/arch/x86_64/procfs.c:272:24: warning: conversion to 'uint64_t' {aka 'long long unsigned int'} from 'int' may change the sign of the result [-Wsign-conversion]
  272 |         pid = pid * 10 + (*p - '0');
      |                        ^
<3> Building kernel/arch/x86_64/powershell.c
<1> Building kernel/arch/x86_64/pnp.c
kernel/arch/x86_64/pnp.c: In function 'add_pnp_root':
kernel/arch/x86_64/pnp.c:219:23: warning: multi-character character constant [-Wmultichar]
  219 |     node->signature = 'PnPD';
      |                       ^~~~~~
kernel/arch/x86_64/pnp.c: In function 'pnp_init':
kernel/arch/x86_64/pnp.c:325:39: warning: multi-character character constant [-Wmultichar]
  325 |                 dev_node->signature = 'PnPD';
      |                                       ^~~~~~
<0> Building kernel/arch/x86_64/pit.c
kernel/arch/x86_64/pnp.c: At top level:
kernel/arch/x86_64/pnp.c:706:14: warning: 'find_hdevinfo' defined but not used [-Wunused-function]
  706 | static void* find_hdevinfo(void* h) {
      |              ^~~~~~~~~~~~~
<2> Building kernel/arch/x86_64/pic.c
kernel/arch/x86_64/pic.c: In function 'pic_enable':
kernel/arch/x86_64/pic.c:38:16: warning: conversion from 'int' to 'uint8_t' {aka 'unsigned char'} may change value [-Wconversion]
   38 |         mask = inb(PIC1_DATA) & ~(1 << irq);
      |                ^~~
kernel/arch/x86_64/pic.c:41:16: warning: unsigned conversion from 'int' to 'uint8_t' {aka 'unsigned char'} changes the value of '-5' [-Wsign-conversion]
   41 |         mask = inb(PIC1_DATA) & ~(1 << 2);
      |                ^~~
kernel/arch/x86_64/pic.c:43:16: warning: conversion from 'int' to 'uint8_t' {aka 'unsigned char'} may change value [-Wconversion]
   43 |         mask = inb(PIC2_DATA) & ~(1 << (irq - 8));
      |                ^~~
<0> Building kernel/arch/x86_64/pe.c
<2> Building kernel/arch/x86_64/pci.c
kernel/arch/x86_64/pci.c: In function 'pci_read_config':
kernel/arch/x86_64/pci.c:28:34: warning: unsigned conversion from 'int' to 'unsigned int' changes value from '-2147483648' to '2147483648' [-Wsign-conversion]
   28 |     uint32_t address = (1 << 31) |
      |                                  ^
kernel/arch/x86_64/pci.c: In function 'pci_write_config':
kernel/arch/x86_64/pci.c:47:34: warning: unsigned conversion from 'int' to 'unsigned int' changes value from '-2147483648' to '2147483648' [-Wsign-conversion]
   47 |     uint32_t address = (1 << 31) |
      |                                  ^
kernel/arch/x86_64/pci.c: In function 'pci_write_config_byte':
kernel/arch/x86_64/pci.c:82:21: warning: conversion to 'uint32_t' {aka 'unsigned int'} from 'int' may change the sign of the result [-Wsign-conversion]
   82 |     uint32_t mask = ~(0xFF << shift);
      |                     ^
kernel/arch/x86_64/pci.c: In function 'pci_write_config_word':
kernel/arch/x86_64/pci.c:91:21: warning: conversion to 'uint32_t' {aka 'unsigned int'} from 'int' may change the sign of the result [-Wsign-conversion]
   91 |     uint32_t mask = ~(0xFFFF << shift);
      |                     ^
kernel/arch/x86_64/pci.c: In function 'pci_find_class':
kernel/arch/x86_64/pci.c:107:59: warning: conversion from 'int' to 'uint8_t' {aka 'unsigned char'} may change value [-Wconversion]
  107 |                 uint32_t class_code_reg = pci_read_config(b, d, f, 0x08);
      |                                                           ^
kernel/arch/x86_64/pci.c:107:62: warning: conversion from 'int' to 'uint8_t' {aka 'unsigned char'} may change value [-Wconversion]
  107 |                 uint32_t class_code_reg = pci_read_config(b, d, f, 0x08);
      |                                                              ^
kernel/arch/x86_64/pci.c:107:65: warning: conversion from 'int' to 'uint8_t' {aka 'unsigned char'} may change value [-Wconversion]
  107 |                 uint32_t class_code_reg = pci_read_config(b, d, f, 0x08);
      |                                                                 ^
kernel/arch/x86_64/pci.c:111:46: warning: conversion from 'uint32_t' {aka 'unsigned int'} to 'uint8_t' {aka 'unsigned char'} may change value [-Wconversion]
  111 |                 uint8_t class_code_current = (class_code_reg >> 24) & 0xFF;
      |                                              ^
kernel/arch/x86_64/pci.c:114:37: warning: conversion from 'int' to 'uint8_t' {aka 'unsigned char'} may change value [-Wconversion]
  114 |                     if (bus) *bus = b;
      |                                     ^
kernel/arch/x86_64/pci.c:115:43: warning: conversion from 'int' to 'uint8_t' {aka 'unsigned char'} may change value [-Wconversion]
  115 |                     if (device) *device = d;
      |                                           ^
kernel/arch/x86_64/pci.c:116:47: warning: conversion from 'int' to 'uint8_t' {aka 'unsigned char'} may change value [-Wconversion]
  116 |                     if (function) *function = f;
      |                                               ^
kernel/arch/x86_64/pci.c: In function 'pci_find_device':
kernel/arch/x86_64/pci.c:130:51: warning: conversion from 'int' to 'uint8_t' {aka 'unsigned char'} may change value [-Wconversion]
  130 |                 uint32_t id_reg = pci_read_config(b, d, f, 0x00);
      |                                                   ^
kernel/arch/x86_64/pci.c:130:54: warning: conversion from 'int' to 'uint8_t' {aka 'unsigned char'} may change value [-Wconversion]
  130 |                 uint32_t id_reg = pci_read_config(b, d, f, 0x00);
      |                                                      ^
kernel/arch/x86_64/pci.c:130:57: warning: conversion from 'int' to 'uint8_t' {aka 'unsigned char'} may change value [-Wconversion]
  130 |                 uint32_t id_reg = pci_read_config(b, d, f, 0x00);
      |                                                         ^
kernel/arch/x86_64/pci.c:135:32: warning: conversion from 'uint32_t' {aka 'unsigned int'} to 'uint16_t' {aka 'short unsigned int'} may change value [-Wconversion]
  135 |                 uint16_t did = (id_reg >> 16) & 0xFFFF;
      |                                ^
kernel/arch/x86_64/pci.c:137:37: warning: conversion from 'int' to 'uint8_t' {aka 'unsigned char'} may change value [-Wconversion]
  137 |                     if (bus) *bus = b;
      |                                     ^
kernel/arch/x86_64/pci.c:138:43: warning: conversion from 'int' to 'uint8_t' {aka 'unsigned char'} may change value [-Wconversion]
  138 |                     if (device) *device = d;
      |                                           ^
kernel/arch/x86_64/pci.c:139:47: warning: conversion from 'int' to 'uint8_t' {aka 'unsigned char'} may change value [-Wconversion]
  139 |                     if (function) *function = f;
      |                                               ^
kernel/arch/x86_64/pci.c: In function 'pci_find_ext_capability':
kernel/arch/x86_64/pci.c:201:65: warning: conversion from 'uint32_t' {aka 'unsigned int'} to 'uint8_t' {aka 'unsigned char'} may change value [-Wconversion]
  201 |         uint32_t header = pci_read_config_dword(bus, dev, func, ecap_offset);
      |                                                                 ^~~~~~~~~~~
kernel/arch/x86_64/pci.c:203:25: warning: conversion from 'uint32_t' {aka 'unsigned int'} to 'uint16_t' {aka 'short unsigned int'} may change value [-Wconversion]
  203 |         uint16_t next = (header >> 20) & 0xFFF;
      |                         ^
kernel/arch/x86_64/pci.c: In function 'pci_enable_msix':
kernel/arch/x86_64/pci.c:263:67: warning: conversion from 'int' to 'uint8_t' {aka 'unsigned char'} may change value [-Wconversion]
  263 |     uint32_t bar_val = pci_read_config_dword(bus, dev, func, 0x10 + table_bir * 4);
      |                                                              ~~~~~^~~~~~~~~~~~~~~
kernel/arch/x86_64/pci.c:264:51: warning: unsigned conversion from 'int' to 'uint32_t' {aka 'unsigned int'} changes value from '-16' to '4294967280' [-Wsign-conversion]
  264 |     void* table_base = (void*)(uintptr_t)(bar_val & ~0xF) + table_offset;
      |                                                   ^
kernel/arch/x86_64/pci.c:264:59: warning: pointer of type 'void *' used in arithmetic [-Wpointer-arith]
  264 |     void* table_base = (void*)(uintptr_t)(bar_val & ~0xF) + table_offset;
      |                                                           ^
kernel/arch/x86_64/pci.c:275:18: warning: unsigned conversion from 'int' to 'uint16_t' {aka 'short unsigned int'} changes the value of '-16385' [-Wsign-conversion]
  275 |     msix_ctrl &= ~PCI_MSIX_CTRL_MASKALL;
      |                  ^
kernel/arch/x86_64/pci.c: In function 'pci_disable_msix':
kernel/arch/x86_64/pci.c:292:18: warning: unsigned conversion from 'int' to 'uint16_t' {aka 'short unsigned int'} changes the value of '-32769' [-Wsign-conversion]
  292 |     msix_ctrl &= ~PCI_MSIX_CTRL_ENABLE;
      |                  ^
kernel/arch/x86_64/pci.c: In function 'pci_set_bus_master':
kernel/arch/x86_64/pci.c:304:16: warning: unsigned conversion from 'int' to 'uint16_t' {aka 'short unsigned int'} changes the value of '-5' [-Wsign-conversion]
  304 |         cmd &= ~PCI_COMMAND_BUS_MASTER;
      |                ^
kernel/arch/x86_64/pci.c: In function 'pci_request_irq':
kernel/arch/x86_64/pci.c:316:13: warning: unused variable 'slot' [-Wunused-variable]
  316 |     uint8_t slot = dev;
      |             ^~~~
kernel/arch/x86_64/pci.c: In function 'pci_read_bar':
kernel/arch/x86_64/pci.c:346:55: warning: conversion from 'int' to 'uint8_t' {aka 'unsigned char'} may change value [-Wconversion]
  346 |     return pci_read_config_dword(bus, dev, func, 0x10 + bar_num * 4);
      |                                                  ~~~~~^~~~~~~~~~~~~
kernel/arch/x86_64/pci.c: In function 'pci_get_bar_size':
kernel/arch/x86_64/pci.c:354:63: warning: conversion from 'int' to 'uint8_t' {aka 'unsigned char'} may change value [-Wconversion]
  354 |     uint32_t orig_val = pci_read_config_dword(bus, dev, func, bar_offset);
      |                                                               ^~~~~~~~~~
kernel/arch/x86_64/pci.c:355:44: warning: conversion from 'int' to 'uint8_t' {aka 'unsigned char'} may change value [-Wconversion]
  355 |     pci_write_config_dword(bus, dev, func, bar_offset, 0xFFFFFFFF);
      |                                            ^~~~~~~~~~
kernel/arch/x86_64/pci.c:356:63: warning: conversion from 'int' to 'uint8_t' {aka 'unsigned char'} may change value [-Wconversion]
  356 |     uint32_t size_val = pci_read_config_dword(bus, dev, func, bar_offset);
      |                                                               ^~~~~~~~~~
kernel/arch/x86_64/pci.c:357:44: warning: conversion from 'int' to 'uint8_t' {aka 'unsigned char'} may change value [-Wconversion]
  357 |     pci_write_config_dword(bus, dev, func, bar_offset, orig_val);
      |                                            ^~~~~~~~~~
<0> Building kernel/arch/x86_64/pagefault.c
kernel/arch/x86_64/pagefault.c: In function 'stack_expand':
kernel/arch/x86_64/pagefault.c:157:37: warning: unsigned conversion from 'int' to 'uint64_t' {aka 'long long unsigned int'} changes value from '-4096' to '18446744073709547520' [-Wsign-conversion]
  157 |     uint64_t page_addr = fault_addr & ~(PAGE_SIZE - 1);
      |                                     ^
kernel/arch/x86_64/pagefault.c: In function 'pagefault_handler':
kernel/arch/x86_64/pagefault.c:230:48: warning: unsigned conversion from 'int' to 'uint64_t' {aka 'long long unsigned int'} changes value from '-4096' to '18446744073709547520' [-Wsign-conversion]
  230 |                 if (demand_page_alloc(cr3, cr2 & ~(PAGE_SIZE - 1),
      |                                                ^
kernel/arch/x86_64/pagefault.c:243:56: warning: unsigned conversion from 'int' to 'uint64_t' {aka 'long long unsigned int'} changes value from '-4096' to '18446744073709547520' [-Wsign-conversion]
  243 |                         proc->stack_base = (void*)(cr2 & ~(PAGE_SIZE - 1));
      |                                                        ^
kernel/arch/x86_64/pagefault.c: At top level:
kernel/arch/x86_64/pagefault.c:27:13: warning: 'pf_log_buf' defined but not used [-Wunused-variable]
   27 | static char pf_log_buf[PF_LOG_BUF_SIZE];
      |             ^~~~~~~~~~
<1> Building kernel/arch/x86_64/pagecache.c
<2> Building kernel/arch/x86_64/nvme.c
<0> Building kernel/arch/x86_64/ntfs.c
kernel/arch/x86_64/pagecache.c: In function 'pagecache_clear_dirty':
kernel/arch/x86_64/pagecache.c:133:22: warning: unsigned conversion from 'int' to 'uint32_t' {aka 'unsigned int'} changes value from '-3' to '4294967293' [-Wsign-conversion]
  133 |         entry->flags &= ~PCACHE_DIRTY;
      |                      ^~
kernel/arch/x86_64/pagecache.c: In function 'pagecache_sync_node':
kernel/arch/x86_64/pagecache.c:178:30: warning: unsigned conversion from 'int' to 'uint32_t' {aka 'unsigned int'} changes value from '-11' to '4294967285' [-Wsign-conversion]
  178 |                 entry->flags &= ~(PCACHE_DIRTY | PCACHE_WRITEBACK);
      |                              ^~
kernel/arch/x86_64/pagecache.c: In function 'pagecache_sync_all':
kernel/arch/x86_64/pagecache.c:206:30: warning: unsigned conversion from 'int' to 'uint32_t' {aka 'unsigned int'} changes value from '-11' to '4294967285' [-Wsign-conversion]
  206 |                 entry->flags &= ~(PCACHE_DIRTY | PCACHE_WRITEBACK);
      |                              ^~
kernel/arch/x86_64/nvme.c: In function 'nvme_alloc_queue':
kernel/arch/x86_64/nvme.c:40:22: warning: conversion from 'size_t' {aka 'long long unsigned int'} to 'uint32_t' {aka 'unsigned int'} may change value [-Wconversion]
   40 |     uint32_t pages = (size + PAGE_SIZE - 1) / PAGE_SIZE;
      |                      ^
kernel/arch/x86_64/nvme.c: In function 'nvme_free_queue':
kernel/arch/x86_64/nvme.c:57:22: warning: conversion from 'size_t' {aka 'long long unsigned int'} to 'uint32_t' {aka 'unsigned int'} may change value [-Wconversion]
   57 |     uint32_t pages = (size + PAGE_SIZE - 1) / PAGE_SIZE;
      |                      ^
kernel/arch/x86_64/nvme.c: In function 'nvme_submit_cmd':
kernel/arch/x86_64/nvme.c:106:26: warning: conversion from 'uint32_t' {aka 'unsigned int'} to 'uint16_t' {aka 'short unsigned int'} may change value [-Wconversion]
  106 |     uint16_t next_tail = (sq->tail + 1) % sq->depth;
      |                          ^
kernel/arch/x86_64/nvme.c: In function 'nvme_poll_cq':
kernel/arch/x86_64/nvme.c:143:16: warning: conversion from 'uint32_t' {aka 'unsigned int'} to 'uint16_t' {aka 'short unsigned int'} may change value [-Wconversion]
  143 |     cq->head = (cq->head + 1) % cq->depth;
      |                ^
kernel/arch/x86_64/nvme.c: In function 'nvme_probe':
kernel/arch/x86_64/nvme.c:210:58: warning: conversion from 'int' to 'uint8_t' {aka 'unsigned char'} may change value [-Wconversion]
  210 |                 uint32_t vendor_device = pci_read_config(b, d, f, 0x00);
      |                                                          ^
kernel/arch/x86_64/nvme.c:210:61: warning: conversion from 'int' to 'uint8_t' {aka 'unsigned char'} may change value [-Wconversion]
  210 |                 uint32_t vendor_device = pci_read_config(b, d, f, 0x00);
      |                                                             ^
kernel/arch/x86_64/nvme.c:210:64: warning: conversion from 'int' to 'uint8_t' {aka 'unsigned char'} may change value [-Wconversion]
  210 |                 uint32_t vendor_device = pci_read_config(b, d, f, 0x00);
      |                                                                ^
kernel/arch/x86_64/nvme.c:216:54: warning: conversion from 'int' to 'uint8_t' {aka 'unsigned char'} may change value [-Wconversion]
  216 |                 uint32_t class_reg = pci_read_config(b, d, f, 0x08);
      |                                                      ^
kernel/arch/x86_64/nvme.c:216:57: warning: conversion from 'int' to 'uint8_t' {aka 'unsigned char'} may change value [-Wconversion]
  216 |                 uint32_t class_reg = pci_read_config(b, d, f, 0x08);
      |                                                         ^
kernel/arch/x86_64/nvme.c:216:60: warning: conversion from 'int' to 'uint8_t' {aka 'unsigned char'} may change value [-Wconversion]
  216 |                 uint32_t class_reg = pci_read_config(b, d, f, 0x08);
      |                                                            ^
kernel/arch/x86_64/nvme.c:217:38: warning: conversion from 'uint32_t' {aka 'unsigned int'} to 'uint8_t' {aka 'unsigned char'} may change value [-Wconversion]
  217 |                 uint8_t class_code = (class_reg >> 24) & 0xFF;
      |                                      ^
kernel/arch/x86_64/nvme.c:225:37: warning: conversion from 'int' to 'uint8_t' {aka 'unsigned char'} may change value [-Wconversion]
  225 |                     nvme_ctrl.bus = b;
      |                                     ^
kernel/arch/x86_64/nvme.c:226:40: warning: conversion from 'int' to 'uint8_t' {aka 'unsigned char'} may change value [-Wconversion]
  226 |                     nvme_ctrl.device = d;
      |                                        ^
kernel/arch/x86_64/nvme.c:227:42: warning: conversion from 'int' to 'uint8_t' {aka 'unsigned char'} may change value [-Wconversion]
  227 |                     nvme_ctrl.function = f;
      |                                          ^
kernel/arch/x86_64/nvme.c:229:43: warning: conversion from 'uint32_t' {aka 'unsigned int'} to 'uint16_t' {aka 'short unsigned int'} may change value [-Wconversion]
  229 |                     nvme_ctrl.device_id = (vendor_device >> 16) & 0xFFFF;
      |                                           ^
kernel/arch/x86_64/nvme.c:231:56: warning: conversion from 'int' to 'uint8_t' {aka 'unsigned char'} may change value [-Wconversion]
  231 |                     uint32_t bar0_lo = pci_read_config(b, d, f, NVME_PCI_BAR0_OFFSET);
      |                                                        ^
kernel/arch/x86_64/nvme.c:231:59: warning: conversion from 'int' to 'uint8_t' {aka 'unsigned char'} may change value [-Wconversion]
  231 |                     uint32_t bar0_lo = pci_read_config(b, d, f, NVME_PCI_BAR0_OFFSET);
      |                                                           ^
kernel/arch/x86_64/nvme.c:231:62: warning: conversion from 'int' to 'uint8_t' {aka 'unsigned char'} may change value [-Wconversion]
  231 |                     uint32_t bar0_lo = pci_read_config(b, d, f, NVME_PCI_BAR0_OFFSET);
      |                                                              ^
kernel/arch/x86_64/nvme.c:232:56: warning: conversion from 'int' to 'uint8_t' {aka 'unsigned char'} may change value [-Wconversion]
  232 |                     uint32_t bar0_hi = pci_read_config(b, d, f, NVME_PCI_BAR1_OFFSET);
      |                                                        ^
kernel/arch/x86_64/nvme.c:232:59: warning: conversion from 'int' to 'uint8_t' {aka 'unsigned char'} may change value [-Wconversion]
  232 |                     uint32_t bar0_hi = pci_read_config(b, d, f, NVME_PCI_BAR1_OFFSET);
      |                                                           ^
kernel/arch/x86_64/nvme.c:232:62: warning: conversion from 'int' to 'uint8_t' {aka 'unsigned char'} may change value [-Wconversion]
  232 |                     uint32_t bar0_hi = pci_read_config(b, d, f, NVME_PCI_BAR1_OFFSET);
      |                                                              ^
kernel/arch/x86_64/nvme.c:248:56: warning: conversion from 'int' to 'uint8_t' {aka 'unsigned char'} may change value [-Wconversion]
  248 |                     uint16_t cmd_reg = pci_read_config(b, d, f, NVME_PCI_COMMAND_OFFSET);
      |                                                        ^
kernel/arch/x86_64/nvme.c:248:59: warning: conversion from 'int' to 'uint8_t' {aka 'unsigned char'} may change value [-Wconversion]
  248 |                     uint16_t cmd_reg = pci_read_config(b, d, f, NVME_PCI_COMMAND_OFFSET);
      |                                                           ^
kernel/arch/x86_64/nvme.c:248:62: warning: conversion from 'int' to 'uint8_t' {aka 'unsigned char'} may change value [-Wconversion]
  248 |                     uint16_t cmd_reg = pci_read_config(b, d, f, NVME_PCI_COMMAND_OFFSET);
      |                                                              ^
kernel/arch/x86_64/nvme.c:248:40: warning: conversion from 'uint32_t' {aka 'unsigned int'} to 'uint16_t' {aka 'short unsigned int'} may change value [-Wconversion]
  248 |                     uint16_t cmd_reg = pci_read_config(b, d, f, NVME_PCI_COMMAND_OFFSET);
      |                                        ^~~~~~~~~~~~~~~
kernel/arch/x86_64/nvme.c:250:38: warning: conversion from 'int' to 'uint8_t' {aka 'unsigned char'} may change value [-Wconversion]
  250 |                     pci_write_config(b, d, f, NVME_PCI_COMMAND_OFFSET, cmd_reg);
      |                                      ^
kernel/arch/x86_64/nvme.c:250:41: warning: conversion from 'int' to 'uint8_t' {aka 'unsigned char'} may change value [-Wconversion]
  250 |                     pci_write_config(b, d, f, NVME_PCI_COMMAND_OFFSET, cmd_reg);
      |                                         ^
kernel/arch/x86_64/nvme.c:250:44: warning: conversion from 'int' to 'uint8_t' {aka 'unsigned char'} may change value [-Wconversion]
  250 |                     pci_write_config(b, d, f, NVME_PCI_COMMAND_OFFSET, cmd_reg);
      |                                            ^
kernel/arch/x86_64/nvme.c: In function 'nvme_get_info':
kernel/arch/x86_64/nvme.c:791:22: warning: conversion from 'uint32_t' {aka 'unsigned int'} to 'uint16_t' {aka 'short unsigned int'} may change value [-Wconversion]
  791 |     uint16_t major = (vs >> 16) & 0xFFFF;
      |                      ^
kernel/arch/x86_64/nvme.c: At top level:
kernel/arch/x86_64/nvme.c:185:12: warning: 'nvme_poll_admin_cq' defined but not used [-Wunused-function]
  185 | static int nvme_poll_admin_cq(nvme_controller_t *ctrl, nvme_cqe_t *cqe)
      |            ^~~~~~~~~~~~~~~~~~
kernel/arch/x86_64/ntfs.c: In function 'write_attr_filename':
kernel/arch/x86_64/ntfs.c:181:28: warning: taking address of packed member of 'struct <anonymous>' may result in an unaligned pointer value [-Waddress-of-packed-member]
  181 |     ascii_to_utf16(name, fn->file_name, NTFS_MAX_FILENAME_LEN);
      |                          ~~^~~~~~~~~~~
In function 'write_attr_data_resident',
    inlined from 'create_file' at kernel/arch/x86_64/ntfs.c:470:15:
kernel/arch/x86_64/ntfs.c:199:22: warning: potential null pointer dereference [-Wnull-dereference]
  199 |     ah->attribute_id = (uint16_t)attr_id;
      |     ~~~~~~~~~~~~~~~~~^~~~~~~~~~~~~~~~~~~
kernel/arch/x86_64/ntfs.c:198:22: warning: potential null pointer dereference [-Wnull-dereference]
  198 |     ah->non_resident = 0;
      |     ~~~~~~~~~~~~~~~~~^~~
kernel/arch/x86_64/ntfs.c:197:14: warning: potential null pointer dereference [-Wnull-dereference]
  197 |     ah->type = NTFS_ATTRIBUTE_DATA;
In function 'write_attr_data_nonresident',
    inlined from 'create_file' at kernel/arch/x86_64/ntfs.c:485:15:
kernel/arch/x86_64/ntfs.c:223:42: warning: potential null pointer dereference [-Wnull-dereference]
  223 |     ah->data.non_resident.allocated_size = alloc_size;
      |     ~~~~~~~~~~~~~~~~~~~~~~~~~~~~~~~~~~~~~^~~~~~~~~~~~
kernel/arch/x86_64/ntfs.c:226:43: warning: potential null pointer dereference [-Wnull-dereference]
  226 |     ah->data.non_resident.compressed_size = alloc_size;
      |     ~~~~~~~~~~~~~~~~~~~~~~~~~~~~~~~~~~~~~~^~~~~~~~~~~~
kernel/arch/x86_64/ntfs.c:219:22: warning: potential null pointer dereference [-Wnull-dereference]
  219 |     ah->attribute_id = (uint16_t)attr_id;
      |     ~~~~~~~~~~~~~~~~~^~~~~~~~~~~~~~~~~~~
kernel/arch/x86_64/ntfs.c:227:16: warning: potential null pointer dereference [-Wnull-dereference]
  227 |     ah->length = (uint32_t)sizeof(NTFS_ATTRIBUTE_HEADER);
      |     ~~~~~~~~~~~^~~~~~~~~~~~~~~~~~~~~~~~~~~~~~~~~~~~~~~~~
kernel/arch/x86_64/ntfs.c:225:44: warning: potential null pointer dereference [-Wnull-dereference]
  225 |     ah->data.non_resident.initialized_size = data_size;
      |     ~~~~~~~~~~~~~~~~~~~~~~~~~~~~~~~~~~~~~~~^~~~~~~~~~~
kernel/arch/x86_64/ntfs.c:224:37: warning: potential null pointer dereference [-Wnull-dereference]
  224 |     ah->data.non_resident.data_size = data_size;
      |     ~~~~~~~~~~~~~~~~~~~~~~~~~~~~~~~~^~~~~~~~~~~
kernel/arch/x86_64/ntfs.c:222:43: warning: potential null pointer dereference [-Wnull-dereference]
  222 |     ah->data.non_resident.data_run_offset = (uint16_t)(sizeof(NTFS_ATTRIBUTE_HEADER));
      |     ~~~~~~~~~~~~~~~~~~~~~~~~~~~~~~~~~~~~~~^~~~~~~~~~~~~~~~~~~~~~~~~~~~~~~~~~~~~~~~~~~
kernel/arch/x86_64/ntfs.c:221:36: warning: potential null pointer dereference [-Wnull-dereference]
  221 |     ah->data.non_resident.high_vcn = 0;
      |     ~~~~~~~~~~~~~~~~~~~~~~~~~~~~~~~^~~
kernel/arch/x86_64/ntfs.c:220:35: warning: potential null pointer dereference [-Wnull-dereference]
  220 |     ah->data.non_resident.low_vcn = 0;
      |     ~~~~~~~~~~~~~~~~~~~~~~~~~~~~~~^~~
kernel/arch/x86_64/ntfs.c:218:22: warning: potential null pointer dereference [-Wnull-dereference]
  218 |     ah->non_resident = 1;
      |     ~~~~~~~~~~~~~~~~~^~~
kernel/arch/x86_64/ntfs.c:217:14: warning: potential null pointer dereference [-Wnull-dereference]
  217 |     ah->type = NTFS_ATTRIBUTE_DATA;
In function 'write_attr_end',
    inlined from 'create_file' at kernel/arch/x86_64/ntfs.c:491:11:
kernel/arch/x86_64/ntfs.c:270:16: warning: potential null pointer dereference [-Wnull-dereference]
  270 |     ah->length = (uint32_t)sizeof(NTFS_ATTRIBUTE_HEADER);
      |     ~~~~~~~~~~~^~~~~~~~~~~~~~~~~~~~~~~~~~~~~~~~~~~~~~~~~
kernel/arch/x86_64/ntfs.c:269:14: warning: potential null pointer dereference [-Wnull-dereference]
  269 |     ah->type = NTFS_ATTRIBUTE_END;
<1> Building kernel/arch/x86_64/netfilter.c
In function 'write_attr_index_root',
    inlined from 'create_standard_metadata_file.isra' at kernel/arch/x86_64/ntfs.c:394:15:
kernel/arch/x86_64/ntfs.c:261:16: warning: potential null pointer dereference [-Wnull-dereference]
  261 |     ah->length = (uint32_t)(sizeof(NTFS_ATTRIBUTE_HEADER) + total);
      |     ~~~~~~~~~~~^~~~~~~~~~~~~~~~~~~~~~~~~~~~~~~~~~~~~~~~~~~~~~~~~~~
kernel/arch/x86_64/ntfs.c:259:36: warning: potential null pointer dereference [-Wnull-dereference]
  259 |     ah->data.resident.value_length = total;
      |     ~~~~~~~~~~~~~~~~~~~~~~~~~~~~~~~^~~~~~~
kernel/arch/x86_64/ntfs.c:238:22: warning: potential null pointer dereference [-Wnull-dereference]
  238 |     ah->attribute_id = (uint16_t)attr_id;
      |     ~~~~~~~~~~~~~~~~~^~~~~~~~~~~~~~~~~~~
kernel/arch/x86_64/ntfs.c:260:36: warning: potential null pointer dereference [-Wnull-dereference]
  260 |     ah->data.resident.value_offset = (uint16_t)sizeof(NTFS_ATTRIBUTE_HEADER);
      |     ~~~~~~~~~~~~~~~~~~~~~~~~~~~~~~~^~~~~~~~~~~~~~~~~~~~~~~~~~~~~~~~~~~~~~~~~
kernel/arch/x86_64/ntfs.c:256:19: warning: potential null pointer dereference [-Wnull-dereference]
  256 |     ih->leaf_flag = leaf_flag;
      |     ~~~~~~~~~~~~~~^~~~~~~~~~~
kernel/arch/x86_64/ntfs.c:255:24: warning: potential null pointer dereference [-Wnull-dereference]
  255 |     ih->allocated_size = NTFS_INDEX_ROOT_SIZE - (uint32_t)sizeof(NTFS_INDEX_HEADER) - 16U;
      |     ~~~~~~~~~~~~~~~~~~~^~~~~~~~~~~~~~~~~~~~~~~~~~~~~~~~~~~~~~~~~~~~~~~~~~~~~~~~~~~~~~~~~~
kernel/arch/x86_64/ntfs.c:254:28: warning: potential null pointer dereference [-Wnull-dereference]
  254 |     ih->index_entries_size = entries_size;
      |     ~~~~~~~~~~~~~~~~~~~~~~~^~~~~~~~~~~~~~
kernel/arch/x86_64/ntfs.c:253:24: warning: potential null pointer dereference [-Wnull-dereference]
  253 |     ih->entries_offset = (uint32_t)sizeof(NTFS_INDEX_HEADER);
      |     ~~~~~~~~~~~~~~~~~~~^~~~~~~~~~~~~~~~~~~~~~~~~~~~~~~~~~~~~
kernel/arch/x86_64/ntfs.c:250:23: warning: potential null pointer dereference [-Wnull-dereference]
  250 |     *clusters_per_rec = 1;
      |     ~~~~~~~~~~~~~~~~~~^~~
kernel/arch/x86_64/ntfs.c:247:21: warning: potential null pointer dereference [-Wnull-dereference]
  247 |     *idx_block_size = 4096;
      |     ~~~~~~~~~~~~~~~~^~~~~~
kernel/arch/x86_64/ntfs.c:244:15: warning: potential null pointer dereference [-Wnull-dereference]
  244 |     *idx_type = NTFS_ATTRIBUTE_FILE_NAME;
kernel/arch/x86_64/ntfs.c:237:22: warning: potential null pointer dereference [-Wnull-dereference]
  237 |     ah->non_resident = 0;
      |     ~~~~~~~~~~~~~~~~~^~~
kernel/arch/x86_64/ntfs.c:236:14: warning: potential null pointer dereference [-Wnull-dereference]
  236 |     ah->type = NTFS_ATTRIBUTE_INDEX_ROOT;
In function 'write_attr_end',
    inlined from 'create_standard_metadata_file.isra' at kernel/arch/x86_64/ntfs.c:399:11:
kernel/arch/x86_64/ntfs.c:270:16: warning: potential null pointer dereference [-Wnull-dereference]
  270 |     ah->length = (uint32_t)sizeof(NTFS_ATTRIBUTE_HEADER);
      |     ~~~~~~~~~~~^~~~~~~~~~~~~~~~~~~~~~~~~~~~~~~~~~~~~~~~~
kernel/arch/x86_64/ntfs.c:269:14: warning: potential null pointer dereference [-Wnull-dereference]
  269 |     ah->type = NTFS_ATTRIBUTE_END;
In function 'write_attr_index_root',
    inlined from 'create_directory' at kernel/arch/x86_64/ntfs.c:433:11:
kernel/arch/x86_64/ntfs.c:261:16: warning: potential null pointer dereference [-Wnull-dereference]
  261 |     ah->length = (uint32_t)(sizeof(NTFS_ATTRIBUTE_HEADER) + total);
      |     ~~~~~~~~~~~^~~~~~~~~~~~~~~~~~~~~~~~~~~~~~~~~~~~~~~~~~~~~~~~~~~
kernel/arch/x86_64/ntfs.c:259:36: warning: potential null pointer dereference [-Wnull-dereference]
  259 |     ah->data.resident.value_length = total;
      |     ~~~~~~~~~~~~~~~~~~~~~~~~~~~~~~~^~~~~~~
kernel/arch/x86_64/ntfs.c:238:22: warning: potential null pointer dereference [-Wnull-dereference]
  238 |     ah->attribute_id = (uint16_t)attr_id;
      |     ~~~~~~~~~~~~~~~~~^~~~~~~~~~~~~~~~~~~
kernel/arch/x86_64/ntfs.c:260:36: warning: potential null pointer dereference [-Wnull-dereference]
  260 |     ah->data.resident.value_offset = (uint16_t)sizeof(NTFS_ATTRIBUTE_HEADER);
      |     ~~~~~~~~~~~~~~~~~~~~~~~~~~~~~~~^~~~~~~~~~~~~~~~~~~~~~~~~~~~~~~~~~~~~~~~~
kernel/arch/x86_64/ntfs.c:256:19: warning: potential null pointer dereference [-Wnull-dereference]
  256 |     ih->leaf_flag = leaf_flag;
      |     ~~~~~~~~~~~~~~^~~~~~~~~~~
kernel/arch/x86_64/ntfs.c:255:24: warning: potential null pointer dereference [-Wnull-dereference]
  255 |     ih->allocated_size = NTFS_INDEX_ROOT_SIZE - (uint32_t)sizeof(NTFS_INDEX_HEADER) - 16U;
      |     ~~~~~~~~~~~~~~~~~~~^~~~~~~~~~~~~~~~~~~~~~~~~~~~~~~~~~~~~~~~~~~~~~~~~~~~~~~~~~~~~~~~~~
kernel/arch/x86_64/ntfs.c:254:28: warning: potential null pointer dereference [-Wnull-dereference]
  254 |     ih->index_entries_size = entries_size;
      |     ~~~~~~~~~~~~~~~~~~~~~~~^~~~~~~~~~~~~~
kernel/arch/x86_64/ntfs.c:253:24: warning: potential null pointer dereference [-Wnull-dereference]
  253 |     ih->entries_offset = (uint32_t)sizeof(NTFS_INDEX_HEADER);
      |     ~~~~~~~~~~~~~~~~~~~^~~~~~~~~~~~~~~~~~~~~~~~~~~~~~~~~~~~~
kernel/arch/x86_64/ntfs.c:250:23: warning: potential null pointer dereference [-Wnull-dereference]
  250 |     *clusters_per_rec = 1;
      |     ~~~~~~~~~~~~~~~~~~^~~
kernel/arch/x86_64/ntfs.c:247:21: warning: potential null pointer dereference [-Wnull-dereference]
  247 |     *idx_block_size = 4096;
      |     ~~~~~~~~~~~~~~~~^~~~~~
kernel/arch/x86_64/ntfs.c:244:15: warning: potential null pointer dereference [-Wnull-dereference]
  244 |     *idx_type = NTFS_ATTRIBUTE_FILE_NAME;
kernel/arch/x86_64/ntfs.c:237:22: warning: potential null pointer dereference [-Wnull-dereference]
  237 |     ah->non_resident = 0;
      |     ~~~~~~~~~~~~~~~~~^~~
kernel/arch/x86_64/ntfs.c:236:14: warning: potential null pointer dereference [-Wnull-dereference]
  236 |     ah->type = NTFS_ATTRIBUTE_INDEX_ROOT;
In function 'write_attr_end',
    inlined from 'create_directory' at kernel/arch/x86_64/ntfs.c:437:11:
kernel/arch/x86_64/ntfs.c:270:16: warning: potential null pointer dereference [-Wnull-dereference]
  270 |     ah->length = (uint32_t)sizeof(NTFS_ATTRIBUTE_HEADER);
      |     ~~~~~~~~~~~^~~~~~~~~~~~~~~~~~~~~~~~~~~~~~~~~~~~~~~~~
kernel/arch/x86_64/ntfs.c:269:14: warning: potential null pointer dereference [-Wnull-dereference]
  269 |     ah->type = NTFS_ATTRIBUTE_END;
In file included from kernel/arch/x86_64/netfilter.c:1:
kernel/arch/x86_64/include/arch/netfilter.h: In function 'nf_hook_slow_eval':
kernel/arch/x86_64/include/arch/netfilter.h:56:16: warning: conversion from 'int' to 'uint16_t' {aka 'short unsigned int'} may change value [-Wconversion]
   56 |         return verdict;
      |                ^~~~~~~
<2> Building kernel/arch/x86_64/net.c
<1> Building kernel/arch/x86_64/mouse.c
kernel/arch/x86_64/mouse.c: In function 'mouse_process_packet':
kernel/arch/x86_64/mouse.c:128:39: warning: conversion to 'unsigned int' from 'int32_t' {aka 'int'} may change the sign of the result [-Wsign-conversion]
  128 |     if (flags & 0x10) pkt.dx = pkt.dx | 0xFFFFFF00;
      |                                       ^
kernel/arch/x86_64/mouse.c:128:32: warning: conversion to 'int32_t' {aka 'int'} from 'unsigned int' may change the sign of the result [-Wsign-conversion]
  128 |     if (flags & 0x10) pkt.dx = pkt.dx | 0xFFFFFF00;
      |                                ^~~
kernel/arch/x86_64/mouse.c:129:39: warning: conversion to 'unsigned int' from 'int32_t' {aka 'int'} may change the sign of the result [-Wsign-conversion]
  129 |     if (flags & 0x20) pkt.dy = pkt.dy | 0xFFFFFF00;
      |                                       ^
kernel/arch/x86_64/mouse.c:129:32: warning: conversion to 'int32_t' {aka 'int'} from 'unsigned int' may change the sign of the result [-Wsign-conversion]
  129 |     if (flags & 0x20) pkt.dy = pkt.dy | 0xFFFFFF00;
      |                                ^~~
kernel/arch/x86_64/mouse.c:140:16: warning: comparison of integer expressions of different signedness: 'int32_t' {aka 'int'} and 'unsigned int' [-Wsign-compare]
  140 |     if (pkt.dx > 0x80000000) pkt.dx -= 0x100000000;
      |                ^
kernel/arch/x86_64/mouse.c:140:40: warning: conversion from 'long long int' to 'int32_t' {aka 'int'} may change value [-Wconversion]
  140 |     if (pkt.dx > 0x80000000) pkt.dx -= 0x100000000;
      |                                        ^~~~~~~~~~~
kernel/arch/x86_64/mouse.c:141:16: warning: comparison of integer expressions of different signedness: 'int32_t' {aka 'int'} and 'unsigned int' [-Wsign-compare]
  141 |     if (pkt.dy > 0x80000000) pkt.dy -= 0x100000000;
      |                ^
kernel/arch/x86_64/mouse.c:141:40: warning: conversion from 'long long int' to 'int32_t' {aka 'int'} may change value [-Wconversion]
  141 |     if (pkt.dy > 0x80000000) pkt.dy -= 0x100000000;
      |                                        ^~~~~~~~~~~
kernel/arch/x86_64/net.c: In function 'parse_ip_addr':
kernel/arch/x86_64/net.c:86:16: warning: conversion to 'uint32_t' {aka 'unsigned int'} from 'int' may change the sign of the result [-Wsign-conversion]
   86 |             ip |= (octet << shift);
      |                ^~
kernel/arch/x86_64/net.c:94:8: warning: conversion to 'uint32_t' {aka 'unsigned int'} from 'int' may change the sign of the result [-Wsign-conversion]
   94 |     ip |= (octet << shift);
      |        ^~
kernel/arch/x86_64/net.c: In function 'parse_mac_addr':
kernel/arch/x86_64/net.c:105:56: warning: conversion to 'unsigned int' from 'int' may change the sign of the result [-Wsign-conversion]
  105 |             if (c >= '0' && c <= '9') byte = byte * 16 + (c - '0');
      |                                                        ^
kernel/arch/x86_64/net.c:106:61: warning: conversion to 'unsigned int' from 'int' may change the sign of the result [-Wsign-conversion]
  106 |             else if (c >= 'a' && c <= 'f') byte = byte * 16 + (c - 'a' + 10);
      |                                                             ^
kernel/arch/x86_64/net.c:107:61: warning: conversion to 'unsigned int' from 'int' may change the sign of the result [-Wsign-conversion]
  107 |             else if (c >= 'A' && c <= 'F') byte = byte * 16 + (c - 'A' + 10);
      |                                                             ^
kernel/arch/x86_64/net.c: In function 'dhcp_parse_response':
kernel/arch/x86_64/net.c:243:24: warning: conversion from 'long long unsigned int' to 'uint32_t' {aka 'unsigned int'} may change value [-Wconversion]
  243 |     uint32_t opt_len = len - (sizeof(dhcp_packet_t) - 312);
      |                        ^~~
kernel/arch/x86_64/mouse.c: At top level:
kernel/arch/x86_64/mouse.c:58:12: warning: 'mouse_send_command' defined but not used [-Wunused-function]
   58 | static int mouse_send_command(uint8_t cmd)
      |            ^~~~~~~~~~~~~~~~~~
kernel/arch/x86_64/net.c: In function 'ip_handle_packet':
kernel/arch/x86_64/net.c:479:28: warning: conversion from 'int' to 'uint16_t' {aka 'short unsigned int'} may change value [-Wconversion]
  479 |     uint16_t payload_len = total_len - ((ip->version_ihl & 0x0F) * 4);
      |                            ^~~~~~~~~
kernel/arch/x86_64/net.c: In function 'tcp_find_socket':
kernel/arch/x86_64/net.c:543:47: warning: declaration of 'local_ip' shadows a global declaration [-Wshadow]
  543 | static tcp_socket_t* tcp_find_socket(uint32_t local_ip, uint16_t local_port,
      |                                      ~~~~~~~~~^~~~~~~~
kernel/arch/x86_64/net.c:10:17: note: shadowed declaration is here
   10 | static uint32_t local_ip  = 0;
      |                 ^~~~~~~~
kernel/arch/x86_64/net.c:543:47: warning: unused parameter 'local_ip' [-Wunused-parameter]
  543 | static tcp_socket_t* tcp_find_socket(uint32_t local_ip, uint16_t local_port,
      |                                      ~~~~~~~~~^~~~~~~~
kernel/arch/x86_64/net.c: In function 'udp_handle_packet':
kernel/arch/x86_64/net.c:905:25: warning: conversion from 'long long unsigned int' to 'uint16_t' {aka 'short unsigned int'} may change value [-Wconversion]
  905 |     uint16_t data_len = ntohs(udp->len) - sizeof(udp_header_t);
      |                         ^~~~~
<0> Building kernel/arch/x86_64/mmap.c
kernel/arch/x86_64/mmap.c: In function 'mmap_context_destroy':
<3> Building kernel/arch/x86_64/memory.c
kernel/arch/x86_64/mmap.c:111:26: warning: unused variable 'vaddr' [-Wunused-variable]
  111 |                 uint64_t vaddr = area->start + j * PAGE_SIZE;
      |                          ^~~~~
kernel/arch/x86_64/mmap.c: In function 'mmap_do_mmap':
kernel/arch/x86_64/mmap.c:383:18: warning: variable 'cow_pte_flags' set but not used [-Wunused-but-set-variable=]
  383 |         uint64_t cow_pte_flags = pte_flags & ~(uint64_t)PAGE_WRITABLE;
      |                  ^~~~~~~~~~~~~
<1> Building kernel/arch/x86_64/lsm.c
kernel/arch/x86_64/memory.c: In function 'memory_alloc':
kernel/arch/x86_64/memory.c:50:60: warning: unsigned conversion from 'int' to 'uint64_t' {aka 'long long unsigned int'} changes value from '-4096' to '18446744073709547520' [-Wsign-conversion]
   50 |     uint64_t aligned_size = (size + MEMORY_BLOCK_SIZE - 1) & ~(MEMORY_BLOCK_SIZE - 1);
      |                                                            ^
<3> Building kernel/arch/x86_64/ldso.c
kernel/arch/x86_64/ldso.c: In function 'ldso_read_at':
kernel/arch/x86_64/ldso.c:24:23: warning: conversion to 'int64_t' {aka 'long long int'} from 'uint64_t' {aka 'long long unsigned int'} may change the sign of the result [-Wsign-conversion]
   24 |     if (vfs_lseek(fd, offset, 0) != (int64_t)offset)
      |                       ^~~~~~
kernel/arch/x86_64/ldso.c: In function 'ldso_elf_hash':
kernel/arch/x86_64/ldso.c:38:16: warning: conversion from 'uint32_t' {aka 'unsigned int'} to 'uint8_t' {aka 'unsigned char'} may change value [-Wconversion]
   38 |         high = h & 0xF0000000U;
      |                ^
kernel/arch/x86_64/ldso.c: In function 'ldso_relocate':
kernel/arch/x86_64/ldso.c:582:32: warning: conversion to 'long long unsigned int' from 'int64_t' {aka 'long long int'} may change the sign of the result [-Wsign-conversion]
  582 |                 *target = base + rel->r_addend;
      |                                ^
kernel/arch/x86_64/ldso.c:591:36: warning: conversion to 'long long unsigned int' from 'int64_t' {aka 'long long int'} may change the sign of the result [-Wsign-conversion]
  591 |                 *target = sym_addr + rel->r_addend;
      |                                    ^
kernel/arch/x86_64/ldso.c:601:49: warning: conversion to 'long long unsigned int' from 'int64_t' {aka 'long long int'} may change the sign of the result [-Wsign-conversion]
  601 |                 *target32 = (uint32_t)(sym_addr + rel->r_addend - (uint64_t)target);
      |                                                 ^
kernel/arch/x86_64/ldso.c:632:32: warning: conversion to 'long long unsigned int' from 'int64_t' {aka 'long long int'} may change the sign of the result [-Wsign-conversion]
  632 |                 *target = base + rel->r_addend;
      |                                ^
kernel/arch/x86_64/ldso.c:640:36: warning: conversion to 'long long unsigned int' from 'int64_t' {aka 'long long int'} may change the sign of the result [-Wsign-conversion]
  640 |                 *target = sym_addr + rel->r_addend;
      |                                    ^
kernel/arch/x86_64/ldso.c:649:49: warning: conversion to 'long long unsigned int' from 'int64_t' {aka 'long long int'} may change the sign of the result [-Wsign-conversion]
  649 |                 *target32 = (uint32_t)(sym_addr + rel->r_addend - (uint64_t)target);
      |                                                 ^
kernel/arch/x86_64/ldso.c: In function 'ldso_call_init':
kernel/arch/x86_64/ldso.c:690:36: warning: ISO C forbids conversion of object pointer to function pointer type [-Wpedantic]
  690 |                 void (*fn)(void) = (void(*)(void))lib->init_array[j];
      |                                    ^
kernel/arch/x86_64/ldso.c: In function 'ldso_call_fini':
kernel/arch/x86_64/ldso.c:715:36: warning: ISO C forbids conversion of object pointer to function pointer type [-Wpedantic]
  715 |                 void (*fn)(void) = (void(*)(void))lib->fini_array[j];
      |                                    ^
kernel/arch/x86_64/ldso.c: In function 'ldso_unload_library':
kernel/arch/x86_64/ldso.c:760:36: warning: ISO C forbids conversion of object pointer to function pointer type [-Wpedantic]
  760 |                 void (*fn)(void) = (void(*)(void))lib->fini_array[j];
      |                                    ^
<0> Building kernel/arch/x86_64/kvm.c
<1> Building kernel/arch/x86_64/keyboard.c
<2> Building kernel/arch/x86_64/jbd2.c
kernel/arch/x86_64/kvm.c: In function 'vmx_handle_cr_access':
kernel/arch/x86_64/kvm.c:405:9: warning: unused variable 'gpr' [-Wunused-variable]
  405 |     u32 gpr = (exit_qual >> 8) & 0xF;
      |         ^~~
kernel/arch/x86_64/kvm.c:404:9: warning: unused variable 'access_type' [-Wunused-variable]
  404 |     u32 access_type = (exit_qual >> 4) & 0x3;
      |         ^~~~~~~~~~~
kernel/arch/x86_64/kvm.c: In function 'ept_map_page':
kernel/arch/x86_64/kvm.c:510:58: warning: conversion from 'u64' {aka 'long long unsigned int'} to 'u32' {aka 'unsigned int'} may change value [-Wconversion]
  510 |         u64 *entry = ept_get_entry(ept_root, level_offset[level]);
      |                                              ~~~~~~~~~~~~^~~~~~~
kernel/arch/x86_64/kvm.c:520:53: warning: conversion from 'u64' {aka 'long long unsigned int'} to 'u32' {aka 'unsigned int'} may change value [-Wconversion]
  520 |     u64 *leaf = ept_get_entry(ept_root, level_offset[0]);
      |                                         ~~~~~~~~~~~~^~~
kernel/arch/x86_64/keyboard.c: In function '__kbd_handle_key':
kernel/arch/x86_64/keyboard.c:129:44: warning: unsigned conversion from 'int' to 'uint32_t' {aka 'unsigned int'} changes value from '-2' to '4294967294' [-Wsign-conversion]
  129 |                 if (release) kbd_modifiers &= ~KEYMOD_LSHIFT;
      |                                            ^~
kernel/arch/x86_64/keyboard.c:133:44: warning: unsigned conversion from 'int' to 'uint32_t' {aka 'unsigned int'} changes value from '-3' to '4294967293' [-Wsign-conversion]
  133 |                 if (release) kbd_modifiers &= ~KEYMOD_RSHIFT;
      |                                            ^~
kernel/arch/x86_64/keyboard.c:138:48: warning: unsigned conversion from 'int' to 'uint32_t' {aka 'unsigned int'} changes value from '-9' to '4294967287' [-Wsign-conversion]
  138 |                     if (release) kbd_modifiers &= ~KEYMOD_RCTRL;
      |                                                ^~
kernel/arch/x86_64/keyboard.c:141:48: warning: unsigned conversion from 'int' to 'uint32_t' {aka 'unsigned int'} changes value from '-5' to '4294967291' [-Wsign-conversion]
  141 |                     if (release) kbd_modifiers &= ~KEYMOD_LCTRL;
      |                                                ^~
kernel/arch/x86_64/keyboard.c:148:48: warning: unsigned conversion from 'int' to 'uint32_t' {aka 'unsigned int'} changes value from '-33' to '4294967263' [-Wsign-conversion]
  148 |                     if (release) kbd_modifiers &= ~KEYMOD_RALT;
      |                                                ^~
kernel/arch/x86_64/keyboard.c:151:48: warning: unsigned conversion from 'int' to 'uint32_t' {aka 'unsigned int'} changes value from '-17' to '4294967279' [-Wsign-conversion]
  151 |                     if (release) kbd_modifiers &= ~KEYMOD_LALT;
      |                                                ^~
kernel/arch/x86_64/keyboard.c:159:31: warning: unsigned conversion from 'int' to 'uint8_t' {aka 'unsigned char'} changes the value of '-5' [-Wsign-conversion]
  159 |                     kbd_led = (kbd_modifiers & KEYMOD_CAPSLOCK) ? (kbd_led | KBD_LED_CAPS) : (kbd_led & ~KBD_LED_CAPS);
      |                               ^
kernel/arch/x86_64/keyboard.c:166:31: warning: unsigned conversion from 'int' to 'uint8_t' {aka 'unsigned char'} changes the value of '-3' [-Wsign-conversion]
  166 |                     kbd_led = (kbd_modifiers & KEYMOD_NUMLOCK) ? (kbd_led | KBD_LED_NUM) : (kbd_led & ~KBD_LED_NUM);
      |                               ^
kernel/arch/x86_64/keyboard.c:173:31: warning: unsigned conversion from 'int' to 'uint8_t' {aka 'unsigned char'} changes the value of '-2' [-Wsign-conversion]
  173 |                     kbd_led = (kbd_modifiers & KEYMOD_SCROLLLOCK) ? (kbd_led | KBD_LED_SCROLL) : (kbd_led & ~KBD_LED_SCROLL);
      |                               ^
kernel/arch/x86_64/keyboard.c:183:40: warning: unsigned conversion from 'int' to 'uint32_t' {aka 'unsigned int'} changes value from '-513' to '4294966783' [-Wsign-conversion]
  183 |             if (release) kbd_modifiers &= ~KEYMOD_LWIN;
      |                                        ^~
kernel/arch/x86_64/keyboard.c:186:40: warning: unsigned conversion from 'int' to 'uint32_t' {aka 'unsigned int'} changes value from '-1025' to '4294966271' [-Wsign-conversion]
  186 |             if (release) kbd_modifiers &= ~KEYMOD_RWIN;
      |                                        ^~
kernel/arch/x86_64/keyboard.c:207:24: warning: conversion to 'char' from 'uint8_t' {aka 'unsigned char'} may change the sign of the result [-Wsign-conversion]
  207 |             ev.ascii = scancode_set1_shift[scancode];
      |                        ^~~~~~~~~~~~~~~~~~~
kernel/arch/x86_64/keyboard.c:209:24: warning: conversion to 'char' from 'uint8_t' {aka 'unsigned char'} may change the sign of the result [-Wsign-conversion]
  209 |             ev.ascii = scancode_set1_normal[scancode];
      |                        ^~~~~~~~~~~~~~~~~~~~
kernel/arch/x86_64/keyboard.c: In function 'keyboard_init':
kernel/arch/x86_64/keyboard.c:249:27: warning: ISO C forbids conversion of function pointer to object pointer type [-Wpedantic]
  249 |     interrupt_register(1, (void*)keyboard_irq_handler);
      |                           ^
kernel/arch/x86_64/jbd2.c: In function 'jbd2_journal_load':
kernel/arch/x86_64/jbd2.c:398:56: warning: pointer of type 'void *' used in arithmetic [-Wpointer-arith]
  398 |             uint64_t* block_nos = (uint64_t*)(scan_buf + sizeof(jbd2_block_header_t));
      |                                                        ^
kernel/arch/x86_64/jbd2.c: In function 'jbd2_trans_commit':
kernel/arch/x86_64/jbd2.c:627:52: warning: pointer of type 'void *' used in arithmetic [-Wpointer-arith]
  627 |         uint64_t* block_nos = (uint64_t*)(desc_buf + sizeof(jbd2_block_header_t));
      |                                                    ^
kernel/arch/x86_64/jbd2.c: In function 'jbd2_trans_abort':
kernel/arch/x86_64/jbd2.c:759:20: warning: unsigned conversion from 'int' to 'uint32_t' {aka 'unsigned int'} changes value from '-2' to '4294967294' [-Wsign-conversion]
  759 |         blk->flags &= ~JBD2_BLOCK_DIRTY;
      |                    ^~
kernel/arch/x86_64/jbd2.c: In function 'jbd2_journal_checkpoint':
kernel/arch/x86_64/jbd2.c:867:32: warning: unsigned conversion from 'int' to 'uint32_t' {aka 'unsigned int'} changes value from '-2' to '4294967294' [-Wsign-conversion]
  867 |                     blk->flags &= ~JBD2_BLOCK_DIRTY;
      |                                ^~
kernel/arch/x86_64/jbd2.c:875:24: warning: unsigned conversion from 'int' to 'uint32_t' {aka 'unsigned int'} changes value from '-9' to '4294967287' [-Wsign-conversion]
  875 |             blk->flags &= ~JBD2_BLOCK_IN_LOG;
      |                        ^~
<1> Building kernel/arch/x86_64/ioapic.c
In file included from kernel/arch/x86_64/ioapic.c:3:
kernel/arch/x86_64/ioapic.c: In function 'ioapic_set_redirect':
kernel/arch/x86_64/include/arch/ioapic.h:15:32: warning: conversion to 'uint32_t' {aka 'unsigned int'} from 'int' may change the sign of the result [-Wsign-conversion]
   15 | #define IOAPIC_REG_REDIR_BASE  0x10
      |                                ^~~~
kernel/arch/x86_64/ioapic.c:70:20: note: in expansion of macro 'IOAPIC_REG_REDIR_BASE'
   70 |     uint32_t reg = IOAPIC_REG_REDIR_BASE + irq_num * 2;
      |                    ^~~~~~~~~~~~~~~~~~~~~
kernel/arch/x86_64/ioapic.c: In function 'ioapic_mask_irq':
kernel/arch/x86_64/include/arch/ioapic.h:15:32: warning: conversion to 'uint32_t' {aka 'unsigned int'} from 'int' may change the sign of the result [-Wsign-conversion]
   15 | #define IOAPIC_REG_REDIR_BASE  0x10
      |                                ^~~~
kernel/arch/x86_64/ioapic.c:111:20: note: in expansion of macro 'IOAPIC_REG_REDIR_BASE'
  111 |     uint32_t reg = IOAPIC_REG_REDIR_BASE + irq_num * 2;
      |                    ^~~~~~~~~~~~~~~~~~~~~
kernel/arch/x86_64/ioapic.c: In function 'ioapic_unmask_irq':
kernel/arch/x86_64/include/arch/ioapic.h:15:32: warning: conversion to 'uint32_t' {aka 'unsigned int'} from 'int' may change the sign of the result [-Wsign-conversion]
   15 | #define IOAPIC_REG_REDIR_BASE  0x10
      |                                ^~~~
kernel/arch/x86_64/ioapic.c:120:20: note: in expansion of macro 'IOAPIC_REG_REDIR_BASE'
  120 |     uint32_t reg = IOAPIC_REG_REDIR_BASE + irq_num * 2;
      |                    ^~~~~~~~~~~~~~~~~~~~~
kernel/arch/x86_64/ioapic.c:123:9: warning: unsigned conversion from 'int' to 'uint32_t' {aka 'unsigned int'} changes value from '-65537' to '4294901759' [-Wsign-conversion]
  123 |     low &= ~IOAPIC_MASKED;
      |         ^~
kernel/arch/x86_64/ioapic.c: In function 'ioapic_get_redirect_entry':
kernel/arch/x86_64/include/arch/ioapic.h:15:32: warning: conversion to 'uint32_t' {aka 'unsigned int'} from 'int' may change the sign of the result [-Wsign-conversion]
   15 | #define IOAPIC_REG_REDIR_BASE  0x10
      |                                ^~~~
kernel/arch/x86_64/ioapic.c:129:20: note: in expansion of macro 'IOAPIC_REG_REDIR_BASE'
  129 |     uint32_t reg = IOAPIC_REG_REDIR_BASE + irq_num * 2;
      |                    ^~~~~~~~~~~~~~~~~~~~~
<0> Building kernel/arch/x86_64/idt.c
<3> Building kernel/arch/x86_64/i2c.c
kernel/arch/x86_64/idt.c: In function 'idt_init':
kernel/arch/x86_64/idt.c:39:26: warning: conversion from 'int' to 'uint8_t' {aka 'unsigned char'} may change value [-Wconversion]
   39 |             idt_set_gate(i, (uint64_t)interrupt_handler_err, 0x08, 0x8E, 0);
      |                          ^
kernel/arch/x86_64/idt.c:41:26: warning: conversion from 'int' to 'uint8_t' {aka 'unsigned char'} may change value [-Wconversion]
   41 |             idt_set_gate(i, (uint64_t)interrupt_handler, 0x08, 0x8E, 0);
      |                          ^
kernel/arch/x86_64/idt.c: In function 'idt_set_gate':
kernel/arch/x86_64/idt.c:60:28: warning: conversion from 'uint64_t' {aka 'long long unsigned int'} to 'uint32_t' {aka 'unsigned int'} may change value [-Wconversion]
   60 |     idt[index].base_high = (handler >> 32) & 0xFFFFFFFF;
      |                            ^
kernel/arch/x86_64/i2c.c: In function 'i2c_smbus_wait_until_done':
kernel/arch/x86_64/i2c.c:55:13: warning: unused variable 'status' [-Wunused-variable]
   55 |     uint8_t status = i2c_smbus_read(bus->base_io, I2C_SMBUS_HST_STS);
      |             ^~~~~~
kernel/arch/x86_64/i2c.c: In function 'i2c_smbus_init':
<1> Building kernel/arch/x86_64/hpet.c
kernel/arch/x86_64/i2c.c:118:54: warning: conversion from 'int' to 'uint8_t' {aka 'unsigned char'} may change value [-Wconversion]
  118 |                 uint32_t class_reg = pci_read_config(b, d, f, 0x08);
      |                                                      ^
kernel/arch/x86_64/i2c.c:118:57: warning: conversion from 'int' to 'uint8_t' {aka 'unsigned char'} may change value [-Wconversion]
  118 |                 uint32_t class_reg = pci_read_config(b, d, f, 0x08);
      |                                                         ^
kernel/arch/x86_64/i2c.c:118:60: warning: conversion from 'int' to 'uint8_t' {aka 'unsigned char'} may change value [-Wconversion]
  118 |                 uint32_t class_reg = pci_read_config(b, d, f, 0x08);
      |                                                            ^
kernel/arch/x86_64/i2c.c:121:38: warning: conversion from 'uint32_t' {aka 'unsigned int'} to 'uint8_t' {aka 'unsigned char'} may change value [-Wconversion]
  121 |                 uint8_t class_code = (class_reg >> 24) & 0xFF;
      |                                      ^
kernel/arch/x86_64/i2c.c:126:51: warning: conversion from 'int' to 'uint8_t' {aka 'unsigned char'} may change value [-Wconversion]
  126 |                 uint32_t id_reg = pci_read_config(b, d, f, 0x00);
      |                                                   ^
kernel/arch/x86_64/i2c.c:126:54: warning: conversion from 'int' to 'uint8_t' {aka 'unsigned char'} may change value [-Wconversion]
  126 |                 uint32_t id_reg = pci_read_config(b, d, f, 0x00);
      |                                                      ^
kernel/arch/x86_64/i2c.c:126:57: warning: conversion from 'int' to 'uint8_t' {aka 'unsigned char'} may change value [-Wconversion]
  126 |                 uint32_t id_reg = pci_read_config(b, d, f, 0x00);
      |                                                         ^
kernel/arch/x86_64/i2c.c:128:32: warning: conversion from 'uint32_t' {aka 'unsigned int'} to 'uint16_t' {aka 'short unsigned int'} may change value [-Wconversion]
  128 |                 uint16_t did = (id_reg >> 16) & 0xFFFF;
      |                                ^
kernel/arch/x86_64/i2c.c:130:62: warning: conversion from 'int' to 'uint8_t' {aka 'unsigned char'} may change value [-Wconversion]
  130 |                 uint16_t cmd_reg = (uint16_t)pci_read_config(b, d, f, 0x04);
      |                                                              ^
kernel/arch/x86_64/i2c.c:130:65: warning: conversion from 'int' to 'uint8_t' {aka 'unsigned char'} may change value [-Wconversion]
  130 |                 uint16_t cmd_reg = (uint16_t)pci_read_config(b, d, f, 0x04);
      |                                                                 ^
kernel/arch/x86_64/i2c.c:130:68: warning: conversion from 'int' to 'uint8_t' {aka 'unsigned char'} may change value [-Wconversion]
  130 |                 uint16_t cmd_reg = (uint16_t)pci_read_config(b, d, f, 0x04);
      |                                                                    ^
kernel/arch/x86_64/i2c.c:132:34: warning: conversion from 'int' to 'uint8_t' {aka 'unsigned char'} may change value [-Wconversion]
  132 |                 pci_write_config(b, d, f, 0x04, cmd_reg);
      |                                  ^
kernel/arch/x86_64/i2c.c:132:37: warning: conversion from 'int' to 'uint8_t' {aka 'unsigned char'} may change value [-Wconversion]
  132 |                 pci_write_config(b, d, f, 0x04, cmd_reg);
      |                                     ^
kernel/arch/x86_64/i2c.c:132:40: warning: conversion from 'int' to 'uint8_t' {aka 'unsigned char'} may change value [-Wconversion]
  132 |                 pci_write_config(b, d, f, 0x04, cmd_reg);
      |                                        ^
kernel/arch/x86_64/i2c.c:135:65: warning: conversion from 'int' to 'uint8_t' {aka 'unsigned char'} may change value [-Wconversion]
  135 |                 uint8_t header_type = (uint8_t)(pci_read_config(b, d, f, 0x0C) & 0xFF);
      |                                                                 ^
kernel/arch/x86_64/i2c.c:135:68: warning: conversion from 'int' to 'uint8_t' {aka 'unsigned char'} may change value [-Wconversion]
  135 |                 uint8_t header_type = (uint8_t)(pci_read_config(b, d, f, 0x0C) & 0xFF);
      |                                                                    ^
kernel/arch/x86_64/i2c.c:135:71: warning: conversion from 'int' to 'uint8_t' {aka 'unsigned char'} may change value [-Wconversion]
  135 |                 uint8_t header_type = (uint8_t)(pci_read_config(b, d, f, 0x0C) & 0xFF);
      |                                                                       ^
kernel/arch/x86_64/i2c.c:137:53: warning: conversion from 'int' to 'uint8_t' {aka 'unsigned char'} may change value [-Wconversion]
  137 |                     uint32_t bar4 = pci_read_config(b, d, f, 0x20);
      |                                                     ^
kernel/arch/x86_64/i2c.c:137:56: warning: conversion from 'int' to 'uint8_t' {aka 'unsigned char'} may change value [-Wconversion]
  137 |                     uint32_t bar4 = pci_read_config(b, d, f, 0x20);
      |                                                        ^
kernel/arch/x86_64/i2c.c:137:59: warning: conversion from 'int' to 'uint8_t' {aka 'unsigned char'} may change value [-Wconversion]
  137 |                     uint32_t bar4 = pci_read_config(b, d, f, 0x20);
      |                                                           ^
kernel/arch/x86_64/i2c.c:155:51: warning: conversion from 'int' to 'uint8_t' {aka 'unsigned char'} may change value [-Wconversion]
  155 |                 bus->pci_config = pci_read_config(b, d, f, 0x90);
      |                                                   ^
kernel/arch/x86_64/i2c.c:155:54: warning: conversion from 'int' to 'uint8_t' {aka 'unsigned char'} may change value [-Wconversion]
  155 |                 bus->pci_config = pci_read_config(b, d, f, 0x90);
      |                                                      ^
kernel/arch/x86_64/i2c.c:155:57: warning: conversion from 'int' to 'uint8_t' {aka 'unsigned char'} may change value [-Wconversion]
  155 |                 bus->pci_config = pci_read_config(b, d, f, 0x90);
      |                                                         ^
kernel/arch/x86_64/i2c.c: In function 'i2c_smbus_block_read':
kernel/arch/x86_64/i2c.c:230:67: warning: conversion from 'uint32_t' {aka 'unsigned int'} to 'uint8_t' {aka 'unsigned char'} may change value [-Wconversion]
  230 |         buf[i] = i2c_smbus_read(bus->base_io, I2C_SMBUS_HST_BLOCK + i);
kernel/arch/x86_64/i2c.c: In function 'i2c_smbus_block_write':
kernel/arch/x86_64/i2c.c:256:59: warning: conversion from 'uint32_t' {aka 'unsigned int'} to 'uint8_t' {aka 'unsigned char'} may change value [-Wconversion]
  256 |         i2c_smbus_write(bus->base_io, I2C_SMBUS_HST_BLOCK + i, buf[i]);
<0> Building kernel/arch/x86_64/hda.c
<2> Building kernel/arch/x86_64/gdt.c
kernel/arch/x86_64/hda.c: In function 'hda_init':
kernel/arch/x86_64/hda.c:19:59: warning: conversion from 'int' to 'uint8_t' {aka 'unsigned char'} may change value [-Wconversion]
   19 |                 uint32_t class_code_reg = pci_read_config(b, d, f, 0x08);
      |                                                           ^
kernel/arch/x86_64/hda.c:19:62: warning: conversion from 'int' to 'uint8_t' {aka 'unsigned char'} may change value [-Wconversion]
   19 |                 uint32_t class_code_reg = pci_read_config(b, d, f, 0x08);
      |                                                              ^
kernel/arch/x86_64/hda.c:19:65: warning: conversion from 'int' to 'uint8_t' {aka 'unsigned char'} may change value [-Wconversion]
   19 |                 uint32_t class_code_reg = pci_read_config(b, d, f, 0x08);
      |                                                                 ^
kernel/arch/x86_64/hda.c:23:38: warning: conversion from 'uint32_t' {aka 'unsigned int'} to 'uint8_t' {aka 'unsigned char'} may change value [-Wconversion]
   23 |                 uint8_t class_code = (class_code_reg >> 24) & 0xFF;
      |                                      ^
kernel/arch/x86_64/hda.c:28:37: warning: conversion from 'int' to 'uint8_t' {aka 'unsigned char'} may change value [-Wconversion]
   28 |                         ctrl->bus = b;
      |                                     ^
kernel/arch/x86_64/hda.c:29:40: warning: conversion from 'int' to 'uint8_t' {aka 'unsigned char'} may change value [-Wconversion]
   29 |                         ctrl->device = d;
      |                                        ^
kernel/arch/x86_64/hda.c:30:42: warning: conversion from 'int' to 'uint8_t' {aka 'unsigned char'} may change value [-Wconversion]
   30 |                         ctrl->function = f;
      |                                          ^
kernel/arch/x86_64/hda.c:31:62: warning: conversion from 'int' to 'uint8_t' {aka 'unsigned char'} may change value [-Wconversion]
   31 |                         ctrl->base_address = pci_read_config(b, d, f, 0x10) & 0xFFFFFFF0;
      |                                                              ^
kernel/arch/x86_64/hda.c:31:65: warning: conversion from 'int' to 'uint8_t' {aka 'unsigned char'} may change value [-Wconversion]
   31 |                         ctrl->base_address = pci_read_config(b, d, f, 0x10) & 0xFFFFFFF0;
      |                                                                 ^
kernel/arch/x86_64/hda.c:31:68: warning: conversion from 'int' to 'uint8_t' {aka 'unsigned char'} may change value [-Wconversion]
   31 |                         ctrl->base_address = pci_read_config(b, d, f, 0x10) & 0xFFFFFFF0;
      |                                                                    ^
kernel/arch/x86_64/hda.c:32:59: warning: conversion from 'int' to 'uint8_t' {aka 'unsigned char'} may change value [-Wconversion]
   32 |                         ctrl->vendor_id = pci_read_config(b, d, f, 0x00) & 0xFFFF;
      |                                                           ^
kernel/arch/x86_64/hda.c:32:62: warning: conversion from 'int' to 'uint8_t' {aka 'unsigned char'} may change value [-Wconversion]
   32 |                         ctrl->vendor_id = pci_read_config(b, d, f, 0x00) & 0xFFFF;
      |                                                              ^
kernel/arch/x86_64/hda.c:32:65: warning: conversion from 'int' to 'uint8_t' {aka 'unsigned char'} may change value [-Wconversion]
   32 |                         ctrl->vendor_id = pci_read_config(b, d, f, 0x00) & 0xFFFF;
      |                                                                 ^
kernel/arch/x86_64/hda.c:33:60: warning: conversion from 'int' to 'uint8_t' {aka 'unsigned char'} may change value [-Wconversion]
   33 |                         ctrl->device_id = (pci_read_config(b, d, f, 0x00) >> 16) & 0xFFFF;
      |                                                            ^
kernel/arch/x86_64/hda.c:33:63: warning: conversion from 'int' to 'uint8_t' {aka 'unsigned char'} may change value [-Wconversion]
   33 |                         ctrl->device_id = (pci_read_config(b, d, f, 0x00) >> 16) & 0xFFFF;
      |                                                               ^
kernel/arch/x86_64/hda.c:33:66: warning: conversion from 'int' to 'uint8_t' {aka 'unsigned char'} may change value [-Wconversion]
   33 |                         ctrl->device_id = (pci_read_config(b, d, f, 0x00) >> 16) & 0xFFFF;
      |                                                                  ^
kernel/arch/x86_64/hda.c:34:59: warning: conversion from 'int' to 'uint8_t' {aka 'unsigned char'} may change value [-Wconversion]
   34 |                         ctrl->interrupt = pci_read_config(b, d, f, 0x3C) & 0xFF;
      |                                                           ^
kernel/arch/x86_64/hda.c:34:62: warning: conversion from 'int' to 'uint8_t' {aka 'unsigned char'} may change value [-Wconversion]
   34 |                         ctrl->interrupt = pci_read_config(b, d, f, 0x3C) & 0xFF;
      |                                                              ^
kernel/arch/x86_64/hda.c:34:65: warning: conversion from 'int' to 'uint8_t' {aka 'unsigned char'} may change value [-Wconversion]
   34 |                         ctrl->interrupt = pci_read_config(b, d, f, 0x3C) & 0xFF;
      |                                                                 ^
kernel/arch/x86_64/hda.c:15:26: warning: unused variable 'function' [-Wunused-variable]
   15 |     uint8_t bus, device, function;
      |                          ^~~~~~~~
kernel/arch/x86_64/hda.c:15:18: warning: unused variable 'device' [-Wunused-variable]
   15 |     uint8_t bus, device, function;
      |                  ^~~~~~
kernel/arch/x86_64/hda.c:15:13: warning: unused variable 'bus' [-Wunused-variable]
   15 |     uint8_t bus, device, function;
      |             ^~~
<1> Building kernel/arch/x86_64/framebuffer.c
<2> Building kernel/arch/x86_64/ext4.c
kernel/arch/x86_64/framebuffer.c: In function 'fb_init_from_gop':
kernel/arch/x86_64/framebuffer.c:335:63: warning: unsigned conversion from 'int' to 'uint64_t' {aka 'long long unsigned int'} changes value from '-4096' to '18446744073709547520' [-Wsign-conversion]
  335 |     fb_info.total_size = (fb_info.total_size + PAGE_SIZE - 1) & ~(PAGE_SIZE - 1);
      |                                                               ^
kernel/arch/x86_64/framebuffer.c: In function 'fb_puts':
kernel/arch/x86_64/framebuffer.c:548:49: warning: unsigned conversion from 'int' to 'uint32_t' {aka 'unsigned int'} changes value from '-64' to '4294967232' [-Wsign-conversion]
  548 |             cur_x = (cur_x + FB_CHAR_WIDTH * 8) & ~(FB_CHAR_WIDTH * 8 - 1);
      |                                                 ^
kernel/arch/x86_64/framebuffer.c: In function 'fb_resolution_set':
kernel/arch/x86_64/framebuffer.c:580:63: warning: unsigned conversion from 'int' to 'uint64_t' {aka 'long long unsigned int'} changes value from '-4096' to '18446744073709547520' [-Wsign-conversion]
  580 |     fb_info.total_size = (fb_info.total_size + PAGE_SIZE - 1) & ~(PAGE_SIZE - 1);
      |                                                               ^
<0> Building kernel/arch/x86_64/ext2.c
<3> Building kernel/arch/x86_64/elf.c
In file included from kernel/arch/x86_64/ext4.c:1:
kernel/arch/x86_64/include/arch/ext4.h:275:7: warning: ISO C forbids zero-size array 'dx_entry' [-Wpedantic]
  275 |     } dx_entry[0];
      |       ^~~~~~~~
kernel/arch/x86_64/include/arch/ext4.h:289:7: warning: ISO C forbids zero-size array 'dx_entry' [-Wpedantic]
  289 |     } dx_entry[0];
      |       ^~~~~~~~
kernel/arch/x86_64/ext4.c: In function 'ext4_mount':
kernel/arch/x86_64/ext4.c:141:14: warning: unused variable 'gdt_bytes' [-Wunused-variable]
  141 |     uint64_t gdt_bytes = (uint64_t)groups_needed * fs->desc_size;
      |              ^~~~~~~~~
kernel/arch/x86_64/ext4.c: In function 'ext4_read_extent_block':
kernel/arch/x86_64/ext4.c:366:14: warning: variable 'path_blocks' set but not used [-Wunused-but-set-variable=]
  366 |     uint64_t path_blocks[EXT4_MAX_DEPTH];
      |              ^~~~~~~~~~~
kernel/arch/x86_64/ext4.c: In function 'ext4_lookup':
kernel/arch/x86_64/ext4.c:536:33: warning: unused variable 'node' [-Wunused-variable]
  536 |                 ext4_dx_node_t* node = (ext4_dx_node_t*)block_buf;
      |                                 ^~~~
kernel/arch/x86_64/ext2.c: In function 'ext2_block_to_lba':
kernel/arch/x86_64/ext2.c:11:46: warning: unused parameter 'fs' [-Wunused-parameter]
   11 | static uint32_t ext2_block_to_lba(ext2_fs_t* fs, uint32_t block)
      |                                   ~~~~~~~~~~~^~
kernel/arch/x86_64/ext2.c: In function 'ext2_read_file':
kernel/arch/x86_64/ext2.c:120:30: warning: conversion from 'uint64_t' {aka 'long long unsigned int'} to 'uint32_t' {aka 'unsigned int'} may change value [-Wconversion]
  120 |         uint32_t block_num = current_offset / EXT2_BLOCK_SIZE;
      |                              ^~~~~~~~~~~~~~
kernel/arch/x86_64/ext2.c:125:25: warning: conversion from 'uint64_t' {aka 'long long unsigned int'} to 'uint32_t' {aka 'unsigned int'} may change value [-Wconversion]
  125 |             read_size = size - bytes_read;
      |                         ^~~~
kernel/arch/x86_64/ext2.c:144:12: warning: conversion from 'uint64_t' {aka 'long long unsigned int'} to 'int' may change value [-Wconversion]
  144 |     return bytes_read;
      |            ^~~~~~~~~~
kernel/arch/x86_64/ext2.c: In function 'ext2_read':
kernel/arch/x86_64/ext2.c:306:28: warning: conversion to 'uint64_t' {aka 'long long unsigned int'} from 'int' may change the sign of the result [-Wsign-conversion]
  306 |     if (ret > 0) f->offset += ret;
      |                            ^~
kernel/arch/x86_64/ext2.c: At top level:
kernel/arch/x86_64/ext2.c:22:12: warning: 'ext2_write_block' defined but not used [-Wunused-function]
   22 | static int ext2_write_block(ext2_fs_t* fs, uint32_t block, const void* buffer)
      |            ^~~~~~~~~~~~~~~~
kernel/arch/x86_64/elf.c: In function 'elf_load_from_memory':
kernel/arch/x86_64/elf.c:78:38: warning: unsigned conversion from 'int' to 'uint64_t' {aka 'long long unsigned int'} changes value from '-4096' to '18446744073709547520' [-Wsign-conversion]
   78 |         uint64_t vaddr = ph->p_vaddr & ~(PAGE_SIZE - 1);
      |                                      ^
kernel/arch/x86_64/elf.c:79:40: warning: unsigned conversion from 'int' to 'uint64_t' {aka 'long long unsigned int'} changes value from '-4096' to '18446744073709547520' [-Wsign-conversion]
   79 |         uint64_t offset = ph->p_offset & ~(PAGE_SIZE - 1);
      |                                        ^
kernel/arch/x86_64/elf.c:82:55: warning: unsigned conversion from 'int' to 'uint64_t' {aka 'long long unsigned int'} changes value from '-4096' to '18446744073709547520' [-Wsign-conversion]
   82 |         uint64_t page_end = (mem_end + PAGE_SIZE - 1) & ~(PAGE_SIZE - 1);
      |                                                       ^
kernel/arch/x86_64/elf.c: In function 'elf_load_from_file':
kernel/arch/x86_64/elf.c:144:41: warning: conversion to 'uint64_t' {aka 'long long unsigned int'} from 'int' may change the sign of the result [-Wsign-conversion]
  144 |     int ret = elf_load_from_memory(buf, total, info);
      |                                         ^~~~~
kernel/arch/x86_64/elf.c: In function 'elf_setup_stack':
kernel/arch/x86_64/elf.c:167:15: warning: conversion to 'uint64_t' {aka 'long long unsigned int'} from 'int' may change the sign of the result [-Wsign-conversion]
  167 |     *(--sp) = argc;
      |               ^~~~
<3> Building kernel/arch/x86_64/ehci.c
<1> Building kernel/arch/x86_64/efi_runtime.c
<0> Building kernel/arch/x86_64/efi_entry.c
kernel/arch/x86_64/ehci.c: In function 'ehci_init':
kernel/arch/x86_64/ehci.c:17:59: warning: conversion from 'int' to 'uint8_t' {aka 'unsigned char'} may change value [-Wconversion]
   17 |                 uint32_t class_code_reg = pci_read_config(b, d, f, 0x08);
      |                                                           ^
kernel/arch/x86_64/ehci.c:17:62: warning: conversion from 'int' to 'uint8_t' {aka 'unsigned char'} may change value [-Wconversion]
   17 |                 uint32_t class_code_reg = pci_read_config(b, d, f, 0x08);
      |                                                              ^
kernel/arch/x86_64/ehci.c:17:65: warning: conversion from 'int' to 'uint8_t' {aka 'unsigned char'} may change value [-Wconversion]
   17 |                 uint32_t class_code_reg = pci_read_config(b, d, f, 0x08);
      |                                                                 ^
kernel/arch/x86_64/ehci.c:21:38: warning: conversion from 'uint32_t' {aka 'unsigned int'} to 'uint8_t' {aka 'unsigned char'} may change value [-Wconversion]
   21 |                 uint8_t class_code = (class_code_reg >> 24) & 0xFF;
      |                                      ^
kernel/arch/x86_64/ehci.c:27:37: warning: conversion from 'int' to 'uint8_t' {aka 'unsigned char'} may change value [-Wconversion]
   27 |                         ctrl->bus = b;
      |                                     ^
kernel/arch/x86_64/ehci.c:28:40: warning: conversion from 'int' to 'uint8_t' {aka 'unsigned char'} may change value [-Wconversion]
   28 |                         ctrl->device = d;
      |                                        ^
kernel/arch/x86_64/ehci.c:29:42: warning: conversion from 'int' to 'uint8_t' {aka 'unsigned char'} may change value [-Wconversion]
   29 |                         ctrl->function = f;
      |                                          ^
kernel/arch/x86_64/ehci.c:30:54: warning: conversion from 'int' to 'uint8_t' {aka 'unsigned char'} may change value [-Wconversion]
   30 |                         ctrl->base = pci_read_config(b, d, f, 0x10) & 0xFFFFFFF0;
      |                                                      ^
kernel/arch/x86_64/ehci.c:30:57: warning: conversion from 'int' to 'uint8_t' {aka 'unsigned char'} may change value [-Wconversion]
   30 |                         ctrl->base = pci_read_config(b, d, f, 0x10) & 0xFFFFFFF0;
      |                                                         ^
kernel/arch/x86_64/ehci.c:30:60: warning: conversion from 'int' to 'uint8_t' {aka 'unsigned char'} may change value [-Wconversion]
   30 |                         ctrl->base = pci_read_config(b, d, f, 0x10) & 0xFFFFFFF0;
      |                                                            ^
kernel/arch/x86_64/efi_entry.c: In function 'efi_print_dec':
kernel/arch/x86_64/efi_entry.c:47:24: warning: conversion from 'uint64_t' {aka 'long long unsigned int'} to 'char' may change value [-Wconversion]
   47 |             buf[i--] = '0' + (value % 10);
      |                        ^~~
<3> Building kernel/arch/x86_64/efi.c
<1> Building kernel/arch/x86_64/dns.c
<0> Building kernel/arch/x86_64/cpuidle.c
<2> Building kernel/arch/x86_64/cpufreq.c
kernel/arch/x86_64/dns.c:42:17: warning: 'dns_ntohl' defined but not used [-Wunused-function]
   42 | static uint32_t dns_ntohl(uint32_t v) { return dns_htonl(v); }
      |                 ^~~~~~~~~
kernel/arch/x86_64/cpufreq.c:111:12: warning: 'conservative_sampling_rate' defined but not used [-Wunused-variable]
  111 | static u32 conservative_sampling_rate = 200;
      |            ^~~~~~~~~~~~~~~~~~~~~~~~~~
kernel/arch/x86_64/cpufreq.c:110:12: warning: 'conservative_step' defined but not used [-Wunused-variable]
  110 | static int conservative_step = 5;
      |            ^~~~~~~~~~~~~~~~~
kernel/arch/x86_64/cpufreq.c:109:12: warning: 'conservative_down_threshold' defined but not used [-Wunused-variable]
  109 | static int conservative_down_threshold = 20;
      |            ^~~~~~~~~~~~~~~~~~~~~~~~~~~
kernel/arch/x86_64/cpufreq.c:108:12: warning: 'conservative_up_threshold' defined but not used [-Wunused-variable]
  108 | static int conservative_up_threshold = 80;
      |            ^~~~~~~~~~~~~~~~~~~~~~~~~
kernel/arch/x86_64/cpufreq.c:89:12: warning: 'ondemand_sampling_down_factor' defined but not used [-Wunused-variable]
   89 | static u32 ondemand_sampling_down_factor = ONDEMAND_SAMPLING_DOWN_FACTOR;
      |            ^~~~~~~~~~~~~~~~~~~~~~~~~~~~~
kernel/arch/x86_64/cpufreq.c:88:12: warning: 'ondemand_sampling_rate' defined but not used [-Wunused-variable]
   88 | static u32 ondemand_sampling_rate = ONDEMAND_SAMPLING_RATE_MS;
      |            ^~~~~~~~~~~~~~~~~~~~~~
kernel/arch/x86_64/cpufreq.c:87:12: warning: 'ondemand_up_threshold' defined but not used [-Wunused-variable]
   87 | static u32 ondemand_up_threshold = ONDEMAND_UP_THRESHOLD;
      |            ^~~~~~~~~~~~~~~~~~~~~
kernel/arch/x86_64/cpufreq.c:22:13: warning: 'wrmsr' defined but not used [-Wunused-function]
   22 | static void wrmsr(u32 msr, u64 val)
      |             ^~~~~
<3> Building kernel/arch/x86_64/conntrack.c
kernel/arch/x86_64/conntrack.c:6:17: warning: 'conntrack_jiffies_base' defined but not used [-Wunused-variable]
    6 | static uint64_t conntrack_jiffies_base = 0;
      |                 ^~~~~~~~~~~~~~~~~~~~~~
<0> Building kernel/arch/x86_64/com.c
<1> Building kernel/arch/x86_64/cfs.c
<2> Building kernel/arch/x86_64/buddy.c
kernel/arch/x86_64/buddy.c: In function 'buddy_free_pages':
kernel/arch/x86_64/buddy.c:163:17: warning: unsigned conversion from 'int' to 'uint32_t' {aka 'unsigned int'} changes value from '-2' to '4294967294' [-Wsign-conversion]
  163 |     page->flags &= ~PAGE_FLAG_USED;
      |                 ^~
<3> Building kernel/arch/x86_64/bpf.c
kernel/arch/x86_64/buddy.c: In function 'buddy_free_pages.part.0':
kernel/arch/x86_64/buddy.c:172:18: warning: potential null pointer dereference [-Wnull-dereference]
  172 |         if (buddy->pfn < zone->base_pfn || buddy->pfn >= zone->end_pfn) break;
      |             ~~~~~^~~~~
kernel/arch/x86_64/buddy.c:172:18: warning: potential null pointer dereference [-Wnull-dereference]
kernel/arch/x86_64/bpf.c:135:8: warning: ISO C forbids zero-size array 'data' [-Wpedantic]
  135 |     u8 data[0];
      |        ^~~~
kernel/arch/x86_64/bpf.c: In function 'hash_map_update_impl':
kernel/arch/x86_64/bpf.c:254:20: warning: conversion from 'long long unsigned int' to 'u32' {aka 'unsigned int'} may change value [-Wconversion]
  254 |     u32 entry_sz = sizeof(bpf_hash_entry_t) + hdata->key_size + hdata->value_size;
      |                    ^~~~~~
kernel/arch/x86_64/bpf.c: In function 'array_map_alloc':
kernel/arch/x86_64/bpf.c:346:34: warning: unused parameter 'key_size' [-Wunused-parameter]
  346 | static void *array_map_alloc(u32 key_size, u32 value_size, u32 max_entries)
      |                              ~~~~^~~~~~~~
kernel/arch/x86_64/bpf.c: In function 'bpf_prog_run':
kernel/arch/x86_64/bpf.c:583:17: warning: unused variable 'ssv' [-Wunused-variable]
  583 |             s64 ssv = (s64)sv;
      |                 ^~~
kernel/arch/x86_64/bpf.c:646:29: warning: conversion to 'u32' {aka 'unsigned int'} from 'int' may change the sign of the result [-Wsign-conversion]
  646 |             case BPF_JA: pc += insn->off + 1; continue;
      |                             ^~
kernel/arch/x86_64/bpf.c:718:20: warning: conversion to 'u32' {aka 'unsigned int'} from 'int' may change the sign of the result [-Wsign-conversion]
  718 |                 pc += insn->off + 1;
      |                    ^~
kernel/arch/x86_64/bpf.c:727:27: warning: conversion to 'long long unsigned int' from 'long long int' may change the sign of the result [-Wsign-conversion]
  727 |             u64 addr = sv + (s64)insn->off;
      |                           ^
kernel/arch/x86_64/bpf.c:725:17: warning: unused variable 'dv' [-Wunused-variable]
  725 |             u64 dv = get_reg(&ctx, dst);
      |                 ^~
kernel/arch/x86_64/bpf.c:746:43: warning: conversion to 'long long unsigned int' from 'long long int' may change the sign of the result [-Wsign-conversion]
  746 |                 addr = get_reg(&ctx, dst) + (s64)insn->off;
      |                                           ^
kernel/arch/x86_64/bpf.c:749:43: warning: conversion to 'long long unsigned int' from 'long long int' may change the sign of the result [-Wsign-conversion]
  749 |                 addr = get_reg(&ctx, dst) + (s64)insn->off;
      |                                           ^
kernel/arch/x86_64/bpf.c: In function 'bpf_verifier':
kernel/arch/x86_64/bpf.c:838:33: warning: conversion to 'u32' {aka 'unsigned int'} from 'int' may change the sign of the result [-Wsign-conversion]
  838 |                 s32 target = pc + insn->off + 1;
      |                                 ^
kernel/arch/x86_64/bpf.c:838:30: warning: conversion to 's32' {aka 'int'} from 'u32' {aka 'unsigned int'} may change the sign of the result [-Wsign-conversion]
  838 |                 s32 target = pc + insn->off + 1;
      |                              ^~
kernel/arch/x86_64/bpf.c: In function 'emit_dword':
kernel/arch/x86_64/bpf.c:866:27: warning: conversion from 'u32' {aka 'unsigned int'} to 'u8' {aka 'unsigned char'} may change value [-Wconversion]
  866 |     emit_byte((val >> 24) & 0xFF);
      |               ~~~~~~~~~~~~^~~~~~
kernel/arch/x86_64/bpf.c: At top level:
kernel/arch/x86_64/bpf.c:869:13: warning: 'emit_qword' defined but not used [-Wunused-function]
  869 | static void emit_qword(u64 val)
      |             ^~~~~~~~~~
<1> Building kernel/arch/x86_64/apic.c
<2> Building kernel/arch/x86_64/ahci.c
kernel/arch/x86_64/apic.c: In function 'lapic_send_ipi':
kernel/arch/x86_64/apic.c:86:38: warning: unsigned conversion from 'int' to 'uint32_t' {aka 'unsigned int'} changes value from '-16777216' to '4278190080' [-Wsign-conversion]
   86 |         lapic_write(LAPIC_ICR1, 0xFF << 24);
      |                                 ~~~~~^~~~~
kernel/arch/x86_64/apic.c: In function 'lapic_timer_calibrate':
kernel/arch/x86_64/apic.c:128:44: warning: unsigned conversion from 'int' to 'uint8_t' {aka 'unsigned char'} changes the value of '-2' [-Wsign-conversion]
  128 |         outb(PIT_SPEAKER_PORT, speaker_val & ~0x01);
      |                                ~~~~~~~~~~~~^~~~~~~
kernel/arch/x86_64/apic.c: In function 'lapic_lvt_unmask':
kernel/arch/x86_64/apic.c:172:26: warning: unsigned conversion from 'int' to 'uint32_t' {aka 'unsigned int'} changes value from '-65537' to '4294901759' [-Wsign-conversion]
  172 |     lapic_write(reg, val & ~LAPIC_TIMER_MASKED);
      |                          ^
kernel/arch/x86_64/ahci.c: In function 'ahci_init':
kernel/arch/x86_64/ahci.c:152:59: warning: conversion from 'int' to 'uint8_t' {aka 'unsigned char'} may change value [-Wconversion]
  152 |                 uint32_t class_code_reg = pci_read_config(b, d, f, 0x08);
      |                                                           ^
kernel/arch/x86_64/ahci.c:152:62: warning: conversion from 'int' to 'uint8_t' {aka 'unsigned char'} may change value [-Wconversion]
  152 |                 uint32_t class_code_reg = pci_read_config(b, d, f, 0x08);
      |                                                              ^
kernel/arch/x86_64/ahci.c:152:65: warning: conversion from 'int' to 'uint8_t' {aka 'unsigned char'} may change value [-Wconversion]
  152 |                 uint32_t class_code_reg = pci_read_config(b, d, f, 0x08);
      |                                                                 ^
kernel/arch/x86_64/ahci.c:156:38: warning: conversion from 'uint32_t' {aka 'unsigned int'} to 'uint8_t' {aka 'unsigned char'} may change value [-Wconversion]
  156 |                 uint8_t class_code = (class_code_reg >> 24) & 0xFF;
      |                                      ^
kernel/arch/x86_64/ahci.c:161:37: warning: conversion from 'int' to 'uint8_t' {aka 'unsigned char'} may change value [-Wconversion]
  161 |                         ctrl->bus = b;
      |                                     ^
kernel/arch/x86_64/ahci.c:162:40: warning: conversion from 'int' to 'uint8_t' {aka 'unsigned char'} may change value [-Wconversion]
  162 |                         ctrl->device = d;
      |                                        ^
kernel/arch/x86_64/ahci.c:163:42: warning: conversion from 'int' to 'uint8_t' {aka 'unsigned char'} may change value [-Wconversion]
  163 |                         ctrl->function = f;
      |                                          ^
kernel/arch/x86_64/ahci.c:164:54: warning: conversion from 'int' to 'uint8_t' {aka 'unsigned char'} may change value [-Wconversion]
  164 |                         ctrl->base = pci_read_config(b, d, f, 0x24) & 0xFFFFFFF0;
      |                                                      ^
kernel/arch/x86_64/ahci.c:164:57: warning: conversion from 'int' to 'uint8_t' {aka 'unsigned char'} may change value [-Wconversion]
  164 |                         ctrl->base = pci_read_config(b, d, f, 0x24) & 0xFFFFFFF0;
      |                                                         ^
kernel/arch/x86_64/ahci.c:164:60: warning: conversion from 'int' to 'uint8_t' {aka 'unsigned char'} may change value [-Wconversion]
  164 |                         ctrl->base = pci_read_config(b, d, f, 0x24) & 0xFFFFFFF0;
      |                                                            ^
kernel/arch/x86_64/ahci.c:22:22: warning: conversion to 'uint32_t' {aka 'unsigned int'} from 'int' may change the sign of the result [-Wsign-conversion]
   22 | #define AHCI_POFF    0x100
      |                      ^~~~~
kernel/arch/x86_64/ahci.c:175:52: note: in expansion of macro 'AHCI_POFF'
  175 |                                 uint32_t cmd_off = AHCI_POFF + p * AHCI_PSIZE + AHCI_PCMD;
      |                                                    ^~~~~~~~~
kernel/arch/x86_64/ahci.c:178:71: warning: unsigned conversion from 'int' to 'uint32_t' {aka 'unsigned int'} changes value from '-2' to '4294967294' [-Wsign-conversion]
  178 |                                     ahci_w32(ctrl->base, cmd_off, cmd & ~CMD_ST);
      |                                                                       ^
kernel/arch/x86_64/ahci.c:182:71: warning: unsigned conversion from 'int' to 'uint32_t' {aka 'unsigned int'} changes value from '-17' to '4294967279' [-Wsign-conversion]
  182 |                                     ahci_w32(ctrl->base, cmd_off, cmd & ~CMD_FRE);
      |                                                                       ^
kernel/arch/x86_64/ahci.c:191:81: warning: conversion to 'uint32_t' {aka 'unsigned int'} from 'int' may change the sign of the result [-Wsign-conversion]
  191 |                                 ahci_w32(ctrl->base, AHCI_POFF + p * AHCI_PSIZE + 0x00, (uint32_t)phys);
      |                                                                                 ^
kernel/arch/x86_64/ahci.c:192:81: warning: conversion to 'uint32_t' {aka 'unsigned int'} from 'int' may change the sign of the result [-Wsign-conversion]
  192 |                                 ahci_w32(ctrl->base, AHCI_POFF + p * AHCI_PSIZE + 0x04, (uint32_t)(phys >> 32));
      |                                                                                 ^
kernel/arch/x86_64/ahci.c:193:81: warning: conversion to 'uint32_t' {aka 'unsigned int'} from 'int' may change the sign of the result [-Wsign-conversion]
  193 |                                 ahci_w32(ctrl->base, AHCI_POFF + p * AHCI_PSIZE + 0x08, (uint32_t)(phys + 0x400));
      |                                                                                 ^
kernel/arch/x86_64/ahci.c:194:81: warning: conversion to 'uint32_t' {aka 'unsigned int'} from 'int' may change the sign of the result [-Wsign-conversion]
  194 |                                 ahci_w32(ctrl->base, AHCI_POFF + p * AHCI_PSIZE + 0x0C, 0);
      |                                                                                 ^
kernel/arch/x86_64/ahci.c:195:81: warning: conversion to 'uint32_t' {aka 'unsigned int'} from 'int' may change the sign of the result [-Wsign-conversion]
  195 |                                 ahci_w32(ctrl->base, AHCI_POFF + p * AHCI_PSIZE + AHCI_PIS, 0xFFFFFFFF);
      |                                                                                 ^
kernel/arch/x86_64/ahci.c:198:99: warning: conversion to 'uint32_t' {aka 'unsigned int'} from 'int' may change the sign of the result [-Wsign-conversion]
  198 |                                 ctrl->ports[p] = (ahci_port_t*)(uintptr_t)(ctrl->base + AHCI_POFF + p * AHCI_PSIZE);
      |                                                                                                   ^
<0> Building kernel/arch/x86_64/acpi_pm.c
<1> Building kernel/arch/x86_64/acpi_madt.c
kernel/arch/x86_64/acpi_pm.c: In function 'acpi_pm_write_sleep':
kernel/arch/x86_64/acpi_pm.c:136:16: warning: conversion from 'unsigned int' to 'uint16_t' {aka 'short unsigned int'} changes the value of '4294965488' [-Wconversion]
  136 |         cnt &= ~(0x070FU);
      |                ^
kernel/arch/x86_64/acpi_pm.c:144:19: warning: conversion from 'uint32_t' {aka 'unsigned int'} to 'uint16_t' {aka 'short unsigned int'} may change value [-Wconversion]
  144 |         cnt = inw(pm1_cnt_port);
      |                   ^~~~~~~~~~~~
kernel/arch/x86_64/acpi_pm.c:145:16: warning: conversion from 'unsigned int' to 'uint16_t' {aka 'short unsigned int'} changes the value of '4294965488' [-Wconversion]
  145 |         cnt &= ~(0x070FU);
      |                ^
kernel/arch/x86_64/acpi_pm.c:149:14: warning: conversion from 'uint32_t' {aka 'unsigned int'} to 'uint16_t' {aka 'short unsigned int'} may change value [-Wconversion]
  149 |         outw(pm1_cnt_port, cnt);
      |              ^~~~~~~~~~~~
kernel/arch/x86_64/acpi_pm.c: In function 'acpi_pm_init':
kernel/arch/x86_64/acpi_pm.c:186:35: warning: conversion from 'uint32_t' {aka 'unsigned int'} to 'uint16_t' {aka 'short unsigned int'} may change value [-Wconversion]
  186 |         uint16_t cnt = inw(pm_fadt->pm1a_cnt_blk);
      |                            ~~~~~~~^~~~~~~~~~~~~~
kernel/arch/x86_64/acpi_pm.c:189:25: warning: conversion from 'uint32_t' {aka 'unsigned int'} to 'uint16_t' {aka 'short unsigned int'} may change value [-Wconversion]
  189 |             outw(pm_fadt->pm1a_cnt_blk, cnt);
      |                  ~~~~~~~^~~~~~~~~~~~~~
kernel/arch/x86_64/acpi_pm.c: In function 'acpi_pm_suspend':
kernel/arch/x86_64/acpi_pm.c:214:35: warning: conversion from 'uint32_t' {aka 'unsigned int'} to 'uint16_t' {aka 'short unsigned int'} may change value [-Wconversion]
  214 |         pm_saved_cnt = inw(pm_fadt->pm1a_cnt_blk);
      |                            ~~~~~~~^~~~~~~~~~~~~~
kernel/arch/x86_64/acpi_pm.c: In function 'acpi_pm_get_timer':
kernel/arch/x86_64/acpi_pm.c:325:32: warning: conversion from 'uint32_t' {aka 'unsigned int'} to 'uint16_t' {aka 'short unsigned int'} may change value [-Wconversion]
  325 |         timer_val = inl(pm_fadt->pm_tmr_blk) & ACPI_PM_TIMER_MAX;
      |                         ~~~~~~~^~~~~~~~~~~~
kernel/arch/x86_64/acpi_pm.c: At top level:
kernel/arch/x86_64/acpi_pm.c:153:17: warning: 'acpi_pm_get_slp_typ' defined but not used [-Wunused-function]
  153 | static uint16_t acpi_pm_get_slp_typ(uint8_t* fadt_raw, uint32_t offset)
      |                 ^~~~~~~~~~~~~~~~~~~
kernel/arch/x86_64/acpi_madt.c: In function '__find_acpi_table':
kernel/arch/x86_64/acpi_madt.c:52:23: warning: conversion from 'long long unsigned int' to 'uint32_t' {aka 'unsigned int'} may change value [-Wconversion]
   52 |         entry_count = (rsdt_len - sizeof(acpi_rsdt_t)) / 8;
      |                       ^
kernel/arch/x86_64/acpi_madt.c:54:23: warning: conversion from 'long long unsigned int' to 'uint32_t' {aka 'unsigned int'} may change value [-Wconversion]
   54 |         entry_count = (rsdt_len - sizeof(acpi_rsdt_t)) / 4;
      |                       ^
kernel/arch/x86_64/acpi_madt.c: In function 'acpi_madt_parse':
kernel/arch/x86_64/acpi_madt.c:102:59: warning: ISO C forbids zero-size array [-Wpedantic]
  102 |     uint32_t offset = sizeof(acpi_madt_t) - sizeof(uint8_t[0]);
      |                                                           ^
<2> Building kernel/arch/x86_64/acpi.c
kernel/arch/x86_64/acpi_madt.c: In function 'acpi_find_rsdp':
kernel/arch/x86_64/acpi_madt.c:30:37: warning: array subscript 0 is outside array bounds of 'uint16_t[0]' {aka 'short unsigned int[]'} [-Warray-bounds=]
   30 |     uint64_t ebda_base = (uint64_t)(*ebda_seg) << 4;
      |                                    ~^~~~~~~~~~
cc1.exe: note: source object is likely at address zero
kernel/arch/x86_64/acpi.c:21:17: warning: 'scan_for_rsdp' defined but not used [-Wunused-function]
   21 | static uint8_t* scan_for_rsdp(uint32_t start, uint32_t end)
      |                 ^~~~~~~~~~~~~
<0> Building kernel/arch/x86_64/ac97.c
-- Enter folder kernel/api --
<2> Building kernel/api/kapi_vfs.c
<1> Building kernel/api/kapi_wait.c
kernel/arch/x86_64/ac97.c: In function 'ac97_init':
kernel/arch/x86_64/ac97.c:54:59: warning: conversion from 'int' to 'uint8_t' {aka 'unsigned char'} may change value [-Wconversion]
   54 |                 uint32_t class_code_reg = pci_read_config(b, d, f, 0x08);
      |                                                           ^
kernel/arch/x86_64/ac97.c:54:62: warning: conversion from 'int' to 'uint8_t' {aka 'unsigned char'} may change value [-Wconversion]
   54 |                 uint32_t class_code_reg = pci_read_config(b, d, f, 0x08);
      |                                                              ^
kernel/arch/x86_64/ac97.c:54:65: warning: conversion from 'int' to 'uint8_t' {aka 'unsigned char'} may change value [-Wconversion]
   54 |                 uint32_t class_code_reg = pci_read_config(b, d, f, 0x08);
      |                                                                 ^
kernel/arch/x86_64/ac97.c:58:38: warning: conversion from 'uint32_t' {aka 'unsigned int'} to 'uint8_t' {aka 'unsigned char'} may change value [-Wconversion]
   58 |                 uint8_t class_code = (class_code_reg >> 24) & 0xFF;
      |                                      ^
kernel/arch/x86_64/ac97.c:63:37: warning: conversion from 'int' to 'uint8_t' {aka 'unsigned char'} may change value [-Wconversion]
   63 |                         ctrl->bus = b;
      |                                     ^
kernel/arch/x86_64/ac97.c:64:40: warning: conversion from 'int' to 'uint8_t' {aka 'unsigned char'} may change value [-Wconversion]
   64 |                         ctrl->device = d;
      |                                        ^
kernel/arch/x86_64/ac97.c:65:42: warning: conversion from 'int' to 'uint8_t' {aka 'unsigned char'} may change value [-Wconversion]
   65 |                         ctrl->function = f;
      |                                          ^
kernel/arch/x86_64/ac97.c:66:62: warning: conversion from 'int' to 'uint8_t' {aka 'unsigned char'} may change value [-Wconversion]
   66 |                         ctrl->base_address = pci_read_config(b, d, f, 0x10) & 0xFFFFFFF0;
      |                                                              ^
kernel/arch/x86_64/ac97.c:66:65: warning: conversion from 'int' to 'uint8_t' {aka 'unsigned char'} may change value [-Wconversion]
   66 |                         ctrl->base_address = pci_read_config(b, d, f, 0x10) & 0xFFFFFFF0;
      |                                                                 ^
kernel/arch/x86_64/ac97.c:66:68: warning: conversion from 'int' to 'uint8_t' {aka 'unsigned char'} may change value [-Wconversion]
   66 |                         ctrl->base_address = pci_read_config(b, d, f, 0x10) & 0xFFFFFFF0;
      |                                                                    ^
kernel/arch/x86_64/ac97.c:67:58: warning: conversion from 'int' to 'uint8_t' {aka 'unsigned char'} may change value [-Wconversion]
   67 |                         ctrl->dma_base = pci_read_config(b, d, f, 0x14) & 0xFFFFFFF0;
      |                                                          ^
kernel/arch/x86_64/ac97.c:67:61: warning: conversion from 'int' to 'uint8_t' {aka 'unsigned char'} may change value [-Wconversion]
   67 |                         ctrl->dma_base = pci_read_config(b, d, f, 0x14) & 0xFFFFFFF0;
      |                                                             ^
kernel/arch/x86_64/ac97.c:67:64: warning: conversion from 'int' to 'uint8_t' {aka 'unsigned char'} may change value [-Wconversion]
   67 |                         ctrl->dma_base = pci_read_config(b, d, f, 0x14) & 0xFFFFFFF0;
      |                                                                ^
kernel/arch/x86_64/ac97.c:68:59: warning: conversion from 'int' to 'uint8_t' {aka 'unsigned char'} may change value [-Wconversion]
   68 |                         ctrl->vendor_id = pci_read_config(b, d, f, 0x00) & 0xFFFF;
      |                                                           ^
kernel/arch/x86_64/ac97.c:68:62: warning: conversion from 'int' to 'uint8_t' {aka 'unsigned char'} may change value [-Wconversion]
   68 |                         ctrl->vendor_id = pci_read_config(b, d, f, 0x00) & 0xFFFF;
      |                                                              ^
kernel/arch/x86_64/ac97.c:68:65: warning: conversion from 'int' to 'uint8_t' {aka 'unsigned char'} may change value [-Wconversion]
   68 |                         ctrl->vendor_id = pci_read_config(b, d, f, 0x00) & 0xFFFF;
      |                                                                 ^
kernel/arch/x86_64/ac97.c:69:60: warning: conversion from 'int' to 'uint8_t' {aka 'unsigned char'} may change value [-Wconversion]
   69 |                         ctrl->device_id = (pci_read_config(b, d, f, 0x00) >> 16) & 0xFFFF;
      |                                                            ^
kernel/arch/x86_64/ac97.c:69:63: warning: conversion from 'int' to 'uint8_t' {aka 'unsigned char'} may change value [-Wconversion]
   69 |                         ctrl->device_id = (pci_read_config(b, d, f, 0x00) >> 16) & 0xFFFF;
      |                                                               ^
kernel/arch/x86_64/ac97.c:69:66: warning: conversion from 'int' to 'uint8_t' {aka 'unsigned char'} may change value [-Wconversion]
   69 |                         ctrl->device_id = (pci_read_config(b, d, f, 0x00) >> 16) & 0xFFFF;
      |                                                                  ^
kernel/arch/x86_64/ac97.c:70:59: warning: conversion from 'int' to 'uint8_t' {aka 'unsigned char'} may change value [-Wconversion]
   70 |                         ctrl->interrupt = pci_read_config(b, d, f, 0x3C) & 0xFF;
      |                                                           ^
kernel/arch/x86_64/ac97.c:70:62: warning: conversion from 'int' to 'uint8_t' {aka 'unsigned char'} may change value [-Wconversion]
   70 |                         ctrl->interrupt = pci_read_config(b, d, f, 0x3C) & 0xFF;
      |                                                              ^
kernel/arch/x86_64/ac97.c:70:65: warning: conversion from 'int' to 'uint8_t' {aka 'unsigned char'} may change value [-Wconversion]
   70 |                         ctrl->interrupt = pci_read_config(b, d, f, 0x3C) & 0xFF;
      |                                                                 ^
kernel/arch/x86_64/ac97.c:50:26: warning: unused variable 'function' [-Wunused-variable]
   50 |     uint8_t bus, device, function;
      |                          ^~~~~~~~
kernel/arch/x86_64/ac97.c:50:18: warning: unused variable 'device' [-Wunused-variable]
   50 |     uint8_t bus, device, function;
      |                  ^~~~~~
kernel/arch/x86_64/ac97.c:50:13: warning: unused variable 'bus' [-Wunused-variable]
   50 |     uint8_t bus, device, function;
      |             ^~~
kernel/arch/x86_64/ac97.c:76:41: warning: 'vendor1' may be used uninitialized [-Wmaybe-uninitialized]
   76 |                         ctrl->vendor_id = vendor1;
      |                         ~~~~~~~~~~~~~~~~^~~~~~~~~
kernel/arch/x86_64/ac97.c:73:34: note: 'vendor1' was declared here
   73 |                         uint16_t vendor1, vendor2;
      |                                  ^~~~~~~
kernel/arch/x86_64/ac97.c:77:41: warning: 'vendor2' may be used uninitialized [-Wmaybe-uninitialized]
   77 |                         ctrl->device_id = vendor2;
      |                         ~~~~~~~~~~~~~~~~^~~~~~~~~
kernel/arch/x86_64/ac97.c:73:43: note: 'vendor2' was declared here
   73 |                         uint16_t vendor1, vendor2;
      |                                           ^~~~~~~
In file included from include/kapi.h:23,
                 from kernel/api/kapi_vfs.c:2:
include/kapi_bitmap.h: In function 'kapi_bitmap_set_all':
include/kapi_bitmap.h:33:26: warning: conversion from 'long long unsigned int' to 'unsigned int' may change value [-Wconversion]
   33 |     unsigned int longs = (nbits + KAPI_BITS_PER_LONG - 1) / KAPI_BITS_PER_LONG;
      |                          ^
include/kapi_bitmap.h: In function 'kapi_bitmap_clear_all':
include/kapi_bitmap.h:41:26: warning: conversion from 'long long unsigned int' to 'unsigned int' may change value [-Wconversion]
   41 |     unsigned int longs = (nbits + KAPI_BITS_PER_LONG - 1) / KAPI_BITS_PER_LONG;
      |                          ^
include/kapi_bitmap.h: In function 'kapi_bitmap_find_first':
include/kapi_bitmap.h:49:26: warning: conversion from 'long long unsigned int' to 'unsigned int' may change value [-Wconversion]
   49 |     unsigned int longs = (nbits + KAPI_BITS_PER_LONG - 1) / KAPI_BITS_PER_LONG;
      |                          ^
include/kapi_bitmap.h:56:35: warning: conversion to 'int' from 'unsigned int' may change the sign of the result [-Wsign-conversion]
   56 |                     return offset + j;
      |                            ~~~~~~~^~~
include/kapi_bitmap.h: In function 'kapi_bitmap_find_first_zero':
include/kapi_bitmap.h:66:26: warning: conversion from 'long long unsigned int' to 'unsigned int' may change value [-Wconversion]
   66 |     unsigned int longs = (nbits + KAPI_BITS_PER_LONG - 1) / KAPI_BITS_PER_LONG;
      |                          ^
include/kapi_bitmap.h:73:35: warning: conversion to 'int' from 'unsigned int' may change the sign of the result [-Wsign-conversion]
   73 |                     return offset + j;
      |                            ~~~~~~~^~~
include/kapi_bitmap.h: In function 'kapi_bitmap_count':
include/kapi_bitmap.h:84:26: warning: conversion from 'long long unsigned int' to 'unsigned int' may change value [-Wconversion]
   84 |     unsigned int longs = (nbits + KAPI_BITS_PER_LONG - 1) / KAPI_BITS_PER_LONG;
      |                          ^
In file included from include/kapi.h:23,
                 from kernel/api/kapi_wait.c:4:
include/kapi_bitmap.h: In function 'kapi_bitmap_set_all':
include/kapi_bitmap.h:33:26: warning: conversion from 'long long unsigned int' to 'unsigned int' may change value [-Wconversion]
   33 |     unsigned int longs = (nbits + KAPI_BITS_PER_LONG - 1) / KAPI_BITS_PER_LONG;
      |                          ^
include/kapi_bitmap.h: In function 'kapi_bitmap_clear_all':
include/kapi_bitmap.h:41:26: warning: conversion from 'long long unsigned int' to 'unsigned int' may change value [-Wconversion]
   41 |     unsigned int longs = (nbits + KAPI_BITS_PER_LONG - 1) / KAPI_BITS_PER_LONG;
      |                          ^
include/kapi_bitmap.h: In function 'kapi_bitmap_find_first':
include/kapi_bitmap.h:49:26: warning: conversion from 'long long unsigned int' to 'unsigned int' may change value [-Wconversion]
   49 |     unsigned int longs = (nbits + KAPI_BITS_PER_LONG - 1) / KAPI_BITS_PER_LONG;
      |                          ^
include/kapi_bitmap.h:56:35: warning: conversion to 'int' from 'unsigned int' may change the sign of the result [-Wsign-conversion]
   56 |                     return offset + j;
      |                            ~~~~~~~^~~
include/kapi_bitmap.h: In function 'kapi_bitmap_find_first_zero':
include/kapi_bitmap.h:66:26: warning: conversion from 'long long unsigned int' to 'unsigned int' may change value [-Wconversion]
   66 |     unsigned int longs = (nbits + KAPI_BITS_PER_LONG - 1) / KAPI_BITS_PER_LONG;
      |                          ^
include/kapi_bitmap.h:73:35: warning: conversion to 'int' from 'unsigned int' may change the sign of the result [-Wsign-conversion]
   73 |                     return offset + j;
      |                            ~~~~~~~^~~
include/kapi_bitmap.h: In function 'kapi_bitmap_count':
include/kapi_bitmap.h:84:26: warning: conversion from 'long long unsigned int' to 'unsigned int' may change value [-Wconversion]
   84 |     unsigned int longs = (nbits + KAPI_BITS_PER_LONG - 1) / KAPI_BITS_PER_LONG;
      |                          ^
In file included from include/kapi.h:59:
include/kapi_netlink.h: In function 'kapi_nlmsg_next':
include/kapi_netlink.h:19:37: warning: conversion to 'int' from 'uint32_t' {aka 'unsigned int'} may change the sign of the result [-Wsign-conversion]
   19 | #define KAPI_NLMSG_ALIGNTO          4
      |                                     ^
include/kapi_netlink.h:75:18: note: in expansion of macro 'KAPI_NLMSG_ALIGNTO'
   75 |     int totlen = KAPI_NLMSG_ALIGNTO * ((nlh->nlmsg_len + KAPI_NLMSG_ALIGNTO - 1) / KAPI_NLMSG_ALIGNTO);
      |                  ^~~~~~~~~~~~~~~~~~
In file included from include/kapi.h:59:
include/kapi_netlink.h: In function 'kapi_nlmsg_next':
include/kapi_netlink.h:19:37: warning: conversion to 'int' from 'uint32_t' {aka 'unsigned int'} may change the sign of the result [-Wsign-conversion]
   19 | #define KAPI_NLMSG_ALIGNTO          4
      |                                     ^
include/kapi_netlink.h:75:18: note: in expansion of macro 'KAPI_NLMSG_ALIGNTO'
   75 |     int totlen = KAPI_NLMSG_ALIGNTO * ((nlh->nlmsg_len + KAPI_NLMSG_ALIGNTO - 1) / KAPI_NLMSG_ALIGNTO);
      |                  ^~~~~~~~~~~~~~~~~~
<3> Building kernel/api/kapi_time.c
<0> Building kernel/api/kapi_syscall.c
<1> Building kernel/api/kapi_string.c
In file included from include/kapi.h:23,
                 from kernel/api/kapi_time.c:4:
include/kapi_bitmap.h: In function 'kapi_bitmap_set_all':
include/kapi_bitmap.h:33:26: warning: conversion from 'long long unsigned int' to 'unsigned int' may change value [-Wconversion]
   33 |     unsigned int longs = (nbits + KAPI_BITS_PER_LONG - 1) / KAPI_BITS_PER_LONG;
      |                          ^
include/kapi_bitmap.h: In function 'kapi_bitmap_clear_all':
include/kapi_bitmap.h:41:26: warning: conversion from 'long long unsigned int' to 'unsigned int' may change value [-Wconversion]
   41 |     unsigned int longs = (nbits + KAPI_BITS_PER_LONG - 1) / KAPI_BITS_PER_LONG;
      |                          ^
include/kapi_bitmap.h: In function 'kapi_bitmap_find_first':
include/kapi_bitmap.h:49:26: warning: conversion from 'long long unsigned int' to 'unsigned int' may change value [-Wconversion]
   49 |     unsigned int longs = (nbits + KAPI_BITS_PER_LONG - 1) / KAPI_BITS_PER_LONG;
      |                          ^
include/kapi_bitmap.h:56:35: warning: conversion to 'int' from 'unsigned int' may change the sign of the result [-Wsign-conversion]
   56 |                     return offset + j;
      |                            ~~~~~~~^~~
include/kapi_bitmap.h: In function 'kapi_bitmap_find_first_zero':
include/kapi_bitmap.h:66:26: warning: conversion from 'long long unsigned int' to 'unsigned int' may change value [-Wconversion]
   66 |     unsigned int longs = (nbits + KAPI_BITS_PER_LONG - 1) / KAPI_BITS_PER_LONG;
      |                          ^
include/kapi_bitmap.h:73:35: warning: conversion to 'int' from 'unsigned int' may change the sign of the result [-Wsign-conversion]
   73 |                     return offset + j;
      |                            ~~~~~~~^~~
include/kapi_bitmap.h: In function 'kapi_bitmap_count':
include/kapi_bitmap.h:84:26: warning: conversion from 'long long unsigned int' to 'unsigned int' may change value [-Wconversion]
   84 |     unsigned int longs = (nbits + KAPI_BITS_PER_LONG - 1) / KAPI_BITS_PER_LONG;
      |                          ^
<2> Building kernel/api/kapi_sort.c
In file included from kernel/api/kapi_syscall.c:3:
include/kapi_syscall.h: In function 'sys_read':
include/kapi_syscall.h:494:38: warning: cast from pointer to integer of different size [-Wpointer-to-int-cast]
  494 | { return kapi_syscall3(SYS_read, fd, (long)buf, count); }
      |                                      ^
include/kapi_syscall.h:494:49: warning: conversion from 'size_t' {aka 'long long unsigned int'} to 'long int' may change value [-Wconversion]
  494 | { return kapi_syscall3(SYS_read, fd, (long)buf, count); }
      |                                                 ^~~~~
include/kapi_syscall.h: In function 'sys_write':
include/kapi_syscall.h:497:39: warning: cast from pointer to integer of different size [-Wpointer-to-int-cast]
  497 | { return kapi_syscall3(SYS_write, fd, (long)buf, count); }
      |                                       ^
include/kapi_syscall.h:497:50: warning: conversion from 'size_t' {aka 'long long unsigned int'} to 'long int' may change value [-Wconversion]
  497 | { return kapi_syscall3(SYS_write, fd, (long)buf, count); }
      |                                                  ^~~~~
include/kapi_syscall.h: In function 'sys_open':
include/kapi_syscall.h:500:34: warning: cast from pointer to integer of different size [-Wpointer-to-int-cast]
  500 | { return kapi_syscall3(SYS_open, (long)pathname, flags, mode); }
      |                                  ^
include/kapi_syscall.h: In function 'sys_mmap':
include/kapi_syscall.h:509:34: warning: cast from pointer to integer of different size [-Wpointer-to-int-cast]
  509 | { return kapi_syscall6(SYS_mmap, (long)addr, length, prot, flags, fd, offset); }
      |                                  ^
include/kapi_syscall.h:509:46: warning: conversion from 'size_t' {aka 'long long unsigned int'} to 'long int' may change value [-Wconversion]
  509 | { return kapi_syscall6(SYS_mmap, (long)addr, length, prot, flags, fd, offset); }
      |                                              ^~~~~~
include/kapi_syscall.h: In function 'sys_munmap':
include/kapi_syscall.h:512:36: warning: cast from pointer to integer of different size [-Wpointer-to-int-cast]
  512 | { return kapi_syscall2(SYS_munmap, (long)addr, length); }
      |                                    ^
include/kapi_syscall.h:512:48: warning: conversion from 'size_t' {aka 'long long unsigned int'} to 'long int' may change value [-Wconversion]
  512 | { return kapi_syscall2(SYS_munmap, (long)addr, length); }
      |                                                ^~~~~~
include/kapi_syscall.h: In function 'sys_mprotect':
include/kapi_syscall.h:515:38: warning: cast from pointer to integer of different size [-Wpointer-to-int-cast]
  515 | { return kapi_syscall3(SYS_mprotect, (long)addr, len, prot); }
      |                                      ^
include/kapi_syscall.h:515:50: warning: conversion from 'size_t' {aka 'long long unsigned int'} to 'long int' may change value [-Wconversion]
  515 | { return kapi_syscall3(SYS_mprotect, (long)addr, len, prot); }
      |                                                  ^~~
include/kapi_syscall.h: In function 'sys_brk':
include/kapi_syscall.h:518:33: warning: cast from pointer to integer of different size [-Wpointer-to-int-cast]
  518 | { return kapi_syscall1(SYS_brk, (long)addr); }
      |                                 ^
include/kapi_syscall.h: In function 'sys_clone':
include/kapi_syscall.h:527:42: warning: cast from pointer to integer of different size [-Wpointer-to-int-cast]
  527 | { return kapi_syscall5(SYS_clone, flags, (long)stack, (long)ptid, (long)ctid, tls); }
      |                                          ^
include/kapi_syscall.h:527:55: warning: cast from pointer to integer of different size [-Wpointer-to-int-cast]
  527 | { return kapi_syscall5(SYS_clone, flags, (long)stack, (long)ptid, (long)ctid, tls); }
      |                                                       ^
include/kapi_syscall.h:527:67: warning: cast from pointer to integer of different size [-Wpointer-to-int-cast]
  527 | { return kapi_syscall5(SYS_clone, flags, (long)stack, (long)ptid, (long)ctid, tls); }
      |                                                                   ^
include/kapi_syscall.h:527:35: warning: conversion to 'long int' from 'long unsigned int' may change the sign of the result [-Wsign-conversion]
  527 | { return kapi_syscall5(SYS_clone, flags, (long)stack, (long)ptid, (long)ctid, tls); }
      |                                   ^~~~~
include/kapi_syscall.h:527:79: warning: conversion to 'long int' from 'long unsigned int' may change the sign of the result [-Wsign-conversion]
  527 | { return kapi_syscall5(SYS_clone, flags, (long)stack, (long)ptid, (long)ctid, tls); }
      |                                                                               ^~~
include/kapi_syscall.h: In function 'sys_execve':
include/kapi_syscall.h:530:36: warning: cast from pointer to integer of different size [-Wpointer-to-int-cast]
  530 | { return kapi_syscall3(SYS_execve, (long)filename, (long)argv, (long)envp); }
      |                                    ^
include/kapi_syscall.h:530:52: warning: cast from pointer to integer of different size [-Wpointer-to-int-cast]
  530 | { return kapi_syscall3(SYS_execve, (long)filename, (long)argv, (long)envp); }
      |                                                    ^
include/kapi_syscall.h:530:64: warning: cast from pointer to integer of different size [-Wpointer-to-int-cast]
  530 | { return kapi_syscall3(SYS_execve, (long)filename, (long)argv, (long)envp); }
      |                                                                ^
include/kapi_syscall.h: In function 'sys_wait4':
include/kapi_syscall.h:539:40: warning: cast from pointer to integer of different size [-Wpointer-to-int-cast]
  539 | { return kapi_syscall4(SYS_wait4, pid, (long)wstatus, options, (long)rusage); }
      |                                        ^
include/kapi_syscall.h:539:64: warning: cast from pointer to integer of different size [-Wpointer-to-int-cast]
  539 | { return kapi_syscall4(SYS_wait4, pid, (long)wstatus, options, (long)rusage); }
      |                                                                ^
include/kapi_syscall.h: In function 'sys_stat':
include/kapi_syscall.h:554:34: warning: cast from pointer to integer of different size [-Wpointer-to-int-cast]
  554 | { return kapi_syscall2(SYS_stat, (long)pathname, (long)statbuf); }
      |                                  ^
include/kapi_syscall.h:554:50: warning: cast from pointer to integer of different size [-Wpointer-to-int-cast]
  554 | { return kapi_syscall2(SYS_stat, (long)pathname, (long)statbuf); }
      |                                                  ^
include/kapi_syscall.h: In function 'sys_fstat':
include/kapi_syscall.h:557:39: warning: cast from pointer to integer of different size [-Wpointer-to-int-cast]
  557 | { return kapi_syscall2(SYS_fstat, fd, (long)statbuf); }
      |                                       ^
include/kapi_syscall.h: In function 'sys_lstat':
include/kapi_syscall.h:560:35: warning: cast from pointer to integer of different size [-Wpointer-to-int-cast]
  560 | { return kapi_syscall2(SYS_lstat, (long)pathname, (long)statbuf); }
      |                                   ^
include/kapi_syscall.h:560:51: warning: cast from pointer to integer of different size [-Wpointer-to-int-cast]
  560 | { return kapi_syscall2(SYS_lstat, (long)pathname, (long)statbuf); }
      |                                                   ^
include/kapi_syscall.h: In function 'sys_access':
include/kapi_syscall.h:563:36: warning: cast from pointer to integer of different size [-Wpointer-to-int-cast]
  563 | { return kapi_syscall2(SYS_access, (long)pathname, mode); }
      |                                    ^
include/kapi_syscall.h: In function 'sys_chdir':
include/kapi_syscall.h:566:35: warning: cast from pointer to integer of different size [-Wpointer-to-int-cast]
  566 | { return kapi_syscall1(SYS_chdir, (long)path); }
      |                                   ^
include/kapi_syscall.h: In function 'sys_getcwd':
include/kapi_syscall.h:569:36: warning: cast from pointer to integer of different size [-Wpointer-to-int-cast]
  569 | { return kapi_syscall2(SYS_getcwd, (long)buf, size); }
      |                                    ^
include/kapi_syscall.h:569:47: warning: conversion from 'size_t' {aka 'long long unsigned int'} to 'long int' may change value [-Wconversion]
  569 | { return kapi_syscall2(SYS_getcwd, (long)buf, size); }
      |                                               ^~~~
include/kapi_syscall.h: In function 'sys_mkdir':
include/kapi_syscall.h:572:35: warning: cast from pointer to integer of different size [-Wpointer-to-int-cast]
  572 | { return kapi_syscall2(SYS_mkdir, (long)pathname, mode); }
      |                                   ^
include/kapi_syscall.h: In function 'sys_rmdir':
include/kapi_syscall.h:575:35: warning: cast from pointer to integer of different size [-Wpointer-to-int-cast]
  575 | { return kapi_syscall1(SYS_rmdir, (long)pathname); }
      |                                   ^
include/kapi_syscall.h: In function 'sys_unlink':
include/kapi_syscall.h:578:36: warning: cast from pointer to integer of different size [-Wpointer-to-int-cast]
  578 | { return kapi_syscall1(SYS_unlink, (long)pathname); }
      |                                    ^
include/kapi_syscall.h: In function 'sys_rename':
include/kapi_syscall.h:581:36: warning: cast from pointer to integer of different size [-Wpointer-to-int-cast]
  581 | { return kapi_syscall2(SYS_rename, (long)oldpath, (long)newpath); }
      |                                    ^
include/kapi_syscall.h:581:51: warning: cast from pointer to integer of different size [-Wpointer-to-int-cast]
  581 | { return kapi_syscall2(SYS_rename, (long)oldpath, (long)newpath); }
      |                                                   ^
include/kapi_syscall.h: In function 'sys_creat':
include/kapi_syscall.h:584:35: warning: cast from pointer to integer of different size [-Wpointer-to-int-cast]
  584 | { return kapi_syscall2(SYS_creat, (long)pathname, mode); }
      |                                   ^
include/kapi_syscall.h: In function 'sys_link':
include/kapi_syscall.h:587:34: warning: cast from pointer to integer of different size [-Wpointer-to-int-cast]
  587 | { return kapi_syscall2(SYS_link, (long)oldpath, (long)newpath); }
      |                                  ^
include/kapi_syscall.h:587:49: warning: cast from pointer to integer of different size [-Wpointer-to-int-cast]
  587 | { return kapi_syscall2(SYS_link, (long)oldpath, (long)newpath); }
      |                                                 ^
include/kapi_syscall.h: In function 'sys_symlink':
include/kapi_syscall.h:590:37: warning: cast from pointer to integer of different size [-Wpointer-to-int-cast]
  590 | { return kapi_syscall2(SYS_symlink, (long)target, (long)linkpath); }
      |                                     ^
include/kapi_syscall.h:590:51: warning: cast from pointer to integer of different size [-Wpointer-to-int-cast]
  590 | { return kapi_syscall2(SYS_symlink, (long)target, (long)linkpath); }
      |                                                   ^
include/kapi_syscall.h: In function 'sys_readlink':
include/kapi_syscall.h:593:38: warning: cast from pointer to integer of different size [-Wpointer-to-int-cast]
  593 | { return kapi_syscall3(SYS_readlink, (long)pathname, (long)buf, bufsiz); }
      |                                      ^
include/kapi_syscall.h:593:54: warning: cast from pointer to integer of different size [-Wpointer-to-int-cast]
  593 | { return kapi_syscall3(SYS_readlink, (long)pathname, (long)buf, bufsiz); }
      |                                                      ^
include/kapi_syscall.h:593:65: warning: conversion from 'size_t' {aka 'long long unsigned int'} to 'long int' may change value [-Wconversion]
  593 | { return kapi_syscall3(SYS_readlink, (long)pathname, (long)buf, bufsiz); }
      |                                                                 ^~~~~~
include/kapi_syscall.h: In function 'sys_chmod':
include/kapi_syscall.h:596:35: warning: cast from pointer to integer of different size [-Wpointer-to-int-cast]
  596 | { return kapi_syscall2(SYS_chmod, (long)pathname, mode); }
      |                                   ^
include/kapi_syscall.h: In function 'sys_chown':
include/kapi_syscall.h:599:35: warning: cast from pointer to integer of different size [-Wpointer-to-int-cast]
  599 | { return kapi_syscall3(SYS_chown, (long)pathname, owner, group); }
      |                                   ^
include/kapi_syscall.h: In function 'sys_truncate':
include/kapi_syscall.h:602:38: warning: cast from pointer to integer of different size [-Wpointer-to-int-cast]
  602 | { return kapi_syscall2(SYS_truncate, (long)path, length); }
      |                                      ^
include/kapi_syscall.h: In function 'sys_pipe':
In file included from include/kapi.h:59:
include/kapi_netlink.h: In function 'kapi_nlmsg_next':
include/kapi_netlink.h:19:37: warning: conversion to 'int' from 'uint32_t' {aka 'unsigned int'} may change the sign of the result [-Wsign-conversion]
   19 | #define KAPI_NLMSG_ALIGNTO          4
      |                                     ^
include/kapi_netlink.h:75:18: note: in expansion of macro 'KAPI_NLMSG_ALIGNTO'
   75 |     int totlen = KAPI_NLMSG_ALIGNTO * ((nlh->nlmsg_len + KAPI_NLMSG_ALIGNTO - 1) / KAPI_NLMSG_ALIGNTO);
      |                  ^~~~~~~~~~~~~~~~~~
include/kapi_syscall.h:626:34: warning: cast from pointer to integer of different size [-Wpointer-to-int-cast]
  626 | { return kapi_syscall1(SYS_pipe, (long)pipefd); }
      |                                  ^
include/kapi_syscall.h: In function 'sys_pipe2':
include/kapi_syscall.h:629:35: warning: cast from pointer to integer of different size [-Wpointer-to-int-cast]
  629 | { return kapi_syscall2(SYS_pipe2, (long)pipefd, flags); }
      |                                   ^
include/kapi_syscall.h: In function 'sys_mount':
include/kapi_syscall.h:634:35: warning: cast from pointer to integer of different size [-Wpointer-to-int-cast]
  634 | { return kapi_syscall5(SYS_mount, (long)source, (long)target, (long)filesystemtype, mountflags, (long)data); }
      |                                   ^
include/kapi_syscall.h:634:49: warning: cast from pointer to integer of different size [-Wpointer-to-int-cast]
  634 | { return kapi_syscall5(SYS_mount, (long)source, (long)target, (long)filesystemtype, mountflags, (long)data); }
      |                                                 ^
include/kapi_syscall.h:634:63: warning: cast from pointer to integer of different size [-Wpointer-to-int-cast]
  634 | { return kapi_syscall5(SYS_mount, (long)source, (long)target, (long)filesystemtype, mountflags, (long)data); }
      |                                                               ^
include/kapi_syscall.h:634:97: warning: cast from pointer to integer of different size [-Wpointer-to-int-cast]
  634 | { return kapi_syscall5(SYS_mount, (long)source, (long)target, (long)filesystemtype, mountflags, (long)data); }
      |                                                                                                 ^
include/kapi_syscall.h:634:85: warning: conversion to 'long int' from 'long unsigned int' may change the sign of the result [-Wsign-conversion]
  634 | { return kapi_syscall5(SYS_mount, (long)source, (long)target, (long)filesystemtype, mountflags, (long)data); }
      |                                                                                     ^~~~~~~~~~
include/kapi_syscall.h: In function 'sys_umount2':
include/kapi_syscall.h:637:37: warning: cast from pointer to integer of different size [-Wpointer-to-int-cast]
  637 | { return kapi_syscall2(SYS_umount2, (long)target, flags); }
      |                                     ^
include/kapi_syscall.h: In function 'sys_swapon':
include/kapi_syscall.h:640:36: warning: cast from pointer to integer of different size [-Wpointer-to-int-cast]
  640 | { return kapi_syscall2(SYS_swapon, (long)path, swapflags); }
      |                                    ^
include/kapi_syscall.h: In function 'sys_swapoff':
include/kapi_syscall.h:643:37: warning: cast from pointer to integer of different size [-Wpointer-to-int-cast]
  643 | { return kapi_syscall1(SYS_swapoff, (long)path); }
      |                                     ^
include/kapi_syscall.h: In function 'sys_nanosleep':
include/kapi_syscall.h:646:39: warning: cast from pointer to integer of different size [-Wpointer-to-int-cast]
  646 | { return kapi_syscall2(SYS_nanosleep, (long)req, (long)rem); }
      |                                       ^
include/kapi_syscall.h:646:50: warning: cast from pointer to integer of different size [-Wpointer-to-int-cast]
  646 | { return kapi_syscall2(SYS_nanosleep, (long)req, (long)rem); }
      |                                                  ^
include/kapi_syscall.h: In function 'sys_gettimeofday':
include/kapi_syscall.h:649:42: warning: cast from pointer to integer of different size [-Wpointer-to-int-cast]
  649 | { return kapi_syscall2(SYS_gettimeofday, (long)tv, (long)tz); }
      |                                          ^
include/kapi_syscall.h:649:52: warning: cast from pointer to integer of different size [-Wpointer-to-int-cast]
  649 | { return kapi_syscall2(SYS_gettimeofday, (long)tv, (long)tz); }
      |                                                    ^
include/kapi_syscall.h: In function 'sys_settimeofday':
include/kapi_syscall.h:652:42: warning: cast from pointer to integer of different size [-Wpointer-to-int-cast]
  652 | { return kapi_syscall2(SYS_settimeofday, (long)tv, (long)tz); }
      |                                          ^
include/kapi_syscall.h:652:52: warning: cast from pointer to integer of different size [-Wpointer-to-int-cast]
  652 | { return kapi_syscall2(SYS_settimeofday, (long)tv, (long)tz); }
      |                                                    ^
include/kapi_syscall.h: In function 'sys_time':
include/kapi_syscall.h:655:34: warning: cast from pointer to integer of different size [-Wpointer-to-int-cast]
  655 | { return kapi_syscall1(SYS_time, (long)tloc); }
      |                                  ^
include/kapi_syscall.h: In function 'sys_clock_gettime':
include/kapi_syscall.h:658:51: warning: cast from pointer to integer of different size [-Wpointer-to-int-cast]
  658 | { return kapi_syscall2(SYS_clock_gettime, clk_id, (long)tp); }
      |                                                   ^
include/kapi_syscall.h: In function 'sys_clock_settime':
include/kapi_syscall.h:661:51: warning: cast from pointer to integer of different size [-Wpointer-to-int-cast]
  661 | { return kapi_syscall2(SYS_clock_settime, clk_id, (long)tp); }
      |                                                   ^
include/kapi_syscall.h: In function 'sys_clock_nanosleep':
include/kapi_syscall.h:664:60: warning: cast from pointer to integer of different size [-Wpointer-to-int-cast]
  664 | { return kapi_syscall4(SYS_clock_nanosleep, clk_id, flags, (long)req, (long)rem); }
      |                                                            ^
include/kapi_syscall.h:664:71: warning: cast from pointer to integer of different size [-Wpointer-to-int-cast]
  664 | { return kapi_syscall4(SYS_clock_nanosleep, clk_id, flags, (long)req, (long)rem); }
      |                                                                       ^
include/kapi_syscall.h: In function 'sys_rt_sigaction':
include/kapi_syscall.h:667:47: warning: cast from pointer to integer of different size [-Wpointer-to-int-cast]
  667 | { return kapi_syscall4(SYS_rt_sigaction, sig, (long)act, (long)oact, sigsetsize); }
      |                                               ^
include/kapi_syscall.h:667:58: warning: cast from pointer to integer of different size [-Wpointer-to-int-cast]
  667 | { return kapi_syscall4(SYS_rt_sigaction, sig, (long)act, (long)oact, sigsetsize); }
      |                                                          ^
include/kapi_syscall.h:667:70: warning: conversion from 'size_t' {aka 'long long unsigned int'} to 'long int' may change value [-Wconversion]
  667 | { return kapi_syscall4(SYS_rt_sigaction, sig, (long)act, (long)oact, sigsetsize); }
      |                                                                      ^~~~~~~~~~
include/kapi_syscall.h: In function 'sys_rt_sigprocmask':
include/kapi_syscall.h:670:49: warning: cast from pointer to integer of different size [-Wpointer-to-int-cast]
  670 | { return kapi_syscall4(SYS_rt_sigprocmask, how, (long)set, (long)oldset, sigsetsize); }
      |                                                 ^
include/kapi_syscall.h:670:60: warning: cast from pointer to integer of different size [-Wpointer-to-int-cast]
  670 | { return kapi_syscall4(SYS_rt_sigprocmask, how, (long)set, (long)oldset, sigsetsize); }
      |                                                            ^
include/kapi_syscall.h:670:74: warning: conversion from 'size_t' {aka 'long long unsigned int'} to 'long int' may change value [-Wconversion]
  670 | { return kapi_syscall4(SYS_rt_sigprocmask, how, (long)set, (long)oldset, sigsetsize); }
      |                                                                          ^~~~~~~~~~
include/kapi_syscall.h: In function 'sys_ioctl':
include/kapi_syscall.h:679:39: warning: conversion to 'long int' from 'long unsigned int' may change the sign of the result [-Wsign-conversion]
  679 | { return kapi_syscall3(SYS_ioctl, fd, request, arg); }
      |                                       ^~~~~~~
include/kapi_syscall.h: In function 'sys_pread64':
include/kapi_syscall.h:682:41: warning: cast from pointer to integer of different size [-Wpointer-to-int-cast]
  682 | { return kapi_syscall4(SYS_pread64, fd, (long)buf, count, offset); }
      |                                         ^
include/kapi_syscall.h:682:52: warning: conversion from 'size_t' {aka 'long long unsigned int'} to 'long int' may change value [-Wconversion]
  682 | { return kapi_syscall4(SYS_pread64, fd, (long)buf, count, offset); }
      |                                                    ^~~~~
include/kapi_syscall.h: In function 'sys_pwrite64':
include/kapi_syscall.h:685:42: warning: cast from pointer to integer of different size [-Wpointer-to-int-cast]
  685 | { return kapi_syscall4(SYS_pwrite64, fd, (long)buf, count, offset); }
      |                                          ^
include/kapi_syscall.h:685:53: warning: conversion from 'size_t' {aka 'long long unsigned int'} to 'long int' may change value [-Wconversion]
  685 | { return kapi_syscall4(SYS_pwrite64, fd, (long)buf, count, offset); }
      |                                                     ^~~~~
include/kapi_syscall.h: In function 'sys_readv':
include/kapi_syscall.h:688:39: warning: cast from pointer to integer of different size [-Wpointer-to-int-cast]
  688 | { return kapi_syscall3(SYS_readv, fd, (long)iov, iovcnt); }
      |                                       ^
include/kapi_syscall.h: In function 'sys_writev':
include/kapi_syscall.h:691:40: warning: cast from pointer to integer of different size [-Wpointer-to-int-cast]
  691 | { return kapi_syscall3(SYS_writev, fd, (long)iov, iovcnt); }
      |                                        ^
include/kapi_syscall.h: In function 'sys_getdents':
include/kapi_syscall.h:694:42: warning: cast from pointer to integer of different size [-Wpointer-to-int-cast]
  694 | { return kapi_syscall3(SYS_getdents, fd, (long)dirp, count); }
      |                                          ^
include/kapi_syscall.h:694:54: warning: conversion to 'long int' from 'unsigned int' may change the sign of the result [-Wsign-conversion]
  694 | { return kapi_syscall3(SYS_getdents, fd, (long)dirp, count); }
      |                                                      ^~~~~
include/kapi_syscall.h: In function 'sys_getdents64':
include/kapi_syscall.h:697:44: warning: cast from pointer to integer of different size [-Wpointer-to-int-cast]
  697 | { return kapi_syscall3(SYS_getdents64, fd, (long)dirp, count); }
      |                                            ^
In file included from include/kapi.h:23,
                 from kernel/api/kapi_string.c:4:
include/kapi_bitmap.h: In function 'kapi_bitmap_set_all':
include/kapi_bitmap.h:33:26: warning: conversion from 'long long unsigned int' to 'unsigned int' may change value [-Wconversion]
   33 |     unsigned int longs = (nbits + KAPI_BITS_PER_LONG - 1) / KAPI_BITS_PER_LONG;
      |                          ^
include/kapi_bitmap.h: In function 'kapi_bitmap_clear_all':
include/kapi_bitmap.h:41:26: warning: conversion from 'long long unsigned int' to 'unsigned int' may change value [-Wconversion]
   41 |     unsigned int longs = (nbits + KAPI_BITS_PER_LONG - 1) / KAPI_BITS_PER_LONG;
      |                          ^
include/kapi_bitmap.h: In function 'kapi_bitmap_find_first':
include/kapi_bitmap.h:49:26: warning: conversion from 'long long unsigned int' to 'unsigned int' may change value [-Wconversion]
   49 |     unsigned int longs = (nbits + KAPI_BITS_PER_LONG - 1) / KAPI_BITS_PER_LONG;
      |                          ^
include/kapi_bitmap.h:56:35: warning: conversion to 'int' from 'unsigned int' may change the sign of the result [-Wsign-conversion]
   56 |                     return offset + j;
      |                            ~~~~~~~^~~
include/kapi_bitmap.h: In function 'kapi_bitmap_find_first_zero':
include/kapi_bitmap.h:66:26: warning: conversion from 'long long unsigned int' to 'unsigned int' may change value [-Wconversion]
   66 |     unsigned int longs = (nbits + KAPI_BITS_PER_LONG - 1) / KAPI_BITS_PER_LONG;
      |                          ^
include/kapi_bitmap.h:73:35: warning: conversion to 'int' from 'unsigned int' may change the sign of the result [-Wsign-conversion]
   73 |                     return offset + j;
      |                            ~~~~~~~^~~
include/kapi_bitmap.h: In function 'kapi_bitmap_count':
include/kapi_bitmap.h:84:26: warning: conversion from 'long long unsigned int' to 'unsigned int' may change value [-Wconversion]
   84 |     unsigned int longs = (nbits + KAPI_BITS_PER_LONG - 1) / KAPI_BITS_PER_LONG;
      |                          ^
include/kapi_syscall.h:697:56: warning: conversion to 'long int' from 'unsigned int' may change the sign of the result [-Wsign-conversion]
  697 | { return kapi_syscall3(SYS_getdents64, fd, (long)dirp, count); }
      |                                                        ^~~~~
include/kapi_syscall.h: In function 'sys_getgroups':
include/kapi_syscall.h:718:45: warning: cast from pointer to integer of different size [-Wpointer-to-int-cast]
  718 | { return kapi_syscall2(SYS_getgroups, size, (long)list); }
      |                                             ^
include/kapi_syscall.h: In function 'sys_setgroups':
include/kapi_syscall.h:721:45: warning: cast from pointer to integer of different size [-Wpointer-to-int-cast]
  721 | { return kapi_syscall2(SYS_setgroups, size, (long)list); }
      |                                             ^
include/kapi_syscall.h: In function 'sys_uname':
include/kapi_syscall.h:724:35: warning: cast from pointer to integer of different size [-Wpointer-to-int-cast]
  724 | { return kapi_syscall1(SYS_uname, (long)buf); }
      |                                   ^
include/kapi_syscall.h: In function 'sys_sysinfo':
include/kapi_syscall.h:727:37: warning: cast from pointer to integer of different size [-Wpointer-to-int-cast]
  727 | { return kapi_syscall1(SYS_sysinfo, (long)info); }
      |                                     ^
include/kapi_syscall.h: In function 'sys_getrlimit':
include/kapi_syscall.h:730:49: warning: cast from pointer to integer of different size [-Wpointer-to-int-cast]
  730 | { return kapi_syscall2(SYS_getrlimit, resource, (long)rlim); }
      |                                                 ^
include/kapi_syscall.h: In function 'sys_setrlimit':
include/kapi_syscall.h:733:49: warning: cast from pointer to integer of different size [-Wpointer-to-int-cast]
  733 | { return kapi_syscall2(SYS_setrlimit, resource, (long)rlim); }
      |                                                 ^
include/kapi_syscall.h: In function 'sys_getrusage':
include/kapi_syscall.h:736:44: warning: cast from pointer to integer of different size [-Wpointer-to-int-cast]
  736 | { return kapi_syscall2(SYS_getrusage, who, (long)usage); }
      |                                            ^
include/kapi_syscall.h: In function 'sys_times':
include/kapi_syscall.h:739:35: warning: cast from pointer to integer of different size [-Wpointer-to-int-cast]
  739 | { return kapi_syscall1(SYS_times, (long)tbuf); }
      |                                   ^
include/kapi_syscall.h: In function 'sys_reboot':
include/kapi_syscall.h:754:57: warning: cast from pointer to integer of different size [-Wpointer-to-int-cast]
  754 | { return kapi_syscall4(SYS_reboot, magic1, magic2, cmd, (long)arg); }
      |                                                         ^
include/kapi_syscall.h: In function 'sys_chroot':
include/kapi_syscall.h:757:36: warning: cast from pointer to integer of different size [-Wpointer-to-int-cast]
  757 | { return kapi_syscall1(SYS_chroot, (long)path); }
      |                                    ^
include/kapi_syscall.h: In function 'sys_sethostname':
include/kapi_syscall.h:760:41: warning: cast from pointer to integer of different size [-Wpointer-to-int-cast]
  760 | { return kapi_syscall2(SYS_sethostname, (long)name, len); }
      |                                         ^
include/kapi_syscall.h: In function 'sys_setdomainname':
include/kapi_syscall.h:763:43: warning: cast from pointer to integer of different size [-Wpointer-to-int-cast]
  763 | { return kapi_syscall2(SYS_setdomainname, (long)name, len); }
      |                                           ^
include/kapi_syscall.h: In function 'sys_init_module':
include/kapi_syscall.h:766:41: warning: cast from pointer to integer of different size [-Wpointer-to-int-cast]
  766 | { return kapi_syscall3(SYS_init_module, (long)module_image, len, (long)param_values); }
      |                                         ^
include/kapi_syscall.h:766:66: warning: cast from pointer to integer of different size [-Wpointer-to-int-cast]
  766 | { return kapi_syscall3(SYS_init_module, (long)module_image, len, (long)param_values); }
      |                                                                  ^
include/kapi_syscall.h:766:61: warning: conversion to 'long int' from 'long unsigned int' may change the sign of the result [-Wsign-conversion]
  766 | { return kapi_syscall3(SYS_init_module, (long)module_image, len, (long)param_values); }
      |                                                             ^~~
include/kapi_syscall.h: In function 'sys_delete_module':
include/kapi_syscall.h:769:43: warning: cast from pointer to integer of different size [-Wpointer-to-int-cast]
  769 | { return kapi_syscall2(SYS_delete_module, (long)name, flags); }
      |                                           ^
include/kapi_syscall.h:769:55: warning: conversion to 'long int' from 'unsigned int' may change the sign of the result [-Wsign-conversion]
  769 | { return kapi_syscall2(SYS_delete_module, (long)name, flags); }
      |                                                       ^~~~~
include/kapi_syscall.h: In function 'sys_finit_module':
include/kapi_syscall.h:772:46: warning: cast from pointer to integer of different size [-Wpointer-to-int-cast]
  772 | { return kapi_syscall3(SYS_finit_module, fd, (long)param_values, flags); }
      |                                              ^
In file included from include/kapi.h:23,
                 from kernel/api/kapi_syscall.c:4:
include/kapi_bitmap.h: In function 'kapi_bitmap_set_all':
include/kapi_bitmap.h:33:26: warning: conversion from 'long long unsigned int' to 'unsigned int' may change value [-Wconversion]
   33 |     unsigned int longs = (nbits + KAPI_BITS_PER_LONG - 1) / KAPI_BITS_PER_LONG;
      |                          ^
include/kapi_bitmap.h: In function 'kapi_bitmap_clear_all':
include/kapi_bitmap.h:41:26: warning: conversion from 'long long unsigned int' to 'unsigned int' may change value [-Wconversion]
   41 |     unsigned int longs = (nbits + KAPI_BITS_PER_LONG - 1) / KAPI_BITS_PER_LONG;
      |                          ^
include/kapi_bitmap.h: In function 'kapi_bitmap_find_first':
include/kapi_bitmap.h:49:26: warning: conversion from 'long long unsigned int' to 'unsigned int' may change value [-Wconversion]
   49 |     unsigned int longs = (nbits + KAPI_BITS_PER_LONG - 1) / KAPI_BITS_PER_LONG;
      |                          ^
include/kapi_bitmap.h:56:35: warning: conversion to 'int' from 'unsigned int' may change the sign of the result [-Wsign-conversion]
   56 |                     return offset + j;
      |                            ~~~~~~~^~~
include/kapi_bitmap.h: In function 'kapi_bitmap_find_first_zero':
include/kapi_bitmap.h:66:26: warning: conversion from 'long long unsigned int' to 'unsigned int' may change value [-Wconversion]
   66 |     unsigned int longs = (nbits + KAPI_BITS_PER_LONG - 1) / KAPI_BITS_PER_LONG;
      |                          ^
include/kapi_bitmap.h:73:35: warning: conversion to 'int' from 'unsigned int' may change the sign of the result [-Wsign-conversion]
   73 |                     return offset + j;
      |                            ~~~~~~~^~~
include/kapi_bitmap.h: In function 'kapi_bitmap_count':
include/kapi_bitmap.h:84:26: warning: conversion from 'long long unsigned int' to 'unsigned int' may change value [-Wconversion]
   84 |     unsigned int longs = (nbits + KAPI_BITS_PER_LONG - 1) / KAPI_BITS_PER_LONG;
      |                          ^
In file included from include/kapi.h:59:
include/kapi_netlink.h: In function 'kapi_nlmsg_next':
include/kapi_netlink.h:19:37: warning: conversion to 'int' from 'uint32_t' {aka 'unsigned int'} may change the sign of the result [-Wsign-conversion]
   19 | #define KAPI_NLMSG_ALIGNTO          4
      |                                     ^
include/kapi_netlink.h:75:18: note: in expansion of macro 'KAPI_NLMSG_ALIGNTO'
   75 |     int totlen = KAPI_NLMSG_ALIGNTO * ((nlh->nlmsg_len + KAPI_NLMSG_ALIGNTO - 1) / KAPI_NLMSG_ALIGNTO);
      |                  ^~~~~~~~~~~~~~~~~~
kernel/api/kapi_string.c: In function 'kapi_vsnprintf':
kernel/api/kapi_string.c:78:35: warning: conversion from 'int' to 'char' may change value [-Wconversion]
   78 |                     buffer[i++] = '0' + (n % 10);
      |                                   ^~~
In file included from include/kapi.h:59:
include/kapi_netlink.h: In function 'kapi_nlmsg_next':
include/kapi_netlink.h:19:37: warning: conversion to 'int' from 'uint32_t' {aka 'unsigned int'} may change the sign of the result [-Wsign-conversion]
   19 | #define KAPI_NLMSG_ALIGNTO          4
      |                                     ^
include/kapi_netlink.h:75:18: note: in expansion of macro 'KAPI_NLMSG_ALIGNTO'
   75 |     int totlen = KAPI_NLMSG_ALIGNTO * ((nlh->nlmsg_len + KAPI_NLMSG_ALIGNTO - 1) / KAPI_NLMSG_ALIGNTO);
      |                  ^~~~~~~~~~~~~~~~~~
kernel/api/kapi_syscall.c: In function 'sys_read_impl':
kernel/api/kapi_syscall.c:198:46: warning: cast to pointer from integer of different size [-Wint-to-pointer-cast]
  198 |             ret = kapi_read(entry->obj.file, (void*)buf, (size_t)count);
      |                                              ^
kernel/api/kapi_syscall.c:204:46: warning: cast to pointer from integer of different size [-Wint-to-pointer-cast]
  204 |             ret = fifo_read(entry->obj.pipe, (void*)buf, (uint64_t)count);
      |                                              ^
kernel/api/kapi_syscall.c:212:43: warning: conversion from 'int64_t' {aka 'long long int'} to 'long int' may change value [-Wconversion]
  212 |     return ret < 0 ? KENUX_ERR(KENUX_EIO) : ret;
      |            ~~~~~~~~~~~~~~~~~~~~~~~~~~~~~~~^~~~~
kernel/api/kapi_syscall.c: In function 'sys_write_impl':
kernel/api/kapi_syscall.c:224:21: warning: cast to pointer from integer of different size [-Wint-to-pointer-cast]
  224 |         memcpy(tmp, (void*)buf, to_write);
      |                     ^
kernel/api/kapi_syscall.c:239:47: warning: cast to pointer from integer of different size [-Wint-to-pointer-cast]
  239 |             ret = kapi_write(entry->obj.file, (void*)buf, (size_t)count);
      |                                               ^
kernel/api/kapi_syscall.c:245:47: warning: cast to pointer from integer of different size [-Wint-to-pointer-cast]
  245 |             ret = fifo_write(entry->obj.pipe, (void*)buf, (uint64_t)count);
      |                                               ^
kernel/api/kapi_syscall.c:253:43: warning: conversion from 'int64_t' {aka 'long long int'} to 'long int' may change value [-Wconversion]
  253 |     return ret < 0 ? KENUX_ERR(KENUX_EIO) : ret;
      |            ~~~~~~~~~~~~~~~~~~~~~~~~~~~~~~~^~~~~
kernel/api/kapi_syscall.c: In function 'sys_open_impl':
kernel/api/kapi_syscall.c:271:37: warning: cast to pointer from integer of different size [-Wint-to-pointer-cast]
  271 |         kapi_dir_t d = kapi_opendir((const char*)pathname);
      |                                     ^
kernel/api/kapi_syscall.c:285:31: warning: cast to pointer from integer of different size [-Wint-to-pointer-cast]
  285 |     kapi_file_t f = kapi_open((const char*)pathname, kflags, (int)mode);
      |                               ^
kernel/api/kapi_syscall.c: In function 'sys_stat_impl':
kernel/api/kapi_syscall.c:349:25: warning: cast to pointer from integer of different size [-Wint-to-pointer-cast]
  349 |     int ret = kapi_stat((const char*)pathname, &kst);
      |                         ^
kernel/api/kapi_syscall.c:352:65: warning: cast to pointer from integer of different size [-Wint-to-pointer-cast]
  352 |     struct { uint64_t st_dev, st_ino; uint32_t st_mode; } *st = (void*)statbuf;
      |                                                                 ^
kernel/api/kapi_syscall.c: In function 'sys_fstat_impl':
kernel/api/kapi_syscall.c:367:12: warning: cast to pointer from integer of different size [-Wint-to-pointer-cast]
  367 |     memset((void*)statbuf, 0, 128);
      |            ^
kernel/api/kapi_syscall.c: In function 'sys_lseek_impl':
kernel/api/kapi_syscall.c:381:45: warning: conversion from 'int64_t' {aka 'long long int'} to 'long int' may change value [-Wconversion]
  381 |     return ret < 0 ? KENUX_ERR(KENUX_EBADF) : ret;
      |            ~~~~~~~~~~~~~~~~~~~~~~~~~~~~~~~~~^~~~~
kernel/api/kapi_syscall.c: In function 'sys_rt_sigaction_impl':
kernel/api/kapi_syscall.c:458:42: warning: cast to pointer from integer of different size [-Wint-to-pointer-cast]
  458 |     int ret = signal_sigaction((int)sig, (const k_sigaction_t*)act, (k_sigaction_t*)oact);
      |                                          ^
kernel/api/kapi_syscall.c:458:69: warning: cast to pointer from integer of different size [-Wint-to-pointer-cast]
  458 |     int ret = signal_sigaction((int)sig, (const k_sigaction_t*)act, (k_sigaction_t*)oact);
      |                                                                     ^
kernel/api/kapi_syscall.c: In function 'sys_rt_sigprocmask_impl':
kernel/api/kapi_syscall.c:469:44: warning: cast to pointer from integer of different size [-Wint-to-pointer-cast]
  469 |     int ret = signal_sigprocmask((int)how, (const k_sigset_t*)set, (k_sigset_t*)oset);
      |                                            ^
kernel/api/kapi_syscall.c:469:68: warning: cast to pointer from integer of different size [-Wint-to-pointer-cast]
  469 |     int ret = signal_sigprocmask((int)how, (const k_sigset_t*)set, (k_sigset_t*)oset);
      |                                                                    ^
kernel/api/kapi_syscall.c: In function 'sys_ioctl_impl':
kernel/api/kapi_syscall.c:485:54: warning: cast to pointer from integer of different size [-Wint-to-pointer-cast]
  485 |     int ret = kapi_dev_ioctl(dev, (uint32_t)request, (void*)arg);
      |                                                      ^
kernel/api/kapi_syscall.c: In function 'sys_access_impl':
kernel/api/kapi_syscall.c:496:25: warning: cast to pointer from integer of different size [-Wint-to-pointer-cast]
  496 |     int ret = kapi_stat((const char*)pathname, &st);
      |                         ^
kernel/api/kapi_syscall.c: In function 'sys_pipe_impl':
kernel/api/kapi_syscall.c:530:16: warning: cast to pointer from integer of different size [-Wint-to-pointer-cast]
  530 |     int* fds = (int*)pipefd;
      |                ^
kernel/api/kapi_syscall.c: In function 'sys_nanosleep_impl':
kernel/api/kapi_syscall.c:576:49: warning: cast to pointer from integer of different size [-Wint-to-pointer-cast]
  576 |     struct { long tv_sec; long tv_nsec; } *ts = (void*)req;
      |                                                 ^
kernel/api/kapi_syscall.c: In function 'sys_execve_impl':
kernel/api/kapi_syscall.c:710:34: warning: cast to pointer from integer of different size [-Wint-to-pointer-cast]
  710 |     int ret = elf_load_from_file((const char*)filename, &info);
      |                                  ^
kernel/api/kapi_syscall.c:715:39: warning: cast to pointer from integer of different size [-Wint-to-pointer-cast]
  715 |         const char* dummy_argv[2] = { (const char*)filename, NULL };
      |                                       ^
kernel/api/kapi_syscall.c: In function 'sys_wait4_impl':
kernel/api/kapi_syscall.c:740:10: warning: cast to pointer from integer of different size [-Wint-to-pointer-cast]
  740 |         *(int*)wstatus = status;
      |          ^
kernel/api/kapi_syscall.c: In function 'sys_uname_impl':
kernel/api/kapi_syscall.c:771:12: warning: cast to pointer from integer of different size [-Wint-to-pointer-cast]
  771 |     } *u = (void*)buf;
      |            ^
kernel/api/kapi_syscall.c: In function 'sys_getcwd_impl':
kernel/api/kapi_syscall.c:813:29: warning: cast to pointer from integer of different size [-Wint-to-pointer-cast]
  813 |     char* ret = kapi_getcwd((char*)buf, (size_t)size);
      |                             ^
kernel/api/kapi_syscall.c: In function 'sys_chdir_impl':
kernel/api/kapi_syscall.c:821:26: warning: cast to pointer from integer of different size [-Wint-to-pointer-cast]
  821 |     int ret = kapi_chdir((const char*)path);
      |                          ^
kernel/api/kapi_syscall.c: In function 'sys_rename_impl':
kernel/api/kapi_syscall.c:829:27: warning: cast to pointer from integer of different size [-Wint-to-pointer-cast]
  829 |     int ret = kapi_rename((const char*)oldpath, (const char*)newpath);
      |                           ^
kernel/api/kapi_syscall.c:829:49: warning: cast to pointer from integer of different size [-Wint-to-pointer-cast]
  829 |     int ret = kapi_rename((const char*)oldpath, (const char*)newpath);
      |                                                 ^
kernel/api/kapi_syscall.c: In function 'sys_mkdir_impl':
kernel/api/kapi_syscall.c:837:26: warning: cast to pointer from integer of different size [-Wint-to-pointer-cast]
  837 |     int ret = kapi_mkdir((const char*)pathname, (int)mode);
      |                          ^
kernel/api/kapi_syscall.c: In function 'sys_rmdir_impl':
kernel/api/kapi_syscall.c:845:26: warning: cast to pointer from integer of different size [-Wint-to-pointer-cast]
  845 |     int ret = kapi_rmdir((const char*)pathname);
      |                          ^
kernel/api/kapi_syscall.c: In function 'sys_unlink_impl':
kernel/api/kapi_syscall.c:866:27: warning: cast to pointer from integer of different size [-Wint-to-pointer-cast]
  866 |     int ret = kapi_unlink((const char*)pathname);
      |                           ^
kernel/api/kapi_syscall.c: In function 'sys_chmod_impl':
kernel/api/kapi_syscall.c:889:46: warning: cast to pointer from integer of different size [-Wint-to-pointer-cast]
  889 |     vfs_node_t* node = syscall_vfs_find_path((const char*)pathname);
      |                                              ^
kernel/api/kapi_syscall.c: In function 'sys_chown_impl':
kernel/api/kapi_syscall.c:900:46: warning: cast to pointer from integer of different size [-Wint-to-pointer-cast]
  900 |     vfs_node_t* node = syscall_vfs_find_path((const char*)pathname);
      |                                              ^
kernel/api/kapi_syscall.c: In function 'sys_gettimeofday_impl':
kernel/api/kapi_syscall.c:923:52: warning: cast to pointer from integer of different size [-Wint-to-pointer-cast]
  923 |         struct { long tv_sec; long tv_usec; } *t = (void*)tv;
      |                                                    ^
kernel/api/kapi_syscall.c: In function 'sys_getrlimit_impl':
kernel/api/kapi_syscall.c:936:51: warning: cast to pointer from integer of different size [-Wint-to-pointer-cast]
  936 |     struct { long rlim_cur; long rlim_max; } *r = (void*)rlim;
      |                                                   ^
kernel/api/kapi_syscall.c: In function 'sys_getrusage_impl':
In file included from include/kapi.h:23,
kernel/api/kapi_syscall.c:946:23: warning: cast to pointer from integer of different size [-Wint-to-pointer-cast]
                 from kernel/api/kapi_sort.c:2:
  946 |     if (usage) memset((void*)usage, 0, 144);
include/kapi_bitmap.h: In function 'kapi_bitmap_set_all':
      |                       ^
include/kapi_bitmap.h:33:26: warning: conversion from 'long long unsigned int' to 'unsigned int' may change value [-Wconversion]
   33 |     unsigned int longs = (nbits + KAPI_BITS_PER_LONG - 1) / KAPI_BITS_PER_LONG;
      |                          ^
include/kapi_bitmap.h: In function 'kapi_bitmap_clear_all':
include/kapi_bitmap.h:41:26: warning: conversion from 'long long unsigned int' to 'unsigned int' may change value [-Wconversion]
   41 |     unsigned int longs = (nbits + KAPI_BITS_PER_LONG - 1) / KAPI_BITS_PER_LONG;
      |                          ^
include/kapi_bitmap.h: In function 'kapi_bitmap_find_first':
include/kapi_bitmap.h:49:26: warning: conversion from 'long long unsigned int' to 'unsigned int' may change value [-Wconversion]
   49 |     unsigned int longs = (nbits + KAPI_BITS_PER_LONG - 1) / KAPI_BITS_PER_LONG;
      |                          ^
include/kapi_bitmap.h:56:35: warning: conversion to 'int' from 'unsigned int' may change the sign of the result [-Wsign-conversion]
   56 |                     return offset + j;
      |                            ~~~~~~~^~~
include/kapi_bitmap.h: In function 'kapi_bitmap_find_first_zero':
include/kapi_bitmap.h:66:26: warning: conversion from 'long long unsigned int' to 'unsigned int' may change value [-Wconversion]
   66 |     unsigned int longs = (nbits + KAPI_BITS_PER_LONG - 1) / KAPI_BITS_PER_LONG;
      |                          ^
include/kapi_bitmap.h:73:35: warning: conversion to 'int' from 'unsigned int' may change the sign of the result [-Wsign-conversion]
   73 |                     return offset + j;
      |                            ~~~~~~~^~~
include/kapi_bitmap.h: In function 'kapi_bitmap_count':
include/kapi_bitmap.h:84:26: warning: conversion from 'long long unsigned int' to 'unsigned int' may change value [-Wconversion]
   84 |     unsigned int longs = (nbits + KAPI_BITS_PER_LONG - 1) / KAPI_BITS_PER_LONG;
      |                          ^
kernel/api/kapi_syscall.c: In function 'sys_sysinfo_impl':
kernel/api/kapi_syscall.c:969:13: warning: cast to pointer from integer of different size [-Wint-to-pointer-cast]
  969 |     } *si = (void*)info;
      |             ^
kernel/api/kapi_syscall.c: In function 'sys_times_impl':
kernel/api/kapi_syscall.c:985:22: warning: cast to pointer from integer of different size [-Wint-to-pointer-cast]
  985 |     if (tbuf) memset((void*)tbuf, 0, 32);
      |                      ^
kernel/api/kapi_syscall.c: In function 'sys_getdents64_impl':
kernel/api/kapi_syscall.c:1092:32: warning: cast to pointer from integer of different size [-Wint-to-pointer-cast]
 1092 |     struct linux_dirent64* d = (struct linux_dirent64*)dirp;
      |                                ^
kernel/api/kapi_syscall.c: In function 'sys_clock_gettime_impl':
kernel/api/kapi_syscall.c:1110:48: warning: cast to pointer from integer of different size [-Wint-to-pointer-cast]
 1110 |     struct { long tv_sec; long tv_nsec; } *t = (void*)tp;
      |                                                ^
kernel/api/kapi_syscall.c: In function 'sys_chroot_impl':
kernel/api/kapi_syscall.c:1161:46: warning: cast to pointer from integer of different size [-Wint-to-pointer-cast]
 1161 |     vfs_node_t* node = syscall_vfs_find_path((const char*)path);
      |                                              ^
kernel/api/kapi_syscall.c:1165:41: warning: cast to pointer from integer of different size [-Wint-to-pointer-cast]
 1165 |     strncpy(proc_root[current_process], (const char*)path, sizeof(proc_root[0]) - 1);
      |                                         ^
kernel/api/kapi_syscall.c: In function 'sys_sethostname_impl':
kernel/api/kapi_syscall.c:1178:28: warning: cast to pointer from integer of different size [-Wint-to-pointer-cast]
 1178 |     memcpy(kenux_hostname, (const void*)name, (size_t)len);
      |                            ^
kernel/api/kapi_syscall.c: In function 'sys_init_module_impl':
kernel/api/kapi_syscall.c:1190:27: warning: cast to pointer from integer of different size [-Wint-to-pointer-cast]
 1190 |     int ret = module_load((const void*)module_image, (uint64_t)len, "unknown");
      |                           ^
kernel/api/kapi_syscall.c: In function 'sys_delete_module_impl':
kernel/api/kapi_syscall.c:1201:29: warning: cast to pointer from integer of different size [-Wint-to-pointer-cast]
 1201 |     int ret = module_unload((const char*)name);
      |                             ^
kernel/api/kapi_syscall.c: In function 'sys_getrandom_impl':
kernel/api/kapi_syscall.c:1237:18: warning: cast to pointer from integer of different size [-Wint-to-pointer-cast]
 1237 |     uint8_t* p = (uint8_t*)buf;
      |                  ^
kernel/api/kapi_syscall.c: In function 'sys_kenux_info_impl':
kernel/api/kapi_syscall.c:1259:15: warning: cast to pointer from integer of different size [-Wint-to-pointer-cast]
 1259 |     } *info = (void*)buf;
      |               ^
kernel/api/kapi_syscall.c: In function 'sys_kenux_get_loadavg_impl':
kernel/api/kapi_syscall.c:1295:15: warning: cast to pointer from integer of different size [-Wint-to-pointer-cast]
 1295 |     long* l = (long*)loads;
      |               ^
kernel/api/kapi_syscall.c: In function 'sys_futex_impl':
kernel/api/kapi_syscall.c:1311:53: warning: cast to pointer from integer of different size [-Wint-to-pointer-cast]
 1311 |         struct { long tv_sec; long tv_nsec; } *ts = (void*)timeout;
      |                                                     ^
kernel/api/kapi_syscall.c:1319:34: warning: cast to pointer from integer of different size [-Wint-to-pointer-cast]
 1319 |             int ret = futex_wait((void*)uaddr, (uint32_t)val, timeout_ms);
      |                                  ^
kernel/api/kapi_syscall.c:1323:34: warning: cast to pointer from integer of different size [-Wint-to-pointer-cast]
 1323 |             int ret = futex_wake((void*)uaddr, (uint32_t)val);
      |                                  ^
kernel/api/kapi_syscall.c:1329:37: warning: cast to pointer from integer of different size [-Wint-to-pointer-cast]
 1329 |             int ret = futex_requeue((void*)uaddr, (void*)uaddr2, (uint32_t)val);
      |                                     ^
kernel/api/kapi_syscall.c:1329:51: warning: cast to pointer from integer of different size [-Wint-to-pointer-cast]
 1329 |             int ret = futex_requeue((void*)uaddr, (void*)uaddr2, (uint32_t)val);
      |                                                   ^
kernel/api/kapi_syscall.c:1304:47: warning: unused parameter 'val3' [-Wunused-parameter]
 1304 |                             long uaddr2, long val3)
      |                                          ~~~~~^~~~
kernel/api/kapi_syscall.c: In function 'sys_prctl_impl':
kernel/api/kapi_syscall.c:1345:25: warning: cast to pointer from integer of different size [-Wint-to-pointer-cast]
 1345 |                 strncpy((char*)arg2, processes[current_process].name, 15);
      |                         ^
kernel/api/kapi_syscall.c:1346:18: warning: cast to pointer from integer of different size [-Wint-to-pointer-cast]
 1346 |                 ((char*)arg2)[15] = '\0';
      |                  ^
kernel/api/kapi_syscall.c:1352:58: warning: cast to pointer from integer of different size [-Wint-to-pointer-cast]
 1352 |                 strncpy(processes[current_process].name, (const char*)arg2,
      |                                                          ^
kernel/api/kapi_syscall.c: In function 'sys_arch_prctl_impl':
kernel/api/kapi_syscall.c:1389:14: warning: cast to pointer from integer of different size [-Wint-to-pointer-cast]
 1389 |             *(uint64_t*)addr = current_process < PROCESS_MAX ?
      |              ^
kernel/api/kapi_syscall.c:1394:14: warning: cast to pointer from integer of different size [-Wint-to-pointer-cast]
 1394 |             *(uint64_t*)addr = current_process < PROCESS_MAX ?
      |              ^
kernel/api/kapi_syscall.c: In function 'sys_truncate_impl':
kernel/api/kapi_syscall.c:1516:46: warning: cast to pointer from integer of different size [-Wint-to-pointer-cast]
 1516 |     vfs_node_t* node = syscall_vfs_find_path((const char*)path);
      |                                              ^
kernel/api/kapi_syscall.c: In function 'sys_pread64_impl':
kernel/api/kapi_syscall.c:1586:46: warning: cast to pointer from integer of different size [-Wint-to-pointer-cast]
 1586 |     int64_t ret = kapi_read(entry->obj.file, (void*)buf, (size_t)count);
      |                                              ^
kernel/api/kapi_syscall.c:1588:43: warning: conversion from 'int64_t' {aka 'long long int'} to 'long int' may change value [-Wconversion]
 1588 |     return ret < 0 ? KENUX_ERR(KENUX_EIO) : ret;
      |            ~~~~~~~~~~~~~~~~~~~~~~~~~~~~~~~^~~~~
kernel/api/kapi_syscall.c: In function 'sys_pwrite64_impl':
kernel/api/kapi_syscall.c:1600:47: warning: cast to pointer from integer of different size [-Wint-to-pointer-cast]
 1600 |     int64_t ret = kapi_write(entry->obj.file, (void*)buf, (size_t)count);
      |                                               ^
kernel/api/kapi_syscall.c:1602:43: warning: conversion from 'int64_t' {aka 'long long int'} to 'long int' may change value [-Wconversion]
 1602 |     return ret < 0 ? KENUX_ERR(KENUX_EIO) : ret;
      |            ~~~~~~~~~~~~~~~~~~~~~~~~~~~~~~~^~~~~
kernel/api/kapi_syscall.c: In function 'sys_sendfile_impl':
kernel/api/kapi_syscall.c:1618:39: warning: cast from pointer to integer of different size [-Wpointer-to-int-cast]
 1618 |         long r = sys_read_impl(in_fd, (long)buf, n, 0, 0, 0);
      |                                       ^
kernel/api/kapi_syscall.c:1620:41: warning: cast from pointer to integer of different size [-Wpointer-to-int-cast]
 1620 |         long w = sys_write_impl(out_fd, (long)buf, r, 0, 0, 0);
      |                                         ^
kernel/api/kapi_syscall.c:1623:22: warning: cast to pointer from integer of different size [-Wint-to-pointer-cast]
 1623 |         if (offset) *(long*)offset += w;
      |                      ^
kernel/api/kapi_syscall.c: In function 'sys_time_impl':
kernel/api/kapi_syscall.c:1633:16: warning: cast to pointer from integer of different size [-Wint-to-pointer-cast]
 1633 |     if (tloc) *(long*)tloc = t;
      |                ^
kernel/api/kapi_syscall.c: In function 'sys_set_tid_address_impl':
kernel/api/kapi_syscall.c:1654:51: warning: cast to pointer from integer of different size [-Wint-to-pointer-cast]
 1654 |         processes[current_process].kthread_data = (void*)tidptr;
      |                                                   ^
In file included from include/kapi.h:59:
<3> Building kernel/api/kapi_socket.c
include/kapi_netlink.h: In function 'kapi_nlmsg_next':
include/kapi_netlink.h:19:37: warning: conversion to 'int' from 'uint32_t' {aka 'unsigned int'} may change the sign of the result [-Wsign-conversion]
   19 | #define KAPI_NLMSG_ALIGNTO          4
      |                                     ^
include/kapi_netlink.h:75:18: note: in expansion of macro 'KAPI_NLMSG_ALIGNTO'
   75 |     int totlen = KAPI_NLMSG_ALIGNTO * ((nlh->nlmsg_len + KAPI_NLMSG_ALIGNTO - 1) / KAPI_NLMSG_ALIGNTO);
      |                  ^~~~~~~~~~~~~~~~~~
kernel/api/kapi_syscall.c: At top level:
kernel/api/kapi_syscall.c:171:13: warning: 'sys_nosys' defined but not used [-Wunused-function]
  171 | static long sys_nosys(long a1, long a2, long a3, long a4, long a5, long a6)
      |             ^~~~~~~~~
kernel/api/kapi_sort.c: In function 'kapi_list_sort':
kernel/api/kapi_sort.c:116:27: warning: unused parameter 'priv' [-Wunused-parameter]
  116 | void kapi_list_sort(void* priv, void* head, int (*cmp)(void* priv, void* a, void* b))
      |                     ~~~~~~^~~~
In file included from include/kapi.h:23,
                 from kernel/api/kapi_socket.c:1:
include/kapi_bitmap.h: In function 'kapi_bitmap_set_all':
include/kapi_bitmap.h:33:26: warning: conversion from 'long long unsigned int' to 'unsigned int' may change value [-Wconversion]
   33 |     unsigned int longs = (nbits + KAPI_BITS_PER_LONG - 1) / KAPI_BITS_PER_LONG;
      |                          ^
include/kapi_bitmap.h: In function 'kapi_bitmap_clear_all':
include/kapi_bitmap.h:41:26: warning: conversion from 'long long unsigned int' to 'unsigned int' may change value [-Wconversion]
   41 |     unsigned int longs = (nbits + KAPI_BITS_PER_LONG - 1) / KAPI_BITS_PER_LONG;
      |                          ^
include/kapi_bitmap.h: In function 'kapi_bitmap_find_first':
include/kapi_bitmap.h:49:26: warning: conversion from 'long long unsigned int' to 'unsigned int' may change value [-Wconversion]
   49 |     unsigned int longs = (nbits + KAPI_BITS_PER_LONG - 1) / KAPI_BITS_PER_LONG;
      |                          ^
include/kapi_bitmap.h:56:35: warning: conversion to 'int' from 'unsigned int' may change the sign of the result [-Wsign-conversion]
   56 |                     return offset + j;
      |                            ~~~~~~~^~~
include/kapi_bitmap.h: In function 'kapi_bitmap_find_first_zero':
include/kapi_bitmap.h:66:26: warning: conversion from 'long long unsigned int' to 'unsigned int' may change value [-Wconversion]
   66 |     unsigned int longs = (nbits + KAPI_BITS_PER_LONG - 1) / KAPI_BITS_PER_LONG;
      |                          ^
include/kapi_bitmap.h:73:35: warning: conversion to 'int' from 'unsigned int' may change the sign of the result [-Wsign-conversion]
   73 |                     return offset + j;
      |                            ~~~~~~~^~~
include/kapi_bitmap.h: In function 'kapi_bitmap_count':
include/kapi_bitmap.h:84:26: warning: conversion from 'long long unsigned int' to 'unsigned int' may change value [-Wconversion]
   84 |     unsigned int longs = (nbits + KAPI_BITS_PER_LONG - 1) / KAPI_BITS_PER_LONG;
      |                          ^
In file included from include/kapi.h:59:
include/kapi_netlink.h: In function 'kapi_nlmsg_next':
include/kapi_netlink.h:19:37: warning: conversion to 'int' from 'uint32_t' {aka 'unsigned int'} may change the sign of the result [-Wsign-conversion]
   19 | #define KAPI_NLMSG_ALIGNTO          4
      |                                     ^
include/kapi_netlink.h:75:18: note: in expansion of macro 'KAPI_NLMSG_ALIGNTO'
   75 |     int totlen = KAPI_NLMSG_ALIGNTO * ((nlh->nlmsg_len + KAPI_NLMSG_ALIGNTO - 1) / KAPI_NLMSG_ALIGNTO);
      |                  ^~~~~~~~~~~~~~~~~~
<1> Building kernel/api/kapi_smp.c
In file included from include/kapi.h:23,
                 from kernel/api/kapi_smp.c:4:
include/kapi_bitmap.h: In function 'kapi_bitmap_set_all':
include/kapi_bitmap.h:33:26: warning: conversion from 'long long unsigned int' to 'unsigned int' may change value [-Wconversion]
   33 |     unsigned int longs = (nbits + KAPI_BITS_PER_LONG - 1) / KAPI_BITS_PER_LONG;
      |                          ^
include/kapi_bitmap.h: In function 'kapi_bitmap_clear_all':
include/kapi_bitmap.h:41:26: warning: conversion from 'long long unsigned int' to 'unsigned int' may change value [-Wconversion]
   41 |     unsigned int longs = (nbits + KAPI_BITS_PER_LONG - 1) / KAPI_BITS_PER_LONG;
      |                          ^
include/kapi_bitmap.h: In function 'kapi_bitmap_find_first':
include/kapi_bitmap.h:49:26: warning: conversion from 'long long unsigned int' to 'unsigned int' may change value [-Wconversion]
   49 |     unsigned int longs = (nbits + KAPI_BITS_PER_LONG - 1) / KAPI_BITS_PER_LONG;
      |                          ^
include/kapi_bitmap.h:56:35: warning: conversion to 'int' from 'unsigned int' may change the sign of the result [-Wsign-conversion]
   56 |                     return offset + j;
      |                            ~~~~~~~^~~
include/kapi_bitmap.h: In function 'kapi_bitmap_find_first_zero':
include/kapi_bitmap.h:66:26: warning: conversion from 'long long unsigned int' to 'unsigned int' may change value [-Wconversion]
   66 |     unsigned int longs = (nbits + KAPI_BITS_PER_LONG - 1) / KAPI_BITS_PER_LONG;
      |                          ^
include/kapi_bitmap.h:73:35: warning: conversion to 'int' from 'unsigned int' may change the sign of the result [-Wsign-conversion]
   73 |                     return offset + j;
      |                            ~~~~~~~^~~
include/kapi_bitmap.h: In function 'kapi_bitmap_count':
include/kapi_bitmap.h:84:26: warning: conversion from 'long long unsigned int' to 'unsigned int' may change value [-Wconversion]
   84 |     unsigned int longs = (nbits + KAPI_BITS_PER_LONG - 1) / KAPI_BITS_PER_LONG;
      |                          ^
<2> Building kernel/api/kapi_skbuff.c
In file included from include/kapi.h:59:
include/kapi_netlink.h: In function 'kapi_nlmsg_next':
include/kapi_netlink.h:19:37: warning: conversion to 'int' from 'uint32_t' {aka 'unsigned int'} may change the sign of the result [-Wsign-conversion]
   19 | #define KAPI_NLMSG_ALIGNTO          4
      |                                     ^
include/kapi_netlink.h:75:18: note: in expansion of macro 'KAPI_NLMSG_ALIGNTO'
   75 |     int totlen = KAPI_NLMSG_ALIGNTO * ((nlh->nlmsg_len + KAPI_NLMSG_ALIGNTO - 1) / KAPI_NLMSG_ALIGNTO);
      |                  ^~~~~~~~~~~~~~~~~~
In file included from include/kapi.h:23,
                 from kernel/api/kapi_skbuff.c:1:
include/kapi_bitmap.h: In function 'kapi_bitmap_set_all':
include/kapi_bitmap.h:33:26: warning: conversion from 'long long unsigned int' to 'unsigned int' may change value [-Wconversion]
   33 |     unsigned int longs = (nbits + KAPI_BITS_PER_LONG - 1) / KAPI_BITS_PER_LONG;
      |                          ^
include/kapi_bitmap.h: In function 'kapi_bitmap_clear_all':
include/kapi_bitmap.h:41:26: warning: conversion from 'long long unsigned int' to 'unsigned int' may change value [-Wconversion]
   41 |     unsigned int longs = (nbits + KAPI_BITS_PER_LONG - 1) / KAPI_BITS_PER_LONG;
      |                          ^
include/kapi_bitmap.h: In function 'kapi_bitmap_find_first':
include/kapi_bitmap.h:49:26: warning: conversion from 'long long unsigned int' to 'unsigned int' may change value [-Wconversion]
   49 |     unsigned int longs = (nbits + KAPI_BITS_PER_LONG - 1) / KAPI_BITS_PER_LONG;
      |                          ^
include/kapi_bitmap.h:56:35: warning: conversion to 'int' from 'unsigned int' may change the sign of the result [-Wsign-conversion]
   56 |                     return offset + j;
      |                            ~~~~~~~^~~
include/kapi_bitmap.h: In function 'kapi_bitmap_find_first_zero':
include/kapi_bitmap.h:66:26: warning: conversion from 'long long unsigned int' to 'unsigned int' may change value [-Wconversion]
   66 |     unsigned int longs = (nbits + KAPI_BITS_PER_LONG - 1) / KAPI_BITS_PER_LONG;
      |                          ^
include/kapi_bitmap.h:73:35: warning: conversion to 'int' from 'unsigned int' may change the sign of the result [-Wsign-conversion]
   73 |                     return offset + j;
      |                            ~~~~~~~^~~
include/kapi_bitmap.h: In function 'kapi_bitmap_count':
include/kapi_bitmap.h:84:26: warning: conversion from 'long long unsigned int' to 'unsigned int' may change value [-Wconversion]
   84 |     unsigned int longs = (nbits + KAPI_BITS_PER_LONG - 1) / KAPI_BITS_PER_LONG;
      |                          ^
<1> Building kernel/api/kapi_seq_file.c
In file included from include/kapi.h:59:
include/kapi_netlink.h: In function 'kapi_nlmsg_next':
include/kapi_netlink.h:19:37: warning: conversion to 'int' from 'uint32_t' {aka 'unsigned int'} may change the sign of the result [-Wsign-conversion]
   19 | #define KAPI_NLMSG_ALIGNTO          4
      |                                     ^
include/kapi_netlink.h:75:18: note: in expansion of macro 'KAPI_NLMSG_ALIGNTO'
   75 |     int totlen = KAPI_NLMSG_ALIGNTO * ((nlh->nlmsg_len + KAPI_NLMSG_ALIGNTO - 1) / KAPI_NLMSG_ALIGNTO);
      |                  ^~~~~~~~~~~~~~~~~~
<3> Building kernel/api/kapi_security.c
In file included from include/kapi.h:23,
                 from kernel/api/kapi_seq_file.c:2:
include/kapi_bitmap.h: In function 'kapi_bitmap_set_all':
include/kapi_bitmap.h:33:26: warning: conversion from 'long long unsigned int' to 'unsigned int' may change value [-Wconversion]
   33 |     unsigned int longs = (nbits + KAPI_BITS_PER_LONG - 1) / KAPI_BITS_PER_LONG;
      |                          ^
include/kapi_bitmap.h: In function 'kapi_bitmap_clear_all':
include/kapi_bitmap.h:41:26: warning: conversion from 'long long unsigned int' to 'unsigned int' may change value [-Wconversion]
   41 |     unsigned int longs = (nbits + KAPI_BITS_PER_LONG - 1) / KAPI_BITS_PER_LONG;
      |                          ^
include/kapi_bitmap.h: In function 'kapi_bitmap_find_first':
include/kapi_bitmap.h:49:26: warning: conversion from 'long long unsigned int' to 'unsigned int' may change value [-Wconversion]
   49 |     unsigned int longs = (nbits + KAPI_BITS_PER_LONG - 1) / KAPI_BITS_PER_LONG;
      |                          ^
include/kapi_bitmap.h:56:35: warning: conversion to 'int' from 'unsigned int' may change the sign of the result [-Wsign-conversion]
   56 |                     return offset + j;
      |                            ~~~~~~~^~~
include/kapi_bitmap.h: In function 'kapi_bitmap_find_first_zero':
include/kapi_bitmap.h:66:26: warning: conversion from 'long long unsigned int' to 'unsigned int' may change value [-Wconversion]
   66 |     unsigned int longs = (nbits + KAPI_BITS_PER_LONG - 1) / KAPI_BITS_PER_LONG;
      |                          ^
include/kapi_bitmap.h:73:35: warning: conversion to 'int' from 'unsigned int' may change the sign of the result [-Wsign-conversion]
   73 |                     return offset + j;
      |                            ~~~~~~~^~~
include/kapi_bitmap.h: In function 'kapi_bitmap_count':
include/kapi_bitmap.h:84:26: warning: conversion from 'long long unsigned int' to 'unsigned int' may change value [-Wconversion]
   84 |     unsigned int longs = (nbits + KAPI_BITS_PER_LONG - 1) / KAPI_BITS_PER_LONG;
      |                          ^
In file included from include/kapi.h:59:
include/kapi_netlink.h: In function 'kapi_nlmsg_next':
include/kapi_netlink.h:19:37: warning: conversion to 'int' from 'uint32_t' {aka 'unsigned int'} may change the sign of the result [-Wsign-conversion]
   19 | #define KAPI_NLMSG_ALIGNTO          4
      |                                     ^
include/kapi_netlink.h:75:18: note: in expansion of macro 'KAPI_NLMSG_ALIGNTO'
   75 |     int totlen = KAPI_NLMSG_ALIGNTO * ((nlh->nlmsg_len + KAPI_NLMSG_ALIGNTO - 1) / KAPI_NLMSG_ALIGNTO);
      |                  ^~~~~~~~~~~~~~~~~~
In file included from include/kapi.h:23,
                 from kernel/api/kapi_security.c:1:
include/kapi_bitmap.h: In function 'kapi_bitmap_set_all':
include/kapi_bitmap.h:33:26: warning: conversion from 'long long unsigned int' to 'unsigned int' may change value [-Wconversion]
   33 |     unsigned int longs = (nbits + KAPI_BITS_PER_LONG - 1) / KAPI_BITS_PER_LONG;
      |                          ^
include/kapi_bitmap.h: In function 'kapi_bitmap_clear_all':
include/kapi_bitmap.h:41:26: warning: conversion from 'long long unsigned int' to 'unsigned int' may change value [-Wconversion]
   41 |     unsigned int longs = (nbits + KAPI_BITS_PER_LONG - 1) / KAPI_BITS_PER_LONG;
      |                          ^
include/kapi_bitmap.h: In function 'kapi_bitmap_find_first':
include/kapi_bitmap.h:49:26: warning: conversion from 'long long unsigned int' to 'unsigned int' may change value [-Wconversion]
   49 |     unsigned int longs = (nbits + KAPI_BITS_PER_LONG - 1) / KAPI_BITS_PER_LONG;
      |                          ^
include/kapi_bitmap.h:56:35: warning: conversion to 'int' from 'unsigned int' may change the sign of the result [-Wsign-conversion]
   56 |                     return offset + j;
      |                            ~~~~~~~^~~
include/kapi_bitmap.h: In function 'kapi_bitmap_find_first_zero':
include/kapi_bitmap.h:66:26: warning: conversion from 'long long unsigned int' to 'unsigned int' may change value [-Wconversion]
   66 |     unsigned int longs = (nbits + KAPI_BITS_PER_LONG - 1) / KAPI_BITS_PER_LONG;
      |                          ^
include/kapi_bitmap.h:73:35: warning: conversion to 'int' from 'unsigned int' may change the sign of the result [-Wsign-conversion]
   73 |                     return offset + j;
      |                            ~~~~~~~^~~
include/kapi_bitmap.h: In function 'kapi_bitmap_count':
include/kapi_bitmap.h:84:26: warning: conversion from 'long long unsigned int' to 'unsigned int' may change value [-Wconversion]
   84 |     unsigned int longs = (nbits + KAPI_BITS_PER_LONG - 1) / KAPI_BITS_PER_LONG;
      |                          ^
In file included from include/kapi.h:59:
include/kapi_netlink.h: In function 'kapi_nlmsg_next':
include/kapi_netlink.h:19:37: warning: conversion to 'int' from 'uint32_t' {aka 'unsigned int'} may change the sign of the result [-Wsign-conversion]
   19 | #define KAPI_NLMSG_ALIGNTO          4
      |                                     ^
include/kapi_netlink.h:75:18: note: in expansion of macro 'KAPI_NLMSG_ALIGNTO'
   75 |     int totlen = KAPI_NLMSG_ALIGNTO * ((nlh->nlmsg_len + KAPI_NLMSG_ALIGNTO - 1) / KAPI_NLMSG_ALIGNTO);
      |                  ^~~~~~~~~~~~~~~~~~
<2> Building kernel/api/kapi_sched.c
In file included from include/kapi.h:23,
                 from kernel/api/kapi_sched.c:4:
include/kapi_bitmap.h: In function 'kapi_bitmap_set_all':
include/kapi_bitmap.h:33:26: warning: conversion from 'long long unsigned int' to 'unsigned int' may change value [-Wconversion]
   33 |     unsigned int longs = (nbits + KAPI_BITS_PER_LONG - 1) / KAPI_BITS_PER_LONG;
      |                          ^
include/kapi_bitmap.h: In function 'kapi_bitmap_clear_all':
include/kapi_bitmap.h:41:26: warning: conversion from 'long long unsigned int' to 'unsigned int' may change value [-Wconversion]
   41 |     unsigned int longs = (nbits + KAPI_BITS_PER_LONG - 1) / KAPI_BITS_PER_LONG;
      |                          ^
include/kapi_bitmap.h: In function 'kapi_bitmap_find_first':
include/kapi_bitmap.h:49:26: warning: conversion from 'long long unsigned int' to 'unsigned int' may change value [-Wconversion]
   49 |     unsigned int longs = (nbits + KAPI_BITS_PER_LONG - 1) / KAPI_BITS_PER_LONG;
      |                          ^
include/kapi_bitmap.h:56:35: warning: conversion to 'int' from 'unsigned int' may change the sign of the result [-Wsign-conversion]
   56 |                     return offset + j;
      |                            ~~~~~~~^~~
include/kapi_bitmap.h: In function 'kapi_bitmap_find_first_zero':
include/kapi_bitmap.h:66:26: warning: conversion from 'long long unsigned int' to 'unsigned int' may change value [-Wconversion]
   66 |     unsigned int longs = (nbits + KAPI_BITS_PER_LONG - 1) / KAPI_BITS_PER_LONG;
      |                          ^
include/kapi_bitmap.h:73:35: warning: conversion to 'int' from 'unsigned int' may change the sign of the result [-Wsign-conversion]
   73 |                     return offset + j;
      |                            ~~~~~~~^~~
include/kapi_bitmap.h: In function 'kapi_bitmap_count':
include/kapi_bitmap.h:84:26: warning: conversion from 'long long unsigned int' to 'unsigned int' may change value [-Wconversion]
   84 |     unsigned int longs = (nbits + KAPI_BITS_PER_LONG - 1) / KAPI_BITS_PER_LONG;
      |                          ^
In file included from include/kapi.h:59:
include/kapi_netlink.h: In function 'kapi_nlmsg_next':
include/kapi_netlink.h:19:37: warning: conversion to 'int' from 'uint32_t' {aka 'unsigned int'} may change the sign of the result [-Wsign-conversion]
   19 | #define KAPI_NLMSG_ALIGNTO          4
      |                                     ^
include/kapi_netlink.h:75:18: note: in expansion of macro 'KAPI_NLMSG_ALIGNTO'
   75 |     int totlen = KAPI_NLMSG_ALIGNTO * ((nlh->nlmsg_len + KAPI_NLMSG_ALIGNTO - 1) / KAPI_NLMSG_ALIGNTO);
      |                  ^~~~~~~~~~~~~~~~~~
<1> Building kernel/api/kapi_rcu.c
In file included from include/kapi.h:23,
                 from kernel/api/kapi_rcu.c:4:
include/kapi_bitmap.h: In function 'kapi_bitmap_set_all':
include/kapi_bitmap.h:33:26: warning: conversion from 'long long unsigned int' to 'unsigned int' may change value [-Wconversion]
   33 |     unsigned int longs = (nbits + KAPI_BITS_PER_LONG - 1) / KAPI_BITS_PER_LONG;
      |                          ^
include/kapi_bitmap.h: In function 'kapi_bitmap_clear_all':
include/kapi_bitmap.h:41:26: warning: conversion from 'long long unsigned int' to 'unsigned int' may change value [-Wconversion]
   41 |     unsigned int longs = (nbits + KAPI_BITS_PER_LONG - 1) / KAPI_BITS_PER_LONG;
      |                          ^
include/kapi_bitmap.h: In function 'kapi_bitmap_find_first':
include/kapi_bitmap.h:49:26: warning: conversion from 'long long unsigned int' to 'unsigned int' may change value [-Wconversion]
   49 |     unsigned int longs = (nbits + KAPI_BITS_PER_LONG - 1) / KAPI_BITS_PER_LONG;
      |                          ^
include/kapi_bitmap.h:56:35: warning: conversion to 'int' from 'unsigned int' may change the sign of the result [-Wsign-conversion]
   56 |                     return offset + j;
      |                            ~~~~~~~^~~
include/kapi_bitmap.h: In function 'kapi_bitmap_find_first_zero':
include/kapi_bitmap.h:66:26: warning: conversion from 'long long unsigned int' to 'unsigned int' may change value [-Wconversion]
   66 |     unsigned int longs = (nbits + KAPI_BITS_PER_LONG - 1) / KAPI_BITS_PER_LONG;
      |                          ^
include/kapi_bitmap.h:73:35: warning: conversion to 'int' from 'unsigned int' may change the sign of the result [-Wsign-conversion]
   73 |                     return offset + j;
      |                            ~~~~~~~^~~
include/kapi_bitmap.h: In function 'kapi_bitmap_count':
include/kapi_bitmap.h:84:26: warning: conversion from 'long long unsigned int' to 'unsigned int' may change value [-Wconversion]
   84 |     unsigned int longs = (nbits + KAPI_BITS_PER_LONG - 1) / KAPI_BITS_PER_LONG;
      |                          ^
In file included from include/kapi.h:59:
include/kapi_netlink.h: In function 'kapi_nlmsg_next':
include/kapi_netlink.h:19:37: warning: conversion to 'int' from 'uint32_t' {aka 'unsigned int'} may change the sign of the result [-Wsign-conversion]
   19 | #define KAPI_NLMSG_ALIGNTO          4
      |                                     ^
include/kapi_netlink.h:75:18: note: in expansion of macro 'KAPI_NLMSG_ALIGNTO'
   75 |     int totlen = KAPI_NLMSG_ALIGNTO * ((nlh->nlmsg_len + KAPI_NLMSG_ALIGNTO - 1) / KAPI_NLMSG_ALIGNTO);
      |                  ^~~~~~~~~~~~~~~~~~
<2> Building kernel/api/kapi_rbtree.c
In file included from include/kapi.h:23,
                 from kernel/api/kapi_rbtree.c:4:
include/kapi_bitmap.h: In function 'kapi_bitmap_set_all':
include/kapi_bitmap.h:33:26: warning: conversion from 'long long unsigned int' to 'unsigned int' may change value [-Wconversion]
   33 |     unsigned int longs = (nbits + KAPI_BITS_PER_LONG - 1) / KAPI_BITS_PER_LONG;
      |                          ^
include/kapi_bitmap.h: In function 'kapi_bitmap_clear_all':
include/kapi_bitmap.h:41:26: warning: conversion from 'long long unsigned int' to 'unsigned int' may change value [-Wconversion]
   41 |     unsigned int longs = (nbits + KAPI_BITS_PER_LONG - 1) / KAPI_BITS_PER_LONG;
      |                          ^
include/kapi_bitmap.h: In function 'kapi_bitmap_find_first':
include/kapi_bitmap.h:49:26: warning: conversion from 'long long unsigned int' to 'unsigned int' may change value [-Wconversion]
   49 |     unsigned int longs = (nbits + KAPI_BITS_PER_LONG - 1) / KAPI_BITS_PER_LONG;
      |                          ^
include/kapi_bitmap.h:56:35: warning: conversion to 'int' from 'unsigned int' may change the sign of the result [-Wsign-conversion]
   56 |                     return offset + j;
      |                            ~~~~~~~^~~
include/kapi_bitmap.h: In function 'kapi_bitmap_find_first_zero':
include/kapi_bitmap.h:66:26: warning: conversion from 'long long unsigned int' to 'unsigned int' may change value [-Wconversion]
   66 |     unsigned int longs = (nbits + KAPI_BITS_PER_LONG - 1) / KAPI_BITS_PER_LONG;
      |                          ^
include/kapi_bitmap.h:73:35: warning: conversion to 'int' from 'unsigned int' may change the sign of the result [-Wsign-conversion]
   73 |                     return offset + j;
      |                            ~~~~~~~^~~
include/kapi_bitmap.h: In function 'kapi_bitmap_count':
include/kapi_bitmap.h:84:26: warning: conversion from 'long long unsigned int' to 'unsigned int' may change value [-Wconversion]
   84 |     unsigned int longs = (nbits + KAPI_BITS_PER_LONG - 1) / KAPI_BITS_PER_LONG;
      |                          ^
In file included from include/kapi.h:59:
include/kapi_netlink.h: In function 'kapi_nlmsg_next':
include/kapi_netlink.h:19:37: warning: conversion to 'int' from 'uint32_t' {aka 'unsigned int'} may change the sign of the result [-Wsign-conversion]
   19 | #define KAPI_NLMSG_ALIGNTO          4
      |                                     ^
include/kapi_netlink.h:75:18: note: in expansion of macro 'KAPI_NLMSG_ALIGNTO'
   75 |     int totlen = KAPI_NLMSG_ALIGNTO * ((nlh->nlmsg_len + KAPI_NLMSG_ALIGNTO - 1) / KAPI_NLMSG_ALIGNTO);
      |                  ^~~~~~~~~~~~~~~~~~
<1> Building kernel/api/kapi_random.c
In file included from include/kapi.h:23,
                 from kernel/api/kapi_random.c:4:
include/kapi_bitmap.h: In function 'kapi_bitmap_set_all':
include/kapi_bitmap.h:33:26: warning: conversion from 'long long unsigned int' to 'unsigned int' may change value [-Wconversion]
   33 |     unsigned int longs = (nbits + KAPI_BITS_PER_LONG - 1) / KAPI_BITS_PER_LONG;
      |                          ^
include/kapi_bitmap.h: In function 'kapi_bitmap_clear_all':
include/kapi_bitmap.h:41:26: warning: conversion from 'long long unsigned int' to 'unsigned int' may change value [-Wconversion]
   41 |     unsigned int longs = (nbits + KAPI_BITS_PER_LONG - 1) / KAPI_BITS_PER_LONG;
      |                          ^
include/kapi_bitmap.h: In function 'kapi_bitmap_find_first':
include/kapi_bitmap.h:49:26: warning: conversion from 'long long unsigned int' to 'unsigned int' may change value [-Wconversion]
   49 |     unsigned int longs = (nbits + KAPI_BITS_PER_LONG - 1) / KAPI_BITS_PER_LONG;
      |                          ^
include/kapi_bitmap.h:56:35: warning: conversion to 'int' from 'unsigned int' may change the sign of the result [-Wsign-conversion]
   56 |                     return offset + j;
      |                            ~~~~~~~^~~
include/kapi_bitmap.h: In function 'kapi_bitmap_find_first_zero':
include/kapi_bitmap.h:66:26: warning: conversion from 'long long unsigned int' to 'unsigned int' may change value [-Wconversion]
   66 |     unsigned int longs = (nbits + KAPI_BITS_PER_LONG - 1) / KAPI_BITS_PER_LONG;
      |                          ^
include/kapi_bitmap.h:73:35: warning: conversion to 'int' from 'unsigned int' may change the sign of the result [-Wsign-conversion]
   73 |                     return offset + j;
      |                            ~~~~~~~^~~
include/kapi_bitmap.h: In function 'kapi_bitmap_count':
include/kapi_bitmap.h:84:26: warning: conversion from 'long long unsigned int' to 'unsigned int' may change value [-Wconversion]
   84 |     unsigned int longs = (nbits + KAPI_BITS_PER_LONG - 1) / KAPI_BITS_PER_LONG;
      |                          ^
In file included from include/kapi.h:59:
include/kapi_netlink.h: In function 'kapi_nlmsg_next':
include/kapi_netlink.h:19:37: warning: conversion to 'int' from 'uint32_t' {aka 'unsigned int'} may change the sign of the result [-Wsign-conversion]
   19 | #define KAPI_NLMSG_ALIGNTO          4
      |                                     ^
include/kapi_netlink.h:75:18: note: in expansion of macro 'KAPI_NLMSG_ALIGNTO'
   75 |     int totlen = KAPI_NLMSG_ALIGNTO * ((nlh->nlmsg_len + KAPI_NLMSG_ALIGNTO - 1) / KAPI_NLMSG_ALIGNTO);
      |                  ^~~~~~~~~~~~~~~~~~
<3> Building kernel/api/kapi_process.c
<1> Building kernel/api/kapi_pci.c
In file included from include/kapi.h:23,
                 from kernel/api/kapi_process.c:4:
include/kapi_bitmap.h: In function 'kapi_bitmap_set_all':
include/kapi_bitmap.h:33:26: warning: conversion from 'long long unsigned int' to 'unsigned int' may change value [-Wconversion]
   33 |     unsigned int longs = (nbits + KAPI_BITS_PER_LONG - 1) / KAPI_BITS_PER_LONG;
      |                          ^
include/kapi_bitmap.h: In function 'kapi_bitmap_clear_all':
include/kapi_bitmap.h:41:26: warning: conversion from 'long long unsigned int' to 'unsigned int' may change value [-Wconversion]
   41 |     unsigned int longs = (nbits + KAPI_BITS_PER_LONG - 1) / KAPI_BITS_PER_LONG;
      |                          ^
include/kapi_bitmap.h: In function 'kapi_bitmap_find_first':
include/kapi_bitmap.h:49:26: warning: conversion from 'long long unsigned int' to 'unsigned int' may change value [-Wconversion]
   49 |     unsigned int longs = (nbits + KAPI_BITS_PER_LONG - 1) / KAPI_BITS_PER_LONG;
      |                          ^
include/kapi_bitmap.h:56:35: warning: conversion to 'int' from 'unsigned int' may change the sign of the result [-Wsign-conversion]
   56 |                     return offset + j;
      |                            ~~~~~~~^~~
include/kapi_bitmap.h: In function 'kapi_bitmap_find_first_zero':
include/kapi_bitmap.h:66:26: warning: conversion from 'long long unsigned int' to 'unsigned int' may change value [-Wconversion]
   66 |     unsigned int longs = (nbits + KAPI_BITS_PER_LONG - 1) / KAPI_BITS_PER_LONG;
      |                          ^
include/kapi_bitmap.h:73:35: warning: conversion to 'int' from 'unsigned int' may change the sign of the result [-Wsign-conversion]
   73 |                     return offset + j;
      |                            ~~~~~~~^~~
include/kapi_bitmap.h: In function 'kapi_bitmap_count':
include/kapi_bitmap.h:84:26: warning: conversion from 'long long unsigned int' to 'unsigned int' may change value [-Wconversion]
   84 |     unsigned int longs = (nbits + KAPI_BITS_PER_LONG - 1) / KAPI_BITS_PER_LONG;
      |                          ^
<2> Building kernel/api/kapi_params.c
In file included from include/kapi.h:59:
include/kapi_netlink.h: In function 'kapi_nlmsg_next':
include/kapi_netlink.h:19:37: warning: conversion to 'int' from 'uint32_t' {aka 'unsigned int'} may change the sign of the result [-Wsign-conversion]
   19 | #define KAPI_NLMSG_ALIGNTO          4
      |                                     ^
include/kapi_netlink.h:75:18: note: in expansion of macro 'KAPI_NLMSG_ALIGNTO'
   75 |     int totlen = KAPI_NLMSG_ALIGNTO * ((nlh->nlmsg_len + KAPI_NLMSG_ALIGNTO - 1) / KAPI_NLMSG_ALIGNTO);
      |                  ^~~~~~~~~~~~~~~~~~
kernel/api/kapi_process.c: In function 'kapi_proc_create':
kernel/api/kapi_process.c:58:26: warning: ISO C forbids conversion of function pointer to object pointer type [-Wpedantic]
   58 |     process_create(name, (void*)entry, kernel_prio);
      |                          ^
kernel/api/kapi_process.c:43:76: warning: unused parameter 'arg' [-Wunused-parameter]
   43 | kapi_proc_t kapi_proc_create(const char* name, void (*entry)(void*), void* arg, int prio)
      |                                                                      ~~~~~~^~~
kernel/api/kapi_process.c: In function 'kapi_proc_kill':
kernel/api/kapi_process.c:77:42: warning: unused parameter 'force' [-Wunused-parameter]
   77 | int kapi_proc_kill(kapi_proc_t proc, int force)
      |                                      ~~~~^~~~~
kernel/api/kapi_process.c: In function 'kapi_proc_kill_by_pid':
kernel/api/kapi_process.c:92:40: warning: unused parameter 'force' [-Wunused-parameter]
   92 | int kapi_proc_kill_by_pid(int pid, int force)
      |                                    ~~~~^~~~~
kernel/api/kapi_process.c: In function 'kapi_thread_create':
kernel/api/kapi_process.c:214:29: warning: ISO C forbids conversion of function pointer to object pointer type [-Wpedantic]
  214 |     int tid = thread_create((void*)entry, arg);
      |                             ^
kernel/api/kapi_process.c: In function 'kapi_ipc_recv':
kernel/api/kapi_process.c:249:52: warning: unused parameter 'timeout_ms' [-Wunused-parameter]
  249 | int kapi_ipc_recv(void* msg, size_t size, uint64_t timeout_ms)
      |                                           ~~~~~~~~~^~~~~~~~~~
In file included from include/kapi.h:23,
                 from kernel/api/kapi_pci.c:2:
include/kapi_bitmap.h: In function 'kapi_bitmap_set_all':
include/kapi_bitmap.h:33:26: warning: conversion from 'long long unsigned int' to 'unsigned int' may change value [-Wconversion]
   33 |     unsigned int longs = (nbits + KAPI_BITS_PER_LONG - 1) / KAPI_BITS_PER_LONG;
      |                          ^
include/kapi_bitmap.h: In function 'kapi_bitmap_clear_all':
include/kapi_bitmap.h:41:26: warning: conversion from 'long long unsigned int' to 'unsigned int' may change value [-Wconversion]
   41 |     unsigned int longs = (nbits + KAPI_BITS_PER_LONG - 1) / KAPI_BITS_PER_LONG;
      |                          ^
include/kapi_bitmap.h: In function 'kapi_bitmap_find_first':
include/kapi_bitmap.h:49:26: warning: conversion from 'long long unsigned int' to 'unsigned int' may change value [-Wconversion]
   49 |     unsigned int longs = (nbits + KAPI_BITS_PER_LONG - 1) / KAPI_BITS_PER_LONG;
      |                          ^
include/kapi_bitmap.h:56:35: warning: conversion to 'int' from 'unsigned int' may change the sign of the result [-Wsign-conversion]
   56 |                     return offset + j;
      |                            ~~~~~~~^~~
include/kapi_bitmap.h: In function 'kapi_bitmap_find_first_zero':
include/kapi_bitmap.h:66:26: warning: conversion from 'long long unsigned int' to 'unsigned int' may change value [-Wconversion]
   66 |     unsigned int longs = (nbits + KAPI_BITS_PER_LONG - 1) / KAPI_BITS_PER_LONG;
      |                          ^
include/kapi_bitmap.h:73:35: warning: conversion to 'int' from 'unsigned int' may change the sign of the result [-Wsign-conversion]
   73 |                     return offset + j;
      |                            ~~~~~~~^~~
include/kapi_bitmap.h: In function 'kapi_bitmap_count':
include/kapi_bitmap.h:84:26: warning: conversion from 'long long unsigned int' to 'unsigned int' may change value [-Wconversion]
   84 |     unsigned int longs = (nbits + KAPI_BITS_PER_LONG - 1) / KAPI_BITS_PER_LONG;
      |                          ^
In file included from include/kapi.h:23,
                 from kernel/api/kapi_params.c:2:
include/kapi_bitmap.h: In function 'kapi_bitmap_set_all':
include/kapi_bitmap.h:33:26: warning: conversion from 'long long unsigned int' to 'unsigned int' may change value [-Wconversion]
   33 |     unsigned int longs = (nbits + KAPI_BITS_PER_LONG - 1) / KAPI_BITS_PER_LONG;
      |                          ^
include/kapi_bitmap.h: In function 'kapi_bitmap_clear_all':
include/kapi_bitmap.h:41:26: warning: conversion from 'long long unsigned int' to 'unsigned int' may change value [-Wconversion]
   41 |     unsigned int longs = (nbits + KAPI_BITS_PER_LONG - 1) / KAPI_BITS_PER_LONG;
      |                          ^
include/kapi_bitmap.h: In function 'kapi_bitmap_find_first':
include/kapi_bitmap.h:49:26: warning: conversion from 'long long unsigned int' to 'unsigned int' may change value [-Wconversion]
   49 |     unsigned int longs = (nbits + KAPI_BITS_PER_LONG - 1) / KAPI_BITS_PER_LONG;
      |                          ^
include/kapi_bitmap.h:56:35: warning: conversion to 'int' from 'unsigned int' may change the sign of the result [-Wsign-conversion]
   56 |                     return offset + j;
      |                            ~~~~~~~^~~
include/kapi_bitmap.h: In function 'kapi_bitmap_find_first_zero':
include/kapi_bitmap.h:66:26: warning: conversion from 'long long unsigned int' to 'unsigned int' may change value [-Wconversion]
   66 |     unsigned int longs = (nbits + KAPI_BITS_PER_LONG - 1) / KAPI_BITS_PER_LONG;
      |                          ^
include/kapi_bitmap.h:73:35: warning: conversion to 'int' from 'unsigned int' may change the sign of the result [-Wsign-conversion]
   73 |                     return offset + j;
      |                            ~~~~~~~^~~
include/kapi_bitmap.h: In function 'kapi_bitmap_count':
include/kapi_bitmap.h:84:26: warning: conversion from 'long long unsigned int' to 'unsigned int' may change value [-Wconversion]
   84 |     unsigned int longs = (nbits + KAPI_BITS_PER_LONG - 1) / KAPI_BITS_PER_LONG;
      |                          ^
In file included from include/kapi.h:59:
include/kapi_netlink.h: In function 'kapi_nlmsg_next':
include/kapi_netlink.h:19:37: warning: conversion to 'int' from 'uint32_t' {aka 'unsigned int'} may change the sign of the result [-Wsign-conversion]
   19 | #define KAPI_NLMSG_ALIGNTO          4
      |                                     ^
include/kapi_netlink.h:75:18: note: in expansion of macro 'KAPI_NLMSG_ALIGNTO'
   75 |     int totlen = KAPI_NLMSG_ALIGNTO * ((nlh->nlmsg_len + KAPI_NLMSG_ALIGNTO - 1) / KAPI_NLMSG_ALIGNTO);
      |                  ^~~~~~~~~~~~~~~~~~
kernel/api/kapi_pci.c: In function 'kapi_pci_disable_device':
kernel/api/kapi_pci.c:104:12: warning: unsigned conversion from 'int' to 'uint16_t' {aka 'short unsigned int'} changes the value of '-8' [-Wsign-conversion]
  104 |     cmd &= ~(KAPI_PCI_COMMAND_IO | KAPI_PCI_COMMAND_MEMORY | KAPI_PCI_COMMAND_MASTER);
      |            ^
kernel/api/kapi_pci.c: In function 'kapi_pci_get_device_info':
kernel/api/kapi_pci.c:182:13: warning: comparison is always false due to limited range of data type [-Wtype-limits]
  182 |     if (bus >= KAPI_PCI_MAX_BUSES || dev >= KAPI_PCI_MAX_DEVICES || func >= KAPI_PCI_MAX_FUNCTIONS) {
      |             ^~
In file included from include/kapi.h:59:
include/kapi_netlink.h: In function 'kapi_nlmsg_next':
include/kapi_netlink.h:19:37: warning: conversion to 'int' from 'uint32_t' {aka 'unsigned int'} may change the sign of the result [-Wsign-conversion]
   19 | #define KAPI_NLMSG_ALIGNTO          4
      |                                     ^
include/kapi_netlink.h:75:18: note: in expansion of macro 'KAPI_NLMSG_ALIGNTO'
   75 |     int totlen = KAPI_NLMSG_ALIGNTO * ((nlh->nlmsg_len + KAPI_NLMSG_ALIGNTO - 1) / KAPI_NLMSG_ALIGNTO);
      |                  ^~~~~~~~~~~~~~~~~~
<0> Building kernel/api/kapi_notifier.c
In file included from include/kapi.h:23,
                 from kernel/api/kapi_notifier.c:4:
include/kapi_bitmap.h: In function 'kapi_bitmap_set_all':
include/kapi_bitmap.h:33:26: warning: conversion from 'long long unsigned int' to 'unsigned int' may change value [-Wconversion]
   33 |     unsigned int longs = (nbits + KAPI_BITS_PER_LONG - 1) / KAPI_BITS_PER_LONG;
      |                          ^
include/kapi_bitmap.h: In function 'kapi_bitmap_clear_all':
include/kapi_bitmap.h:41:26: warning: conversion from 'long long unsigned int' to 'unsigned int' may change value [-Wconversion]
   41 |     unsigned int longs = (nbits + KAPI_BITS_PER_LONG - 1) / KAPI_BITS_PER_LONG;
      |                          ^
include/kapi_bitmap.h: In function 'kapi_bitmap_find_first':
include/kapi_bitmap.h:49:26: warning: conversion from 'long long unsigned int' to 'unsigned int' may change value [-Wconversion]
   49 |     unsigned int longs = (nbits + KAPI_BITS_PER_LONG - 1) / KAPI_BITS_PER_LONG;
      |                          ^
include/kapi_bitmap.h:56:35: warning: conversion to 'int' from 'unsigned int' may change the sign of the result [-Wsign-conversion]
   56 |                     return offset + j;
      |                            ~~~~~~~^~~
include/kapi_bitmap.h: In function 'kapi_bitmap_find_first_zero':
include/kapi_bitmap.h:66:26: warning: conversion from 'long long unsigned int' to 'unsigned int' may change value [-Wconversion]
   66 |     unsigned int longs = (nbits + KAPI_BITS_PER_LONG - 1) / KAPI_BITS_PER_LONG;
      |                          ^
include/kapi_bitmap.h:73:35: warning: conversion to 'int' from 'unsigned int' may change the sign of the result [-Wsign-conversion]
   73 |                     return offset + j;
      |                            ~~~~~~~^~~
include/kapi_bitmap.h: In function 'kapi_bitmap_count':
include/kapi_bitmap.h:84:26: warning: conversion from 'long long unsigned int' to 'unsigned int' may change value [-Wconversion]
   84 |     unsigned int longs = (nbits + KAPI_BITS_PER_LONG - 1) / KAPI_BITS_PER_LONG;
      |                          ^
In file included from include/kapi.h:59:
include/kapi_netlink.h: In function 'kapi_nlmsg_next':
include/kapi_netlink.h:19:37: warning: conversion to 'int' from 'uint32_t' {aka 'unsigned int'} may change the sign of the result [-Wsign-conversion]
   19 | #define KAPI_NLMSG_ALIGNTO          4
      |                                     ^
include/kapi_netlink.h:75:18: note: in expansion of macro 'KAPI_NLMSG_ALIGNTO'
   75 |     int totlen = KAPI_NLMSG_ALIGNTO * ((nlh->nlmsg_len + KAPI_NLMSG_ALIGNTO - 1) / KAPI_NLMSG_ALIGNTO);
      |                  ^~~~~~~~~~~~~~~~~~
<3> Building kernel/api/kapi_netlink.c
<1> Building kernel/api/kapi_netdevice.c
<0> Building kernel/api/kapi_mutex.c
In file included from include/kapi.h:23,
                 from kernel/api/kapi_netlink.c:1:
include/kapi_bitmap.h: In function 'kapi_bitmap_set_all':
include/kapi_bitmap.h:33:26: warning: conversion from 'long long unsigned int' to 'unsigned int' may change value [-Wconversion]
   33 |     unsigned int longs = (nbits + KAPI_BITS_PER_LONG - 1) / KAPI_BITS_PER_LONG;
      |                          ^
include/kapi_bitmap.h: In function 'kapi_bitmap_clear_all':
include/kapi_bitmap.h:41:26: warning: conversion from 'long long unsigned int' to 'unsigned int' may change value [-Wconversion]
   41 |     unsigned int longs = (nbits + KAPI_BITS_PER_LONG - 1) / KAPI_BITS_PER_LONG;
      |                          ^
include/kapi_bitmap.h: In function 'kapi_bitmap_find_first':
include/kapi_bitmap.h:49:26: warning: conversion from 'long long unsigned int' to 'unsigned int' may change value [-Wconversion]
   49 |     unsigned int longs = (nbits + KAPI_BITS_PER_LONG - 1) / KAPI_BITS_PER_LONG;
      |                          ^
include/kapi_bitmap.h:56:35: warning: conversion to 'int' from 'unsigned int' may change the sign of the result [-Wsign-conversion]
   56 |                     return offset + j;
      |                            ~~~~~~~^~~
include/kapi_bitmap.h: In function 'kapi_bitmap_find_first_zero':
include/kapi_bitmap.h:66:26: warning: conversion from 'long long unsigned int' to 'unsigned int' may change value [-Wconversion]
   66 |     unsigned int longs = (nbits + KAPI_BITS_PER_LONG - 1) / KAPI_BITS_PER_LONG;
      |                          ^
include/kapi_bitmap.h:73:35: warning: conversion to 'int' from 'unsigned int' may change the sign of the result [-Wsign-conversion]
   73 |                     return offset + j;
      |                            ~~~~~~~^~~
include/kapi_bitmap.h: In function 'kapi_bitmap_count':
include/kapi_bitmap.h:84:26: warning: conversion from 'long long unsigned int' to 'unsigned int' may change value [-Wconversion]
   84 |     unsigned int longs = (nbits + KAPI_BITS_PER_LONG - 1) / KAPI_BITS_PER_LONG;
      |                          ^
In file included from include/kapi.h:59:
include/kapi_netlink.h: In function 'kapi_nlmsg_next':
include/kapi_netlink.h:19:37: warning: conversion to 'int' from 'uint32_t' {aka 'unsigned int'} may change the sign of the result [-Wsign-conversion]
   19 | #define KAPI_NLMSG_ALIGNTO          4
      |                                     ^
include/kapi_netlink.h:75:18: note: in expansion of macro 'KAPI_NLMSG_ALIGNTO'
   75 |     int totlen = KAPI_NLMSG_ALIGNTO * ((nlh->nlmsg_len + KAPI_NLMSG_ALIGNTO - 1) / KAPI_NLMSG_ALIGNTO);
      |                  ^~~~~~~~~~~~~~~~~~
In file included from include/kapi.h:23,
                 from kernel/api/kapi_netdevice.c:1:
include/kapi_bitmap.h: In function 'kapi_bitmap_set_all':
include/kapi_bitmap.h:33:26: warning: conversion from 'long long unsigned int' to 'unsigned int' may change value [-Wconversion]
   33 |     unsigned int longs = (nbits + KAPI_BITS_PER_LONG - 1) / KAPI_BITS_PER_LONG;
      |                          ^
include/kapi_bitmap.h: In function 'kapi_bitmap_clear_all':
include/kapi_bitmap.h:41:26: warning: conversion from 'long long unsigned int' to 'unsigned int' may change value [-Wconversion]
   41 |     unsigned int longs = (nbits + KAPI_BITS_PER_LONG - 1) / KAPI_BITS_PER_LONG;
      |                          ^
include/kapi_bitmap.h: In function 'kapi_bitmap_find_first':
include/kapi_bitmap.h:49:26: warning: conversion from 'long long unsigned int' to 'unsigned int' may change value [-Wconversion]
   49 |     unsigned int longs = (nbits + KAPI_BITS_PER_LONG - 1) / KAPI_BITS_PER_LONG;
      |                          ^
include/kapi_bitmap.h:56:35: warning: conversion to 'int' from 'unsigned int' may change the sign of the result [-Wsign-conversion]
   56 |                     return offset + j;
      |                            ~~~~~~~^~~
include/kapi_bitmap.h: In function 'kapi_bitmap_find_first_zero':
include/kapi_bitmap.h:66:26: warning: conversion from 'long long unsigned int' to 'unsigned int' may change value [-Wconversion]
   66 |     unsigned int longs = (nbits + KAPI_BITS_PER_LONG - 1) / KAPI_BITS_PER_LONG;
      |                          ^
include/kapi_bitmap.h:73:35: warning: conversion to 'int' from 'unsigned int' may change the sign of the result [-Wsign-conversion]
   73 |                     return offset + j;
      |                            ~~~~~~~^~~
include/kapi_bitmap.h: In function 'kapi_bitmap_count':
include/kapi_bitmap.h:84:26: warning: conversion from 'long long unsigned int' to 'unsigned int' may change value [-Wconversion]
   84 |     unsigned int longs = (nbits + KAPI_BITS_PER_LONG - 1) / KAPI_BITS_PER_LONG;
      |                          ^
kernel/api/kapi_netlink.c: In function 'nl_align':
kernel/api/kapi_netlink.c:29:45: warning: unsigned conversion from 'int' to 'uint32_t' {aka 'unsigned int'} changes value from '-4' to '4294967292' [-Wsign-conversion]
   29 |     return (value + KAPI_NLMSG_ALIGNTO - 1) & ~(KAPI_NLMSG_ALIGNTO - 1);
      |                                             ^
In file included from include/kapi.h:59:
include/kapi_netlink.h: In function 'kapi_nlmsg_next':
include/kapi_netlink.h:19:37: warning: conversion to 'int' from 'uint32_t' {aka 'unsigned int'} may change the sign of the result [-Wsign-conversion]
   19 | #define KAPI_NLMSG_ALIGNTO          4
      |                                     ^
include/kapi_netlink.h:75:18: note: in expansion of macro 'KAPI_NLMSG_ALIGNTO'
   75 |     int totlen = KAPI_NLMSG_ALIGNTO * ((nlh->nlmsg_len + KAPI_NLMSG_ALIGNTO - 1) / KAPI_NLMSG_ALIGNTO);
      |                  ^~~~~~~~~~~~~~~~~~
kernel/api/kapi_netdevice.c: In function 'kapi_netdev_down':
kernel/api/kapi_netdevice.c:134:16: warning: unsigned conversion from 'int' to 'uint32_t' {aka 'unsigned int'} changes value from '-2' to '4294967294' [-Wsign-conversion]
  134 |     dev->flags &= ~KAPI_NETDEV_UP;
      |                ^~
kernel/api/kapi_netdevice.c: In function 'kapi_netdev_set_promiscuous':
kernel/api/kapi_netdevice.c:185:21: warning: unsigned conversion from 'int' to 'uint32_t' {aka 'unsigned int'} changes value from '-33' to '4294967263' [-Wsign-conversion]
  185 |     else dev->flags &= ~KAPI_NETDEV_PROMISC;
      |                     ^~
<2> Building kernel/api/kapi_module.c
In file included from include/kapi.h:23,
                 from kernel/api/kapi_mutex.c:4:
include/kapi_bitmap.h: In function 'kapi_bitmap_set_all':
include/kapi_bitmap.h:33:26: warning: conversion from 'long long unsigned int' to 'unsigned int' may change value [-Wconversion]
   33 |     unsigned int longs = (nbits + KAPI_BITS_PER_LONG - 1) / KAPI_BITS_PER_LONG;
      |                          ^
include/kapi_bitmap.h: In function 'kapi_bitmap_clear_all':
include/kapi_bitmap.h:41:26: warning: conversion from 'long long unsigned int' to 'unsigned int' may change value [-Wconversion]
   41 |     unsigned int longs = (nbits + KAPI_BITS_PER_LONG - 1) / KAPI_BITS_PER_LONG;
      |                          ^
include/kapi_bitmap.h: In function 'kapi_bitmap_find_first':
include/kapi_bitmap.h:49:26: warning: conversion from 'long long unsigned int' to 'unsigned int' may change value [-Wconversion]
   49 |     unsigned int longs = (nbits + KAPI_BITS_PER_LONG - 1) / KAPI_BITS_PER_LONG;
      |                          ^
include/kapi_bitmap.h:56:35: warning: conversion to 'int' from 'unsigned int' may change the sign of the result [-Wsign-conversion]
   56 |                     return offset + j;
      |                            ~~~~~~~^~~
include/kapi_bitmap.h: In function 'kapi_bitmap_find_first_zero':
include/kapi_bitmap.h:66:26: warning: conversion from 'long long unsigned int' to 'unsigned int' may change value [-Wconversion]
   66 |     unsigned int longs = (nbits + KAPI_BITS_PER_LONG - 1) / KAPI_BITS_PER_LONG;
      |                          ^
include/kapi_bitmap.h:73:35: warning: conversion to 'int' from 'unsigned int' may change the sign of the result [-Wsign-conversion]
   73 |                     return offset + j;
      |                            ~~~~~~~^~~
include/kapi_bitmap.h: In function 'kapi_bitmap_count':
include/kapi_bitmap.h:84:26: warning: conversion from 'long long unsigned int' to 'unsigned int' may change value [-Wconversion]
   84 |     unsigned int longs = (nbits + KAPI_BITS_PER_LONG - 1) / KAPI_BITS_PER_LONG;
      |                          ^
In file included from include/kapi.h:59:
include/kapi_netlink.h: In function 'kapi_nlmsg_next':
include/kapi_netlink.h:19:37: warning: conversion to 'int' from 'uint32_t' {aka 'unsigned int'} may change the sign of the result [-Wsign-conversion]
   19 | #define KAPI_NLMSG_ALIGNTO          4
      |                                     ^
include/kapi_netlink.h:75:18: note: in expansion of macro 'KAPI_NLMSG_ALIGNTO'
   75 |     int totlen = KAPI_NLMSG_ALIGNTO * ((nlh->nlmsg_len + KAPI_NLMSG_ALIGNTO - 1) / KAPI_NLMSG_ALIGNTO);
      |                  ^~~~~~~~~~~~~~~~~~
In file included from include/kapi.h:23,
                 from kernel/api/kapi_module.c:4:
include/kapi_bitmap.h: In function 'kapi_bitmap_set_all':
include/kapi_bitmap.h:33:26: warning: conversion from 'long long unsigned int' to 'unsigned int' may change value [-Wconversion]
   33 |     unsigned int longs = (nbits + KAPI_BITS_PER_LONG - 1) / KAPI_BITS_PER_LONG;
      |                          ^
include/kapi_bitmap.h: In function 'kapi_bitmap_clear_all':
include/kapi_bitmap.h:41:26: warning: conversion from 'long long unsigned int' to 'unsigned int' may change value [-Wconversion]
   41 |     unsigned int longs = (nbits + KAPI_BITS_PER_LONG - 1) / KAPI_BITS_PER_LONG;
      |                          ^
include/kapi_bitmap.h: In function 'kapi_bitmap_find_first':
include/kapi_bitmap.h:49:26: warning: conversion from 'long long unsigned int' to 'unsigned int' may change value [-Wconversion]
   49 |     unsigned int longs = (nbits + KAPI_BITS_PER_LONG - 1) / KAPI_BITS_PER_LONG;
      |                          ^
include/kapi_bitmap.h:56:35: warning: conversion to 'int' from 'unsigned int' may change the sign of the result [-Wsign-conversion]
   56 |                     return offset + j;
      |                            ~~~~~~~^~~
include/kapi_bitmap.h: In function 'kapi_bitmap_find_first_zero':
include/kapi_bitmap.h:66:26: warning: conversion from 'long long unsigned int' to 'unsigned int' may change value [-Wconversion]
   66 |     unsigned int longs = (nbits + KAPI_BITS_PER_LONG - 1) / KAPI_BITS_PER_LONG;
      |                          ^
include/kapi_bitmap.h:73:35: warning: conversion to 'int' from 'unsigned int' may change the sign of the result [-Wsign-conversion]
   73 |                     return offset + j;
      |                            ~~~~~~~^~~
include/kapi_bitmap.h: In function 'kapi_bitmap_count':
include/kapi_bitmap.h:84:26: warning: conversion from 'long long unsigned int' to 'unsigned int' may change value [-Wconversion]
   84 |     unsigned int longs = (nbits + KAPI_BITS_PER_LONG - 1) / KAPI_BITS_PER_LONG;
      |                          ^
In file included from include/kapi.h:59:
include/kapi_netlink.h: In function 'kapi_nlmsg_next':
include/kapi_netlink.h:19:37: warning: conversion to 'int' from 'uint32_t' {aka 'unsigned int'} may change the sign of the result [-Wsign-conversion]
   19 | #define KAPI_NLMSG_ALIGNTO          4
      |                                     ^
include/kapi_netlink.h:75:18: note: in expansion of macro 'KAPI_NLMSG_ALIGNTO'
   75 |     int totlen = KAPI_NLMSG_ALIGNTO * ((nlh->nlmsg_len + KAPI_NLMSG_ALIGNTO - 1) / KAPI_NLMSG_ALIGNTO);
      |                  ^~~~~~~~~~~~~~~~~~
<0> Building kernel/api/kapi_mempool.c
<3> Building kernel/api/kapi_memory.c
<2> Building kernel/api/kapi_list.c
In file included from include/kapi.h:23,
                 from kernel/api/kapi_mempool.c:2:
include/kapi_bitmap.h: In function 'kapi_bitmap_set_all':
include/kapi_bitmap.h:33:26: warning: conversion from 'long long unsigned int' to 'unsigned int' may change value [-Wconversion]
   33 |     unsigned int longs = (nbits + KAPI_BITS_PER_LONG - 1) / KAPI_BITS_PER_LONG;
      |                          ^
include/kapi_bitmap.h: In function 'kapi_bitmap_clear_all':
include/kapi_bitmap.h:41:26: warning: conversion from 'long long unsigned int' to 'unsigned int' may change value [-Wconversion]
   41 |     unsigned int longs = (nbits + KAPI_BITS_PER_LONG - 1) / KAPI_BITS_PER_LONG;
      |                          ^
include/kapi_bitmap.h: In function 'kapi_bitmap_find_first':
include/kapi_bitmap.h:49:26: warning: conversion from 'long long unsigned int' to 'unsigned int' may change value [-Wconversion]
   49 |     unsigned int longs = (nbits + KAPI_BITS_PER_LONG - 1) / KAPI_BITS_PER_LONG;
      |                          ^
include/kapi_bitmap.h:56:35: warning: conversion to 'int' from 'unsigned int' may change the sign of the result [-Wsign-conversion]
   56 |                     return offset + j;
      |                            ~~~~~~~^~~
include/kapi_bitmap.h: In function 'kapi_bitmap_find_first_zero':
include/kapi_bitmap.h:66:26: warning: conversion from 'long long unsigned int' to 'unsigned int' may change value [-Wconversion]
   66 |     unsigned int longs = (nbits + KAPI_BITS_PER_LONG - 1) / KAPI_BITS_PER_LONG;
      |                          ^
include/kapi_bitmap.h:73:35: warning: conversion to 'int' from 'unsigned int' may change the sign of the result [-Wsign-conversion]
   73 |                     return offset + j;
      |                            ~~~~~~~^~~
include/kapi_bitmap.h: In function 'kapi_bitmap_count':
include/kapi_bitmap.h:84:26: warning: conversion from 'long long unsigned int' to 'unsigned int' may change value [-Wconversion]
   84 |     unsigned int longs = (nbits + KAPI_BITS_PER_LONG - 1) / KAPI_BITS_PER_LONG;
      |                          ^
In file included from include/kapi.h:59:
include/kapi_netlink.h: In function 'kapi_nlmsg_next':
include/kapi_netlink.h:19:37: warning: conversion to 'int' from 'uint32_t' {aka 'unsigned int'} may change the sign of the result [-Wsign-conversion]
   19 | #define KAPI_NLMSG_ALIGNTO          4
      |                                     ^
include/kapi_netlink.h:75:18: note: in expansion of macro 'KAPI_NLMSG_ALIGNTO'
   75 |     int totlen = KAPI_NLMSG_ALIGNTO * ((nlh->nlmsg_len + KAPI_NLMSG_ALIGNTO - 1) / KAPI_NLMSG_ALIGNTO);
      |                  ^~~~~~~~~~~~~~~~~~
<1> Building kernel/api/kapi_kthread.c
In file included from include/kapi.h:23,
                 from kernel/api/kapi_memory.c:4:
include/kapi_bitmap.h: In function 'kapi_bitmap_set_all':
include/kapi_bitmap.h:33:26: warning: conversion from 'long long unsigned int' to 'unsigned int' may change value [-Wconversion]
   33 |     unsigned int longs = (nbits + KAPI_BITS_PER_LONG - 1) / KAPI_BITS_PER_LONG;
      |                          ^
include/kapi_bitmap.h: In function 'kapi_bitmap_clear_all':
include/kapi_bitmap.h:41:26: warning: conversion from 'long long unsigned int' to 'unsigned int' may change value [-Wconversion]
   41 |     unsigned int longs = (nbits + KAPI_BITS_PER_LONG - 1) / KAPI_BITS_PER_LONG;
      |                          ^
include/kapi_bitmap.h: In function 'kapi_bitmap_find_first':
include/kapi_bitmap.h:49:26: warning: conversion from 'long long unsigned int' to 'unsigned int' may change value [-Wconversion]
   49 |     unsigned int longs = (nbits + KAPI_BITS_PER_LONG - 1) / KAPI_BITS_PER_LONG;
      |                          ^
include/kapi_bitmap.h:56:35: warning: conversion to 'int' from 'unsigned int' may change the sign of the result [-Wsign-conversion]
   56 |                     return offset + j;
      |                            ~~~~~~~^~~
include/kapi_bitmap.h: In function 'kapi_bitmap_find_first_zero':
include/kapi_bitmap.h:66:26: warning: conversion from 'long long unsigned int' to 'unsigned int' may change value [-Wconversion]
   66 |     unsigned int longs = (nbits + KAPI_BITS_PER_LONG - 1) / KAPI_BITS_PER_LONG;
      |                          ^
include/kapi_bitmap.h:73:35: warning: conversion to 'int' from 'unsigned int' may change the sign of the result [-Wsign-conversion]
   73 |                     return offset + j;
      |                            ~~~~~~~^~~
include/kapi_bitmap.h: In function 'kapi_bitmap_count':
include/kapi_bitmap.h:84:26: warning: conversion from 'long long unsigned int' to 'unsigned int' may change value [-Wconversion]
   84 |     unsigned int longs = (nbits + KAPI_BITS_PER_LONG - 1) / KAPI_BITS_PER_LONG;
      |                          ^
In file included from include/kapi.h:23,
                 from kernel/api/kapi_list.c:4:
include/kapi_bitmap.h: In function 'kapi_bitmap_set_all':
include/kapi_bitmap.h:33:26: warning: conversion from 'long long unsigned int' to 'unsigned int' may change value [-Wconversion]
   33 |     unsigned int longs = (nbits + KAPI_BITS_PER_LONG - 1) / KAPI_BITS_PER_LONG;
      |                          ^
include/kapi_bitmap.h: In function 'kapi_bitmap_clear_all':
include/kapi_bitmap.h:41:26: warning: conversion from 'long long unsigned int' to 'unsigned int' may change value [-Wconversion]
   41 |     unsigned int longs = (nbits + KAPI_BITS_PER_LONG - 1) / KAPI_BITS_PER_LONG;
      |                          ^
include/kapi_bitmap.h: In function 'kapi_bitmap_find_first':
include/kapi_bitmap.h:49:26: warning: conversion from 'long long unsigned int' to 'unsigned int' may change value [-Wconversion]
   49 |     unsigned int longs = (nbits + KAPI_BITS_PER_LONG - 1) / KAPI_BITS_PER_LONG;
      |                          ^
include/kapi_bitmap.h:56:35: warning: conversion to 'int' from 'unsigned int' may change the sign of the result [-Wsign-conversion]
   56 |                     return offset + j;
      |                            ~~~~~~~^~~
include/kapi_bitmap.h: In function 'kapi_bitmap_find_first_zero':
include/kapi_bitmap.h:66:26: warning: conversion from 'long long unsigned int' to 'unsigned int' may change value [-Wconversion]
   66 |     unsigned int longs = (nbits + KAPI_BITS_PER_LONG - 1) / KAPI_BITS_PER_LONG;
      |                          ^
include/kapi_bitmap.h:73:35: warning: conversion to 'int' from 'unsigned int' may change the sign of the result [-Wsign-conversion]
   73 |                     return offset + j;
      |                            ~~~~~~~^~~
include/kapi_bitmap.h: In function 'kapi_bitmap_count':
include/kapi_bitmap.h:84:26: warning: conversion from 'long long unsigned int' to 'unsigned int' may change value [-Wconversion]
   84 |     unsigned int longs = (nbits + KAPI_BITS_PER_LONG - 1) / KAPI_BITS_PER_LONG;
      |                          ^
In file included from include/kapi.h:59:
include/kapi_netlink.h: In function 'kapi_nlmsg_next':
include/kapi_netlink.h:19:37: warning: conversion to 'int' from 'uint32_t' {aka 'unsigned int'} may change the sign of the result [-Wsign-conversion]
   19 | #define KAPI_NLMSG_ALIGNTO          4
      |                                     ^
include/kapi_netlink.h:75:18: note: in expansion of macro 'KAPI_NLMSG_ALIGNTO'
   75 |     int totlen = KAPI_NLMSG_ALIGNTO * ((nlh->nlmsg_len + KAPI_NLMSG_ALIGNTO - 1) / KAPI_NLMSG_ALIGNTO);
      |                  ^~~~~~~~~~~~~~~~~~
In file included from include/kapi.h:59:
include/kapi_netlink.h: In function 'kapi_nlmsg_next':
include/kapi_netlink.h:19:37: warning: conversion to 'int' from 'uint32_t' {aka 'unsigned int'} may change the sign of the result [-Wsign-conversion]
   19 | #define KAPI_NLMSG_ALIGNTO          4
      |                                     ^
include/kapi_netlink.h:75:18: note: in expansion of macro 'KAPI_NLMSG_ALIGNTO'
   75 |     int totlen = KAPI_NLMSG_ALIGNTO * ((nlh->nlmsg_len + KAPI_NLMSG_ALIGNTO - 1) / KAPI_NLMSG_ALIGNTO);
      |                  ^~~~~~~~~~~~~~~~~~
In file included from include/kapi.h:23,
                 from kernel/api/kapi_kthread.c:4:
include/kapi_bitmap.h: In function 'kapi_bitmap_set_all':
include/kapi_bitmap.h:33:26: warning: conversion from 'long long unsigned int' to 'unsigned int' may change value [-Wconversion]
   33 |     unsigned int longs = (nbits + KAPI_BITS_PER_LONG - 1) / KAPI_BITS_PER_LONG;
      |                          ^
include/kapi_bitmap.h: In function 'kapi_bitmap_clear_all':
include/kapi_bitmap.h:41:26: warning: conversion from 'long long unsigned int' to 'unsigned int' may change value [-Wconversion]
   41 |     unsigned int longs = (nbits + KAPI_BITS_PER_LONG - 1) / KAPI_BITS_PER_LONG;
      |                          ^
include/kapi_bitmap.h: In function 'kapi_bitmap_find_first':
include/kapi_bitmap.h:49:26: warning: conversion from 'long long unsigned int' to 'unsigned int' may change value [-Wconversion]
   49 |     unsigned int longs = (nbits + KAPI_BITS_PER_LONG - 1) / KAPI_BITS_PER_LONG;
      |                          ^
include/kapi_bitmap.h:56:35: warning: conversion to 'int' from 'unsigned int' may change the sign of the result [-Wsign-conversion]
   56 |                     return offset + j;
      |                            ~~~~~~~^~~
include/kapi_bitmap.h: In function 'kapi_bitmap_find_first_zero':
include/kapi_bitmap.h:66:26: warning: conversion from 'long long unsigned int' to 'unsigned int' may change value [-Wconversion]
   66 |     unsigned int longs = (nbits + KAPI_BITS_PER_LONG - 1) / KAPI_BITS_PER_LONG;
      |                          ^
include/kapi_bitmap.h:73:35: warning: conversion to 'int' from 'unsigned int' may change the sign of the result [-Wsign-conversion]
   73 |                     return offset + j;
      |                            ~~~~~~~^~~
include/kapi_bitmap.h: In function 'kapi_bitmap_count':
include/kapi_bitmap.h:84:26: warning: conversion from 'long long unsigned int' to 'unsigned int' may change value [-Wconversion]
   84 |     unsigned int longs = (nbits + KAPI_BITS_PER_LONG - 1) / KAPI_BITS_PER_LONG;
      |                          ^
In file included from include/kapi.h:59:
include/kapi_netlink.h: In function 'kapi_nlmsg_next':
include/kapi_netlink.h:19:37: warning: conversion to 'int' from 'uint32_t' {aka 'unsigned int'} may change the sign of the result [-Wsign-conversion]
   19 | #define KAPI_NLMSG_ALIGNTO          4
      |                                     ^
include/kapi_netlink.h:75:18: note: in expansion of macro 'KAPI_NLMSG_ALIGNTO'
   75 |     int totlen = KAPI_NLMSG_ALIGNTO * ((nlh->nlmsg_len + KAPI_NLMSG_ALIGNTO - 1) / KAPI_NLMSG_ALIGNTO);
      |                  ^~~~~~~~~~~~~~~~~~
<2> Building kernel/api/kapi_kprobe.c
<3> Building kernel/api/kapi_kobject.c
<0> Building kernel/api/kapi_kfifo.c
In file included from include/kapi.h:23,
                 from kernel/api/kapi_kprobe.c:16:
include/kapi_bitmap.h: In function 'kapi_bitmap_set_all':
include/kapi_bitmap.h:33:26: warning: conversion from 'long long unsigned int' to 'unsigned int' may change value [-Wconversion]
   33 |     unsigned int longs = (nbits + KAPI_BITS_PER_LONG - 1) / KAPI_BITS_PER_LONG;
      |                          ^
include/kapi_bitmap.h: In function 'kapi_bitmap_clear_all':
include/kapi_bitmap.h:41:26: warning: conversion from 'long long unsigned int' to 'unsigned int' may change value [-Wconversion]
   41 |     unsigned int longs = (nbits + KAPI_BITS_PER_LONG - 1) / KAPI_BITS_PER_LONG;
      |                          ^
include/kapi_bitmap.h: In function 'kapi_bitmap_find_first':
include/kapi_bitmap.h:49:26: warning: conversion from 'long long unsigned int' to 'unsigned int' may change value [-Wconversion]
   49 |     unsigned int longs = (nbits + KAPI_BITS_PER_LONG - 1) / KAPI_BITS_PER_LONG;
      |                          ^
include/kapi_bitmap.h:56:35: warning: conversion to 'int' from 'unsigned int' may change the sign of the result [-Wsign-conversion]
   56 |                     return offset + j;
      |                            ~~~~~~~^~~
include/kapi_bitmap.h: In function 'kapi_bitmap_find_first_zero':
include/kapi_bitmap.h:66:26: warning: conversion from 'long long unsigned int' to 'unsigned int' may change value [-Wconversion]
   66 |     unsigned int longs = (nbits + KAPI_BITS_PER_LONG - 1) / KAPI_BITS_PER_LONG;
      |                          ^
include/kapi_bitmap.h:73:35: warning: conversion to 'int' from 'unsigned int' may change the sign of the result [-Wsign-conversion]
   73 |                     return offset + j;
      |                            ~~~~~~~^~~
include/kapi_bitmap.h: In function 'kapi_bitmap_count':
include/kapi_bitmap.h:84:26: warning: conversion from 'long long unsigned int' to 'unsigned int' may change value [-Wconversion]
   84 |     unsigned int longs = (nbits + KAPI_BITS_PER_LONG - 1) / KAPI_BITS_PER_LONG;
      |                          ^
<1> Building kernel/api/kapi_irq.c
In file included from include/kapi.h:59:
include/kapi_netlink.h: In function 'kapi_nlmsg_next':
include/kapi_netlink.h:19:37: warning: conversion to 'int' from 'uint32_t' {aka 'unsigned int'} may change the sign of the result [-Wsign-conversion]
   19 | #define KAPI_NLMSG_ALIGNTO          4
      |                                     ^
include/kapi_netlink.h:75:18: note: in expansion of macro 'KAPI_NLMSG_ALIGNTO'
   75 |     int totlen = KAPI_NLMSG_ALIGNTO * ((nlh->nlmsg_len + KAPI_NLMSG_ALIGNTO - 1) / KAPI_NLMSG_ALIGNTO);
      |                  ^~~~~~~~~~~~~~~~~~
In file included from include/kapi.h:23,
                 from kernel/api/kapi_kobject.c:2:
include/kapi_bitmap.h: In function 'kapi_bitmap_set_all':
include/kapi_bitmap.h:33:26: warning: conversion from 'long long unsigned int' to 'unsigned int' may change value [-Wconversion]
   33 |     unsigned int longs = (nbits + KAPI_BITS_PER_LONG - 1) / KAPI_BITS_PER_LONG;
      |                          ^
include/kapi_bitmap.h: In function 'kapi_bitmap_clear_all':
include/kapi_bitmap.h:41:26: warning: conversion from 'long long unsigned int' to 'unsigned int' may change value [-Wconversion]
   41 |     unsigned int longs = (nbits + KAPI_BITS_PER_LONG - 1) / KAPI_BITS_PER_LONG;
      |                          ^
include/kapi_bitmap.h: In function 'kapi_bitmap_find_first':
include/kapi_bitmap.h:49:26: warning: conversion from 'long long unsigned int' to 'unsigned int' may change value [-Wconversion]
   49 |     unsigned int longs = (nbits + KAPI_BITS_PER_LONG - 1) / KAPI_BITS_PER_LONG;
      |                          ^
include/kapi_bitmap.h:56:35: warning: conversion to 'int' from 'unsigned int' may change the sign of the result [-Wsign-conversion]
   56 |                     return offset + j;
      |                            ~~~~~~~^~~
include/kapi_bitmap.h: In function 'kapi_bitmap_find_first_zero':
include/kapi_bitmap.h:66:26: warning: conversion from 'long long unsigned int' to 'unsigned int' may change value [-Wconversion]
   66 |     unsigned int longs = (nbits + KAPI_BITS_PER_LONG - 1) / KAPI_BITS_PER_LONG;
      |                          ^
include/kapi_bitmap.h:73:35: warning: conversion to 'int' from 'unsigned int' may change the sign of the result [-Wsign-conversion]
   73 |                     return offset + j;
      |                            ~~~~~~~^~~
include/kapi_bitmap.h: In function 'kapi_bitmap_count':
include/kapi_bitmap.h:84:26: warning: conversion from 'long long unsigned int' to 'unsigned int' may change value [-Wconversion]
   84 |     unsigned int longs = (nbits + KAPI_BITS_PER_LONG - 1) / KAPI_BITS_PER_LONG;
      |                          ^
In file included from include/kapi.h:59:
include/kapi_netlink.h: In function 'kapi_nlmsg_next':
include/kapi_netlink.h:19:37: warning: conversion to 'int' from 'uint32_t' {aka 'unsigned int'} may change the sign of the result [-Wsign-conversion]
   19 | #define KAPI_NLMSG_ALIGNTO          4
      |                                     ^
include/kapi_netlink.h:75:18: note: in expansion of macro 'KAPI_NLMSG_ALIGNTO'
   75 |     int totlen = KAPI_NLMSG_ALIGNTO * ((nlh->nlmsg_len + KAPI_NLMSG_ALIGNTO - 1) / KAPI_NLMSG_ALIGNTO);
      |                  ^~~~~~~~~~~~~~~~~~
In file included from include/kapi.h:23,
                 from kernel/api/kapi_kfifo.c:4:
include/kapi_bitmap.h: In function 'kapi_bitmap_set_all':
include/kapi_bitmap.h:33:26: warning: conversion from 'long long unsigned int' to 'unsigned int' may change value [-Wconversion]
   33 |     unsigned int longs = (nbits + KAPI_BITS_PER_LONG - 1) / KAPI_BITS_PER_LONG;
      |                          ^
include/kapi_bitmap.h: In function 'kapi_bitmap_clear_all':
include/kapi_bitmap.h:41:26: warning: conversion from 'long long unsigned int' to 'unsigned int' may change value [-Wconversion]
   41 |     unsigned int longs = (nbits + KAPI_BITS_PER_LONG - 1) / KAPI_BITS_PER_LONG;
      |                          ^
include/kapi_bitmap.h: In function 'kapi_bitmap_find_first':
include/kapi_bitmap.h:49:26: warning: conversion from 'long long unsigned int' to 'unsigned int' may change value [-Wconversion]
   49 |     unsigned int longs = (nbits + KAPI_BITS_PER_LONG - 1) / KAPI_BITS_PER_LONG;
      |                          ^
include/kapi_bitmap.h:56:35: warning: conversion to 'int' from 'unsigned int' may change the sign of the result [-Wsign-conversion]
   56 |                     return offset + j;
      |                            ~~~~~~~^~~
include/kapi_bitmap.h: In function 'kapi_bitmap_find_first_zero':
include/kapi_bitmap.h:66:26: warning: conversion from 'long long unsigned int' to 'unsigned int' may change value [-Wconversion]
   66 |     unsigned int longs = (nbits + KAPI_BITS_PER_LONG - 1) / KAPI_BITS_PER_LONG;
      |                          ^
include/kapi_bitmap.h:73:35: warning: conversion to 'int' from 'unsigned int' may change the sign of the result [-Wsign-conversion]
   73 |                     return offset + j;
      |                            ~~~~~~~^~~
include/kapi_bitmap.h: In function 'kapi_bitmap_count':
include/kapi_bitmap.h:84:26: warning: conversion from 'long long unsigned int' to 'unsigned int' may change value [-Wconversion]
   84 |     unsigned int longs = (nbits + KAPI_BITS_PER_LONG - 1) / KAPI_BITS_PER_LONG;
      |                          ^
In file included from include/kapi.h:23,
                 from kernel/api/kapi_irq.c:1:
include/kapi_bitmap.h: In function 'kapi_bitmap_set_all':
include/kapi_bitmap.h:33:26: warning: conversion from 'long long unsigned int' to 'unsigned int' may change value [-Wconversion]
   33 |     unsigned int longs = (nbits + KAPI_BITS_PER_LONG - 1) / KAPI_BITS_PER_LONG;
      |                          ^
include/kapi_bitmap.h: In function 'kapi_bitmap_clear_all':
include/kapi_bitmap.h:41:26: warning: conversion from 'long long unsigned int' to 'unsigned int' may change value [-Wconversion]
   41 |     unsigned int longs = (nbits + KAPI_BITS_PER_LONG - 1) / KAPI_BITS_PER_LONG;
      |                          ^
include/kapi_bitmap.h: In function 'kapi_bitmap_find_first':
include/kapi_bitmap.h:49:26: warning: conversion from 'long long unsigned int' to 'unsigned int' may change value [-Wconversion]
   49 |     unsigned int longs = (nbits + KAPI_BITS_PER_LONG - 1) / KAPI_BITS_PER_LONG;
      |                          ^
include/kapi_bitmap.h:56:35: warning: conversion to 'int' from 'unsigned int' may change the sign of the result [-Wsign-conversion]
   56 |                     return offset + j;
      |                            ~~~~~~~^~~
include/kapi_bitmap.h: In function 'kapi_bitmap_find_first_zero':
include/kapi_bitmap.h:66:26: warning: conversion from 'long long unsigned int' to 'unsigned int' may change value [-Wconversion]
   66 |     unsigned int longs = (nbits + KAPI_BITS_PER_LONG - 1) / KAPI_BITS_PER_LONG;
      |                          ^
include/kapi_bitmap.h:73:35: warning: conversion to 'int' from 'unsigned int' may change the sign of the result [-Wsign-conversion]
   73 |                     return offset + j;
      |                            ~~~~~~~^~~
include/kapi_bitmap.h: In function 'kapi_bitmap_count':
include/kapi_bitmap.h:84:26: warning: conversion from 'long long unsigned int' to 'unsigned int' may change value [-Wconversion]
   84 |     unsigned int longs = (nbits + KAPI_BITS_PER_LONG - 1) / KAPI_BITS_PER_LONG;
      |                          ^
In file included from include/kapi.h:59:
include/kapi_netlink.h: In function 'kapi_nlmsg_next':
include/kapi_netlink.h:19:37: warning: conversion to 'int' from 'uint32_t' {aka 'unsigned int'} may change the sign of the result [-Wsign-conversion]
   19 | #define KAPI_NLMSG_ALIGNTO          4
      |                                     ^
include/kapi_netlink.h:75:18: note: in expansion of macro 'KAPI_NLMSG_ALIGNTO'
   75 |     int totlen = KAPI_NLMSG_ALIGNTO * ((nlh->nlmsg_len + KAPI_NLMSG_ALIGNTO - 1) / KAPI_NLMSG_ALIGNTO);
      |                  ^~~~~~~~~~~~~~~~~~
In file included from include/kapi.h:59:
include/kapi_netlink.h: In function 'kapi_nlmsg_next':
include/kapi_netlink.h:19:37: warning: conversion to 'int' from 'uint32_t' {aka 'unsigned int'} may change the sign of the result [-Wsign-conversion]
   19 | #define KAPI_NLMSG_ALIGNTO          4
      |                                     ^
include/kapi_netlink.h:75:18: note: in expansion of macro 'KAPI_NLMSG_ALIGNTO'
   75 |     int totlen = KAPI_NLMSG_ALIGNTO * ((nlh->nlmsg_len + KAPI_NLMSG_ALIGNTO - 1) / KAPI_NLMSG_ALIGNTO);
      |                  ^~~~~~~~~~~~~~~~~~
<0> Building kernel/api/kapi_io.c
<1> Building kernel/api/kapi_init.c
<2> Building kernel/api/kapi_idr.c
<3> Building kernel/api/kapi_hash.c
In file included from include/kapi.h:23,
                 from kernel/api/kapi_io.c:2:
include/kapi_bitmap.h: In function 'kapi_bitmap_set_all':
include/kapi_bitmap.h:33:26: warning: conversion from 'long long unsigned int' to 'unsigned int' may change value [-Wconversion]
   33 |     unsigned int longs = (nbits + KAPI_BITS_PER_LONG - 1) / KAPI_BITS_PER_LONG;
      |                          ^
include/kapi_bitmap.h: In function 'kapi_bitmap_clear_all':
include/kapi_bitmap.h:41:26: warning: conversion from 'long long unsigned int' to 'unsigned int' may change value [-Wconversion]
   41 |     unsigned int longs = (nbits + KAPI_BITS_PER_LONG - 1) / KAPI_BITS_PER_LONG;
      |                          ^
include/kapi_bitmap.h: In function 'kapi_bitmap_find_first':
include/kapi_bitmap.h:49:26: warning: conversion from 'long long unsigned int' to 'unsigned int' may change value [-Wconversion]
   49 |     unsigned int longs = (nbits + KAPI_BITS_PER_LONG - 1) / KAPI_BITS_PER_LONG;
      |                          ^
include/kapi_bitmap.h:56:35: warning: conversion to 'int' from 'unsigned int' may change the sign of the result [-Wsign-conversion]
   56 |                     return offset + j;
      |                            ~~~~~~~^~~
include/kapi_bitmap.h: In function 'kapi_bitmap_find_first_zero':
include/kapi_bitmap.h:66:26: warning: conversion from 'long long unsigned int' to 'unsigned int' may change value [-Wconversion]
   66 |     unsigned int longs = (nbits + KAPI_BITS_PER_LONG - 1) / KAPI_BITS_PER_LONG;
      |                          ^
include/kapi_bitmap.h:73:35: warning: conversion to 'int' from 'unsigned int' may change the sign of the result [-Wsign-conversion]
   73 |                     return offset + j;
      |                            ~~~~~~~^~~
include/kapi_bitmap.h: In function 'kapi_bitmap_count':
include/kapi_bitmap.h:84:26: warning: conversion from 'long long unsigned int' to 'unsigned int' may change value [-Wconversion]
   84 |     unsigned int longs = (nbits + KAPI_BITS_PER_LONG - 1) / KAPI_BITS_PER_LONG;
      |                          ^
In file included from include/kapi.h:23,
                 from kernel/api/kapi_idr.c:4:
include/kapi_bitmap.h: In function 'kapi_bitmap_set_all':
include/kapi_bitmap.h:33:26: warning: conversion from 'long long unsigned int' to 'unsigned int' may change value [-Wconversion]
   33 |     unsigned int longs = (nbits + KAPI_BITS_PER_LONG - 1) / KAPI_BITS_PER_LONG;
      |                          ^
include/kapi_bitmap.h: In function 'kapi_bitmap_clear_all':
include/kapi_bitmap.h:41:26: warning: conversion from 'long long unsigned int' to 'unsigned int' may change value [-Wconversion]
   41 |     unsigned int longs = (nbits + KAPI_BITS_PER_LONG - 1) / KAPI_BITS_PER_LONG;
      |                          ^
include/kapi_bitmap.h: In function 'kapi_bitmap_find_first':
include/kapi_bitmap.h:49:26: warning: conversion from 'long long unsigned int' to 'unsigned int' may change value [-Wconversion]
   49 |     unsigned int longs = (nbits + KAPI_BITS_PER_LONG - 1) / KAPI_BITS_PER_LONG;
      |                          ^
include/kapi_bitmap.h:56:35: warning: conversion to 'int' from 'unsigned int' may change the sign of the result [-Wsign-conversion]
   56 |                     return offset + j;
      |                            ~~~~~~~^~~
include/kapi_bitmap.h: In function 'kapi_bitmap_find_first_zero':
include/kapi_bitmap.h:66:26: warning: conversion from 'long long unsigned int' to 'unsigned int' may change value [-Wconversion]
   66 |     unsigned int longs = (nbits + KAPI_BITS_PER_LONG - 1) / KAPI_BITS_PER_LONG;
      |                          ^
include/kapi_bitmap.h:73:35: warning: conversion to 'int' from 'unsigned int' may change the sign of the result [-Wsign-conversion]
   73 |                     return offset + j;
      |                            ~~~~~~~^~~
include/kapi_bitmap.h: In function 'kapi_bitmap_count':
include/kapi_bitmap.h:84:26: warning: conversion from 'long long unsigned int' to 'unsigned int' may change value [-Wconversion]
   84 |     unsigned int longs = (nbits + KAPI_BITS_PER_LONG - 1) / KAPI_BITS_PER_LONG;
      |                          ^
In file included from include/kapi.h:23,
                 from kernel/api/kapi_init.c:1:
include/kapi_bitmap.h: In function 'kapi_bitmap_set_all':
include/kapi_bitmap.h:33:26: warning: conversion from 'long long unsigned int' to 'unsigned int' may change value [-Wconversion]
   33 |     unsigned int longs = (nbits + KAPI_BITS_PER_LONG - 1) / KAPI_BITS_PER_LONG;
      |                          ^
include/kapi_bitmap.h: In function 'kapi_bitmap_clear_all':
include/kapi_bitmap.h:41:26: warning: conversion from 'long long unsigned int' to 'unsigned int' may change value [-Wconversion]
   41 |     unsigned int longs = (nbits + KAPI_BITS_PER_LONG - 1) / KAPI_BITS_PER_LONG;
      |                          ^
include/kapi_bitmap.h: In function 'kapi_bitmap_find_first':
include/kapi_bitmap.h:49:26: warning: conversion from 'long long unsigned int' to 'unsigned int' may change value [-Wconversion]
   49 |     unsigned int longs = (nbits + KAPI_BITS_PER_LONG - 1) / KAPI_BITS_PER_LONG;
      |                          ^
include/kapi_bitmap.h:56:35: warning: conversion to 'int' from 'unsigned int' may change the sign of the result [-Wsign-conversion]
   56 |                     return offset + j;
      |                            ~~~~~~~^~~
include/kapi_bitmap.h: In function 'kapi_bitmap_find_first_zero':
include/kapi_bitmap.h:66:26: warning: conversion from 'long long unsigned int' to 'unsigned int' may change value [-Wconversion]
   66 |     unsigned int longs = (nbits + KAPI_BITS_PER_LONG - 1) / KAPI_BITS_PER_LONG;
      |                          ^
include/kapi_bitmap.h:73:35: warning: conversion to 'int' from 'unsigned int' may change the sign of the result [-Wsign-conversion]
   73 |                     return offset + j;
      |                            ~~~~~~~^~~
include/kapi_bitmap.h: In function 'kapi_bitmap_count':
include/kapi_bitmap.h:84:26: warning: conversion from 'long long unsigned int' to 'unsigned int' may change value [-Wconversion]
   84 |     unsigned int longs = (nbits + KAPI_BITS_PER_LONG - 1) / KAPI_BITS_PER_LONG;
      |                          ^
In file included from include/kapi.h:59:
include/kapi_netlink.h: In function 'kapi_nlmsg_next':
include/kapi_netlink.h:19:37: warning: conversion to 'int' from 'uint32_t' {aka 'unsigned int'} may change the sign of the result [-Wsign-conversion]
   19 | #define KAPI_NLMSG_ALIGNTO          4
      |                                     ^
include/kapi_netlink.h:75:18: note: in expansion of macro 'KAPI_NLMSG_ALIGNTO'
   75 |     int totlen = KAPI_NLMSG_ALIGNTO * ((nlh->nlmsg_len + KAPI_NLMSG_ALIGNTO - 1) / KAPI_NLMSG_ALIGNTO);
      |                  ^~~~~~~~~~~~~~~~~~
In file included from include/kapi.h:23,
                 from kernel/api/kapi_hash.c:2:
include/kapi_bitmap.h: In function 'kapi_bitmap_set_all':
include/kapi_bitmap.h:33:26: warning: conversion from 'long long unsigned int' to 'unsigned int' may change value [-Wconversion]
   33 |     unsigned int longs = (nbits + KAPI_BITS_PER_LONG - 1) / KAPI_BITS_PER_LONG;
      |                          ^
include/kapi_bitmap.h: In function 'kapi_bitmap_clear_all':
include/kapi_bitmap.h:41:26: warning: conversion from 'long long unsigned int' to 'unsigned int' may change value [-Wconversion]
   41 |     unsigned int longs = (nbits + KAPI_BITS_PER_LONG - 1) / KAPI_BITS_PER_LONG;
      |                          ^
include/kapi_bitmap.h: In function 'kapi_bitmap_find_first':
include/kapi_bitmap.h:49:26: warning: conversion from 'long long unsigned int' to 'unsigned int' may change value [-Wconversion]
   49 |     unsigned int longs = (nbits + KAPI_BITS_PER_LONG - 1) / KAPI_BITS_PER_LONG;
      |                          ^
include/kapi_bitmap.h:56:35: warning: conversion to 'int' from 'unsigned int' may change the sign of the result [-Wsign-conversion]
   56 |                     return offset + j;
      |                            ~~~~~~~^~~
include/kapi_bitmap.h: In function 'kapi_bitmap_find_first_zero':
include/kapi_bitmap.h:66:26: warning: conversion from 'long long unsigned int' to 'unsigned int' may change value [-Wconversion]
   66 |     unsigned int longs = (nbits + KAPI_BITS_PER_LONG - 1) / KAPI_BITS_PER_LONG;
      |                          ^
include/kapi_bitmap.h:73:35: warning: conversion to 'int' from 'unsigned int' may change the sign of the result [-Wsign-conversion]
   73 |                     return offset + j;
      |                            ~~~~~~~^~~
include/kapi_bitmap.h: In function 'kapi_bitmap_count':
include/kapi_bitmap.h:84:26: warning: conversion from 'long long unsigned int' to 'unsigned int' may change value [-Wconversion]
   84 |     unsigned int longs = (nbits + KAPI_BITS_PER_LONG - 1) / KAPI_BITS_PER_LONG;
      |                          ^
In file included from include/kapi.h:59:
include/kapi_netlink.h: In function 'kapi_nlmsg_next':
include/kapi_netlink.h:19:37: warning: conversion to 'int' from 'uint32_t' {aka 'unsigned int'} may change the sign of the result [-Wsign-conversion]
   19 | #define KAPI_NLMSG_ALIGNTO          4
      |                                     ^
include/kapi_netlink.h:75:18: note: in expansion of macro 'KAPI_NLMSG_ALIGNTO'
   75 |     int totlen = KAPI_NLMSG_ALIGNTO * ((nlh->nlmsg_len + KAPI_NLMSG_ALIGNTO - 1) / KAPI_NLMSG_ALIGNTO);
      |                  ^~~~~~~~~~~~~~~~~~
In file included from include/kapi.h:59:
include/kapi_netlink.h: In function 'kapi_nlmsg_next':
include/kapi_netlink.h:19:37: warning: conversion to 'int' from 'uint32_t' {aka 'unsigned int'} may change the sign of the result [-Wsign-conversion]
   19 | #define KAPI_NLMSG_ALIGNTO          4
      |                                     ^
include/kapi_netlink.h:75:18: note: in expansion of macro 'KAPI_NLMSG_ALIGNTO'
   75 |     int totlen = KAPI_NLMSG_ALIGNTO * ((nlh->nlmsg_len + KAPI_NLMSG_ALIGNTO - 1) / KAPI_NLMSG_ALIGNTO);
      |                  ^~~~~~~~~~~~~~~~~~
kernel/api/kapi_idr.c: In function 'kapi_idr_alloc':
kernel/api/kapi_idr.c:41:28: warning: conversion to 'long long unsigned int' from 'int' may change the sign of the result [-Wsign-conversion]
   41 |             idr->bitmap[id / (sizeof(unsigned long) * 8)] |= (1UL << (id % (sizeof(unsigned long) * 8)));
      |                            ^
kernel/api/kapi_idr.c:41:74: warning: conversion to 'long long unsigned int' from 'int' may change the sign of the result [-Wsign-conversion]
   41 |             idr->bitmap[id / (sizeof(unsigned long) * 8)] |= (1UL << (id % (sizeof(unsigned long) * 8)));
      |                                                                          ^
kernel/api/kapi_idr.c: In function 'kapi_idr_free':
kernel/api/kapi_idr.c:57:20: warning: conversion to 'long long unsigned int' from 'int' may change the sign of the result [-Wsign-conversion]
   57 |     idr->bitmap[id / (sizeof(unsigned long) * 8)] &= ~(1UL << (id % (sizeof(unsigned long) * 8)));
      |                    ^
kernel/api/kapi_idr.c:57:67: warning: conversion to 'long long unsigned int' from 'int' may change the sign of the result [-Wsign-conversion]
   57 |     idr->bitmap[id / (sizeof(unsigned long) * 8)] &= ~(1UL << (id % (sizeof(unsigned long) * 8)));
      |                                                                   ^
kernel/api/kapi_idr.c: In function 'kapi_idr_alloc_fixed':
kernel/api/kapi_idr.c:80:20: warning: conversion to 'long long unsigned int' from 'int' may change the sign of the result [-Wsign-conversion]
   80 |     idr->bitmap[id / (sizeof(unsigned long) * 8)] |= (1UL << (id % (sizeof(unsigned long) * 8)));
      |                    ^
kernel/api/kapi_idr.c:80:66: warning: conversion to 'long long unsigned int' from 'int' may change the sign of the result [-Wsign-conversion]
   80 |     idr->bitmap[id / (sizeof(unsigned long) * 8)] |= (1UL << (id % (sizeof(unsigned long) * 8)));
      |                                                                  ^
In file included from include/kapi.h:59:
include/kapi_netlink.h: In function 'kapi_nlmsg_next':
include/kapi_netlink.h:19:37: warning: conversion to 'int' from 'uint32_t' {aka 'unsigned int'} may change the sign of the result [-Wsign-conversion]
   19 | #define KAPI_NLMSG_ALIGNTO          4
      |                                     ^
include/kapi_netlink.h:75:18: note: in expansion of macro 'KAPI_NLMSG_ALIGNTO'
   75 |     int totlen = KAPI_NLMSG_ALIGNTO * ((nlh->nlmsg_len + KAPI_NLMSG_ALIGNTO - 1) / KAPI_NLMSG_ALIGNTO);
      |                  ^~~~~~~~~~~~~~~~~~
In file included from kernel/api/kapi_hash.c:1:
kernel/api/kapi_hash.c: In function 'kapi_hash_resize':
include/kapi_hash.h:107:38: warning: ISO C forbids braced-groups within expressions [-Wpedantic]
  107 |     for (pos = (head)->first; pos && ({ n = pos->next; 1; }); pos = n)
      |                                      ^
kernel/api/kapi_hash.c:185:9: note: in expansion of macro 'kapi_hlist_for_each_safe'
  185 |         kapi_hlist_for_each_safe(pos, n, &ht->buckets[i]) {
      |         ^~~~~~~~~~~~~~~~~~~~~~~~
<1> Building kernel/api/kapi_ftrace.c
<0> Building kernel/api/kapi_fs.c
<2> Building kernel/api/kapi_ebpf.c
In file included from include/kapi.h:23,
                 from kernel/api/kapi_ftrace.c:2:
include/kapi_bitmap.h: In function 'kapi_bitmap_set_all':
include/kapi_bitmap.h:33:26: warning: conversion from 'long long unsigned int' to 'unsigned int' may change value [-Wconversion]
   33 |     unsigned int longs = (nbits + KAPI_BITS_PER_LONG - 1) / KAPI_BITS_PER_LONG;
      |                          ^
include/kapi_bitmap.h: In function 'kapi_bitmap_clear_all':
include/kapi_bitmap.h:41:26: warning: conversion from 'long long unsigned int' to 'unsigned int' may change value [-Wconversion]
   41 |     unsigned int longs = (nbits + KAPI_BITS_PER_LONG - 1) / KAPI_BITS_PER_LONG;
      |                          ^
include/kapi_bitmap.h: In function 'kapi_bitmap_find_first':
include/kapi_bitmap.h:49:26: warning: conversion from 'long long unsigned int' to 'unsigned int' may change value [-Wconversion]
   49 |     unsigned int longs = (nbits + KAPI_BITS_PER_LONG - 1) / KAPI_BITS_PER_LONG;
      |                          ^
include/kapi_bitmap.h:56:35: warning: conversion to 'int' from 'unsigned int' may change the sign of the result [-Wsign-conversion]
   56 |                     return offset + j;
      |                            ~~~~~~~^~~
include/kapi_bitmap.h: In function 'kapi_bitmap_find_first_zero':
include/kapi_bitmap.h:66:26: warning: conversion from 'long long unsigned int' to 'unsigned int' may change value [-Wconversion]
   66 |     unsigned int longs = (nbits + KAPI_BITS_PER_LONG - 1) / KAPI_BITS_PER_LONG;
      |                          ^
include/kapi_bitmap.h:73:35: warning: conversion to 'int' from 'unsigned int' may change the sign of the result [-Wsign-conversion]
   73 |                     return offset + j;
      |                            ~~~~~~~^~~
include/kapi_bitmap.h: In function 'kapi_bitmap_count':
include/kapi_bitmap.h:84:26: warning: conversion from 'long long unsigned int' to 'unsigned int' may change value [-Wconversion]
   84 |     unsigned int longs = (nbits + KAPI_BITS_PER_LONG - 1) / KAPI_BITS_PER_LONG;
      |                          ^
In file included from include/kapi.h:59:
include/kapi_netlink.h: In function 'kapi_nlmsg_next':
include/kapi_netlink.h:19:37: warning: conversion to 'int' from 'uint32_t' {aka 'unsigned int'} may change the sign of the result [-Wsign-conversion]
   19 | #define KAPI_NLMSG_ALIGNTO          4
      |                                     ^
include/kapi_netlink.h:75:18: note: in expansion of macro 'KAPI_NLMSG_ALIGNTO'
   75 |     int totlen = KAPI_NLMSG_ALIGNTO * ((nlh->nlmsg_len + KAPI_NLMSG_ALIGNTO - 1) / KAPI_NLMSG_ALIGNTO);
      |                  ^~~~~~~~~~~~~~~~~~
In file included from include/kapi.h:23,
                 from kernel/api/kapi_fs.c:4:
include/kapi_bitmap.h: In function 'kapi_bitmap_set_all':
include/kapi_bitmap.h:33:26: warning: conversion from 'long long unsigned int' to 'unsigned int' may change value [-Wconversion]
   33 |     unsigned int longs = (nbits + KAPI_BITS_PER_LONG - 1) / KAPI_BITS_PER_LONG;
      |                          ^
include/kapi_bitmap.h: In function 'kapi_bitmap_clear_all':
include/kapi_bitmap.h:41:26: warning: conversion from 'long long unsigned int' to 'unsigned int' may change value [-Wconversion]
   41 |     unsigned int longs = (nbits + KAPI_BITS_PER_LONG - 1) / KAPI_BITS_PER_LONG;
      |                          ^
include/kapi_bitmap.h: In function 'kapi_bitmap_find_first':
include/kapi_bitmap.h:49:26: warning: conversion from 'long long unsigned int' to 'unsigned int' may change value [-Wconversion]
   49 |     unsigned int longs = (nbits + KAPI_BITS_PER_LONG - 1) / KAPI_BITS_PER_LONG;
      |                          ^
include/kapi_bitmap.h:56:35: warning: conversion to 'int' from 'unsigned int' may change the sign of the result [-Wsign-conversion]
   56 |                     return offset + j;
      |                            ~~~~~~~^~~
include/kapi_bitmap.h: In function 'kapi_bitmap_find_first_zero':
include/kapi_bitmap.h:66:26: warning: conversion from 'long long unsigned int' to 'unsigned int' may change value [-Wconversion]
   66 |     unsigned int longs = (nbits + KAPI_BITS_PER_LONG - 1) / KAPI_BITS_PER_LONG;
      |                          ^
include/kapi_bitmap.h:73:35: warning: conversion to 'int' from 'unsigned int' may change the sign of the result [-Wsign-conversion]
   73 |                     return offset + j;
      |                            ~~~~~~~^~~
include/kapi_bitmap.h: In function 'kapi_bitmap_count':
include/kapi_bitmap.h:84:26: warning: conversion from 'long long unsigned int' to 'unsigned int' may change value [-Wconversion]
   84 |     unsigned int longs = (nbits + KAPI_BITS_PER_LONG - 1) / KAPI_BITS_PER_LONG;
      |                          ^
<3> Building kernel/api/kapi_dma.c
In file included from include/kapi.h:59:
include/kapi_netlink.h: In function 'kapi_nlmsg_next':
include/kapi_netlink.h:19:37: warning: conversion to 'int' from 'uint32_t' {aka 'unsigned int'} may change the sign of the result [-Wsign-conversion]
   19 | #define KAPI_NLMSG_ALIGNTO          4
      |                                     ^
include/kapi_netlink.h:75:18: note: in expansion of macro 'KAPI_NLMSG_ALIGNTO'
   75 |     int totlen = KAPI_NLMSG_ALIGNTO * ((nlh->nlmsg_len + KAPI_NLMSG_ALIGNTO - 1) / KAPI_NLMSG_ALIGNTO);
      |                  ^~~~~~~~~~~~~~~~~~
In file included from include/kapi.h:23,
                 from kernel/api/kapi_ebpf.c:9:
include/kapi_bitmap.h: In function 'kapi_bitmap_set_all':
include/kapi_bitmap.h:33:26: warning: conversion from 'long long unsigned int' to 'unsigned int' may change value [-Wconversion]
   33 |     unsigned int longs = (nbits + KAPI_BITS_PER_LONG - 1) / KAPI_BITS_PER_LONG;
      |                          ^
include/kapi_bitmap.h: In function 'kapi_bitmap_clear_all':
include/kapi_bitmap.h:41:26: warning: conversion from 'long long unsigned int' to 'unsigned int' may change value [-Wconversion]
   41 |     unsigned int longs = (nbits + KAPI_BITS_PER_LONG - 1) / KAPI_BITS_PER_LONG;
      |                          ^
include/kapi_bitmap.h: In function 'kapi_bitmap_find_first':
include/kapi_bitmap.h:49:26: warning: conversion from 'long long unsigned int' to 'unsigned int' may change value [-Wconversion]
   49 |     unsigned int longs = (nbits + KAPI_BITS_PER_LONG - 1) / KAPI_BITS_PER_LONG;
      |                          ^
include/kapi_bitmap.h:56:35: warning: conversion to 'int' from 'unsigned int' may change the sign of the result [-Wsign-conversion]
   56 |                     return offset + j;
      |                            ~~~~~~~^~~
include/kapi_bitmap.h: In function 'kapi_bitmap_find_first_zero':
include/kapi_bitmap.h:66:26: warning: conversion from 'long long unsigned int' to 'unsigned int' may change value [-Wconversion]
   66 |     unsigned int longs = (nbits + KAPI_BITS_PER_LONG - 1) / KAPI_BITS_PER_LONG;
      |                          ^
include/kapi_bitmap.h:73:35: warning: conversion to 'int' from 'unsigned int' may change the sign of the result [-Wsign-conversion]
   73 |                     return offset + j;
      |                            ~~~~~~~^~~
include/kapi_bitmap.h: In function 'kapi_bitmap_count':
include/kapi_bitmap.h:84:26: warning: conversion from 'long long unsigned int' to 'unsigned int' may change value [-Wconversion]
   84 |     unsigned int longs = (nbits + KAPI_BITS_PER_LONG - 1) / KAPI_BITS_PER_LONG;
      |                          ^
kernel/api/kapi_fs.c: In function 'kapi_open':
kernel/api/kapi_fs.c:121:45: warning: unused parameter 'flags' [-Wunused-parameter]
  121 | kapi_file_t kapi_open(const char* path, int flags, int mode)
      |                                         ~~~~^~~~~
kernel/api/kapi_fs.c:121:56: warning: unused parameter 'mode' [-Wunused-parameter]
  121 | kapi_file_t kapi_open(const char* path, int flags, int mode)
      |                                                    ~~~~^~~~
kernel/api/kapi_fs.c: In function 'kapi_seek':
kernel/api/kapi_fs.c:180:57: warning: unused parameter 'whence' [-Wunused-parameter]
  180 | int64_t kapi_seek(kapi_file_t file, int64_t offset, int whence)
      |                                                     ~~~~^~~~~~
In file included from include/kapi.h:59:
include/kapi_netlink.h: In function 'kapi_nlmsg_next':
include/kapi_netlink.h:19:37: warning: conversion to 'int' from 'uint32_t' {aka 'unsigned int'} may change the sign of the result [-Wsign-conversion]
   19 | #define KAPI_NLMSG_ALIGNTO          4
      |                                     ^
include/kapi_netlink.h:75:18: note: in expansion of macro 'KAPI_NLMSG_ALIGNTO'
   75 |     int totlen = KAPI_NLMSG_ALIGNTO * ((nlh->nlmsg_len + KAPI_NLMSG_ALIGNTO - 1) / KAPI_NLMSG_ALIGNTO);
      |                  ^~~~~~~~~~~~~~~~~~
kernel/api/kapi_ebpf.c: In function 'ebpf_serial_hex':
kernel/api/kapi_ebpf.c:139:23: warning: conversion from 'int' to 'char' may change value [-Wconversion]
  139 |         buf[15 - i] = (n < 10) ? ('0' + n) : ('a' + n - 10);
      |                       ^
In file included from include/kapi.h:23,
                 from kernel/api/kapi_dma.c:2:
include/kapi_bitmap.h: In function 'kapi_bitmap_set_all':
include/kapi_bitmap.h:33:26: warning: conversion from 'long long unsigned int' to 'unsigned int' may change value [-Wconversion]
   33 |     unsigned int longs = (nbits + KAPI_BITS_PER_LONG - 1) / KAPI_BITS_PER_LONG;
      |                          ^
include/kapi_bitmap.h: In function 'kapi_bitmap_clear_all':
include/kapi_bitmap.h:41:26: warning: conversion from 'long long unsigned int' to 'unsigned int' may change value [-Wconversion]
   41 |     unsigned int longs = (nbits + KAPI_BITS_PER_LONG - 1) / KAPI_BITS_PER_LONG;
      |                          ^
include/kapi_bitmap.h: In function 'kapi_bitmap_find_first':
include/kapi_bitmap.h:49:26: warning: conversion from 'long long unsigned int' to 'unsigned int' may change value [-Wconversion]
   49 |     unsigned int longs = (nbits + KAPI_BITS_PER_LONG - 1) / KAPI_BITS_PER_LONG;
      |                          ^
include/kapi_bitmap.h:56:35: warning: conversion to 'int' from 'unsigned int' may change the sign of the result [-Wsign-conversion]
   56 |                     return offset + j;
      |                            ~~~~~~~^~~
include/kapi_bitmap.h: In function 'kapi_bitmap_find_first_zero':
include/kapi_bitmap.h:66:26: warning: conversion from 'long long unsigned int' to 'unsigned int' may change value [-Wconversion]
   66 |     unsigned int longs = (nbits + KAPI_BITS_PER_LONG - 1) / KAPI_BITS_PER_LONG;
      |                          ^
include/kapi_bitmap.h:73:35: warning: conversion to 'int' from 'unsigned int' may change the sign of the result [-Wsign-conversion]
   73 |                     return offset + j;
      |                            ~~~~~~~^~~
include/kapi_bitmap.h: In function 'kapi_bitmap_count':
include/kapi_bitmap.h:84:26: warning: conversion from 'long long unsigned int' to 'unsigned int' may change value [-Wconversion]
   84 |     unsigned int longs = (nbits + KAPI_BITS_PER_LONG - 1) / KAPI_BITS_PER_LONG;
      |                          ^
In file included from include/kapi.h:59:
include/kapi_netlink.h: In function 'kapi_nlmsg_next':
include/kapi_netlink.h:19:37: warning: conversion to 'int' from 'uint32_t' {aka 'unsigned int'} may change the sign of the result [-Wsign-conversion]
   19 | #define KAPI_NLMSG_ALIGNTO          4
      |                                     ^
include/kapi_netlink.h:75:18: note: in expansion of macro 'KAPI_NLMSG_ALIGNTO'
   75 |     int totlen = KAPI_NLMSG_ALIGNTO * ((nlh->nlmsg_len + KAPI_NLMSG_ALIGNTO - 1) / KAPI_NLMSG_ALIGNTO);
      |                  ^~~~~~~~~~~~~~~~~~
<1> Building kernel/api/kapi_device.c
<2> Building kernel/api/kapi_debugfs.c
<3> Building kernel/api/kapi_crc.c
<0> Building kernel/api/kapi_cpumask.c
In file included from include/kapi.h:23,
                 from kernel/api/kapi_device.c:4:
include/kapi_bitmap.h: In function 'kapi_bitmap_set_all':
include/kapi_bitmap.h:33:26: warning: conversion from 'long long unsigned int' to 'unsigned int' may change value [-Wconversion]
   33 |     unsigned int longs = (nbits + KAPI_BITS_PER_LONG - 1) / KAPI_BITS_PER_LONG;
      |                          ^
include/kapi_bitmap.h: In function 'kapi_bitmap_clear_all':
include/kapi_bitmap.h:41:26: warning: conversion from 'long long unsigned int' to 'unsigned int' may change value [-Wconversion]
   41 |     unsigned int longs = (nbits + KAPI_BITS_PER_LONG - 1) / KAPI_BITS_PER_LONG;
      |                          ^
include/kapi_bitmap.h: In function 'kapi_bitmap_find_first':
include/kapi_bitmap.h:49:26: warning: conversion from 'long long unsigned int' to 'unsigned int' may change value [-Wconversion]
   49 |     unsigned int longs = (nbits + KAPI_BITS_PER_LONG - 1) / KAPI_BITS_PER_LONG;
      |                          ^
include/kapi_bitmap.h:56:35: warning: conversion to 'int' from 'unsigned int' may change the sign of the result [-Wsign-conversion]
   56 |                     return offset + j;
      |                            ~~~~~~~^~~
include/kapi_bitmap.h: In function 'kapi_bitmap_find_first_zero':
include/kapi_bitmap.h:66:26: warning: conversion from 'long long unsigned int' to 'unsigned int' may change value [-Wconversion]
   66 |     unsigned int longs = (nbits + KAPI_BITS_PER_LONG - 1) / KAPI_BITS_PER_LONG;
      |                          ^
include/kapi_bitmap.h:73:35: warning: conversion to 'int' from 'unsigned int' may change the sign of the result [-Wsign-conversion]
   73 |                     return offset + j;
      |                            ~~~~~~~^~~
include/kapi_bitmap.h: In function 'kapi_bitmap_count':
include/kapi_bitmap.h:84:26: warning: conversion from 'long long unsigned int' to 'unsigned int' may change value [-Wconversion]
   84 |     unsigned int longs = (nbits + KAPI_BITS_PER_LONG - 1) / KAPI_BITS_PER_LONG;
      |                          ^
In file included from include/kapi.h:23,
                 from kernel/api/kapi_debugfs.c:2:
include/kapi_bitmap.h: In function 'kapi_bitmap_set_all':
include/kapi_bitmap.h:33:26: warning: conversion from 'long long unsigned int' to 'unsigned int' may change value [-Wconversion]
   33 |     unsigned int longs = (nbits + KAPI_BITS_PER_LONG - 1) / KAPI_BITS_PER_LONG;
      |                          ^
include/kapi_bitmap.h: In function 'kapi_bitmap_clear_all':
include/kapi_bitmap.h:41:26: warning: conversion from 'long long unsigned int' to 'unsigned int' may change value [-Wconversion]
   41 |     unsigned int longs = (nbits + KAPI_BITS_PER_LONG - 1) / KAPI_BITS_PER_LONG;
      |                          ^
include/kapi_bitmap.h: In function 'kapi_bitmap_find_first':
include/kapi_bitmap.h:49:26: warning: conversion from 'long long unsigned int' to 'unsigned int' may change value [-Wconversion]
   49 |     unsigned int longs = (nbits + KAPI_BITS_PER_LONG - 1) / KAPI_BITS_PER_LONG;
      |                          ^
include/kapi_bitmap.h:56:35: warning: conversion to 'int' from 'unsigned int' may change the sign of the result [-Wsign-conversion]
   56 |                     return offset + j;
      |                            ~~~~~~~^~~
include/kapi_bitmap.h: In function 'kapi_bitmap_find_first_zero':
include/kapi_bitmap.h:66:26: warning: conversion from 'long long unsigned int' to 'unsigned int' may change value [-Wconversion]
   66 |     unsigned int longs = (nbits + KAPI_BITS_PER_LONG - 1) / KAPI_BITS_PER_LONG;
      |                          ^
include/kapi_bitmap.h:73:35: warning: conversion to 'int' from 'unsigned int' may change the sign of the result [-Wsign-conversion]
   73 |                     return offset + j;
      |                            ~~~~~~~^~~
include/kapi_bitmap.h: In function 'kapi_bitmap_count':
include/kapi_bitmap.h:84:26: warning: conversion from 'long long unsigned int' to 'unsigned int' may change value [-Wconversion]
   84 |     unsigned int longs = (nbits + KAPI_BITS_PER_LONG - 1) / KAPI_BITS_PER_LONG;
      |                          ^
In file included from include/kapi.h:59:
include/kapi_netlink.h: In function 'kapi_nlmsg_next':
include/kapi_netlink.h:19:37: warning: conversion to 'int' from 'uint32_t' {aka 'unsigned int'} may change the sign of the result [-Wsign-conversion]
   19 | #define KAPI_NLMSG_ALIGNTO          4
      |                                     ^
include/kapi_netlink.h:75:18: note: in expansion of macro 'KAPI_NLMSG_ALIGNTO'
   75 |     int totlen = KAPI_NLMSG_ALIGNTO * ((nlh->nlmsg_len + KAPI_NLMSG_ALIGNTO - 1) / KAPI_NLMSG_ALIGNTO);
      |                  ^~~~~~~~~~~~~~~~~~
In file included from include/kapi.h:59:
include/kapi_netlink.h: In function 'kapi_nlmsg_next':
include/kapi_netlink.h:19:37: warning: conversion to 'int' from 'uint32_t' {aka 'unsigned int'} may change the sign of the result [-Wsign-conversion]
   19 | #define KAPI_NLMSG_ALIGNTO          4
      |                                     ^
include/kapi_netlink.h:75:18: note: in expansion of macro 'KAPI_NLMSG_ALIGNTO'
   75 |     int totlen = KAPI_NLMSG_ALIGNTO * ((nlh->nlmsg_len + KAPI_NLMSG_ALIGNTO - 1) / KAPI_NLMSG_ALIGNTO);
      |                  ^~~~~~~~~~~~~~~~~~
kernel/api/kapi_device.c: In function 'kapi_dev_open':
kernel/api/kapi_device.c:134:48: warning: unused parameter 'mode' [-Wunused-parameter]
  134 | kapi_dev_t kapi_dev_open(const char* name, int mode)
      |                                            ~~~~^~~~
kernel/api/kapi_device.c: In function 'kapi_dev_ioctl':
kernel/api/kapi_device.c:282:45: warning: unused parameter 'cmd' [-Wunused-parameter]
  282 | int kapi_dev_ioctl(kapi_dev_t dev, uint32_t cmd, void* arg)
      |                                    ~~~~~~~~~^~~
kernel/api/kapi_device.c:282:56: warning: unused parameter 'arg' [-Wunused-parameter]
  282 | int kapi_dev_ioctl(kapi_dev_t dev, uint32_t cmd, void* arg)
      |                                                  ~~~~~~^~~
kernel/api/kapi_device.c: In function 'kapi_dma_wait':
kernel/api/kapi_device.c:366:28: warning: unused parameter 'timeout_ms' [-Wunused-parameter]
  366 | int kapi_dma_wait(uint64_t timeout_ms)
      |                   ~~~~~~~~~^~~~~~~~~~
In file included from include/kapi.h:23,
                 from kernel/api/kapi_crc.c:1:
include/kapi_bitmap.h: In function 'kapi_bitmap_set_all':
include/kapi_bitmap.h:33:26: warning: conversion from 'long long unsigned int' to 'unsigned int' may change value [-Wconversion]
   33 |     unsigned int longs = (nbits + KAPI_BITS_PER_LONG - 1) / KAPI_BITS_PER_LONG;
      |                          ^
include/kapi_bitmap.h: In function 'kapi_bitmap_clear_all':
include/kapi_bitmap.h:41:26: warning: conversion from 'long long unsigned int' to 'unsigned int' may change value [-Wconversion]
   41 |     unsigned int longs = (nbits + KAPI_BITS_PER_LONG - 1) / KAPI_BITS_PER_LONG;
      |                          ^
include/kapi_bitmap.h: In function 'kapi_bitmap_find_first':
include/kapi_bitmap.h:49:26: warning: conversion from 'long long unsigned int' to 'unsigned int' may change value [-Wconversion]
   49 |     unsigned int longs = (nbits + KAPI_BITS_PER_LONG - 1) / KAPI_BITS_PER_LONG;
      |                          ^
include/kapi_bitmap.h:56:35: warning: conversion to 'int' from 'unsigned int' may change the sign of the result [-Wsign-conversion]
   56 |                     return offset + j;
      |                            ~~~~~~~^~~
include/kapi_bitmap.h: In function 'kapi_bitmap_find_first_zero':
include/kapi_bitmap.h:66:26: warning: conversion from 'long long unsigned int' to 'unsigned int' may change value [-Wconversion]
   66 |     unsigned int longs = (nbits + KAPI_BITS_PER_LONG - 1) / KAPI_BITS_PER_LONG;
      |                          ^
include/kapi_bitmap.h:73:35: warning: conversion to 'int' from 'unsigned int' may change the sign of the result [-Wsign-conversion]
   73 |                     return offset + j;
      |                            ~~~~~~~^~~
include/kapi_bitmap.h: In function 'kapi_bitmap_count':
include/kapi_bitmap.h:84:26: warning: conversion from 'long long unsigned int' to 'unsigned int' may change value [-Wconversion]
   84 |     unsigned int longs = (nbits + KAPI_BITS_PER_LONG - 1) / KAPI_BITS_PER_LONG;
      |                          ^
In file included from include/kapi.h:23,
                 from kernel/api/kapi_cpumask.c:4:
include/kapi_bitmap.h: In function 'kapi_bitmap_set_all':
include/kapi_bitmap.h:33:26: warning: conversion from 'long long unsigned int' to 'unsigned int' may change value [-Wconversion]
   33 |     unsigned int longs = (nbits + KAPI_BITS_PER_LONG - 1) / KAPI_BITS_PER_LONG;
      |                          ^
include/kapi_bitmap.h: In function 'kapi_bitmap_clear_all':
include/kapi_bitmap.h:41:26: warning: conversion from 'long long unsigned int' to 'unsigned int' may change value [-Wconversion]
   41 |     unsigned int longs = (nbits + KAPI_BITS_PER_LONG - 1) / KAPI_BITS_PER_LONG;
      |                          ^
include/kapi_bitmap.h: In function 'kapi_bitmap_find_first':
include/kapi_bitmap.h:49:26: warning: conversion from 'long long unsigned int' to 'unsigned int' may change value [-Wconversion]
   49 |     unsigned int longs = (nbits + KAPI_BITS_PER_LONG - 1) / KAPI_BITS_PER_LONG;
      |                          ^
include/kapi_bitmap.h:56:35: warning: conversion to 'int' from 'unsigned int' may change the sign of the result [-Wsign-conversion]
   56 |                     return offset + j;
      |                            ~~~~~~~^~~
include/kapi_bitmap.h: In function 'kapi_bitmap_find_first_zero':
include/kapi_bitmap.h:66:26: warning: conversion from 'long long unsigned int' to 'unsigned int' may change value [-Wconversion]
   66 |     unsigned int longs = (nbits + KAPI_BITS_PER_LONG - 1) / KAPI_BITS_PER_LONG;
      |                          ^
include/kapi_bitmap.h:73:35: warning: conversion to 'int' from 'unsigned int' may change the sign of the result [-Wsign-conversion]
   73 |                     return offset + j;
      |                            ~~~~~~~^~~
include/kapi_bitmap.h: In function 'kapi_bitmap_count':
include/kapi_bitmap.h:84:26: warning: conversion from 'long long unsigned int' to 'unsigned int' may change value [-Wconversion]
   84 |     unsigned int longs = (nbits + KAPI_BITS_PER_LONG - 1) / KAPI_BITS_PER_LONG;
      |                          ^
In file included from include/kapi.h:59:
include/kapi_netlink.h: In function 'kapi_nlmsg_next':
include/kapi_netlink.h:19:37: warning: conversion to 'int' from 'uint32_t' {aka 'unsigned int'} may change the sign of the result [-Wsign-conversion]
   19 | #define KAPI_NLMSG_ALIGNTO          4
      |                                     ^
include/kapi_netlink.h:75:18: note: in expansion of macro 'KAPI_NLMSG_ALIGNTO'
   75 |     int totlen = KAPI_NLMSG_ALIGNTO * ((nlh->nlmsg_len + KAPI_NLMSG_ALIGNTO - 1) / KAPI_NLMSG_ALIGNTO);
      |                  ^~~~~~~~~~~~~~~~~~
In file included from include/kapi.h:59:
include/kapi_netlink.h: In function 'kapi_nlmsg_next':
include/kapi_netlink.h:19:37: warning: conversion to 'int' from 'uint32_t' {aka 'unsigned int'} may change the sign of the result [-Wsign-conversion]
   19 | #define KAPI_NLMSG_ALIGNTO          4
      |                                     ^
include/kapi_netlink.h:75:18: note: in expansion of macro 'KAPI_NLMSG_ALIGNTO'
   75 |     int totlen = KAPI_NLMSG_ALIGNTO * ((nlh->nlmsg_len + KAPI_NLMSG_ALIGNTO - 1) / KAPI_NLMSG_ALIGNTO);
      |                  ^~~~~~~~~~~~~~~~~~
<3> Building kernel/api/kapi_completion.c
In file included from include/kapi.h:23,
                 from kernel/api/kapi_completion.c:4:
include/kapi_bitmap.h: In function 'kapi_bitmap_set_all':
include/kapi_bitmap.h:33:26: warning: conversion from 'long long unsigned int' to 'unsigned int' may change value [-Wconversion]
   33 |     unsigned int longs = (nbits + KAPI_BITS_PER_LONG - 1) / KAPI_BITS_PER_LONG;
      |                          ^
include/kapi_bitmap.h: In function 'kapi_bitmap_clear_all':
include/kapi_bitmap.h:41:26: warning: conversion from 'long long unsigned int' to 'unsigned int' may change value [-Wconversion]
   41 |     unsigned int longs = (nbits + KAPI_BITS_PER_LONG - 1) / KAPI_BITS_PER_LONG;
      |                          ^
include/kapi_bitmap.h: In function 'kapi_bitmap_find_first':
include/kapi_bitmap.h:49:26: warning: conversion from 'long long unsigned int' to 'unsigned int' may change value [-Wconversion]
   49 |     unsigned int longs = (nbits + KAPI_BITS_PER_LONG - 1) / KAPI_BITS_PER_LONG;
      |                          ^
include/kapi_bitmap.h:56:35: warning: conversion to 'int' from 'unsigned int' may change the sign of the result [-Wsign-conversion]
   56 |                     return offset + j;
      |                            ~~~~~~~^~~
include/kapi_bitmap.h: In function 'kapi_bitmap_find_first_zero':
include/kapi_bitmap.h:66:26: warning: conversion from 'long long unsigned int' to 'unsigned int' may change value [-Wconversion]
   66 |     unsigned int longs = (nbits + KAPI_BITS_PER_LONG - 1) / KAPI_BITS_PER_LONG;
      |                          ^
include/kapi_bitmap.h:73:35: warning: conversion to 'int' from 'unsigned int' may change the sign of the result [-Wsign-conversion]
   73 |                     return offset + j;
      |                            ~~~~~~~^~~
include/kapi_bitmap.h: In function 'kapi_bitmap_count':
include/kapi_bitmap.h:84:26: warning: conversion from 'long long unsigned int' to 'unsigned int' may change value [-Wconversion]
   84 |     unsigned int longs = (nbits + KAPI_BITS_PER_LONG - 1) / KAPI_BITS_PER_LONG;
      |                          ^
In file included from include/kapi.h:59:
include/kapi_netlink.h: In function 'kapi_nlmsg_next':
include/kapi_netlink.h:19:37: warning: conversion to 'int' from 'uint32_t' {aka 'unsigned int'} may change the sign of the result [-Wsign-conversion]
   19 | #define KAPI_NLMSG_ALIGNTO          4
      |                                     ^
include/kapi_netlink.h:75:18: note: in expansion of macro 'KAPI_NLMSG_ALIGNTO'
   75 |     int totlen = KAPI_NLMSG_ALIGNTO * ((nlh->nlmsg_len + KAPI_NLMSG_ALIGNTO - 1) / KAPI_NLMSG_ALIGNTO);
      |                  ^~~~~~~~~~~~~~~~~~
<0> Building kernel/api/kapi_cdev.c
<1> Building kernel/api/kapi_blkdev.c
<3> Building kernel/api/kapi_bitmap.c
In file included from include/kapi.h:23,
                 from kernel/api/kapi_cdev.c:2:
include/kapi_bitmap.h: In function 'kapi_bitmap_set_all':
include/kapi_bitmap.h:33:26: warning: conversion from 'long long unsigned int' to 'unsigned int' may change value [-Wconversion]
   33 |     unsigned int longs = (nbits + KAPI_BITS_PER_LONG - 1) / KAPI_BITS_PER_LONG;
      |                          ^
include/kapi_bitmap.h: In function 'kapi_bitmap_clear_all':
include/kapi_bitmap.h:41:26: warning: conversion from 'long long unsigned int' to 'unsigned int' may change value [-Wconversion]
   41 |     unsigned int longs = (nbits + KAPI_BITS_PER_LONG - 1) / KAPI_BITS_PER_LONG;
      |                          ^
include/kapi_bitmap.h: In function 'kapi_bitmap_find_first':
include/kapi_bitmap.h:49:26: warning: conversion from 'long long unsigned int' to 'unsigned int' may change value [-Wconversion]
   49 |     unsigned int longs = (nbits + KAPI_BITS_PER_LONG - 1) / KAPI_BITS_PER_LONG;
      |                          ^
include/kapi_bitmap.h:56:35: warning: conversion to 'int' from 'unsigned int' may change the sign of the result [-Wsign-conversion]
   56 |                     return offset + j;
      |                            ~~~~~~~^~~
include/kapi_bitmap.h: In function 'kapi_bitmap_find_first_zero':
include/kapi_bitmap.h:66:26: warning: conversion from 'long long unsigned int' to 'unsigned int' may change value [-Wconversion]
   66 |     unsigned int longs = (nbits + KAPI_BITS_PER_LONG - 1) / KAPI_BITS_PER_LONG;
      |                          ^
include/kapi_bitmap.h:73:35: warning: conversion to 'int' from 'unsigned int' may change the sign of the result [-Wsign-conversion]
   73 |                     return offset + j;
      |                            ~~~~~~~^~~
include/kapi_bitmap.h: In function 'kapi_bitmap_count':
include/kapi_bitmap.h:84:26: warning: conversion from 'long long unsigned int' to 'unsigned int' may change value [-Wconversion]
   84 |     unsigned int longs = (nbits + KAPI_BITS_PER_LONG - 1) / KAPI_BITS_PER_LONG;
      |                          ^
In file included from include/kapi.h:59:
include/kapi_netlink.h: In function 'kapi_nlmsg_next':
include/kapi_netlink.h:19:37: warning: conversion to 'int' from 'uint32_t' {aka 'unsigned int'} may change the sign of the result [-Wsign-conversion]
   19 | #define KAPI_NLMSG_ALIGNTO          4
      |                                     ^
include/kapi_netlink.h:75:18: note: in expansion of macro 'KAPI_NLMSG_ALIGNTO'
   75 |     int totlen = KAPI_NLMSG_ALIGNTO * ((nlh->nlmsg_len + KAPI_NLMSG_ALIGNTO - 1) / KAPI_NLMSG_ALIGNTO);
      |                  ^~~~~~~~~~~~~~~~~~
<2> Building kernel/api/kapi_atomic.c
In file included from include/kapi.h:23,
                 from kernel/api/kapi_blkdev.c:2:
include/kapi_bitmap.h: In function 'kapi_bitmap_set_all':
include/kapi_bitmap.h:33:26: warning: conversion from 'long long unsigned int' to 'unsigned int' may change value [-Wconversion]
   33 |     unsigned int longs = (nbits + KAPI_BITS_PER_LONG - 1) / KAPI_BITS_PER_LONG;
      |                          ^
include/kapi_bitmap.h: In function 'kapi_bitmap_clear_all':
include/kapi_bitmap.h:41:26: warning: conversion from 'long long unsigned int' to 'unsigned int' may change value [-Wconversion]
   41 |     unsigned int longs = (nbits + KAPI_BITS_PER_LONG - 1) / KAPI_BITS_PER_LONG;
      |                          ^
include/kapi_bitmap.h: In function 'kapi_bitmap_find_first':
include/kapi_bitmap.h:49:26: warning: conversion from 'long long unsigned int' to 'unsigned int' may change value [-Wconversion]
   49 |     unsigned int longs = (nbits + KAPI_BITS_PER_LONG - 1) / KAPI_BITS_PER_LONG;
      |                          ^
include/kapi_bitmap.h:56:35: warning: conversion to 'int' from 'unsigned int' may change the sign of the result [-Wsign-conversion]
   56 |                     return offset + j;
      |                            ~~~~~~~^~~
include/kapi_bitmap.h: In function 'kapi_bitmap_find_first_zero':
include/kapi_bitmap.h:66:26: warning: conversion from 'long long unsigned int' to 'unsigned int' may change value [-Wconversion]
   66 |     unsigned int longs = (nbits + KAPI_BITS_PER_LONG - 1) / KAPI_BITS_PER_LONG;
      |                          ^
include/kapi_bitmap.h:73:35: warning: conversion to 'int' from 'unsigned int' may change the sign of the result [-Wsign-conversion]
   73 |                     return offset + j;
      |                            ~~~~~~~^~~
include/kapi_bitmap.h: In function 'kapi_bitmap_count':
include/kapi_bitmap.h:84:26: warning: conversion from 'long long unsigned int' to 'unsigned int' may change value [-Wconversion]
   84 |     unsigned int longs = (nbits + KAPI_BITS_PER_LONG - 1) / KAPI_BITS_PER_LONG;
      |                          ^
In file included from kernel/api/kapi_bitmap.c:3:
include/kapi_bitmap.h: In function 'kapi_bitmap_set_all':
include/kapi_bitmap.h:33:26: warning: conversion from 'long long unsigned int' to 'unsigned int' may change value [-Wconversion]
   33 |     unsigned int longs = (nbits + KAPI_BITS_PER_LONG - 1) / KAPI_BITS_PER_LONG;
      |                          ^
include/kapi_bitmap.h: In function 'kapi_bitmap_clear_all':
include/kapi_bitmap.h:41:26: warning: conversion from 'long long unsigned int' to 'unsigned int' may change value [-Wconversion]
   41 |     unsigned int longs = (nbits + KAPI_BITS_PER_LONG - 1) / KAPI_BITS_PER_LONG;
      |                          ^
include/kapi_bitmap.h: In function 'kapi_bitmap_find_first':
include/kapi_bitmap.h:49:26: warning: conversion from 'long long unsigned int' to 'unsigned int' may change value [-Wconversion]
   49 |     unsigned int longs = (nbits + KAPI_BITS_PER_LONG - 1) / KAPI_BITS_PER_LONG;
      |                          ^
include/kapi_bitmap.h:56:35: warning: conversion to 'int' from 'unsigned int' may change the sign of the result [-Wsign-conversion]
   56 |                     return offset + j;
      |                            ~~~~~~~^~~
include/kapi_bitmap.h: In function 'kapi_bitmap_find_first_zero':
include/kapi_bitmap.h:66:26: warning: conversion from 'long long unsigned int' to 'unsigned int' may change value [-Wconversion]
   66 |     unsigned int longs = (nbits + KAPI_BITS_PER_LONG - 1) / KAPI_BITS_PER_LONG;
      |                          ^
include/kapi_bitmap.h:73:35: warning: conversion to 'int' from 'unsigned int' may change the sign of the result [-Wsign-conversion]
   73 |                     return offset + j;
      |                            ~~~~~~~^~~
include/kapi_bitmap.h: In function 'kapi_bitmap_count':
include/kapi_bitmap.h:84:26: warning: conversion from 'long long unsigned int' to 'unsigned int' may change value [-Wconversion]
   84 |     unsigned int longs = (nbits + KAPI_BITS_PER_LONG - 1) / KAPI_BITS_PER_LONG;
      |                          ^
In file included from include/kapi.h:59:
include/kapi_netlink.h: In function 'kapi_nlmsg_next':
include/kapi_netlink.h:19:37: warning: conversion to 'int' from 'uint32_t' {aka 'unsigned int'} may change the sign of the result [-Wsign-conversion]
   19 | #define KAPI_NLMSG_ALIGNTO          4
      |                                     ^
include/kapi_netlink.h:75:18: note: in expansion of macro 'KAPI_NLMSG_ALIGNTO'
   75 |     int totlen = KAPI_NLMSG_ALIGNTO * ((nlh->nlmsg_len + KAPI_NLMSG_ALIGNTO - 1) / KAPI_NLMSG_ALIGNTO);
      |                  ^~~~~~~~~~~~~~~~~~
In file included from include/kapi.h:59,
                 from kernel/api/kapi_bitmap.c:4:
include/kapi_netlink.h: In function 'kapi_nlmsg_next':
include/kapi_netlink.h:19:37: warning: conversion to 'int' from 'uint32_t' {aka 'unsigned int'} may change the sign of the result [-Wsign-conversion]
   19 | #define KAPI_NLMSG_ALIGNTO          4
      |                                     ^
include/kapi_netlink.h:75:18: note: in expansion of macro 'KAPI_NLMSG_ALIGNTO'
   75 |     int totlen = KAPI_NLMSG_ALIGNTO * ((nlh->nlmsg_len + KAPI_NLMSG_ALIGNTO - 1) / KAPI_NLMSG_ALIGNTO);
      |                  ^~~~~~~~~~~~~~~~~~
In file included from include/kapi.h:23,
                 from kernel/api/kapi_atomic.c:4:
include/kapi_bitmap.h: In function 'kapi_bitmap_set_all':
include/kapi_bitmap.h:33:26: warning: conversion from 'long long unsigned int' to 'unsigned int' may change value [-Wconversion]
   33 |     unsigned int longs = (nbits + KAPI_BITS_PER_LONG - 1) / KAPI_BITS_PER_LONG;
      |                          ^
include/kapi_bitmap.h: In function 'kapi_bitmap_clear_all':
include/kapi_bitmap.h:41:26: warning: conversion from 'long long unsigned int' to 'unsigned int' may change value [-Wconversion]
   41 |     unsigned int longs = (nbits + KAPI_BITS_PER_LONG - 1) / KAPI_BITS_PER_LONG;
      |                          ^
include/kapi_bitmap.h: In function 'kapi_bitmap_find_first':
include/kapi_bitmap.h:49:26: warning: conversion from 'long long unsigned int' to 'unsigned int' may change value [-Wconversion]
   49 |     unsigned int longs = (nbits + KAPI_BITS_PER_LONG - 1) / KAPI_BITS_PER_LONG;
      |                          ^
include/kapi_bitmap.h:56:35: warning: conversion to 'int' from 'unsigned int' may change the sign of the result [-Wsign-conversion]
   56 |                     return offset + j;
      |                            ~~~~~~~^~~
include/kapi_bitmap.h: In function 'kapi_bitmap_find_first_zero':
include/kapi_bitmap.h:66:26: warning: conversion from 'long long unsigned int' to 'unsigned int' may change value [-Wconversion]
   66 |     unsigned int longs = (nbits + KAPI_BITS_PER_LONG - 1) / KAPI_BITS_PER_LONG;
      |                          ^
include/kapi_bitmap.h:73:35: warning: conversion to 'int' from 'unsigned int' may change the sign of the result [-Wsign-conversion]
   73 |                     return offset + j;
      |                            ~~~~~~~^~~
include/kapi_bitmap.h: In function 'kapi_bitmap_count':
include/kapi_bitmap.h:84:26: warning: conversion from 'long long unsigned int' to 'unsigned int' may change value [-Wconversion]
   84 |     unsigned int longs = (nbits + KAPI_BITS_PER_LONG - 1) / KAPI_BITS_PER_LONG;
      |                          ^
In file included from include/kapi.h:59:
include/kapi_netlink.h: In function 'kapi_nlmsg_next':
include/kapi_netlink.h:19:37: warning: conversion to 'int' from 'uint32_t' {aka 'unsigned int'} may change the sign of the result [-Wsign-conversion]
   19 | #define KAPI_NLMSG_ALIGNTO          4
      |                                     ^
include/kapi_netlink.h:75:18: note: in expansion of macro 'KAPI_NLMSG_ALIGNTO'
   75 |     int totlen = KAPI_NLMSG_ALIGNTO * ((nlh->nlmsg_len + KAPI_NLMSG_ALIGNTO - 1) / KAPI_NLMSG_ALIGNTO);
      |                  ^~~~~~~~~~~~~~~~~~
-- Enter folder kal/src --
<3> Building kal/src/kal_ssi.c
<2> Building kal/src/kal_registry.c
<0> Building kal/src/kal_marshalling.c
kal/src/kal_ssi.c: In function 'kal_read':
kal/src/kal_ssi.c:77:57: warning: cast from pointer to integer of different size [-Wpointer-to-int-cast]
   77 |         return b->syscall ? b->syscall(KAL_NR_READ, fd, (long)buf, (long)n, 0,0,0)
      |                                                         ^
kal/src/kal_ssi.c: In function 'kal_write':
kal/src/kal_ssi.c:90:58: warning: cast from pointer to integer of different size [-Wpointer-to-int-cast]
   90 |         return b->syscall ? b->syscall(KAL_NR_WRITE, fd, (long)buf, (long)n, 0,0,0)
      |                                                          ^
kal/src/kal_ssi.c: In function 'kal_sched_setaffinity':
kal/src/kal_ssi.c:173:69: warning: cast from pointer to integer of different size [-Wpointer-to-int-cast]
  173 |     long r = b->syscall(KAL_NR_SCHED_SETAFF, pid, (long)cpusetsize, (long)mask, 0,0,0);
      |                                                                     ^
kal/src/kal_ssi.c: In function 'kal_ioctl':
kal/src/kal_ssi.c:183:58: warning: cast from pointer to integer of different size [-Wpointer-to-int-cast]
  183 |     long r = b->syscall(KAL_NR_IOCTL, fd, (long)request, (long)arg, 0,0,0);
      |                                                          ^
kal/src/kal_ssi.c: In function 'kal_sendmsg':
kal/src/kal_ssi.c:221:43: warning: cast from pointer to integer of different size [-Wpointer-to-int-cast]
  221 |     return b->syscall(KAL_NR_SENDMSG, fd, (long)msg, flags, 0,0,0);
      |                                           ^
kal/src/kal_ssi.c: In function 'kal_recvmsg':
kal/src/kal_ssi.c:228:43: warning: cast from pointer to integer of different size [-Wpointer-to-int-cast]
  228 |     return b->syscall(KAL_NR_RECVMSG, fd, (long)msg, flags, 0,0,0);
      |                                           ^
kal/src/kal_ssi.c: In function 'kal_ipc_send':
kal/src/kal_ssi.c:245:46: warning: cast from pointer to integer of different size [-Wpointer-to-int-cast]
  245 |         long r = b->syscall(KAL_NR_IPC_SEND, (long)ch, (long)data, (long)n, 0,0,0);
      |                                              ^
kal/src/kal_ssi.c:245:56: warning: cast from pointer to integer of different size [-Wpointer-to-int-cast]
  245 |         long r = b->syscall(KAL_NR_IPC_SEND, (long)ch, (long)data, (long)n, 0,0,0);
      |                                                        ^
<1> Building kal/src/kal_governance.c
<2> Building kal/src/kal_errno.c
<0> Building kal/src/kal_dispatcher.c
kal/src/kal_dispatcher.c: In function 'kal_dispatcher_syscall':
kal/src/kal_dispatcher.c:97:47: warning: cast to pointer from integer of different size [-Wint-to-pointer-cast]
   97 |         kal_err_t e = kal_marshall_check_open((const char *)a0, (int)a1);
      |                                               ^
kal/src/kal_dispatcher.c:101:65: warning: cast to pointer from integer of different size [-Wint-to-pointer-cast]
  101 |                                             nr == KAL_NR_READ ? (void*)a1 : (void*)a1,
      |                                                                 ^
kal/src/kal_dispatcher.c:101:77: warning: cast to pointer from integer of different size [-Wint-to-pointer-cast]
  101 |                                             nr == KAL_NR_READ ? (void*)a1 : (void*)a1,
      |                                                                             ^
<3> Building kal/src/kal_capability.c
-- Enter folder kal/adapters --
<2> Building kal/adapters/kenux_adapter.c
<1> Building kal/adapters/kal_builtins.c
-- Enter folder apps/container-os/src --
<0> Building apps/container-os/src/volume.c
kal/adapters/kenux_adapter.c: In function 'ke_syscall':
kal/adapters/kenux_adapter.c:44:38: warning: unused parameter 'a0' [-Wunused-parameter]
   44 | static long ke_syscall(long nr, long a0, long a1, long a2,
      |                                 ~~~~~^~
kal/adapters/kenux_adapter.c:44:47: warning: unused parameter 'a1' [-Wunused-parameter]
   44 | static long ke_syscall(long nr, long a0, long a1, long a2,
      |                                          ~~~~~^~
<3> Building apps/container-os/src/manager.c
<1> Building apps/container-os/src/image.c
<2> Building apps/container-os/src/container.c
-- Enter folder kernel/arch/x86_64/boot --
<0> Building kernel/arch/x86_64/boot/start64.s
-- Enter folder img/boot --
<0> Building img/boot/kernel.elf.pe
<3> Generating img/boot/kernel.bin
-- Enter folder esp --
<1> Generating esp/KENUXK.BIN
DONE TASK run all IN 44.9s.
Result:
Started 3 tasks
Entered 13 folders
Built 226 files
Generated 3 files
Ran 1 commands
Downloaded 0 files
0 errors
