-- Start building task run all -- (964862888)
-- Start building task all -- (0)
-- Start building task kernel -- (1)
-- Enter folder kernel/kernel --
<2> Building kernel/kernel/shell_enhanced.c
<0> Building kernel/kernel/kernel.c
-- Enter folder kernel/gui/src --
<1> Building kernel/gui/src/kanvas_terminal.c
<3> Building kernel/gui/src/kanvas_window.c
In file included from kernel/gui/include/kanvas_window.h:4,
In file included from kernel/gui/include/kanvas_terminal.h:4,
                 from kernel/gui/src/kanvas_terminal.c:1:
include/kapi_kanvasui.h:155:29: warning: ‘struct kui_button’ declared inside parameter list will not be visible outside of this definition or declaration
  155 |     void (*on_click)(struct kui_button*);
      |                             ^~~~~~~~~~
include/kapi_kanvasui.h:179:36: warning: ‘struct kui_textbox’ declared inside parameter list will not be visible outside of this definition or declaration
                 from kernel/gui/src/kanvas_window.c:1:
include/kapi_kanvasui.h:155:29: warning: ‘struct kui_button’ declared inside parameter list will not be visible outside of this definition or declaration
  155 |     void (*on_click)(struct kui_button*);
      |                             ^~~~~~~~~~
  179 |     void (*on_text_changed)(struct kui_textbox*);
      |                                    ^~~~~~~~~~~
include/kapi_kanvasui.h:180:37: warning: ‘struct kui_textbox’ declared inside parameter list will not be visible outside of this definition or declaration
  180 |     void (*on_enter_pressed)(struct kui_textbox*);
      |                                     ^~~~~~~~~~~
include/kapi_kanvasui.h:205:37: warning: ‘struct kui_slider’ declared inside parameter list will not be visible outside of this definition or declaration
  205 |     void (*on_value_changed)(struct kui_slider*, int);
      |                                     ^~~~~~~~~~
include/kapi_kanvasui.h:214:37: warning: ‘struct kui_checkbox’ declared inside parameter list will not be visible outside of this definition or declaration
include/kapi_kanvasui.h:179:36: warning: ‘struct kui_textbox’ declared inside parameter list will not be visible outside of this definition or declaration
  214 |     void (*on_state_changed)(struct kui_checkbox*, bool);
      |                                     ^~~~~~~~~~~~
include/kapi_kanvasui.h:238:41: warning: ‘struct kui_listbox’ declared inside parameter list will not be visible outside of this definition or declaration
  238 |     void (*on_selection_changed)(struct kui_listbox*, int);
      |                                         ^~~~~~~~~~~
include/kapi_kanvasui.h:239:41: warning: ‘struct kui_listbox’ declared inside parameter list will not be visible outside of this definition or declaration
  239 |     void (*on_item_double_click)(struct kui_listbox*, int);
      |                                         ^~~~~~~~~~~
  179 |     void (*on_text_changed)(struct kui_textbox*);
include/kapi_kanvasui.h:308:29: warning: ‘struct kui_toolbar_btn’ declared inside parameter list will not be visible outside of this definition or declaration
      |                                    ^~~~~~~~~~~
include/kapi_kanvasui.h:180:37: warning: ‘struct kui_textbox’ declared inside parameter list will not be visible outside of this definition or declaration
  308 |     void (*on_click)(struct kui_toolbar_btn*);
      |                             ^~~~~~~~~~~~~~~
  180 |     void (*on_enter_pressed)(struct kui_textbox*);
      |                                     ^~~~~~~~~~~
include/kapi_kanvasui.h:205:37: warning: ‘struct kui_slider’ declared inside parameter list will not be visible outside of this definition or declaration
  205 |     void (*on_value_changed)(struct kui_slider*, int);
      |                                     ^~~~~~~~~~
include/kapi_kanvasui.h:214:37: warning: ‘struct kui_checkbox’ declared inside parameter list will not be visible outside of this definition or declaration
  214 |     void (*on_state_changed)(struct kui_checkbox*, bool);
      |                                     ^~~~~~~~~~~~
include/kapi_kanvasui.h:238:41: warning: ‘struct kui_listbox’ declared inside parameter list will not be visible outside of this definition or declaration
  238 |     void (*on_selection_changed)(struct kui_listbox*, int);
      |                                         ^~~~~~~~~~~
include/kapi_kanvasui.h:239:41: warning: ‘struct kui_listbox’ declared inside parameter list will not be visible outside of this definition or declaration
  239 |     void (*on_item_double_click)(struct kui_listbox*, int);
      |                                         ^~~~~~~~~~~
include/kapi_kanvasui.h:308:29: warning: ‘struct kui_toolbar_btn’ declared inside parameter list will not be visible outside of this definition or declaration
  308 |     void (*on_click)(struct kui_toolbar_btn*);
      |                             ^~~~~~~~~~~~~~~
include/kapi_kanvasui.h:342:35: warning: ‘struct kui_tabcontrol’ declared inside parameter list will not be visible outside of this definition or declaration
  342 |     void (*on_tab_changed)(struct kui_tabcontrol*, int);
      |                                   ^~~~~~~~~~~~~~
include/kapi_kanvasui.h:366:37: warning: ‘struct kui_treeview’ declared inside parameter list will not be visible outside of this definition or declaration
  366 |     void (*on_node_selected)(struct kui_treeview*, kui_treeview_node_t*);
      |                                     ^~~~~~~~~~~~
include/kapi_kanvasui.h:379:38: warning: ‘struct kui_splitter’ declared inside parameter list will not be visible outside of this definition or declaration
  379 |     void (*on_splitter_moved)(struct kui_splitter*, int);
      |                                      ^~~~~~~~~~~~
include/kapi_kanvasui.h:342:35: warning: ‘struct kui_tabcontrol’ declared inside parameter list will not be visible outside of this definition or declaration
  342 |     void (*on_tab_changed)(struct kui_tabcontrol*, int);
      |                                   ^~~~~~~~~~~~~~
include/kapi_kanvasui.h:366:37: warning: ‘struct kui_treeview’ declared inside parameter list will not be visible outside of this definition or declaration
  366 |     void (*on_node_selected)(struct kui_treeview*, kui_treeview_node_t*);
      |                                     ^~~~~~~~~~~~
include/kapi_kanvasui.h:379:38: warning: ‘struct kui_splitter’ declared inside parameter list will not be visible outside of this definition or declaration
  379 |     void (*on_splitter_moved)(struct kui_splitter*, int);
      |                                      ^~~~~~~~~~~~
kernel/gui/src/kanvas_window.c: 在函数‘kanvas_window_create’中:
kernel/gui/src/kanvas_window.c:60:31: warning: ‘long long unsigned int’转换自‘int’时可能会改变结果的符号 [-Wsign-conversion]
   60 |     size_t buf_sz = (size_t)w * h * 4;
      |                               ^
kernel/gui/src/kanvas_terminal.c: 在函数‘t_fill_rect’中:
kernel/gui/src/kanvas_terminal.c:10:5: warning: this ‘if’ clause does not guard... [-Wmisleading-indentation]
   10 |     if (x + w > fw) w = fw - x; if (y + h > fh) h = fh - y;
      |     ^~
kernel/gui/src/kanvas_terminal.c:10:33: note: ...this statement, but the latter is misleadingly indented as if it were guarded by the ‘if’
   10 |     if (x + w > fw) w = fw - x; if (y + h > fh) h = fh - y;
      |                                 ^~
kernel/gui/src/kanvas_window.c: 在函数‘blend_pixel’中:
kernel/gui/src/kanvas_window.c:126:24: warning: ‘unsigned int’转换自‘int’时可能会改变结果的符号 [-Wsign-conversion]
  126 |     p[x] = 0xFF000000u | (((sr * alpha + dr * ia) / 255) << 16) | (((sg * alpha + dg * ia) / 255) << 8) | ((sb * alpha + db * ia) / 255);
kernel/kernel/shell_enhanced.c:238:12: warning: ‘shell_create_pipe’ 在此处定义 [-Wunused-function]
      |                        ^
  238 | static int shell_create_pipe(int pipefd[2])
      |            ^~~~~~~~~~~~~~~~~
kernel/gui/src/kanvas_window.c:126:65: warning: ‘unsigned int’转换自‘int’时可能会改变结果的符号 [-Wsign-conversion]
kernel/kernel/shell_enhanced.c:139:13: warning: ‘shell_unquote’ 在此处定义 [-Wunused-function]
  139 | static void shell_unquote(char* dst, const char* src, uint64_t max)
      |             ^~~~~~~~~~~~~
kernel/kernel/shell_enhanced.c:84:17: warning: ‘history_index’ 在此处定义 [-Wunused-variable]
   84 | static uint32_t history_index = 0;
      |                 ^~~~~~~~~~~~~
  126 |     p[x] = 0xFF000000u | (((sr * alpha + dr * ia) / 255) << 16) | (((sg * alpha + dg * ia) / 255) << 8) | ((sb * alpha + db * ia) / 255);
      |                                                                 ^
kernel/gui/src/kanvas_window.c:126:105: warning: ‘unsigned int’转换自‘int’时可能会改变结果的符号 [-Wsign-conversion]
  126 |     p[x] = 0xFF000000u | (((sr * alpha + dr * ia) / 255) << 16) | (((sg * alpha + dg * ia) / 255) << 8) | ((sb * alpha + db * ia) / 255);
      |                                                                                                         ^
kernel/gui/src/kanvas_window.c: 在函数‘kanvas_window_paint_shadow’中:
kernel/gui/src/kanvas_window.c:136:63: warning: conversion from ‘int’ to ‘float’ may change value [-Wconversion]
  136 |         uint8_t a = (uint8_t)((float)alpha * (1.0f - (float)i / blur));
      |                                                               ^
kernel/gui/src/kanvas_terminal.c: 在函数‘kanvas_terminal_paint’中:
kernel/gui/src/kanvas_terminal.c:100:75: warning: conversion from ‘int’ to ‘float’ may change value [-Wconversion]
  100 |             int thumb_h = (int)((float)max_lines / (float)tab->line_count * (term->h - KTERM_TAB_BAR_H));
      |                                                                           ^
kernel/gui/src/kanvas_terminal.c:101:110: warning: conversion from ‘int’ to ‘float’ may change value [-Wconversion]
  101 |             int thumb_y = content_y + (int)((float)tab->scroll_offset / (float)(tab->line_count - max_lines) * (term->h - KTERM_TAB_BAR_H - thumb_h));
      |                                                                                                              ^
<0> Building kernel/gui/src/kanvas_taskbar.c
In file included from kernel/gui/include/kanvas_taskbar.h:4,
                 from kernel/gui/src/kanvas_taskbar.c:1:
include/kapi_kanvasui.h:155:29: warning: ‘struct kui_button’ declared inside parameter list will not be visible outside of this definition or declaration
  155 |     void (*on_click)(struct kui_button*);
      |                             ^~~~~~~~~~
include/kapi_kanvasui.h:179:36: warning: ‘struct kui_textbox’ declared inside parameter list will not be visible outside of this definition or declaration
  179 |     void (*on_text_changed)(struct kui_textbox*);
      |                                    ^~~~~~~~~~~
include/kapi_kanvasui.h:180:37: warning: ‘struct kui_textbox’ declared inside parameter list will not be visible outside of this definition or declaration
  180 |     void (*on_enter_pressed)(struct kui_textbox*);
      |                                     ^~~~~~~~~~~
include/kapi_kanvasui.h:205:37: warning: ‘struct kui_slider’ declared inside parameter list will not be visible outside of this definition or declaration
  205 |     void (*on_value_changed)(struct kui_slider*, int);
      |                                     ^~~~~~~~~~
include/kapi_kanvasui.h:214:37: warning: ‘struct kui_checkbox’ declared inside parameter list will not be visible outside of this definition or declaration
  214 |     void (*on_state_changed)(struct kui_checkbox*, bool);
      |                                     ^~~~~~~~~~~~
include/kapi_kanvasui.h:238:41: warning: ‘struct kui_listbox’ declared inside parameter list will not be visible outside of this definition or declaration
  238 |     void (*on_selection_changed)(struct kui_listbox*, int);
      |                                         ^~~~~~~~~~~
include/kapi_kanvasui.h:239:41: warning: ‘struct kui_listbox’ declared inside parameter list will not be visible outside of this definition or declaration
  239 |     void (*on_item_double_click)(struct kui_listbox*, int);
      |                                         ^~~~~~~~~~~
include/kapi_kanvasui.h:308:29: warning: ‘struct kui_toolbar_btn’ declared inside parameter list will not be visible outside of this definition or declaration
  308 |     void (*on_click)(struct kui_toolbar_btn*);
      |                             ^~~~~~~~~~~~~~~
include/kapi_kanvasui.h:342:35: warning: ‘struct kui_tabcontrol’ declared inside parameter list will not be visible outside of this definition or declaration
  342 |     void (*on_tab_changed)(struct kui_tabcontrol*, int);
      |                                   ^~~~~~~~~~~~~~
include/kapi_kanvasui.h:366:37: warning: ‘struct kui_treeview’ declared inside parameter list will not be visible outside of this definition or declaration
  366 |     void (*on_node_selected)(struct kui_treeview*, kui_treeview_node_t*);
      |                                     ^~~~~~~~~~~~
include/kapi_kanvasui.h:379:38: warning: ‘struct kui_splitter’ declared inside parameter list will not be visible outside of this definition or declaration
  379 |     void (*on_splitter_moved)(struct kui_splitter*, int);
      |                                      ^~~~~~~~~~~~
<1> Building kernel/gui/src/kanvas_task_manager.c
In file included from kernel/gui/include/kanvas_task_manager.h:4,
                 from kernel/gui/src/kanvas_task_manager.c:1:
include/kapi_kanvasui.h:155:29: warning: ‘struct kui_button’ declared inside parameter list will not be visible outside of this definition or declaration
  155 |     void (*on_click)(struct kui_button*);
      |                             ^~~~~~~~~~
include/kapi_kanvasui.h:179:36: warning: ‘struct kui_textbox’ declared inside parameter list will not be visible outside of this definition or declaration
  179 |     void (*on_text_changed)(struct kui_textbox*);
      |                                    ^~~~~~~~~~~
include/kapi_kanvasui.h:180:37: warning: ‘struct kui_textbox’ declared inside parameter list will not be visible outside of this definition or declaration
  180 |     void (*on_enter_pressed)(struct kui_textbox*);
      |                                     ^~~~~~~~~~~
include/kapi_kanvasui.h:205:37: warning: ‘struct kui_slider’ declared inside parameter list will not be visible outside of this definition or declaration
  205 |     void (*on_value_changed)(struct kui_slider*, int);
      |                                     ^~~~~~~~~~
include/kapi_kanvasui.h:214:37: warning: ‘struct kui_checkbox’ declared inside parameter list will not be visible outside of this definition or declaration
  214 |     void (*on_state_changed)(struct kui_checkbox*, bool);
      |                                     ^~~~~~~~~~~~
include/kapi_kanvasui.h:238:41: warning: ‘struct kui_listbox’ declared inside parameter list will not be visible outside of this definition or declaration
  238 |     void (*on_selection_changed)(struct kui_listbox*, int);
      |                                         ^~~~~~~~~~~
include/kapi_kanvasui.h:239:41: warning: ‘struct kui_listbox’ declared inside parameter list will not be visible outside of this definition or declaration
  239 |     void (*on_item_double_click)(struct kui_listbox*, int);
      |                                         ^~~~~~~~~~~
include/kapi_kanvasui.h:308:29: warning: ‘struct kui_toolbar_btn’ declared inside parameter list will not be visible outside of this definition or declaration
  308 |     void (*on_click)(struct kui_toolbar_btn*);
      |                             ^~~~~~~~~~~~~~~
include/kapi_kanvasui.h:342:35: warning: ‘struct kui_tabcontrol’ declared inside parameter list will not be visible outside of this definition or declaration
  342 |     void (*on_tab_changed)(struct kui_tabcontrol*, int);
      |                                   ^~~~~~~~~~~~~~
include/kapi_kanvasui.h:366:37: warning: ‘struct kui_treeview’ declared inside parameter list will not be visible outside of this definition or declaration
  366 |     void (*on_node_selected)(struct kui_treeview*, kui_treeview_node_t*);
      |                                     ^~~~~~~~~~~~
include/kapi_kanvasui.h:379:38: warning: ‘struct kui_splitter’ declared inside parameter list will not be visible outside of this definition or declaration
  379 |     void (*on_splitter_moved)(struct kui_splitter*, int);
      |                                      ^~~~~~~~~~~~
kernel/gui/src/kanvas_task_manager.c: 在函数‘tm_fill_rect’中:
kernel/gui/src/kanvas_task_manager.c:10:5: warning: this ‘if’ clause does not guard... [-Wmisleading-indentation]
   10 |     if (x + w > fw) w = fw - x; if (y + h > fh) h = fh - y;
      |     ^~
kernel/gui/src/kanvas_task_manager.c:10:33: note: ...this statement, but the latter is misleadingly indented as if it were guarded by the ‘if’
   10 |     if (x + w > fw) w = fw - x; if (y + h > fh) h = fh - y;
      |                                 ^~
kernel/gui/src/kanvas_task_manager.c: 在函数‘kanvas_task_manager_paint’中:
kernel/gui/src/kanvas_task_manager.c:72:77: warning: conversion from ‘int’ to ‘char’ may change value [-Wconversion]
   72 |                 else { char tmp[8]; int ti = 0; while (v > 0) { tmp[ti++] = '0' + (v % 10); v /= 10; } while (ti > 0) pid_s[pos++] = tmp[--ti]; }
      |                                                                             ^~~
kernel/gui/src/kanvas_task_manager.c:77:126: warning: conversion from ‘int’ to ‘char’ may change value [-Wconversion]
   77 |                 { int ci = 0; if (cpu == 0) cpu_s[ci++] = '0'; else { char tmp[8]; int ti = 0; while (cpu > 0) { tmp[ti++] = '0' + (cpu % 10); cpu /= 10; } while (ti > 0) cpu_s[ci++] = tmp[--ti]; } cpu_s[ci++] = '%'; cpu_s[ci] = '\0'; }
      |                                                                                                                              ^~~
kernel/gui/src/kanvas_task_manager.c:90:131: warning: conversion from ‘int’ to ‘float’ may change value [-Wconversion]
   90 |                 int y1 = graph_y + graph_h - (int)((float)tm->perf_history[idx].cpu_user / (float)tm->perf_history[idx].cpu_total * graph_h);
      |                                                                                                                                   ^
kernel/gui/src/kanvas_task_manager.c:91:133: warning: conversion from ‘int’ to ‘float’ may change value [-Wconversion]
   91 |                 int y2 = graph_y + graph_h - (int)((float)tm->perf_history[next].cpu_user / (float)tm->perf_history[next].cpu_total * graph_h);
      |                                                                                                                                     ^
kernel/gui/src/kanvas_task_manager.c:58:5: warning: switch 没有处理枚举值‘KTM_TAB_COUNT’ [-Wswitch]
   58 |     switch (tm->active_tab) {
      |     ^~~~~~
<0> Building kernel/gui/src/kanvas_system_tray.c
<3> Building kernel/gui/src/kanvas_start_menu.c
<2> Building kernel/gui/src/kanvas_kex_runner.c
In file included from kernel/gui/include/kanvas_system_tray.h:4,
                 from kernel/gui/src/kanvas_system_tray.c:1:
include/kapi_kanvasui.h:155:29: warning: ‘struct kui_button’ declared inside parameter list will not be visible outside of this definition or declaration
  155 |     void (*on_click)(struct kui_button*);
      |                             ^~~~~~~~~~
include/kapi_kanvasui.h:179:36: warning: ‘struct kui_textbox’ declared inside parameter list will not be visible outside of this definition or declaration
  179 |     void (*on_text_changed)(struct kui_textbox*);
      |                                    ^~~~~~~~~~~
include/kapi_kanvasui.h:180:37: warning: ‘struct kui_textbox’ declared inside parameter list will not be visible outside of this definition or declaration
  180 |     void (*on_enter_pressed)(struct kui_textbox*);
      |                                     ^~~~~~~~~~~
include/kapi_kanvasui.h:205:37: warning: ‘struct kui_slider’ declared inside parameter list will not be visible outside of this definition or declaration
  205 |     void (*on_value_changed)(struct kui_slider*, int);
      |                                     ^~~~~~~~~~
include/kapi_kanvasui.h:214:37: warning: ‘struct kui_checkbox’ declared inside parameter list will not be visible outside of this definition or declaration
  214 |     void (*on_state_changed)(struct kui_checkbox*, bool);
      |                                     ^~~~~~~~~~~~
include/kapi_kanvasui.h:238:41: warning: ‘struct kui_listbox’ declared inside parameter list will not be visible outside of this definition or declaration
  238 |     void (*on_selection_changed)(struct kui_listbox*, int);
      |                                         ^~~~~~~~~~~
include/kapi_kanvasui.h:239:41: warning: ‘struct kui_listbox’ declared inside parameter list will not be visible outside of this definition or declaration
  239 |     void (*on_item_double_click)(struct kui_listbox*, int);
      |                                         ^~~~~~~~~~~
include/kapi_kanvasui.h:308:29: warning: ‘struct kui_toolbar_btn’ declared inside parameter list will not be visible outside of this definition or declaration
  308 |     void (*on_click)(struct kui_toolbar_btn*);
      |                             ^~~~~~~~~~~~~~~
include/kapi_kanvasui.h:342:35: warning: ‘struct kui_tabcontrol’ declared inside parameter list will not be visible outside of this definition or declaration
  342 |     void (*on_tab_changed)(struct kui_tabcontrol*, int);
      |                                   ^~~~~~~~~~~~~~
include/kapi_kanvasui.h:366:37: warning: ‘struct kui_treeview’ declared inside parameter list will not be visible outside of this definition or declaration
  366 |     void (*on_node_selected)(struct kui_treeview*, kui_treeview_node_t*);
      |                                     ^~~~~~~~~~~~
include/kapi_kanvasui.h:379:38: warning: ‘struct kui_splitter’ declared inside parameter list will not be visible outside of this definition or declaration
  379 |     void (*on_splitter_moved)(struct kui_splitter*, int);
      |                                      ^~~~~~~~~~~~
In file included from kernel/gui/include/kanvas_start_menu.h:4,
                 from kernel/gui/src/kanvas_start_menu.c:1:
include/kapi_kanvasui.h:155:29: warning: ‘struct kui_button’ declared inside parameter list will not be visible outside of this definition or declaration
  155 |     void (*on_click)(struct kui_button*);
      |                             ^~~~~~~~~~
include/kapi_kanvasui.h:179:36: warning: ‘struct kui_textbox’ declared inside parameter list will not be visible outside of this definition or declaration
  179 |     void (*on_text_changed)(struct kui_textbox*);
      |                                    ^~~~~~~~~~~
include/kapi_kanvasui.h:180:37: warning: ‘struct kui_textbox’ declared inside parameter list will not be visible outside of this definition or declaration
  180 |     void (*on_enter_pressed)(struct kui_textbox*);
      |                                     ^~~~~~~~~~~
include/kapi_kanvasui.h:205:37: warning: ‘struct kui_slider’ declared inside parameter list will not be visible outside of this definition or declaration
  205 |     void (*on_value_changed)(struct kui_slider*, int);
      |                                     ^~~~~~~~~~
include/kapi_kanvasui.h:214:37: warning: ‘struct kui_checkbox’ declared inside parameter list will not be visible outside of this definition or declaration
  214 |     void (*on_state_changed)(struct kui_checkbox*, bool);
      |                                     ^~~~~~~~~~~~
include/kapi_kanvasui.h:238:41: warning: ‘struct kui_listbox’ declared inside parameter list will not be visible outside of this definition or declaration
  238 |     void (*on_selection_changed)(struct kui_listbox*, int);
      |                                         ^~~~~~~~~~~
include/kapi_kanvasui.h:239:41: warning: ‘struct kui_listbox’ declared inside parameter list will not be visible outside of this definition or declaration
  239 |     void (*on_item_double_click)(struct kui_listbox*, int);
      |                                         ^~~~~~~~~~~
include/kapi_kanvasui.h:308:29: warning: ‘struct kui_toolbar_btn’ declared inside parameter list will not be visible outside of this definition or declaration
  308 |     void (*on_click)(struct kui_toolbar_btn*);
      |                             ^~~~~~~~~~~~~~~
include/kapi_kanvasui.h:342:35: warning: ‘struct kui_tabcontrol’ declared inside parameter list will not be visible outside of this definition or declaration
  342 |     void (*on_tab_changed)(struct kui_tabcontrol*, int);
      |                                   ^~~~~~~~~~~~~~
include/kapi_kanvasui.h:366:37: warning: ‘struct kui_treeview’ declared inside parameter list will not be visible outside of this definition or declaration
  366 |     void (*on_node_selected)(struct kui_treeview*, kui_treeview_node_t*);
      |                                     ^~~~~~~~~~~~
include/kapi_kanvasui.h:379:38: warning: ‘struct kui_splitter’ declared inside parameter list will not be visible outside of this definition or declaration
  379 |     void (*on_splitter_moved)(struct kui_splitter*, int);
      |                                      ^~~~~~~~~~~~
In file included from kernel/gui/include/kanvas_kex_runner.h:4,
                 from kernel/gui/src/kanvas_kex_runner.c:1:
include/kapi_kanvasui.h:155:29: warning: ‘struct kui_button’ declared inside parameter list will not be visible outside of this definition or declaration
  155 |     void (*on_click)(struct kui_button*);
      |                             ^~~~~~~~~~
include/kapi_kanvasui.h:179:36: warning: ‘struct kui_textbox’ declared inside parameter list will not be visible outside of this definition or declaration
  179 |     void (*on_text_changed)(struct kui_textbox*);
      |                                    ^~~~~~~~~~~
include/kapi_kanvasui.h:180:37: warning: ‘struct kui_textbox’ declared inside parameter list will not be visible outside of this definition or declaration
  180 |     void (*on_enter_pressed)(struct kui_textbox*);
      |                                     ^~~~~~~~~~~
include/kapi_kanvasui.h:205:37: warning: ‘struct kui_slider’ declared inside parameter list will not be visible outside of this definition or declaration
  205 |     void (*on_value_changed)(struct kui_slider*, int);
      |                                     ^~~~~~~~~~
include/kapi_kanvasui.h:214:37: warning: ‘struct kui_checkbox’ declared inside parameter list will not be visible outside of this definition or declaration
  214 |     void (*on_state_changed)(struct kui_checkbox*, bool);
      |                                     ^~~~~~~~~~~~
include/kapi_kanvasui.h:238:41: warning: ‘struct kui_listbox’ declared inside parameter list will not be visible outside of this definition or declaration
  238 |     void (*on_selection_changed)(struct kui_listbox*, int);
      |                                         ^~~~~~~~~~~
include/kapi_kanvasui.h:239:41: warning: ‘struct kui_listbox’ declared inside parameter list will not be visible outside of this definition or declaration
  239 |     void (*on_item_double_click)(struct kui_listbox*, int);
      |                                         ^~~~~~~~~~~
include/kapi_kanvasui.h:308:29: warning: ‘struct kui_toolbar_btn’ declared inside parameter list will not be visible outside of this definition or declaration
  308 |     void (*on_click)(struct kui_toolbar_btn*);
      |                             ^~~~~~~~~~~~~~~
include/kapi_kanvasui.h:342:35: warning: ‘struct kui_tabcontrol’ declared inside parameter list will not be visible outside of this definition or declaration
  342 |     void (*on_tab_changed)(struct kui_tabcontrol*, int);
      |                                   ^~~~~~~~~~~~~~
include/kapi_kanvasui.h:366:37: warning: ‘struct kui_treeview’ declared inside parameter list will not be visible outside of this definition or declaration
  366 |     void (*on_node_selected)(struct kui_treeview*, kui_treeview_node_t*);
      |                                     ^~~~~~~~~~~~
include/kapi_kanvasui.h:379:38: warning: ‘struct kui_splitter’ declared inside parameter list will not be visible outside of this definition or declaration
  379 |     void (*on_splitter_moved)(struct kui_splitter*, int);
      |                                      ^~~~~~~~~~~~
kernel/gui/src/kanvas_system_tray.c: 在函数‘draw_icon_glyph’中:
kernel/gui/src/kanvas_system_tray.c:52:43: warning: conversion from ‘int’ to ‘float’ may change value [-Wconversion]
   52 |                     int px = cx + (int)(r * __builtin_sinf(rad));
      |                                           ^
kernel/gui/src/kanvas_system_tray.c:53:46: warning: conversion from ‘int’ to ‘float’ may change value [-Wconversion]
   53 |                     int py = arc_y + (int)(r * __builtin_cosf(rad));
      |                                              ^
kernel/gui/src/kanvas_system_tray.c:86:49: warning: conversion from ‘int’ to ‘float’ may change value [-Wconversion]
   86 |                 float angle = (float)i * 360.0f / rays * 3.14159265f / 180.0f;
      |                                                 ^
kernel/gui/src/kanvas_system_tray.c: 在函数‘kanvas_system_tray_paint_popup’中:
kernel/gui/src/kanvas_system_tray.c:216:79: warning: conversion from ‘int’ to ‘char’ may change value [-Wconversion]
  216 |                 else { char tmp[8]; int ti = 0; while (sig > 0) { tmp[ti++] = '0' + (sig % 10); sig /= 10; } while (ti > 0) sig_text[pos++] = tmp[--ti]; }
      |                                                                               ^~~
kernel/gui/src/kanvas_system_tray.c:254:73: warning: conversion from ‘int’ to ‘char’ may change value [-Wconversion]
  254 |             else { char tmp[8]; int ti = 0; while (v > 0) { tmp[ti++] = '0' + (v % 10); v /= 10; } while (ti > 0) vol_text[pos++] = tmp[--ti]; }
      |                                                                         ^~~
kernel/gui/src/kanvas_system_tray.c:290:73: warning: conversion from ‘int’ to ‘char’ may change value [-Wconversion]
  290 |             else { char tmp[8]; int ti = 0; while (v > 0) { tmp[ti++] = '0' + (v % 10); v /= 10; } while (ti > 0) pct_text[pos++] = tmp[--ti]; }
      |                                                                         ^~~
kernel/gui/src/kanvas_kex_runner.c: 在函数‘kanvas_kex_runner_paint’中:
kernel/gui/src/kanvas_kex_runner.c:118:47: warning: conversion from ‘int’ to ‘char’ may change value [-Wconversion]
  118 |                 while (pid > 0) { tmp[ti++] = '0' + (pid % 10); pid /= 10; }
      |                                               ^~~
kernel/gui/src/kanvas_kex_runner.c:133:73: warning: ‘size_t’ {或称 ‘long long unsigned int’}转换自‘int’时可能会改变结果的符号 [-Wsign-conversion]
  133 |                             memcpy(buf, &runner->current.output[start], len);
      |                                                                         ^~~
kernel/gui/src/kanvas_kex_runner.c: 在函数‘kanvas_kex_detect_format’中:
kernel/gui/src/kanvas_kex_runner.c:193:74: warning: 多字节字符常量 [-Wmultichar]
  193 |         if (ext[0] == '.' && ext[1] == 'e' && ext[2] == 'l' && ext[3] == 'fB') return KEX_FORMAT_ELF;
      |                                                                          ^~~~
kernel/gui/src/kanvas_kex_runner.c:193:71: warning: 由于数据类型范围限制，比较结果永远为假 [-Wtype-limits]
  193 |         if (ext[0] == '.' && ext[1] == 'e' && ext[2] == 'l' && ext[3] == 'fB') return KEX_FORMAT_ELF;
      |                                                                       ^~
kernel/gui/src/kanvas_kex_runner.c: 在函数‘kanvas_kex_run’中:
kernel/gui/src/kanvas_kex_runner.c:232:27: warning: 将一个指针转换为大小不同的整数 [-Wpointer-to-int-cast]
  232 |     runner->current.pid = (uint32_t)(runner + 1);
      |                           ^
<1> Building kernel/gui/src/kanvas_gui.c
In file included from kernel/gui/include/kanvas_desktop.h:4,
                 from kernel/gui/src/kanvas_gui.c:1:
include/kapi_kanvasui.h:155:29: warning: ‘struct kui_button’ declared inside parameter list will not be visible outside of this definition or declaration
  155 |     void (*on_click)(struct kui_button*);
      |                             ^~~~~~~~~~
include/kapi_kanvasui.h:179:36: warning: ‘struct kui_textbox’ declared inside parameter list will not be visible outside of this definition or declaration
  179 |     void (*on_text_changed)(struct kui_textbox*);
      |                                    ^~~~~~~~~~~
include/kapi_kanvasui.h:180:37: warning: ‘struct kui_textbox’ declared inside parameter list will not be visible outside of this definition or declaration
  180 |     void (*on_enter_pressed)(struct kui_textbox*);
      |                                     ^~~~~~~~~~~
include/kapi_kanvasui.h:205:37: warning: ‘struct kui_slider’ declared inside parameter list will not be visible outside of this definition or declaration
  205 |     void (*on_value_changed)(struct kui_slider*, int);
      |                                     ^~~~~~~~~~
include/kapi_kanvasui.h:214:37: warning: ‘struct kui_checkbox’ declared inside parameter list will not be visible outside of this definition or declaration
  214 |     void (*on_state_changed)(struct kui_checkbox*, bool);
      |                                     ^~~~~~~~~~~~
include/kapi_kanvasui.h:238:41: warning: ‘struct kui_listbox’ declared inside parameter list will not be visible outside of this definition or declaration
  238 |     void (*on_selection_changed)(struct kui_listbox*, int);
      |                                         ^~~~~~~~~~~
include/kapi_kanvasui.h:239:41: warning: ‘struct kui_listbox’ declared inside parameter list will not be visible outside of this definition or declaration
  239 |     void (*on_item_double_click)(struct kui_listbox*, int);
      |                                         ^~~~~~~~~~~
include/kapi_kanvasui.h:308:29: warning: ‘struct kui_toolbar_btn’ declared inside parameter list will not be visible outside of this definition or declaration
  308 |     void (*on_click)(struct kui_toolbar_btn*);
      |                             ^~~~~~~~~~~~~~~
include/kapi_kanvasui.h:342:35: warning: ‘struct kui_tabcontrol’ declared inside parameter list will not be visible outside of this definition or declaration
  342 |     void (*on_tab_changed)(struct kui_tabcontrol*, int);
      |                                   ^~~~~~~~~~~~~~
include/kapi_kanvasui.h:366:37: warning: ‘struct kui_treeview’ declared inside parameter list will not be visible outside of this definition or declaration
  366 |     void (*on_node_selected)(struct kui_treeview*, kui_treeview_node_t*);
      |                                     ^~~~~~~~~~~~
include/kapi_kanvasui.h:379:38: warning: ‘struct kui_splitter’ declared inside parameter list will not be visible outside of this definition or declaration
  379 |     void (*on_splitter_moved)(struct kui_splitter*, int);
      |                                      ^~~~~~~~~~~~
In file included from kernel/gui/src/kanvas_gui.c:3:
kernel/gui/include/kanvas_taskbar.h:15:9: warning: ‘KANVAS_TASKBAR_RADIUS’ 重定义
   15 | #define KANVAS_TASKBAR_RADIUS       0
      |         ^~~~~~~~~~~~~~~~~~~~~
kernel/gui/include/kanvas_desktop.h:16:9: note: 这是先前定义的位置
   16 | #define KANVAS_TASKBAR_RADIUS       12
      |         ^~~~~~~~~~~~~~~~~~~~~
<1> Building kernel/gui/src/kanvas_file_manager.c
<2> Building kernel/gui/src/kanvas_desktop.c
<3> Building kernel/gui/src/kanvas_boot_splash.c
In file included from kernel/gui/include/kanvas_file_manager.h:4,
                 from kernel/gui/src/kanvas_file_manager.c:1:
include/kapi_kanvasui.h:155:29: warning: ‘struct kui_button’ declared inside parameter list will not be visible outside of this definition or declaration
  155 |     void (*on_click)(struct kui_button*);
      |                             ^~~~~~~~~~
include/kapi_kanvasui.h:179:36: warning: ‘struct kui_textbox’ declared inside parameter list will not be visible outside of this definition or declaration
  179 |     void (*on_text_changed)(struct kui_textbox*);
      |                                    ^~~~~~~~~~~
include/kapi_kanvasui.h:180:37: warning: ‘struct kui_textbox’ declared inside parameter list will not be visible outside of this definition or declaration
  180 |     void (*on_enter_pressed)(struct kui_textbox*);
      |                                     ^~~~~~~~~~~
include/kapi_kanvasui.h:205:37: warning: ‘struct kui_slider’ declared inside parameter list will not be visible outside of this definition or declaration
  205 |     void (*on_value_changed)(struct kui_slider*, int);
      |                                     ^~~~~~~~~~
include/kapi_kanvasui.h:214:37: warning: ‘struct kui_checkbox’ declared inside parameter list will not be visible outside of this definition or declaration
  214 |     void (*on_state_changed)(struct kui_checkbox*, bool);
      |                                     ^~~~~~~~~~~~
include/kapi_kanvasui.h:238:41: warning: ‘struct kui_listbox’ declared inside parameter list will not be visible outside of this definition or declaration
  238 |     void (*on_selection_changed)(struct kui_listbox*, int);
      |                                         ^~~~~~~~~~~
include/kapi_kanvasui.h:239:41: warning: ‘struct kui_listbox’ declared inside parameter list will not be visible outside of this definition or declaration
  239 |     void (*on_item_double_click)(struct kui_listbox*, int);
      |                                         ^~~~~~~~~~~
include/kapi_kanvasui.h:308:29: warning: ‘struct kui_toolbar_btn’ declared inside parameter list will not be visible outside of this definition or declaration
  308 |     void (*on_click)(struct kui_toolbar_btn*);
      |                             ^~~~~~~~~~~~~~~
include/kapi_kanvasui.h:342:35: warning: ‘struct kui_tabcontrol’ declared inside parameter list will not be visible outside of this definition or declaration
  342 |     void (*on_tab_changed)(struct kui_tabcontrol*, int);
      |                                   ^~~~~~~~~~~~~~
include/kapi_kanvasui.h:366:37: warning: ‘struct kui_treeview’ declared inside parameter list will not be visible outside of this definition or declaration
  366 |     void (*on_node_selected)(struct kui_treeview*, kui_treeview_node_t*);
      |                                     ^~~~~~~~~~~~
include/kapi_kanvasui.h:379:38: warning: ‘struct kui_splitter’ declared inside parameter list will not be visible outside of this definition or declaration
  379 |     void (*on_splitter_moved)(struct kui_splitter*, int);
      |                                      ^~~~~~~~~~~~
In file included from kernel/gui/include/kanvas_desktop.h:4,
                 from kernel/gui/src/kanvas_desktop.c:1:
include/kapi_kanvasui.h:155:29: warning: ‘struct kui_button’ declared inside parameter list will not be visible outside of this definition or declaration
  155 |     void (*on_click)(struct kui_button*);
      |                             ^~~~~~~~~~
include/kapi_kanvasui.h:179:36: warning: ‘struct kui_textbox’ declared inside parameter list will not be visible outside of this definition or declaration
  179 |     void (*on_text_changed)(struct kui_textbox*);
      |                                    ^~~~~~~~~~~
include/kapi_kanvasui.h:180:37: warning: ‘struct kui_textbox’ declared inside parameter list will not be visible outside of this definition or declaration
  180 |     void (*on_enter_pressed)(struct kui_textbox*);
      |                                     ^~~~~~~~~~~
include/kapi_kanvasui.h:205:37: warning: ‘struct kui_slider’ declared inside parameter list will not be visible outside of this definition or declaration
  205 |     void (*on_value_changed)(struct kui_slider*, int);
      |                                     ^~~~~~~~~~
include/kapi_kanvasui.h:214:37: warning: ‘struct kui_checkbox’ declared inside parameter list will not be visible outside of this definition or declaration
  214 |     void (*on_state_changed)(struct kui_checkbox*, bool);
      |                                     ^~~~~~~~~~~~
include/kapi_kanvasui.h:238:41: warning: ‘struct kui_listbox’ declared inside parameter list will not be visible outside of this definition or declaration
  238 |     void (*on_selection_changed)(struct kui_listbox*, int);
In file included from kernel/gui/include/kanvas_boot_splash.h:4,
      |                                         ^~~~~~~~~~~
                 from kernel/gui/src/kanvas_boot_splash.c:1:
include/kapi_kanvasui.h:155:29: warning: ‘struct kui_button’ declared inside parameter list will not be visible outside of this definition or declaration
  155 |     void (*on_click)(struct kui_button*);
      |                             ^~~~~~~~~~
include/kapi_kanvasui.h:179:36: warning: ‘struct kui_textbox’ declared inside parameter list will not be visible outside of this definition or declaration
  179 |     void (*on_text_changed)(struct kui_textbox*);
      |                                    ^~~~~~~~~~~
include/kapi_kanvasui.h:180:37: warning: ‘struct kui_textbox’ declared inside parameter list will not be visible outside of this definition or declaration
  180 |     void (*on_enter_pressed)(struct kui_textbox*);
      |                                     ^~~~~~~~~~~
include/kapi_kanvasui.h:239:41: warning: ‘struct kui_listbox’ declared inside parameter list will not be visible outside of this definition or declaration
include/kapi_kanvasui.h:205:37: warning: ‘struct kui_slider’ declared inside parameter list will not be visible outside of this definition or declaration
  205 |     void (*on_value_changed)(struct kui_slider*, int);
      |                                     ^~~~~~~~~~
  239 |     void (*on_item_double_click)(struct kui_listbox*, int);
include/kapi_kanvasui.h:214:37: warning: ‘struct kui_checkbox’ declared inside parameter list will not be visible outside of this definition or declaration
  214 |     void (*on_state_changed)(struct kui_checkbox*, bool);
      |                                     ^~~~~~~~~~~~
include/kapi_kanvasui.h:238:41: warning: ‘struct kui_listbox’ declared inside parameter list will not be visible outside of this definition or declaration
  238 |     void (*on_selection_changed)(struct kui_listbox*, int);
      |                                         ^~~~~~~~~~~
include/kapi_kanvasui.h:239:41: warning: ‘struct kui_listbox’ declared inside parameter list will not be visible outside of this definition or declaration
  239 |     void (*on_item_double_click)(struct kui_listbox*, int);
      |                                         ^~~~~~~~~~~
      |                                         ^~~~~~~~~~~
include/kapi_kanvasui.h:308:29: warning: ‘struct kui_toolbar_btn’ declared inside parameter list will not be visible outside of this definition or declaration
include/kapi_kanvasui.h:308:29: warning: ‘struct kui_toolbar_btn’ declared inside parameter list will not be visible outside of this definition or declaration
  308 |     void (*on_click)(struct kui_toolbar_btn*);
      |                             ^~~~~~~~~~~~~~~
include/kapi_kanvasui.h:342:35: warning: ‘struct kui_tabcontrol’ declared inside parameter list will not be visible outside of this definition or declaration
  342 |     void (*on_tab_changed)(struct kui_tabcontrol*, int);
      |                                   ^~~~~~~~~~~~~~
include/kapi_kanvasui.h:366:37: warning: ‘struct kui_treeview’ declared inside parameter list will not be visible outside of this definition or declaration
  366 |     void (*on_node_selected)(struct kui_treeview*, kui_treeview_node_t*);
      |                                     ^~~~~~~~~~~~
include/kapi_kanvasui.h:379:38: warning: ‘struct kui_splitter’ declared inside parameter list will not be visible outside of this definition or declaration
  379 |     void (*on_splitter_moved)(struct kui_splitter*, int);
      |                                      ^~~~~~~~~~~~
  308 |     void (*on_click)(struct kui_toolbar_btn*);
      |                             ^~~~~~~~~~~~~~~
include/kapi_kanvasui.h:342:35: warning: ‘struct kui_tabcontrol’ declared inside parameter list will not be visible outside of this definition or declaration
  342 |     void (*on_tab_changed)(struct kui_tabcontrol*, int);
      |                                   ^~~~~~~~~~~~~~
include/kapi_kanvasui.h:366:37: warning: ‘struct kui_treeview’ declared inside parameter list will not be visible outside of this definition or declaration
  366 |     void (*on_node_selected)(struct kui_treeview*, kui_treeview_node_t*);
      |                                     ^~~~~~~~~~~~
include/kapi_kanvasui.h:379:38: warning: ‘struct kui_splitter’ declared inside parameter list will not be visible outside of this definition or declaration
  379 |     void (*on_splitter_moved)(struct kui_splitter*, int);
      |                                      ^~~~~~~~~~~~
In file included from kernel/gui/src/kanvas_desktop.c:3:
kernel/gui/include/kanvas_taskbar.h:15:9: warning: ‘KANVAS_TASKBAR_RADIUS’ 重定义
   15 | #define KANVAS_TASKBAR_RADIUS       0
      |         ^~~~~~~~~~~~~~~~~~~~~
kernel/gui/include/kanvas_desktop.h:16:9: note: 这是先前定义的位置
   16 | #define KANVAS_TASKBAR_RADIUS       12
      |         ^~~~~~~~~~~~~~~~~~~~~
kernel/gui/src/kanvas_file_manager.c: 在函数‘fm_fill_rect’中:
kernel/gui/src/kanvas_file_manager.c:10:5: warning: this ‘if’ clause does not guard... [-Wmisleading-indentation]
   10 |     if (x + w > fw) w = fw - x; if (y + h > fh) h = fh - y;
      |     ^~
kernel/gui/src/kanvas_file_manager.c:10:33: note: ...this statement, but the latter is misleadingly indented as if it were guarded by the ‘if’
   10 |     if (x + w > fw) w = fw - x; if (y + h > fh) h = fh - y;
      |                                 ^~
kernel/gui/src/kanvas_boot_splash.c: 在函数‘blend_pixel’中:
kernel/gui/src/kanvas_boot_splash.c:47:24: warning: ‘unsigned int’转换自‘int’时可能会改变结果的符号 [-Wsign-conversion]
   47 |     p[x] = 0xFF000000u | (((sr * alpha + dr * ia) / 255) << 16) | (((sg * alpha + dg * ia) / 255) << 8) | ((sb * alpha + db * ia) / 255);
      |                        ^
kernel/gui/src/kanvas_boot_splash.c:47:65: warning: ‘unsigned int’转换自‘int’时可能会改变结果的符号 [-Wsign-conversion]
   47 |     p[x] = 0xFF000000u | (((sr * alpha + dr * ia) / 255) << 16) | (((sg * alpha + dg * ia) / 255) << 8) | ((sb * alpha + db * ia) / 255);
      |                                                                 ^
kernel/gui/src/kanvas_boot_splash.c:47:105: warning: ‘unsigned int’转换自‘int’时可能会改变结果的符号 [-Wsign-conversion]
   47 |     p[x] = 0xFF000000u | (((sr * alpha + dr * ia) / 255) << 16) | (((sg * alpha + dg * ia) / 255) << 8) | ((sb * alpha + db * ia) / 255);
      |                                                                                                         ^
kernel/gui/src/kanvas_boot_splash.c: 在函数‘kanvas_boot_splash_paint’中:
kernel/gui/src/kanvas_boot_splash.c:100:40: warning: conversion from ‘int’ to ‘float’ may change value [-Wconversion]
  100 |             int px = cx + (int)(ring_r * __builtin_cosf(rad));
      |                                        ^
kernel/gui/src/kanvas_boot_splash.c:101:40: warning: conversion from ‘int’ to ‘float’ may change value [-Wconversion]
  101 |             int py = cy + (int)(ring_r * __builtin_sinf(rad));
      |                                        ^
kernel/gui/src/kanvas_boot_splash.c:94:13: warning: 未使用的变量‘ly’ [-Wunused-variable]
   94 |         int ly = cy - logo_sz / 2;
      |             ^~
kernel/gui/src/kanvas_boot_splash.c:93:13: warning: 未使用的变量‘lx’ [-Wunused-variable]
   93 |         int lx = cx - logo_sz / 2;
      |             ^~
kernel/gui/src/kanvas_boot_splash.c:150:29: warning: conversion from ‘uint32_t’ {或称 ‘unsigned int’} to ‘uint8_t’ {或称 ‘unsigned char’} may change value [-Wconversion]
  150 |                 uint8_t a = (c >> 24) & 0xFF;
      |                             ^
kernel/gui/src/kanvas_desktop.c: 在函数‘kanvas_desktop_create’中:
kernel/gui/src/kanvas_desktop.c:157:79: warning: 未使用的参数‘fb’ [-Wunused-parameter]
  157 | kanvas_desktop_t* kanvas_desktop_create(int screen_w, int screen_h, uint32_t* fb, int stride)
      |                                                                     ~~~~~~~~~~^~
kernel/gui/src/kanvas_desktop.c:157:87: warning: 未使用的参数‘stride’ [-Wunused-parameter]
  157 | kanvas_desktop_t* kanvas_desktop_create(int screen_w, int screen_h, uint32_t* fb, int stride)
      |                                                                                   ~~~~^~~~~~
kernel/gui/src/kanvas_desktop.c: 在函数‘kanvas_desktop_handle_mouse’中:
kernel/gui/src/kanvas_desktop.c:215:100: warning: 未使用的参数‘mid’ [-Wunused-parameter]
  215 | void kanvas_desktop_handle_mouse(kanvas_desktop_t* desk, int x, int y, bool left, bool right, bool mid)
kernel/gui/src/kanvas_desktop.c: 在函数‘kanvas_desktop_set_wallpaper_image’中:
kernel/gui/src/kanvas_desktop.c:450:27: warning: ‘long long unsigned int’转换自‘int’时可能会改变结果的符号 [-Wsign-conversion]
  450 |     size_t sz = (size_t)w * h * 4;
      |                           ^
-- Enter folder kernel/arch/x86_64 --
<0> Building kernel/arch/x86_64/procfs.c
kernel/arch/x86_64/procfs.c: 在函数‘procfs_cpuinfo_read’中:
kernel/arch/x86_64/procfs.c:29:36: warning: ‘uint64_t’ {或称 ‘long long unsigned int’}转换自‘int’时可能会改变结果的符号 [-Wsign-conversion]
   29 |     n += snprintf(buf + n, max_len - n,
      |                                    ^
kernel/arch/x86_64/procfs.c: 在函数‘procfs_meminfo_read’中:
kernel/arch/x86_64/procfs.c:65:36: warning: ‘uint64_t’ {或称 ‘long long unsigned int’}转换自‘int’时可能会改变结果的符号 [-Wsign-conversion]
   65 |     n += snprintf(buf + n, max_len - n,
      |                                    ^
kernel/arch/x86_64/procfs.c: 在函数‘procfs_stat_read’中:
kernel/arch/x86_64/procfs.c:123:36: warning: ‘uint64_t’ {或称 ‘long long unsigned int’}转换自‘int’时可能会改变结果的符号 [-Wsign-conversion]
  123 |     n += snprintf(buf + n, max_len - n, "cpu  %lu 0 %lu %lu 0 0 0 0 0 0\n",
      |                                    ^
kernel/arch/x86_64/procfs.c:128:44: warning: ‘uint64_t’ {或称 ‘long long unsigned int’}转换自‘int’时可能会改变结果的符号 [-Wsign-conversion]
  128 |             n += snprintf(buf + n, max_len - n, "cpu%u %lu 0 %lu %lu 0 0 0 0 0 0\n",
      |                                            ^
kernel/arch/x86_64/procfs.c:132:36: warning: ‘uint64_t’ {或称 ‘long long unsigned int’}转换自‘int’时可能会改变结果的符号 [-Wsign-conversion]
  132 |     n += snprintf(buf + n, max_len - n, "intr %lu\n", irq_total);
      |                                    ^
kernel/arch/x86_64/procfs.c:134:36: warning: ‘uint64_t’ {或称 ‘long long unsigned int’}转换自‘int’时可能会改变结果的符号 [-Wsign-conversion]
  134 |     n += snprintf(buf + n, max_len - n, "ctxt %lu\n",
      |                                    ^
kernel/arch/x86_64/procfs.c:136:36: warning: ‘uint64_t’ {或称 ‘long long unsigned int’}转换自‘int’时可能会改变结果的符号 [-Wsign-conversion]
  136 |     n += snprintf(buf + n, max_len - n, "btime %lu\n", __uptime_cached / 1000);
      |                                    ^
kernel/arch/x86_64/procfs.c:147:36: warning: ‘uint64_t’ {或称 ‘long long unsigned int’}转换自‘int’时可能会改变结果的符号 [-Wsign-conversion]
  147 |     n += snprintf(buf + n, max_len - n, "processes %lu\n", proc_count);
      |                                    ^
kernel/arch/x86_64/procfs.c:148:36: warning: ‘uint64_t’ {或称 ‘long long unsigned int’}转换自‘int’时可能会改变结果的符号 [-Wsign-conversion]
  148 |     n += snprintf(buf + n, max_len - n, "procs_running %lu\n", running ? running : 1);
      |                                    ^
kernel/arch/x86_64/procfs.c:149:36: warning: ‘uint64_t’ {或称 ‘long long unsigned int’}转换自‘int’时可能会改变结果的符号 [-Wsign-conversion]
  149 |     n += snprintf(buf + n, max_len - n, "procs_blocked %lu\n", blocked);
      |                                    ^
kernel/arch/x86_64/procfs.c: 在函数‘procfs_finddir’中:
kernel/arch/x86_64/procfs.c:272:24: warning: ‘uint64_t’ {或称 ‘long long unsigned int’}转换自‘int’时可能会改变结果的符号 [-Wsign-conversion]
  272 |         pid = pid * 10 + (*p - '0');
      |                        ^
-- Enter folder kernel/api --
<1> Building kernel/api/kapi_wireless.c
<3> Building kernel/api/kapi_wait.c
kernel/api/kapi_wireless.c: 在函数‘kapi_wifi_get_scan_results’中:
kernel/api/kapi_wireless.c:89:63: warning: 未使用的参数‘max’ [-Wunused-parameter]
   89 |                                kapi_wifi_net_t *out, uint32_t max,
      |                                                      ~~~~~~~~~^~~
<0> Building kernel/api/kapi_vpn.c
<3> Building kernel/api/kapi_vfs.c
<1> Building kernel/api/kapi_time.c
<2> Building kernel/api/kapi_syscall.c
In file included from kernel/api/kapi_syscall.c:3:
include/kapi_syscall.h: 在函数‘sys_read’中:
include/kapi_syscall.h:494:38: warning: 将一个指针转换为大小不同的整数 [-Wpointer-to-int-cast]
  494 | { return kapi_syscall3(SYS_read, fd, (long)buf, count); }
      |                                      ^
include/kapi_syscall.h:494:49: warning: conversion from ‘size_t’ {或称 ‘long long unsigned int’} to ‘long int’ may change value [-Wconversion]
  494 | { return kapi_syscall3(SYS_read, fd, (long)buf, count); }
      |                                                 ^~~~~
include/kapi_syscall.h: 在函数‘sys_write’中:
include/kapi_syscall.h:497:39: warning: 将一个指针转换为大小不同的整数 [-Wpointer-to-int-cast]
  497 | { return kapi_syscall3(SYS_write, fd, (long)buf, count); }
      |                                       ^
include/kapi_syscall.h:497:50: warning: conversion from ‘size_t’ {或称 ‘long long unsigned int’} to ‘long int’ may change value [-Wconversion]
  497 | { return kapi_syscall3(SYS_write, fd, (long)buf, count); }
      |                                                  ^~~~~
include/kapi_syscall.h: 在函数‘sys_open’中:
include/kapi_syscall.h:500:34: warning: 将一个指针转换为大小不同的整数 [-Wpointer-to-int-cast]
  500 | { return kapi_syscall3(SYS_open, (long)pathname, flags, mode); }
      |                                  ^
include/kapi_syscall.h: 在函数‘sys_mmap’中:
include/kapi_syscall.h:509:34: warning: 将一个指针转换为大小不同的整数 [-Wpointer-to-int-cast]
  509 | { return kapi_syscall6(SYS_mmap, (long)addr, length, prot, flags, fd, offset); }
      |                                  ^
include/kapi_syscall.h:509:46: warning: conversion from ‘size_t’ {或称 ‘long long unsigned int’} to ‘long int’ may change value [-Wconversion]
  509 | { return kapi_syscall6(SYS_mmap, (long)addr, length, prot, flags, fd, offset); }
      |                                              ^~~~~~
include/kapi_syscall.h: 在函数‘sys_munmap’中:
include/kapi_syscall.h:512:36: warning: 将一个指针转换为大小不同的整数 [-Wpointer-to-int-cast]
  512 | { return kapi_syscall2(SYS_munmap, (long)addr, length); }
      |                                    ^
include/kapi_syscall.h:512:48: warning: conversion from ‘size_t’ {或称 ‘long long unsigned int’} to ‘long int’ may change value [-Wconversion]
  512 | { return kapi_syscall2(SYS_munmap, (long)addr, length); }
      |                                                ^~~~~~
include/kapi_syscall.h: 在函数‘sys_mprotect’中:
include/kapi_syscall.h:515:38: warning: 将一个指针转换为大小不同的整数 [-Wpointer-to-int-cast]
  515 | { return kapi_syscall3(SYS_mprotect, (long)addr, len, prot); }
      |                                      ^
include/kapi_syscall.h:515:50: warning: conversion from ‘size_t’ {或称 ‘long long unsigned int’} to ‘long int’ may change value [-Wconversion]
  515 | { return kapi_syscall3(SYS_mprotect, (long)addr, len, prot); }
      |                                                  ^~~
include/kapi_syscall.h: 在函数‘sys_brk’中:
include/kapi_syscall.h:518:33: warning: 将一个指针转换为大小不同的整数 [-Wpointer-to-int-cast]
  518 | { return kapi_syscall1(SYS_brk, (long)addr); }
      |                                 ^
include/kapi_syscall.h: 在函数‘sys_clone’中:
include/kapi_syscall.h:527:42: warning: 将一个指针转换为大小不同的整数 [-Wpointer-to-int-cast]
  527 | { return kapi_syscall5(SYS_clone, flags, (long)stack, (long)ptid, (long)ctid, tls); }
      |                                          ^
include/kapi_syscall.h:527:55: warning: 将一个指针转换为大小不同的整数 [-Wpointer-to-int-cast]
  527 | { return kapi_syscall5(SYS_clone, flags, (long)stack, (long)ptid, (long)ctid, tls); }
      |                                                       ^
include/kapi_syscall.h:527:67: warning: 将一个指针转换为大小不同的整数 [-Wpointer-to-int-cast]
  527 | { return kapi_syscall5(SYS_clone, flags, (long)stack, (long)ptid, (long)ctid, tls); }
      |                                                                   ^
include/kapi_syscall.h:527:35: warning: ‘long int’转换自‘long unsigned int’时可能会改变结果的符号 [-Wsign-conversion]
  527 | { return kapi_syscall5(SYS_clone, flags, (long)stack, (long)ptid, (long)ctid, tls); }
      |                                   ^~~~~
include/kapi_syscall.h:527:79: warning: ‘long int’转换自‘long unsigned int’时可能会改变结果的符号 [-Wsign-conversion]
  527 | { return kapi_syscall5(SYS_clone, flags, (long)stack, (long)ptid, (long)ctid, tls); }
      |                                                                               ^~~
include/kapi_syscall.h: 在函数‘sys_execve’中:
include/kapi_syscall.h:530:36: warning: 将一个指针转换为大小不同的整数 [-Wpointer-to-int-cast]
  530 | { return kapi_syscall3(SYS_execve, (long)filename, (long)argv, (long)envp); }
      |                                    ^
include/kapi_syscall.h:530:52: warning: 将一个指针转换为大小不同的整数 [-Wpointer-to-int-cast]
  530 | { return kapi_syscall3(SYS_execve, (long)filename, (long)argv, (long)envp); }
      |                                                    ^
include/kapi_syscall.h:530:64: warning: 将一个指针转换为大小不同的整数 [-Wpointer-to-int-cast]
  530 | { return kapi_syscall3(SYS_execve, (long)filename, (long)argv, (long)envp); }
      |                                                                ^
include/kapi_syscall.h: 在函数‘sys_wait4’中:
include/kapi_syscall.h:539:40: warning: 将一个指针转换为大小不同的整数 [-Wpointer-to-int-cast]
  539 | { return kapi_syscall4(SYS_wait4, pid, (long)wstatus, options, (long)rusage); }
      |                                        ^
include/kapi_syscall.h:539:64: warning: 将一个指针转换为大小不同的整数 [-Wpointer-to-int-cast]
  539 | { return kapi_syscall4(SYS_wait4, pid, (long)wstatus, options, (long)rusage); }
      |                                                                ^
include/kapi_syscall.h: 在函数‘sys_stat’中:
include/kapi_syscall.h:554:34: warning: 将一个指针转换为大小不同的整数 [-Wpointer-to-int-cast]
  554 | { return kapi_syscall2(SYS_stat, (long)pathname, (long)statbuf); }
      |                                  ^
include/kapi_syscall.h:554:50: warning: 将一个指针转换为大小不同的整数 [-Wpointer-to-int-cast]
  554 | { return kapi_syscall2(SYS_stat, (long)pathname, (long)statbuf); }
      |                                                  ^
include/kapi_syscall.h: 在函数‘sys_fstat’中:
include/kapi_syscall.h:557:39: warning: 将一个指针转换为大小不同的整数 [-Wpointer-to-int-cast]
  557 | { return kapi_syscall2(SYS_fstat, fd, (long)statbuf); }
      |                                       ^
include/kapi_syscall.h: 在函数‘sys_lstat’中:
include/kapi_syscall.h:560:35: warning: 将一个指针转换为大小不同的整数 [-Wpointer-to-int-cast]
  560 | { return kapi_syscall2(SYS_lstat, (long)pathname, (long)statbuf); }
      |                                   ^
include/kapi_syscall.h:560:51: warning: 将一个指针转换为大小不同的整数 [-Wpointer-to-int-cast]
  560 | { return kapi_syscall2(SYS_lstat, (long)pathname, (long)statbuf); }
      |                                                   ^
include/kapi_syscall.h: 在函数‘sys_access’中:
include/kapi_syscall.h:563:36: warning: 将一个指针转换为大小不同的整数 [-Wpointer-to-int-cast]
  563 | { return kapi_syscall2(SYS_access, (long)pathname, mode); }
      |                                    ^
include/kapi_syscall.h: 在函数‘sys_chdir’中:
include/kapi_syscall.h:566:35: warning: 将一个指针转换为大小不同的整数 [-Wpointer-to-int-cast]
  566 | { return kapi_syscall1(SYS_chdir, (long)path); }
      |                                   ^
include/kapi_syscall.h: 在函数‘sys_getcwd’中:
include/kapi_syscall.h:569:36: warning: 将一个指针转换为大小不同的整数 [-Wpointer-to-int-cast]
  569 | { return kapi_syscall2(SYS_getcwd, (long)buf, size); }
      |                                    ^
include/kapi_syscall.h:569:47: warning: conversion from ‘size_t’ {或称 ‘long long unsigned int’} to ‘long int’ may change value [-Wconversion]
  569 | { return kapi_syscall2(SYS_getcwd, (long)buf, size); }
      |                                               ^~~~
include/kapi_syscall.h: 在函数‘sys_mkdir’中:
include/kapi_syscall.h:572:35: warning: 将一个指针转换为大小不同的整数 [-Wpointer-to-int-cast]
  572 | { return kapi_syscall2(SYS_mkdir, (long)pathname, mode); }
      |                                   ^
include/kapi_syscall.h: 在函数‘sys_rmdir’中:
include/kapi_syscall.h:575:35: warning: 将一个指针转换为大小不同的整数 [-Wpointer-to-int-cast]
  575 | { return kapi_syscall1(SYS_rmdir, (long)pathname); }
      |                                   ^
include/kapi_syscall.h: 在函数‘sys_unlink’中:
include/kapi_syscall.h:578:36: warning: 将一个指针转换为大小不同的整数 [-Wpointer-to-int-cast]
  578 | { return kapi_syscall1(SYS_unlink, (long)pathname); }
      |                                    ^
include/kapi_syscall.h: 在函数‘sys_rename’中:
include/kapi_syscall.h:581:36: warning: 将一个指针转换为大小不同的整数 [-Wpointer-to-int-cast]
  581 | { return kapi_syscall2(SYS_rename, (long)oldpath, (long)newpath); }
      |                                    ^
include/kapi_syscall.h:581:51: warning: 将一个指针转换为大小不同的整数 [-Wpointer-to-int-cast]
  581 | { return kapi_syscall2(SYS_rename, (long)oldpath, (long)newpath); }
      |                                                   ^
include/kapi_syscall.h: 在函数‘sys_creat’中:
include/kapi_syscall.h:584:35: warning: 将一个指针转换为大小不同的整数 [-Wpointer-to-int-cast]
  584 | { return kapi_syscall2(SYS_creat, (long)pathname, mode); }
      |                                   ^
include/kapi_syscall.h: 在函数‘sys_link’中:
include/kapi_syscall.h:587:34: warning: 将一个指针转换为大小不同的整数 [-Wpointer-to-int-cast]
  587 | { return kapi_syscall2(SYS_link, (long)oldpath, (long)newpath); }
      |                                  ^
include/kapi_syscall.h:587:49: warning: 将一个指针转换为大小不同的整数 [-Wpointer-to-int-cast]
  587 | { return kapi_syscall2(SYS_link, (long)oldpath, (long)newpath); }
      |                                                 ^
include/kapi_syscall.h: 在函数‘sys_symlink’中:
include/kapi_syscall.h:590:37: warning: 将一个指针转换为大小不同的整数 [-Wpointer-to-int-cast]
  590 | { return kapi_syscall2(SYS_symlink, (long)target, (long)linkpath); }
      |                                     ^
include/kapi_syscall.h:590:51: warning: 将一个指针转换为大小不同的整数 [-Wpointer-to-int-cast]
  590 | { return kapi_syscall2(SYS_symlink, (long)target, (long)linkpath); }
      |                                                   ^
include/kapi_syscall.h: 在函数‘sys_readlink’中:
include/kapi_syscall.h:593:38: warning: 将一个指针转换为大小不同的整数 [-Wpointer-to-int-cast]
  593 | { return kapi_syscall3(SYS_readlink, (long)pathname, (long)buf, bufsiz); }
      |                                      ^
include/kapi_syscall.h:593:54: warning: 将一个指针转换为大小不同的整数 [-Wpointer-to-int-cast]
  593 | { return kapi_syscall3(SYS_readlink, (long)pathname, (long)buf, bufsiz); }
      |                                                      ^
include/kapi_syscall.h:593:65: warning: conversion from ‘size_t’ {或称 ‘long long unsigned int’} to ‘long int’ may change value [-Wconversion]
  593 | { return kapi_syscall3(SYS_readlink, (long)pathname, (long)buf, bufsiz); }
      |                                                                 ^~~~~~
include/kapi_syscall.h: 在函数‘sys_chmod’中:
include/kapi_syscall.h:596:35: warning: 将一个指针转换为大小不同的整数 [-Wpointer-to-int-cast]
  596 | { return kapi_syscall2(SYS_chmod, (long)pathname, mode); }
      |                                   ^
include/kapi_syscall.h: 在函数‘sys_chown’中:
include/kapi_syscall.h:599:35: warning: 将一个指针转换为大小不同的整数 [-Wpointer-to-int-cast]
  599 | { return kapi_syscall3(SYS_chown, (long)pathname, owner, group); }
      |                                   ^
include/kapi_syscall.h: 在函数‘sys_truncate’中:
include/kapi_syscall.h:602:38: warning: 将一个指针转换为大小不同的整数 [-Wpointer-to-int-cast]
  602 | { return kapi_syscall2(SYS_truncate, (long)path, length); }
      |                                      ^
include/kapi_syscall.h: 在函数‘sys_pipe’中:
include/kapi_syscall.h:626:34: warning: 将一个指针转换为大小不同的整数 [-Wpointer-to-int-cast]
  626 | { return kapi_syscall1(SYS_pipe, (long)pipefd); }
      |                                  ^
include/kapi_syscall.h: 在函数‘sys_pipe2’中:
include/kapi_syscall.h:629:35: warning: 将一个指针转换为大小不同的整数 [-Wpointer-to-int-cast]
  629 | { return kapi_syscall2(SYS_pipe2, (long)pipefd, flags); }
      |                                   ^
include/kapi_syscall.h: 在函数‘sys_mount’中:
include/kapi_syscall.h:634:35: warning: 将一个指针转换为大小不同的整数 [-Wpointer-to-int-cast]
  634 | { return kapi_syscall5(SYS_mount, (long)source, (long)target, (long)filesystemtype, mountflags, (long)data); }
      |                                   ^
include/kapi_syscall.h:634:49: warning: 将一个指针转换为大小不同的整数 [-Wpointer-to-int-cast]
  634 | { return kapi_syscall5(SYS_mount, (long)source, (long)target, (long)filesystemtype, mountflags, (long)data); }
      |                                                 ^
include/kapi_syscall.h:634:63: warning: 将一个指针转换为大小不同的整数 [-Wpointer-to-int-cast]
  634 | { return kapi_syscall5(SYS_mount, (long)source, (long)target, (long)filesystemtype, mountflags, (long)data); }
      |                                                               ^
include/kapi_syscall.h:634:97: warning: 将一个指针转换为大小不同的整数 [-Wpointer-to-int-cast]
  634 | { return kapi_syscall5(SYS_mount, (long)source, (long)target, (long)filesystemtype, mountflags, (long)data); }
      |                                                                                                 ^
include/kapi_syscall.h:634:85: warning: ‘long int’转换自‘long unsigned int’时可能会改变结果的符号 [-Wsign-conversion]
  634 | { return kapi_syscall5(SYS_mount, (long)source, (long)target, (long)filesystemtype, mountflags, (long)data); }
      |                                                                                     ^~~~~~~~~~
include/kapi_syscall.h: 在函数‘sys_umount2’中:
include/kapi_syscall.h:637:37: warning: 将一个指针转换为大小不同的整数 [-Wpointer-to-int-cast]
  637 | { return kapi_syscall2(SYS_umount2, (long)target, flags); }
      |                                     ^
include/kapi_syscall.h: 在函数‘sys_swapon’中:
include/kapi_syscall.h:640:36: warning: 将一个指针转换为大小不同的整数 [-Wpointer-to-int-cast]
  640 | { return kapi_syscall2(SYS_swapon, (long)path, swapflags); }
      |                                    ^
include/kapi_syscall.h: 在函数‘sys_swapoff’中:
include/kapi_syscall.h:643:37: warning: 将一个指针转换为大小不同的整数 [-Wpointer-to-int-cast]
  643 | { return kapi_syscall1(SYS_swapoff, (long)path); }
      |                                     ^
include/kapi_syscall.h: 在函数‘sys_nanosleep’中:
include/kapi_syscall.h:646:39: warning: 将一个指针转换为大小不同的整数 [-Wpointer-to-int-cast]
  646 | { return kapi_syscall2(SYS_nanosleep, (long)req, (long)rem); }
      |                                       ^
include/kapi_syscall.h:646:50: warning: 将一个指针转换为大小不同的整数 [-Wpointer-to-int-cast]
  646 | { return kapi_syscall2(SYS_nanosleep, (long)req, (long)rem); }
      |                                                  ^
include/kapi_syscall.h: 在函数‘sys_gettimeofday’中:
include/kapi_syscall.h:649:42: warning: 将一个指针转换为大小不同的整数 [-Wpointer-to-int-cast]
  649 | { return kapi_syscall2(SYS_gettimeofday, (long)tv, (long)tz); }
      |                                          ^
include/kapi_syscall.h:649:52: warning: 将一个指针转换为大小不同的整数 [-Wpointer-to-int-cast]
  649 | { return kapi_syscall2(SYS_gettimeofday, (long)tv, (long)tz); }
      |                                                    ^
include/kapi_syscall.h: 在函数‘sys_settimeofday’中:
include/kapi_syscall.h:652:42: warning: 将一个指针转换为大小不同的整数 [-Wpointer-to-int-cast]
  652 | { return kapi_syscall2(SYS_settimeofday, (long)tv, (long)tz); }
      |                                          ^
include/kapi_syscall.h:652:52: warning: 将一个指针转换为大小不同的整数 [-Wpointer-to-int-cast]
  652 | { return kapi_syscall2(SYS_settimeofday, (long)tv, (long)tz); }
      |                                                    ^
include/kapi_syscall.h: 在函数‘sys_time’中:
include/kapi_syscall.h:655:34: warning: 将一个指针转换为大小不同的整数 [-Wpointer-to-int-cast]
  655 | { return kapi_syscall1(SYS_time, (long)tloc); }
      |                                  ^
include/kapi_syscall.h: 在函数‘sys_clock_gettime’中:
include/kapi_syscall.h:658:51: warning: 将一个指针转换为大小不同的整数 [-Wpointer-to-int-cast]
  658 | { return kapi_syscall2(SYS_clock_gettime, clk_id, (long)tp); }
      |                                                   ^
include/kapi_syscall.h: 在函数‘sys_clock_settime’中:
include/kapi_syscall.h:661:51: warning: 将一个指针转换为大小不同的整数 [-Wpointer-to-int-cast]
  661 | { return kapi_syscall2(SYS_clock_settime, clk_id, (long)tp); }
      |                                                   ^
include/kapi_syscall.h: 在函数‘sys_clock_nanosleep’中:
include/kapi_syscall.h:664:60: warning: 将一个指针转换为大小不同的整数 [-Wpointer-to-int-cast]
  664 | { return kapi_syscall4(SYS_clock_nanosleep, clk_id, flags, (long)req, (long)rem); }
      |                                                            ^
include/kapi_syscall.h:664:71: warning: 将一个指针转换为大小不同的整数 [-Wpointer-to-int-cast]
  664 | { return kapi_syscall4(SYS_clock_nanosleep, clk_id, flags, (long)req, (long)rem); }
      |                                                                       ^
include/kapi_syscall.h: 在函数‘sys_rt_sigaction’中:
include/kapi_syscall.h:667:47: warning: 将一个指针转换为大小不同的整数 [-Wpointer-to-int-cast]
  667 | { return kapi_syscall4(SYS_rt_sigaction, sig, (long)act, (long)oact, sigsetsize); }
      |                                               ^
include/kapi_syscall.h:667:58: warning: 将一个指针转换为大小不同的整数 [-Wpointer-to-int-cast]
  667 | { return kapi_syscall4(SYS_rt_sigaction, sig, (long)act, (long)oact, sigsetsize); }
      |                                                          ^
include/kapi_syscall.h:667:70: warning: conversion from ‘size_t’ {或称 ‘long long unsigned int’} to ‘long int’ may change value [-Wconversion]
  667 | { return kapi_syscall4(SYS_rt_sigaction, sig, (long)act, (long)oact, sigsetsize); }
      |                                                                      ^~~~~~~~~~
include/kapi_syscall.h: 在函数‘sys_rt_sigprocmask’中:
include/kapi_syscall.h:670:49: warning: 将一个指针转换为大小不同的整数 [-Wpointer-to-int-cast]
  670 | { return kapi_syscall4(SYS_rt_sigprocmask, how, (long)set, (long)oldset, sigsetsize); }
      |                                                 ^
include/kapi_syscall.h:670:60: warning: 将一个指针转换为大小不同的整数 [-Wpointer-to-int-cast]
  670 | { return kapi_syscall4(SYS_rt_sigprocmask, how, (long)set, (long)oldset, sigsetsize); }
      |                                                            ^
include/kapi_syscall.h:670:74: warning: conversion from ‘size_t’ {或称 ‘long long unsigned int’} to ‘long int’ may change value [-Wconversion]
  670 | { return kapi_syscall4(SYS_rt_sigprocmask, how, (long)set, (long)oldset, sigsetsize); }
      |                                                                          ^~~~~~~~~~
include/kapi_syscall.h: 在函数‘sys_ioctl’中:
include/kapi_syscall.h:679:39: warning: ‘long int’转换自‘long unsigned int’时可能会改变结果的符号 [-Wsign-conversion]
  679 | { return kapi_syscall3(SYS_ioctl, fd, request, arg); }
      |                                       ^~~~~~~
include/kapi_syscall.h: 在函数‘sys_pread64’中:
include/kapi_syscall.h:682:41: warning: 将一个指针转换为大小不同的整数 [-Wpointer-to-int-cast]
  682 | { return kapi_syscall4(SYS_pread64, fd, (long)buf, count, offset); }
      |                                         ^
include/kapi_syscall.h:682:52: warning: conversion from ‘size_t’ {或称 ‘long long unsigned int’} to ‘long int’ may change value [-Wconversion]
  682 | { return kapi_syscall4(SYS_pread64, fd, (long)buf, count, offset); }
      |                                                    ^~~~~
include/kapi_syscall.h: 在函数‘sys_pwrite64’中:
include/kapi_syscall.h:685:42: warning: 将一个指针转换为大小不同的整数 [-Wpointer-to-int-cast]
  685 | { return kapi_syscall4(SYS_pwrite64, fd, (long)buf, count, offset); }
      |                                          ^
include/kapi_syscall.h:685:53: warning: conversion from ‘size_t’ {或称 ‘long long unsigned int’} to ‘long int’ may change value [-Wconversion]
  685 | { return kapi_syscall4(SYS_pwrite64, fd, (long)buf, count, offset); }
      |                                                     ^~~~~
include/kapi_syscall.h: 在函数‘sys_readv’中:
include/kapi_syscall.h:688:39: warning: 将一个指针转换为大小不同的整数 [-Wpointer-to-int-cast]
  688 | { return kapi_syscall3(SYS_readv, fd, (long)iov, iovcnt); }
      |                                       ^
include/kapi_syscall.h: 在函数‘sys_writev’中:
include/kapi_syscall.h:691:40: warning: 将一个指针转换为大小不同的整数 [-Wpointer-to-int-cast]
  691 | { return kapi_syscall3(SYS_writev, fd, (long)iov, iovcnt); }
      |                                        ^
include/kapi_syscall.h: 在函数‘sys_getdents’中:
include/kapi_syscall.h:694:42: warning: 将一个指针转换为大小不同的整数 [-Wpointer-to-int-cast]
  694 | { return kapi_syscall3(SYS_getdents, fd, (long)dirp, count); }
      |                                          ^
include/kapi_syscall.h:694:54: warning: ‘long int’转换自‘unsigned int’时可能会改变结果的符号 [-Wsign-conversion]
  694 | { return kapi_syscall3(SYS_getdents, fd, (long)dirp, count); }
      |                                                      ^~~~~
include/kapi_syscall.h: 在函数‘sys_getdents64’中:
include/kapi_syscall.h:697:44: warning: 将一个指针转换为大小不同的整数 [-Wpointer-to-int-cast]
  697 | { return kapi_syscall3(SYS_getdents64, fd, (long)dirp, count); }
      |                                            ^
include/kapi_syscall.h:697:56: warning: ‘long int’转换自‘unsigned int’时可能会改变结果的符号 [-Wsign-conversion]
  697 | { return kapi_syscall3(SYS_getdents64, fd, (long)dirp, count); }
      |                                                        ^~~~~
include/kapi_syscall.h: 在函数‘sys_getgroups’中:
include/kapi_syscall.h:718:45: warning: 将一个指针转换为大小不同的整数 [-Wpointer-to-int-cast]
  718 | { return kapi_syscall2(SYS_getgroups, size, (long)list); }
      |                                             ^
include/kapi_syscall.h: 在函数‘sys_setgroups’中:
include/kapi_syscall.h:721:45: warning: 将一个指针转换为大小不同的整数 [-Wpointer-to-int-cast]
  721 | { return kapi_syscall2(SYS_setgroups, size, (long)list); }
      |                                             ^
include/kapi_syscall.h: 在函数‘sys_uname’中:
include/kapi_syscall.h:724:35: warning: 将一个指针转换为大小不同的整数 [-Wpointer-to-int-cast]
  724 | { return kapi_syscall1(SYS_uname, (long)buf); }
      |                                   ^
include/kapi_syscall.h: 在函数‘sys_sysinfo’中:
include/kapi_syscall.h:727:37: warning: 将一个指针转换为大小不同的整数 [-Wpointer-to-int-cast]
  727 | { return kapi_syscall1(SYS_sysinfo, (long)info); }
      |                                     ^
include/kapi_syscall.h: 在函数‘sys_getrlimit’中:
include/kapi_syscall.h:730:49: warning: 将一个指针转换为大小不同的整数 [-Wpointer-to-int-cast]
  730 | { return kapi_syscall2(SYS_getrlimit, resource, (long)rlim); }
      |                                                 ^
include/kapi_syscall.h: 在函数‘sys_setrlimit’中:
include/kapi_syscall.h:733:49: warning: 将一个指针转换为大小不同的整数 [-Wpointer-to-int-cast]
  733 | { return kapi_syscall2(SYS_setrlimit, resource, (long)rlim); }
      |                                                 ^
include/kapi_syscall.h: 在函数‘sys_getrusage’中:
include/kapi_syscall.h:736:44: warning: 将一个指针转换为大小不同的整数 [-Wpointer-to-int-cast]
  736 | { return kapi_syscall2(SYS_getrusage, who, (long)usage); }
      |                                            ^
include/kapi_syscall.h: 在函数‘sys_times’中:
include/kapi_syscall.h:739:35: warning: 将一个指针转换为大小不同的整数 [-Wpointer-to-int-cast]
  739 | { return kapi_syscall1(SYS_times, (long)tbuf); }
      |                                   ^
include/kapi_syscall.h: 在函数‘sys_reboot’中:
include/kapi_syscall.h:754:57: warning: 将一个指针转换为大小不同的整数 [-Wpointer-to-int-cast]
  754 | { return kapi_syscall4(SYS_reboot, magic1, magic2, cmd, (long)arg); }
      |                                                         ^
include/kapi_syscall.h: 在函数‘sys_chroot’中:
include/kapi_syscall.h:757:36: warning: 将一个指针转换为大小不同的整数 [-Wpointer-to-int-cast]
  757 | { return kapi_syscall1(SYS_chroot, (long)path); }
      |                                    ^
include/kapi_syscall.h: 在函数‘sys_sethostname’中:
include/kapi_syscall.h:760:41: warning: 将一个指针转换为大小不同的整数 [-Wpointer-to-int-cast]
  760 | { return kapi_syscall2(SYS_sethostname, (long)name, len); }
      |                                         ^
include/kapi_syscall.h: 在函数‘sys_setdomainname’中:
include/kapi_syscall.h:763:43: warning: 将一个指针转换为大小不同的整数 [-Wpointer-to-int-cast]
  763 | { return kapi_syscall2(SYS_setdomainname, (long)name, len); }
      |                                           ^
include/kapi_syscall.h: 在函数‘sys_init_module’中:
include/kapi_syscall.h:766:41: warning: 将一个指针转换为大小不同的整数 [-Wpointer-to-int-cast]
  766 | { return kapi_syscall3(SYS_init_module, (long)module_image, len, (long)param_values); }
      |                                         ^
include/kapi_syscall.h:766:66: warning: 将一个指针转换为大小不同的整数 [-Wpointer-to-int-cast]
  766 | { return kapi_syscall3(SYS_init_module, (long)module_image, len, (long)param_values); }
      |                                                                  ^
include/kapi_syscall.h:766:61: warning: ‘long int’转换自‘long unsigned int’时可能会改变结果的符号 [-Wsign-conversion]
  766 | { return kapi_syscall3(SYS_init_module, (long)module_image, len, (long)param_values); }
      |                                                             ^~~
include/kapi_syscall.h: 在函数‘sys_delete_module’中:
include/kapi_syscall.h:769:43: warning: 将一个指针转换为大小不同的整数 [-Wpointer-to-int-cast]
  769 | { return kapi_syscall2(SYS_delete_module, (long)name, flags); }
      |                                           ^
include/kapi_syscall.h:769:55: warning: ‘long int’转换自‘unsigned int’时可能会改变结果的符号 [-Wsign-conversion]
  769 | { return kapi_syscall2(SYS_delete_module, (long)name, flags); }
      |                                                       ^~~~~
include/kapi_syscall.h: 在函数‘sys_finit_module’中:
include/kapi_syscall.h:772:46: warning: 将一个指针转换为大小不同的整数 [-Wpointer-to-int-cast]
  772 | { return kapi_syscall3(SYS_finit_module, fd, (long)param_values, flags); }
      |                                              ^
In file included from kernel/api/kapi_syscall.c:7:
include/kapi_fs.h: 在文件作用域：
include/kapi_fs.h:15:26: error: conflicting types for ‘kapi_dir_t’; have ‘struct kapi_dir *’
   15 | typedef struct kapi_dir* kapi_dir_t;
      |                          ^~~~~~~~~~
In file included from include/kapi.h:99,
                 from kernel/api/kapi_syscall.c:4:
include/kapi_fs_ext.h:211:15: note: previous declaration of ‘kapi_dir_t’ with type ‘kapi_dir_t’ {或称 ‘void *’}
  211 | typedef void* kapi_dir_t;
      |               ^~~~~~~~~~
include/kapi_fs.h:17:9: warning: ‘KAPI_O_RDONLY’ 重定义
   17 | #define KAPI_O_RDONLY    0x0001
      |         ^~~~~~~~~~~~~
In file included from include/kapi.h:69:
include/kapi_leonos.h:20:9: note: 这是先前定义的位置
   20 | #define KAPI_O_RDONLY 0x0000
      |         ^~~~~~~~~~~~~
include/kapi_fs.h:18:9: warning: ‘KAPI_O_WRONLY’ 重定义
   18 | #define KAPI_O_WRONLY    0x0002
      |         ^~~~~~~~~~~~~
include/kapi_leonos.h:21:9: note: 这是先前定义的位置
   21 | #define KAPI_O_WRONLY 0x0001
      |         ^~~~~~~~~~~~~
include/kapi_fs.h:19:9: warning: ‘KAPI_O_RDWR’ 重定义
   19 | #define KAPI_O_RDWR      0x0004
      |         ^~~~~~~~~~~
include/kapi_leonos.h:22:9: note: 这是先前定义的位置
   22 | #define KAPI_O_RDWR 0x0002
      |         ^~~~~~~~~~~
include/kapi_fs.h:20:9: warning: ‘KAPI_O_CREAT’ 重定义
   20 | #define KAPI_O_CREAT     0x0008
      |         ^~~~~~~~~~~~
include/kapi_leonos.h:23:9: note: 这是先前定义的位置
   23 | #define KAPI_O_CREAT 0x0040
      |         ^~~~~~~~~~~~
include/kapi_fs.h:21:9: warning: ‘KAPI_O_TRUNC’ 重定义
   21 | #define KAPI_O_TRUNC     0x0010
      |         ^~~~~~~~~~~~
include/kapi_leonos.h:24:9: note: 这是先前定义的位置
   24 | #define KAPI_O_TRUNC 0x0200
      |         ^~~~~~~~~~~~
include/kapi_fs.h:22:9: warning: ‘KAPI_O_APPEND’ 重定义
   22 | #define KAPI_O_APPEND    0x0020
      |         ^~~~~~~~~~~~~
include/kapi_leonos.h:25:9: note: 这是先前定义的位置
   25 | #define KAPI_O_APPEND 0x0400
      |         ^~~~~~~~~~~~~
include/kapi_fs.h:27:9: warning: ‘KAPI_S_IRUSR’ 重定义
   27 | #define KAPI_S_IRUSR     0400
      |         ^~~~~~~~~~~~
include/kapi_fs_ext.h:77:9: note: 这是先前定义的位置
   77 | #define KAPI_S_IRUSR           0000400
      |         ^~~~~~~~~~~~
include/kapi_fs.h:28:9: warning: ‘KAPI_S_IWUSR’ 重定义
   28 | #define KAPI_S_IWUSR     0200
      |         ^~~~~~~~~~~~
include/kapi_fs_ext.h:78:9: note: 这是先前定义的位置
   78 | #define KAPI_S_IWUSR           0000200
      |         ^~~~~~~~~~~~
include/kapi_fs.h:29:9: warning: ‘KAPI_S_IXUSR’ 重定义
   29 | #define KAPI_S_IXUSR     0100
      |         ^~~~~~~~~~~~
include/kapi_fs_ext.h:79:9: note: 这是先前定义的位置
   79 | #define KAPI_S_IXUSR           0000100
      |         ^~~~~~~~~~~~
include/kapi_fs.h:30:9: warning: ‘KAPI_S_IRGRP’ 重定义
   30 | #define KAPI_S_IRGRP     0040
      |         ^~~~~~~~~~~~
include/kapi_fs_ext.h:80:9: note: 这是先前定义的位置
   80 | #define KAPI_S_IRGRP           0000040
      |         ^~~~~~~~~~~~
include/kapi_fs.h:31:9: warning: ‘KAPI_S_IWGRP’ 重定义
   31 | #define KAPI_S_IWGRP     0020
      |         ^~~~~~~~~~~~
include/kapi_fs_ext.h:81:9: note: 这是先前定义的位置
   81 | #define KAPI_S_IWGRP           0000020
      |         ^~~~~~~~~~~~
include/kapi_fs.h:32:9: warning: ‘KAPI_S_IXGRP’ 重定义
   32 | #define KAPI_S_IXGRP     0010
      |         ^~~~~~~~~~~~
include/kapi_fs_ext.h:82:9: note: 这是先前定义的位置
   82 | #define KAPI_S_IXGRP           0000010
      |         ^~~~~~~~~~~~
include/kapi_fs.h:33:9: warning: ‘KAPI_S_IROTH’ 重定义
   33 | #define KAPI_S_IROTH     0004
      |         ^~~~~~~~~~~~
include/kapi_fs_ext.h:83:9: note: 这是先前定义的位置
   83 | #define KAPI_S_IROTH           0000004
      |         ^~~~~~~~~~~~
include/kapi_fs.h:34:9: warning: ‘KAPI_S_IWOTH’ 重定义
   34 | #define KAPI_S_IWOTH     0002
      |         ^~~~~~~~~~~~
include/kapi_fs_ext.h:84:9: note: 这是先前定义的位置
   84 | #define KAPI_S_IWOTH           0000002
      |         ^~~~~~~~~~~~
include/kapi_fs.h:35:9: warning: ‘KAPI_S_IXOTH’ 重定义
   35 | #define KAPI_S_IXOTH     0001
      |         ^~~~~~~~~~~~
include/kapi_fs_ext.h:85:9: note: 这是先前定义的位置
   85 | #define KAPI_S_IXOTH           0000001
      |         ^~~~~~~~~~~~
include/kapi_fs.h:62:3: error: conflicting types for ‘kapi_dirent_t’; have ‘struct <匿名>’
   62 | } kapi_dirent_t;
      |   ^~~~~~~~~~~~~
include/kapi_fs_ext.h:170:3: note: previous declaration of ‘kapi_dirent_t’ with type ‘kapi_dirent_t’ {或称 ‘struct dirent’}
  170 | } kapi_dirent_t;
      |   ^~~~~~~~~~~~~
include/kapi_fs.h:64:13: error: conflicting types for ‘kapi_open’; have ‘struct kapi_file *(const char *, int,  int)’
   64 | kapi_file_t kapi_open(const char* path, int flags, int mode);
      |             ^~~~~~~~~
include/kapi_fs_ext.h:216:5: note: previous declaration of ‘kapi_open’ with type ‘int(const char *, int)’
  216 | int kapi_open(const char* pathname, int flags);
      |     ^~~~~~~~~
include/kapi_fs.h:66:5: error: conflicting types for ‘kapi_close’; have ‘int(struct kapi_file *)’
   66 | int kapi_close(kapi_file_t file);
      |     ^~~~~~~~~~
include/kapi_fs_ext.h:222:5: note: previous declaration of ‘kapi_close’ with type ‘int(int)’
  222 | int kapi_close(int fd);
      |     ^~~~~~~~~~
include/kapi_fs.h:68:9: error: conflicting types for ‘kapi_read’; have ‘int64_t(struct kapi_file *, void *, size_t)’ {或称 ‘long long int(struct kapi_file *, void *, long long unsigned int)’}
   68 | int64_t kapi_read(kapi_file_t file, void* buf, size_t count);
      |         ^~~~~~~~~
include/kapi_fs_ext.h:224:9: note: previous declaration of ‘kapi_read’ with type ‘int64_t(int,  void *, size_t)’ {或称 ‘long long int(int,  void *, long long unsigned int)’}
  224 | ssize_t kapi_read(int fd, void* buf, size_t count);
      |         ^~~~~~~~~
include/kapi_fs.h:70:9: error: conflicting types for ‘kapi_write’; have ‘int64_t(struct kapi_file *, const void *, size_t)’ {或称 ‘long long int(struct kapi_file *, const void *, long long unsigned int)’}
   70 | int64_t kapi_write(kapi_file_t file, const void* buf, size_t count);
      |         ^~~~~~~~~~
include/kapi_fs_ext.h:226:9: note: previous declaration of ‘kapi_write’ with type ‘int64_t(int,  const void *, size_t)’ {或称 ‘long long int(int,  const void *, long long unsigned int)’}
  226 | ssize_t kapi_write(int fd, const void* buf, size_t count);
      |         ^~~~~~~~~~
include/kapi_fs.h:74:5: error: conflicting types for ‘kapi_stat’; have ‘int(const char *, kapi_file_stat_t *)’
   74 | int kapi_stat(const char* path, kapi_file_stat_t* stat);
      |     ^~~~~~~~~
include/kapi_fs_ext.h:246:5: note: previous declaration of ‘kapi_stat’ with type ‘int(const char *, kapi_stat_t *)’
  246 | int kapi_stat(const char* pathname, kapi_stat_t* statbuf);
      |     ^~~~~~~~~
include/kapi_fs.h:80:5: error: conflicting types for ‘kapi_mkdir’; have ‘int(const char *, int)’
   80 | int kapi_mkdir(const char* path, int mode);
      |     ^~~~~~~~~~
include/kapi_fs_ext.h:278:5: note: previous declaration of ‘kapi_mkdir’ with type ‘int(const char *, mode_t)’ {或称 ‘int(const char *, long long unsigned int)’}
  278 | int kapi_mkdir(const char* pathname, mode_t mode);
      |     ^~~~~~~~~~
include/kapi_fs.h:84:12: error: conflicting types for ‘kapi_opendir’; have ‘struct kapi_dir *(const char *)’
   84 | kapi_dir_t kapi_opendir(const char* path);
      |            ^~~~~~~~~~~~
include/kapi_fs_ext.h:310:12: note: previous declaration of ‘kapi_opendir’ with type ‘void *(const char *)’
  310 | kapi_dir_t kapi_opendir(const char* name);
      |            ^~~~~~~~~~~~
include/kapi_fs.h:86:5: error: conflicting types for ‘kapi_readdir’; have ‘int(struct kapi_dir *, kapi_dirent_t *)’
   86 | int kapi_readdir(kapi_dir_t dir, kapi_dirent_t* entry);
      |     ^~~~~~~~~~~~
include/kapi_fs_ext.h:316:16: note: previous declaration of ‘kapi_readdir’ with type ‘kapi_dirent_t *(void *)’ {或称 ‘struct dirent *(void *)’}
  316 | kapi_dirent_t* kapi_readdir(kapi_dir_t dirp);
      |                ^~~~~~~~~~~~
include/kapi_fs.h:88:5: error: conflicting types for ‘kapi_closedir’; have ‘int(struct kapi_dir *)’
   88 | int kapi_closedir(kapi_dir_t dir);
      |     ^~~~~~~~~~~~~
include/kapi_fs_ext.h:314:5: note: previous declaration of ‘kapi_closedir’ with type ‘int(void *)’
  314 | int kapi_closedir(kapi_dir_t dirp);
      |     ^~~~~~~~~~~~~
include/kapi_fs.h:94:5: error: conflicting types for ‘kapi_mount’; have ‘int(const char *, const char *, const char *, uint64_t)’ {或称 ‘int(const char *, const char *, const char *, long long unsigned int)’}
   94 | int kapi_mount(const char* source, const char* target, const char* fstype, uint64_t flags);
      |     ^~~~~~~~~~
include/kapi_fs_ext.h:362:5: note: previous declaration of ‘kapi_mount’ with type ‘int(const char *, const char *, const char *, long unsigned int,  const void *)’
  362 | int kapi_mount(const char* source, const char* target, const char* filesystemtype, unsigned long mountflags, const void* data);
      |     ^~~~~~~~~~
In file included from kernel/api/kapi_syscall.c:8:
include/kapi_device.h:13:29: error: conflicting types for ‘kapi_dev_t’; have ‘struct kapi_device *’
   13 | typedef struct kapi_device* kapi_dev_t;
      |                             ^~~~~~~~~~
include/kapi_fs_ext.h:104:18: note: previous declaration of ‘kapi_dev_t’ with type ‘kapi_dev_t’ {或称 ‘long long unsigned int’}
  104 | typedef uint64_t kapi_dev_t;
      |                  ^~~~~~~~~~
kernel/api/kapi_syscall.c: 在函数‘sys_read_impl’中:
kernel/api/kapi_syscall.c:204:46: warning: 将一个整数转换为大小不同的指针 [-Wint-to-pointer-cast]
  204 |             ret = kapi_read(entry->obj.file, (void*)buf, (size_t)count);
      |                                              ^
kernel/api/kapi_syscall.c:210:46: warning: 将一个整数转换为大小不同的指针 [-Wint-to-pointer-cast]
  210 |             ret = fifo_read(entry->obj.pipe, (void*)buf, (uint64_t)count);
      |                                              ^
kernel/api/kapi_syscall.c:218:43: warning: conversion from ‘int64_t’ {或称 ‘long long int’} to ‘long int’ may change value [-Wconversion]
  218 |     return ret < 0 ? KENUX_ERR(KENUX_EIO) : ret;
      |            ~~~~~~~~~~~~~~~~~~~~~~~~~~~~~~~^~~~~
kernel/api/kapi_syscall.c: 在函数‘sys_write_impl’中:
kernel/api/kapi_syscall.c:230:21: warning: 将一个整数转换为大小不同的指针 [-Wint-to-pointer-cast]
  230 |         memcpy(tmp, (void*)buf, to_write);
      |                     ^
kernel/api/kapi_syscall.c:245:47: warning: 将一个整数转换为大小不同的指针 [-Wint-to-pointer-cast]
  245 |             ret = kapi_write(entry->obj.file, (void*)buf, (size_t)count);
      |                                               ^
kernel/api/kapi_syscall.c:251:47: warning: 将一个整数转换为大小不同的指针 [-Wint-to-pointer-cast]
  251 |             ret = fifo_write(entry->obj.pipe, (void*)buf, (uint64_t)count);
      |                                               ^
kernel/api/kapi_syscall.c:259:43: warning: conversion from ‘int64_t’ {或称 ‘long long int’} to ‘long int’ may change value [-Wconversion]
  259 |     return ret < 0 ? KENUX_ERR(KENUX_EIO) : ret;
      |            ~~~~~~~~~~~~~~~~~~~~~~~~~~~~~~~^~~~~
kernel/api/kapi_syscall.c: 在函数‘sys_open_impl’中:
kernel/api/kapi_syscall.c:277:37: warning: 将一个整数转换为大小不同的指针 [-Wint-to-pointer-cast]
  277 |         kapi_dir_t d = kapi_opendir((const char*)pathname);
      |                                     ^
kernel/api/kapi_syscall.c:291:31: warning: 将一个整数转换为大小不同的指针 [-Wint-to-pointer-cast]
  291 |     kapi_file_t f = kapi_open((const char*)pathname, kflags, (int)mode);
      |                               ^
kernel/api/kapi_syscall.c: 在函数‘sys_stat_impl’中:
kernel/api/kapi_syscall.c:355:25: warning: 将一个整数转换为大小不同的指针 [-Wint-to-pointer-cast]
  355 |     int ret = kapi_stat((const char*)pathname, &kst);
      |                         ^
kernel/api/kapi_syscall.c:358:65: warning: 将一个整数转换为大小不同的指针 [-Wint-to-pointer-cast]
  358 |     struct { uint64_t st_dev, st_ino; uint32_t st_mode; } *st = (void*)statbuf;
      |                                                                 ^
kernel/api/kapi_syscall.c: 在函数‘sys_fstat_impl’中:
kernel/api/kapi_syscall.c:373:12: warning: 将一个整数转换为大小不同的指针 [-Wint-to-pointer-cast]
  373 |     memset((void*)statbuf, 0, 128);
      |            ^
kernel/api/kapi_syscall.c: 在函数‘sys_lseek_impl’中:
kernel/api/kapi_syscall.c:387:45: warning: conversion from ‘int64_t’ {或称 ‘long long int’} to ‘long int’ may change value [-Wconversion]
  387 |     return ret < 0 ? KENUX_ERR(KENUX_EBADF) : ret;
      |            ~~~~~~~~~~~~~~~~~~~~~~~~~~~~~~~~~^~~~~
kernel/api/kapi_syscall.c: 在函数‘sys_rt_sigaction_impl’中:
kernel/api/kapi_syscall.c:464:42: warning: 将一个整数转换为大小不同的指针 [-Wint-to-pointer-cast]
  464 |     int ret = signal_sigaction((int)sig, (const k_sigaction_t*)act, (k_sigaction_t*)oact);
      |                                          ^
kernel/api/kapi_syscall.c:464:69: warning: 将一个整数转换为大小不同的指针 [-Wint-to-pointer-cast]
  464 |     int ret = signal_sigaction((int)sig, (const k_sigaction_t*)act, (k_sigaction_t*)oact);
      |                                                                     ^
kernel/api/kapi_syscall.c: 在函数‘sys_rt_sigprocmask_impl’中:
kernel/api/kapi_syscall.c:475:44: warning: 将一个整数转换为大小不同的指针 [-Wint-to-pointer-cast]
  475 |     int ret = signal_sigprocmask((int)how, (const k_sigset_t*)set, (k_sigset_t*)oset);
      |                                            ^
kernel/api/kapi_syscall.c:475:68: warning: 将一个整数转换为大小不同的指针 [-Wint-to-pointer-cast]
  475 |     int ret = signal_sigprocmask((int)how, (const k_sigset_t*)set, (k_sigset_t*)oset);
      |                                                                    ^
kernel/api/kapi_syscall.c: 在函数‘sys_ioctl_impl’中:
kernel/api/kapi_syscall.c:491:54: warning: 将一个整数转换为大小不同的指针 [-Wint-to-pointer-cast]
  491 |     int ret = kapi_dev_ioctl(dev, (uint32_t)request, (void*)arg);
      |                                                      ^
kernel/api/kapi_syscall.c: 在函数‘sys_access_impl’中:
kernel/api/kapi_syscall.c:502:25: warning: 将一个整数转换为大小不同的指针 [-Wint-to-pointer-cast]
  502 |     int ret = kapi_stat((const char*)pathname, &st);
      |                         ^
kernel/api/kapi_syscall.c: 在函数‘sys_pipe_impl’中:
kernel/api/kapi_syscall.c:536:16: warning: 将一个整数转换为大小不同的指针 [-Wint-to-pointer-cast]
  536 |     int* fds = (int*)pipefd;
      |                ^
kernel/api/kapi_syscall.c: 在函数‘sys_nanosleep_impl’中:
kernel/api/kapi_syscall.c:582:49: warning: 将一个整数转换为大小不同的指针 [-Wint-to-pointer-cast]
  582 |     struct { long tv_sec; long tv_nsec; } *ts = (void*)req;
      |                                                 ^
kernel/api/kapi_syscall.c: 在函数‘sys_execve_impl’中:
kernel/api/kapi_syscall.c:716:34: warning: 将一个整数转换为大小不同的指针 [-Wint-to-pointer-cast]
  716 |     int ret = elf_load_from_file((const char*)filename, &info);
      |                                  ^
kernel/api/kapi_syscall.c:721:39: warning: 将一个整数转换为大小不同的指针 [-Wint-to-pointer-cast]
  721 |         const char* dummy_argv[2] = { (const char*)filename, NULL };
      |                                       ^
kernel/api/kapi_syscall.c: 在函数‘sys_wait4_impl’中:
kernel/api/kapi_syscall.c:746:10: warning: 将一个整数转换为大小不同的指针 [-Wint-to-pointer-cast]
  746 |         *(int*)wstatus = status;
      |          ^
kernel/api/kapi_syscall.c: 在函数‘sys_uname_impl’中:
kernel/api/kapi_syscall.c:777:12: warning: 将一个整数转换为大小不同的指针 [-Wint-to-pointer-cast]
  777 |     } *u = (void*)buf;
      |            ^
kernel/api/kapi_syscall.c: 在函数‘sys_getcwd_impl’中:
kernel/api/kapi_syscall.c:819:29: warning: 将一个整数转换为大小不同的指针 [-Wint-to-pointer-cast]
  819 |     char* ret = kapi_getcwd((char*)buf, (size_t)size);
      |                             ^
kernel/api/kapi_syscall.c: 在函数‘sys_chdir_impl’中:
kernel/api/kapi_syscall.c:827:26: warning: 将一个整数转换为大小不同的指针 [-Wint-to-pointer-cast]
  827 |     int ret = kapi_chdir((const char*)path);
      |                          ^
kernel/api/kapi_syscall.c: 在函数‘sys_rename_impl’中:
kernel/api/kapi_syscall.c:835:27: warning: 将一个整数转换为大小不同的指针 [-Wint-to-pointer-cast]
  835 |     int ret = kapi_rename((const char*)oldpath, (const char*)newpath);
      |                           ^
kernel/api/kapi_syscall.c:835:49: warning: 将一个整数转换为大小不同的指针 [-Wint-to-pointer-cast]
  835 |     int ret = kapi_rename((const char*)oldpath, (const char*)newpath);
      |                                                 ^
kernel/api/kapi_syscall.c: 在函数‘sys_mkdir_impl’中:
kernel/api/kapi_syscall.c:843:26: warning: 将一个整数转换为大小不同的指针 [-Wint-to-pointer-cast]
  843 |     int ret = kapi_mkdir((const char*)pathname, (int)mode);
      |                          ^
kernel/api/kapi_syscall.c: 在函数‘sys_rmdir_impl’中:
kernel/api/kapi_syscall.c:851:26: warning: 将一个整数转换为大小不同的指针 [-Wint-to-pointer-cast]
  851 |     int ret = kapi_rmdir((const char*)pathname);
      |                          ^
kernel/api/kapi_syscall.c: 在函数‘sys_unlink_impl’中:
kernel/api/kapi_syscall.c:872:27: warning: 将一个整数转换为大小不同的指针 [-Wint-to-pointer-cast]
  872 |     int ret = kapi_unlink((const char*)pathname);
      |                           ^
kernel/api/kapi_syscall.c: 在函数‘sys_chmod_impl’中:
kernel/api/kapi_syscall.c:895:46: warning: 将一个整数转换为大小不同的指针 [-Wint-to-pointer-cast]
  895 |     vfs_node_t* node = syscall_vfs_find_path((const char*)pathname);
      |                                              ^
kernel/api/kapi_syscall.c: 在函数‘sys_chown_impl’中:
kernel/api/kapi_syscall.c:906:46: warning: 将一个整数转换为大小不同的指针 [-Wint-to-pointer-cast]
  906 |     vfs_node_t* node = syscall_vfs_find_path((const char*)pathname);
      |                                              ^
kernel/api/kapi_syscall.c: 在函数‘sys_gettimeofday_impl’中:
kernel/api/kapi_syscall.c:929:52: warning: 将一个整数转换为大小不同的指针 [-Wint-to-pointer-cast]
  929 |         struct { long tv_sec; long tv_usec; } *t = (void*)tv;
      |                                                    ^
kernel/api/kapi_syscall.c: 在函数‘sys_getrlimit_impl’中:
kernel/api/kapi_syscall.c:942:51: warning: 将一个整数转换为大小不同的指针 [-Wint-to-pointer-cast]
  942 |     struct { long rlim_cur; long rlim_max; } *r = (void*)rlim;
      |                                                   ^
kernel/api/kapi_syscall.c: 在函数‘sys_getrusage_impl’中:
kernel/api/kapi_syscall.c:952:23: warning: 将一个整数转换为大小不同的指针 [-Wint-to-pointer-cast]
  952 |     if (usage) memset((void*)usage, 0, 144);
      |                       ^
kernel/api/kapi_syscall.c: 在函数‘sys_sysinfo_impl’中:
kernel/api/kapi_syscall.c:975:13: warning: 将一个整数转换为大小不同的指针 [-Wint-to-pointer-cast]
  975 |     } *si = (void*)info;
      |             ^
kernel/api/kapi_syscall.c: 在函数‘sys_times_impl’中:
kernel/api/kapi_syscall.c:991:22: warning: 将一个整数转换为大小不同的指针 [-Wint-to-pointer-cast]
  991 |     if (tbuf) memset((void*)tbuf, 0, 32);
      |                      ^
kernel/api/kapi_syscall.c: 在函数‘sys_getdents64_impl’中:
kernel/api/kapi_syscall.c:1098:32: warning: 将一个整数转换为大小不同的指针 [-Wint-to-pointer-cast]
 1098 |     struct linux_dirent64* d = (struct linux_dirent64*)dirp;
      |                                ^
kernel/api/kapi_syscall.c: 在函数‘sys_clock_gettime_impl’中:
kernel/api/kapi_syscall.c:1116:48: warning: 将一个整数转换为大小不同的指针 [-Wint-to-pointer-cast]
 1116 |     struct { long tv_sec; long tv_nsec; } *t = (void*)tp;
      |                                                ^
kernel/api/kapi_syscall.c: 在函数‘sys_chroot_impl’中:
kernel/api/kapi_syscall.c:1167:46: warning: 将一个整数转换为大小不同的指针 [-Wint-to-pointer-cast]
 1167 |     vfs_node_t* node = syscall_vfs_find_path((const char*)path);
      |                                              ^
kernel/api/kapi_syscall.c:1171:41: warning: 将一个整数转换为大小不同的指针 [-Wint-to-pointer-cast]
 1171 |     strncpy(proc_root[current_process], (const char*)path, sizeof(proc_root[0]) - 1);
      |                                         ^
kernel/api/kapi_syscall.c: 在函数‘sys_sethostname_impl’中:
kernel/api/kapi_syscall.c:1184:28: warning: 将一个整数转换为大小不同的指针 [-Wint-to-pointer-cast]
 1184 |     memcpy(kenux_hostname, (const void*)name, (size_t)len);
      |                            ^
kernel/api/kapi_syscall.c: 在函数‘sys_init_module_impl’中:
kernel/api/kapi_syscall.c:1196:27: warning: 将一个整数转换为大小不同的指针 [-Wint-to-pointer-cast]
 1196 |     int ret = module_load((const void*)module_image, (uint64_t)len, "unknown");
      |                           ^
kernel/api/kapi_syscall.c: 在函数‘sys_delete_module_impl’中:
kernel/api/kapi_syscall.c:1207:29: warning: 将一个整数转换为大小不同的指针 [-Wint-to-pointer-cast]
 1207 |     int ret = module_unload((const char*)name);
      |                             ^
kernel/api/kapi_syscall.c: 在函数‘sys_getrandom_impl’中:
kernel/api/kapi_syscall.c:1243:18: warning: 将一个整数转换为大小不同的指针 [-Wint-to-pointer-cast]
 1243 |     uint8_t* p = (uint8_t*)buf;
      |                  ^
kernel/api/kapi_syscall.c: 在函数‘sys_kenux_info_impl’中:
kernel/api/kapi_syscall.c:1265:15: warning: 将一个整数转换为大小不同的指针 [-Wint-to-pointer-cast]
 1265 |     } *info = (void*)buf;
      |               ^
kernel/api/kapi_syscall.c: 在函数‘sys_kenux_get_loadavg_impl’中:
kernel/api/kapi_syscall.c:1301:15: warning: 将一个整数转换为大小不同的指针 [-Wint-to-pointer-cast]
 1301 |     long* l = (long*)loads;
      |               ^
kernel/api/kapi_syscall.c: 在函数‘sys_futex_impl’中:
kernel/api/kapi_syscall.c:1317:53: warning: 将一个整数转换为大小不同的指针 [-Wint-to-pointer-cast]
 1317 |         struct { long tv_sec; long tv_nsec; } *ts = (void*)timeout;
      |                                                     ^
kernel/api/kapi_syscall.c:1325:34: warning: 将一个整数转换为大小不同的指针 [-Wint-to-pointer-cast]
 1325 |             int ret = futex_wait((void*)uaddr, (uint32_t)val, timeout_ms);
      |                                  ^
kernel/api/kapi_syscall.c:1329:34: warning: 将一个整数转换为大小不同的指针 [-Wint-to-pointer-cast]
 1329 |             int ret = futex_wake((void*)uaddr, (uint32_t)val);
      |                                  ^
kernel/api/kapi_syscall.c:1335:37: warning: 将一个整数转换为大小不同的指针 [-Wint-to-pointer-cast]
 1335 |             int ret = futex_requeue((void*)uaddr, (void*)uaddr2, (uint32_t)val);
      |                                     ^
kernel/api/kapi_syscall.c:1335:51: warning: 将一个整数转换为大小不同的指针 [-Wint-to-pointer-cast]
 1335 |             int ret = futex_requeue((void*)uaddr, (void*)uaddr2, (uint32_t)val);
      |                                                   ^
kernel/api/kapi_syscall.c:1310:47: warning: 未使用的参数‘val3’ [-Wunused-parameter]
 1310 |                             long uaddr2, long val3)
      |                                          ~~~~~^~~~
kernel/api/kapi_syscall.c: 在函数‘sys_prctl_impl’中:
kernel/api/kapi_syscall.c:1351:25: warning: 将一个整数转换为大小不同的指针 [-Wint-to-pointer-cast]
 1351 |                 strncpy((char*)arg2, processes[current_process].name, 15);
      |                         ^
kernel/api/kapi_syscall.c:1352:18: warning: 将一个整数转换为大小不同的指针 [-Wint-to-pointer-cast]
 1352 |                 ((char*)arg2)[15] = '\0';
      |                  ^
kernel/api/kapi_syscall.c:1358:58: warning: 将一个整数转换为大小不同的指针 [-Wint-to-pointer-cast]
 1358 |                 strncpy(processes[current_process].name, (const char*)arg2,
      |                                                          ^
kernel/api/kapi_syscall.c: 在函数‘sys_arch_prctl_impl’中:
kernel/api/kapi_syscall.c:1395:14: warning: 将一个整数转换为大小不同的指针 [-Wint-to-pointer-cast]
 1395 |             *(uint64_t*)addr = current_process < PROCESS_MAX ?
      |              ^
kernel/api/kapi_syscall.c:1400:14: warning: 将一个整数转换为大小不同的指针 [-Wint-to-pointer-cast]
 1400 |             *(uint64_t*)addr = current_process < PROCESS_MAX ?
      |              ^
kernel/api/kapi_syscall.c: 在函数‘sys_truncate_impl’中:
kernel/api/kapi_syscall.c:1522:46: warning: 将一个整数转换为大小不同的指针 [-Wint-to-pointer-cast]
 1522 |     vfs_node_t* node = syscall_vfs_find_path((const char*)path);
      |                                              ^
kernel/api/kapi_syscall.c: 在函数‘sys_pread64_impl’中:
kernel/api/kapi_syscall.c:1592:46: warning: 将一个整数转换为大小不同的指针 [-Wint-to-pointer-cast]
 1592 |     int64_t ret = kapi_read(entry->obj.file, (void*)buf, (size_t)count);
      |                                              ^
kernel/api/kapi_syscall.c:1594:43: warning: conversion from ‘int64_t’ {或称 ‘long long int’} to ‘long int’ may change value [-Wconversion]
 1594 |     return ret < 0 ? KENUX_ERR(KENUX_EIO) : ret;
      |            ~~~~~~~~~~~~~~~~~~~~~~~~~~~~~~~^~~~~
kernel/api/kapi_syscall.c: 在函数‘sys_pwrite64_impl’中:
kernel/api/kapi_syscall.c:1606:47: warning: 将一个整数转换为大小不同的指针 [-Wint-to-pointer-cast]
 1606 |     int64_t ret = kapi_write(entry->obj.file, (void*)buf, (size_t)count);
      |                                               ^
kernel/api/kapi_syscall.c:1608:43: warning: conversion from ‘int64_t’ {或称 ‘long long int’} to ‘long int’ may change value [-Wconversion]
 1608 |     return ret < 0 ? KENUX_ERR(KENUX_EIO) : ret;
      |            ~~~~~~~~~~~~~~~~~~~~~~~~~~~~~~~^~~~~
kernel/api/kapi_syscall.c: 在函数‘sys_sendfile_impl’中:
kernel/api/kapi_syscall.c:1624:39: warning: 将一个指针转换为大小不同的整数 [-Wpointer-to-int-cast]
 1624 |         long r = sys_read_impl(in_fd, (long)buf, n, 0, 0, 0);
      |                                       ^
kernel/api/kapi_syscall.c:1626:41: warning: 将一个指针转换为大小不同的整数 [-Wpointer-to-int-cast]
 1626 |         long w = sys_write_impl(out_fd, (long)buf, r, 0, 0, 0);
      |                                         ^
kernel/api/kapi_syscall.c:1629:22: warning: 将一个整数转换为大小不同的指针 [-Wint-to-pointer-cast]
 1629 |         if (offset) *(long*)offset += w;
      |                      ^
kernel/api/kapi_syscall.c: 在函数‘sys_time_impl’中:
kernel/api/kapi_syscall.c:1639:16: warning: 将一个整数转换为大小不同的指针 [-Wint-to-pointer-cast]
 1639 |     if (tloc) *(long*)tloc = t;
      |                ^
kernel/api/kapi_syscall.c: 在函数‘sys_set_tid_address_impl’中:
kernel/api/kapi_syscall.c:1660:51: warning: 将一个整数转换为大小不同的指针 [-Wint-to-pointer-cast]
 1660 |         processes[current_process].kthread_data = (void*)tidptr;
      |                                                   ^
kernel/api/kapi_syscall.c: 在函数‘sys_epoll_ctl_impl’中:
kernel/api/kapi_syscall.c:1690:59: warning: 将一个整数转换为大小不同的指针 [-Wint-to-pointer-cast]
 1690 |     int ret = kapi_epoll_ctl((int)epfd, (int)op, (int)fd, (kapi_epoll_event_t*)event);
      |                                                           ^
kernel/api/kapi_syscall.c: 在函数‘sys_epoll_wait_impl’中:
kernel/api/kapi_syscall.c:1698:42: warning: 将一个整数转换为大小不同的指针 [-Wint-to-pointer-cast]
 1698 |     int ret = kapi_epoll_wait((int)epfd, (kapi_epoll_event_t*)events, (int)maxevents, (int)timeout);
      |                                          ^
kernel/api/kapi_syscall.c: 在函数‘sys_epoll_pwait_impl’中:
kernel/api/kapi_syscall.c:1706:43: warning: 将一个整数转换为大小不同的指针 [-Wint-to-pointer-cast]
 1706 |     int ret = kapi_epoll_pwait((int)epfd, (kapi_epoll_event_t*)events, (int)maxevents,
      |                                           ^
kernel/api/kapi_syscall.c:1707:46: warning: 将一个整数转换为大小不同的指针 [-Wint-to-pointer-cast]
 1707 |                                (int)timeout, (const uint64_t*)sigmask);
      |                                              ^
kernel/api/kapi_syscall.c: 在函数‘sys_poll_impl’中:
kernel/api/kapi_syscall.c:1716:25: warning: 将一个整数转换为大小不同的指针 [-Wint-to-pointer-cast]
 1716 |     int ret = kapi_poll((kapi_pollfd_t*)fds, (uint32_t)nfds, (int)timeout);
      |                         ^
kernel/api/kapi_syscall.c: 在函数‘sys_select_impl’中:
kernel/api/kapi_syscall.c:1723:15: error: implicit declaration of function ‘kapi_select’; did you mean ‘kapi_pselect6’? [-Wimplicit-function-declaration]
 1723 |     int ret = kapi_select((int)nfds, (kapi_fd_set_t*)readfds, (kapi_fd_set_t*)writefds,
      |               ^~~~~~~~~~~
      |               kapi_pselect6
kernel/api/kapi_syscall.c:1723:38: warning: 将一个整数转换为大小不同的指针 [-Wint-to-pointer-cast]
 1723 |     int ret = kapi_select((int)nfds, (kapi_fd_set_t*)readfds, (kapi_fd_set_t*)writefds,
      |                                      ^
kernel/api/kapi_syscall.c:1723:63: warning: 将一个整数转换为大小不同的指针 [-Wint-to-pointer-cast]
 1723 |     int ret = kapi_select((int)nfds, (kapi_fd_set_t*)readfds, (kapi_fd_set_t*)writefds,
      |                                                               ^
kernel/api/kapi_syscall.c:1724:27: warning: 将一个整数转换为大小不同的指针 [-Wint-to-pointer-cast]
 1724 |                           (kapi_fd_set_t*)exceptfds, (uint64_t*)timeout);
      |                           ^
kernel/api/kapi_syscall.c:1724:54: warning: 将一个整数转换为大小不同的指针 [-Wint-to-pointer-cast]
 1724 |                           (kapi_fd_set_t*)exceptfds, (uint64_t*)timeout);
      |                                                      ^
kernel/api/kapi_syscall.c: 在函数‘sys_ppoll_impl’中:
kernel/api/kapi_syscall.c:1732:26: warning: 将一个整数转换为大小不同的指针 [-Wint-to-pointer-cast]
 1732 |     int ret = kapi_ppoll((kapi_pollfd_t*)fds, (uint32_t)nfds, (uint64_t*)timeout, (const uint64_t*)sigmask);
      |                          ^
kernel/api/kapi_syscall.c:1732:63: warning: 将一个整数转换为大小不同的指针 [-Wint-to-pointer-cast]
 1732 |     int ret = kapi_ppoll((kapi_pollfd_t*)fds, (uint32_t)nfds, (uint64_t*)timeout, (const uint64_t*)sigmask);
      |                                                               ^
kernel/api/kapi_syscall.c:1732:83: warning: 将一个整数转换为大小不同的指针 [-Wint-to-pointer-cast]
 1732 |     int ret = kapi_ppoll((kapi_pollfd_t*)fds, (uint32_t)nfds, (uint64_t*)timeout, (const uint64_t*)sigmask);
      |                                                                                   ^
kernel/api/kapi_syscall.c: 在函数‘sys_pselect6_impl’中:
kernel/api/kapi_syscall.c:1738:40: warning: 将一个整数转换为大小不同的指针 [-Wint-to-pointer-cast]
 1738 |     int ret = kapi_pselect6((int)nfds, (kapi_fd_set_t*)readfds, (kapi_fd_set_t*)writefds,
      |                                        ^
kernel/api/kapi_syscall.c:1738:65: warning: 将一个整数转换为大小不同的指针 [-Wint-to-pointer-cast]
 1738 |     int ret = kapi_pselect6((int)nfds, (kapi_fd_set_t*)readfds, (kapi_fd_set_t*)writefds,
      |                                                                 ^
kernel/api/kapi_syscall.c:1739:29: warning: 将一个整数转换为大小不同的指针 [-Wint-to-pointer-cast]
 1739 |                             (kapi_fd_set_t*)exceptfds, (uint64_t*)timeout, (const uint64_t*)sigmask);
      |                             ^
kernel/api/kapi_syscall.c:1739:56: warning: 将一个整数转换为大小不同的指针 [-Wint-to-pointer-cast]
 1739 |                             (kapi_fd_set_t*)exceptfds, (uint64_t*)timeout, (const uint64_t*)sigmask);
      |                                                        ^
kernel/api/kapi_syscall.c:1739:76: warning: 将一个整数转换为大小不同的指针 [-Wint-to-pointer-cast]
 1739 |                             (kapi_fd_set_t*)exceptfds, (uint64_t*)timeout, (const uint64_t*)sigmask);
      |                                                                            ^
kernel/api/kapi_syscall.c: 在函数‘sys_signalfd4_impl’中:
kernel/api/kapi_syscall.c:1748:39: warning: 将一个整数转换为大小不同的指针 [-Wint-to-pointer-cast]
 1748 |     int ret = kapi_signalfd4((int)fd, (const uint64_t*)mask, (size_t)masksize, (int)flags);
      |                                       ^
kernel/api/kapi_syscall.c: 在函数‘sys_signalfd_impl’中:
kernel/api/kapi_syscall.c:1756:38: warning: 将一个整数转换为大小不同的指针 [-Wint-to-pointer-cast]
 1756 |     int ret = kapi_signalfd((int)fd, (const uint64_t*)mask, (size_t)masksize, 0);
      |                                      ^
kernel/api/kapi_syscall.c: 在函数‘sys_timerfd_settime_impl’中:
kernel/api/kapi_syscall.c:1773:36: warning: 将一个整数转换为大小不同的指针 [-Wint-to-pointer-cast]
 1773 |                                    (const kapi_itimerspec_t*)new_value,
      |                                    ^
kernel/api/kapi_syscall.c:1774:36: warning: 将一个整数转换为大小不同的指针 [-Wint-to-pointer-cast]
 1774 |                                    (kapi_itimerspec_t*)old_value);
      |                                    ^
kernel/api/kapi_syscall.c: 在函数‘sys_timerfd_gettime_impl’中:
kernel/api/kapi_syscall.c:1782:45: warning: 将一个整数转换为大小不同的指针 [-Wint-to-pointer-cast]
 1782 |     int ret = kapi_timerfd_gettime((int)fd, (kapi_itimerspec_t*)curr_value);
      |                                             ^
kernel/api/kapi_syscall.c: 在函数‘sys_inotify_add_watch_impl’中:
kernel/api/kapi_syscall.c:1820:47: warning: 将一个整数转换为大小不同的指针 [-Wint-to-pointer-cast]
 1820 |     int ret = kapi_inotify_add_watch((int)fd, (const char*)pathname, (uint32_t)mask);
      |                                               ^
kernel/api/kapi_syscall.c: 在函数‘sys_readv_impl’中:
kernel/api/kapi_syscall.c:1841:58: warning: 将一个整数转换为大小不同的指针 [-Wint-to-pointer-cast]
 1841 |     struct { void* iov_base; size_t iov_len; } *iovecs = (void*)iov;
      |                                                          ^
kernel/api/kapi_syscall.c:1847:18: warning: conversion from ‘int64_t’ {或称 ‘long long int’} to ‘long int’ may change value [-Wconversion]
 1847 |         total += r;
      |                  ^
kernel/api/kapi_syscall.c: 在函数‘sys_writev_impl’中:
kernel/api/kapi_syscall.c:1862:64: warning: 将一个整数转换为大小不同的指针 [-Wint-to-pointer-cast]
 1862 |     struct { const void* iov_base; size_t iov_len; } *iovecs = (void*)iov;
      |                                                                ^
kernel/api/kapi_syscall.c:1868:18: warning: conversion from ‘int64_t’ {或称 ‘long long int’} to ‘long int’ may change value [-Wconversion]
 1868 |         total += r;
      |                  ^
kernel/api/kapi_syscall.c: 在函数‘sys_accept4_impl’中:
kernel/api/kapi_syscall.c:1894:57: error: ‘KENUX_ENOTSOCK’ undeclared (first use in this function); did you mean ‘KENUX_ENOSPC’?
 1894 |     if (entry->type != KAPI_FD_SOCKET) return KENUX_ERR(KENUX_ENOTSOCK);
      |                                                         ^~~~~~~~~~~~~~
kernel/api/kapi_syscall.c:69:27: note: in definition of macro ‘KENUX_ERR’
   69 | #define KENUX_ERR(err) (-(err))
      |                           ^~~
kernel/api/kapi_syscall.c:1894:57: note: 每个未声明的标识符在其出现的函数内只报告一次
kernel/api/kapi_syscall.c:69:27: note: in definition of macro ‘KENUX_ERR’
   69 | #define KENUX_ERR(err) (-(err))
      |                           ^~~
kernel/api/kapi_syscall.c:1889:48: warning: 未使用的参数‘addr’ [-Wunused-parameter]
 1889 | static long sys_accept4_impl(long sockfd, long addr, long addrlen, long flags, long a5, long a6)
      |                                           ~~~~~^~~~
kernel/api/kapi_syscall.c:1889:59: warning: 未使用的参数‘addrlen’ [-Wunused-parameter]
 1889 | static long sys_accept4_impl(long sockfd, long addr, long addrlen, long flags, long a5, long a6)
      |                                                      ~~~~~^~~~~~~
kernel/api/kapi_syscall.c: 在函数‘sys_waitid_impl’中:
kernel/api/kapi_syscall.c:1922:16: warning: 将一个整数转换为大小不同的指针 [-Wint-to-pointer-cast]
 1922 |         memset((void*)infop, 0, 32);
      |                ^
kernel/api/kapi_syscall.c:1924:14: warning: 将一个整数转换为大小不同的指针 [-Wint-to-pointer-cast]
 1924 |             ((int*)infop)[0] = ret;
      |              ^
kernel/api/kapi_syscall.c:1925:14: warning: 将一个整数转换为大小不同的指针 [-Wint-to-pointer-cast]
 1925 |             ((int*)infop)[1] = 4;
      |              ^
kernel/api/kapi_syscall.c:1926:14: warning: 将一个整数转换为大小不同的指针 [-Wint-to-pointer-cast]
 1926 |             ((int*)infop)[2] = status;
      |              ^
kernel/api/kapi_syscall.c: 在函数‘sys_mount_impl’中:
kernel/api/kapi_syscall.c:1945:26: warning: 将一个整数转换为大小不同的指针 [-Wint-to-pointer-cast]
 1945 |     int ret = kapi_mount((const char*)dev_name, (const char*)dir_name,
      |                          ^
kernel/api/kapi_syscall.c:1945:49: warning: 将一个整数转换为大小不同的指针 [-Wint-to-pointer-cast]
 1945 |     int ret = kapi_mount((const char*)dev_name, (const char*)dir_name,
      |                                                 ^
kernel/api/kapi_syscall.c:1946:26: warning: 将一个整数转换为大小不同的指针 [-Wint-to-pointer-cast]
 1946 |                          (const char*)type, (uint64_t)flags);
      |                          ^
kernel/api/kapi_syscall.c: 在函数‘sys_umount2_impl’中:
kernel/api/kapi_syscall.c:1954:27: warning: 将一个整数转换为大小不同的指针 [-Wint-to-pointer-cast]
 1954 |     int ret = kapi_umount((const char*)name);
      |                           ^
kernel/api/kapi_syscall.c: 在函数‘sys_mknod_impl’中:
kernel/api/kapi_syscall.c:1966:35: warning: 将一个整数转换为大小不同的指针 [-Wint-to-pointer-cast]
 1966 |         kapi_file_t f = kapi_open((const char*)pathname, KAPI_O_CREAT | KAPI_O_WRONLY | KAPI_O_TRUNC, (int)(m & 07777));
      |                                   ^
kernel/api/kapi_syscall.c: 在函数‘sys_setresuid_impl’中:
kernel/api/kapi_syscall.c:1997:59: warning: 未使用的参数‘suid’ [-Wunused-parameter]
 1997 | static long sys_setresuid_impl(long ruid, long euid, long suid, long a4, long a5, long a6)
      |                                                      ~~~~~^~~~
kernel/api/kapi_syscall.c: 在函数‘sys_getresuid_impl’中:
kernel/api/kapi_syscall.c:2010:16: warning: 将一个整数转换为大小不同的指针 [-Wint-to-pointer-cast]
 2010 |     if (ruid) *(uid_t*)ruid = proc_uid[current_process];
      |                ^
kernel/api/kapi_syscall.c:2011:16: warning: 将一个整数转换为大小不同的指针 [-Wint-to-pointer-cast]
 2011 |     if (euid) *(uid_t*)euid = proc_euid[current_process];
      |                ^
kernel/api/kapi_syscall.c:2012:16: warning: 将一个整数转换为大小不同的指针 [-Wint-to-pointer-cast]
 2012 |     if (suid) *(uid_t*)suid = proc_uid[current_process];
      |                ^
kernel/api/kapi_syscall.c: 在函数‘sys_setresgid_impl’中:
kernel/api/kapi_syscall.c:2016:59: warning: 未使用的参数‘sgid’ [-Wunused-parameter]
 2016 | static long sys_setresgid_impl(long rgid, long egid, long sgid, long a4, long a5, long a6)
      |                                                      ~~~~~^~~~
kernel/api/kapi_syscall.c: 在函数‘sys_getresgid_impl’中:
kernel/api/kapi_syscall.c:2029:16: warning: 将一个整数转换为大小不同的指针 [-Wint-to-pointer-cast]
 2029 |     if (rgid) *(uid_t*)rgid = proc_gid[current_process];
      |                ^
kernel/api/kapi_syscall.c:2030:16: warning: 将一个整数转换为大小不同的指针 [-Wint-to-pointer-cast]
 2030 |     if (egid) *(uid_t*)egid = proc_egid[current_process];
      |                ^
kernel/api/kapi_syscall.c:2031:16: warning: 将一个整数转换为大小不同的指针 [-Wint-to-pointer-cast]
 2031 |     if (sgid) *(uid_t*)sgid = proc_gid[current_process];
      |                ^
kernel/api/kapi_syscall.c: 在函数‘sys_rt_sigpending_impl’中:
kernel/api/kapi_syscall.c:2074:12: warning: 将一个整数转换为大小不同的指针 [-Wint-to-pointer-cast]
 2074 |     memset((void*)set, 0, 8);
      |            ^
kernel/api/kapi_syscall.c: 在函数‘sys_sched_getparam_impl’中:
kernel/api/kapi_syscall.c:2115:12: warning: 将一个整数转换为大小不同的指针 [-Wint-to-pointer-cast]
 2115 |     memset((void*)param, 0, 4);
      |            ^
kernel/api/kapi_syscall.c: 在函数‘sys_sched_rr_get_interval_impl’中:
kernel/api/kapi_syscall.c:2147:48: warning: 将一个整数转换为大小不同的指针 [-Wint-to-pointer-cast]
 2147 |     struct { long tv_sec; long tv_nsec; } *t = (void*)interval;
      |                                                ^
kernel/api/kapi_syscall.c: 在函数‘sys_sched_getaffinity_impl’中:
kernel/api/kapi_syscall.c:2165:12: warning: 将一个整数转换为大小不同的指针 [-Wint-to-pointer-cast]
 2165 |     memset((void*)mask, 0xff, sz);
      |            ^
kernel/api/kapi_syscall.c: 在函数‘sys_statfs_impl’中:
kernel/api/kapi_syscall.c:2181:12: warning: 将一个整数转换为大小不同的指针 [-Wint-to-pointer-cast]
 2181 |     memset((void*)buf, 0, 64);
      |            ^
kernel/api/kapi_syscall.c: 在函数‘sys_fstatfs_impl’中:
kernel/api/kapi_syscall.c:2190:12: warning: 将一个整数转换为大小不同的指针 [-Wint-to-pointer-cast]
 2190 |     memset((void*)buf, 0, 64);
      |            ^
kernel/api/kapi_syscall.c: 在函数‘sys_splice_impl’中:
kernel/api/kapi_syscall.c:2371:39: warning: 将一个指针转换为大小不同的整数 [-Wpointer-to-int-cast]
 2371 |         long r = sys_read_impl(fd_in, (long)buf, n, 0, 0, 0);
      |                                       ^
kernel/api/kapi_syscall.c:2373:41: warning: 将一个指针转换为大小不同的整数 [-Wpointer-to-int-cast]
 2373 |         long w = sys_write_impl(fd_out, (long)buf, r, 0, 0, 0);
      |                                         ^
kernel/api/kapi_syscall.c: 在文件作用域：
kernel/api/kapi_syscall.c:2497:13: error: ‘sys_setpgid_impl’重定义
 2497 | static long sys_setpgid_impl(long pid, long pgid, long a3, long a4, long a5, long a6)
      |             ^~~~~~~~~~~~~~~~
kernel/api/kapi_syscall.c:1409:13: note: previous definition of ‘sys_setpgid_impl’ with type ‘long int(long int,  long int,  long int,  long int,  long int,  long int)’
<1> Building kernel/api/kapi_string.c
<0> Building kernel/api/kapi_sort.c
 1409 | static long sys_setpgid_impl(long pid, long pgid, long a3, long a4, long a5, long a6)
      |             ^~~~~~~~~~~~~~~~
kernel/api/kapi_syscall.c: 在函数‘sys_setpgid_impl’中:
kernel/api/kapi_syscall.c:2504:5: error: ‘proc_pgid’ undeclared (first use in this function); did you mean ‘proc_egid’?
 2504 |     proc_pgid[p] = g;
      |     ^~~~~~~~~
      |     proc_egid
kernel/api/kapi_syscall.c: 在文件作用域：
kernel/api/kapi_syscall.c:2508:13: error: ‘sys_getpgid_impl’重定义
 2508 | static long sys_getpgid_impl(long pid, long a2, long a3, long a4, long a5, long a6)
      |             ^~~~~~~~~~~~~~~~
kernel/api/kapi_syscall.c:1428:13: note: previous definition of ‘sys_getpgid_impl’ with type ‘long int(long int,  long int,  long int,  long int,  long int,  long int)’
 1428 | static long sys_getpgid_impl(long pid, long a2, long a3, long a4, long a5, long a6)
      |             ^~~~~~~~~~~~~~~~
kernel/api/kapi_syscall.c: 在函数‘sys_getpgid_impl’中:
kernel/api/kapi_syscall.c:2514:18: error: ‘proc_pgid’ undeclared (first use in this function); did you mean ‘proc_egid’?
 2514 |     return (long)proc_pgid[p];
      |                  ^~~~~~~~~
      |                  proc_egid
kernel/api/kapi_syscall.c: 在文件作用域：
kernel/api/kapi_syscall.c:2517:13: error: ‘sys_getsid_impl’重定义
 2517 | static long sys_getsid_impl(long pid, long a2, long a3, long a4, long a5, long a6)
      |             ^~~~~~~~~~~~~~~
kernel/api/kapi_syscall.c:1436:13: note: previous definition of ‘sys_getsid_impl’ with type ‘long int(long int,  long int,  long int,  long int,  long int,  long int)’
 1436 | static long sys_getsid_impl(long pid, long a2, long a3, long a4, long a5, long a6)
      |             ^~~~~~~~~~~~~~~
kernel/api/kapi_syscall.c: 在函数‘sys_getsid_impl’中:
kernel/api/kapi_syscall.c:2523:18: error: ‘proc_pgid’ undeclared (first use in this function); did you mean ‘proc_egid’?
 2523 |     return (long)proc_pgid[p];
      |                  ^~~~~~~~~
      |                  proc_egid
kernel/api/kapi_syscall.c: 在文件作用域：
kernel/api/kapi_syscall.c:2527:13: error: ‘sys_uname_impl’重定义
 2527 | static long sys_uname_impl(long buf, long a2, long a3, long a4, long a5, long a6)
      |             ^~~~~~~~~~~~~~
kernel/api/kapi_syscall.c:765:13: note: previous definition of ‘sys_uname_impl’ with type ‘long int(long int,  long int,  long int,  long int,  long int,  long int)’
  765 | static long sys_uname_impl(long buf, long a2, long a3, long a4, long a5, long a6)
      |             ^~~~~~~~~~~~~~
kernel/api/kapi_syscall.c: 在函数‘sys_uname_impl’中:
kernel/api/kapi_syscall.c:2531:12: warning: 将一个整数转换为大小不同的指针 [-Wint-to-pointer-cast]
 2531 |     memset((void*)buf, 0, 390);
      |            ^
kernel/api/kapi_syscall.c:2536:15: warning: 将一个整数转换为大小不同的指针 [-Wint-to-pointer-cast]
 2536 |     char* p = (char*)buf;
      |               ^
kernel/api/kapi_syscall.c: 在文件作用域：
kernel/api/kapi_syscall.c:2549:13: error: ‘sys_sysinfo_impl’重定义
 2549 | static long sys_sysinfo_impl(long info, long a2, long a3, long a4, long a5, long a6)
      |             ^~~~~~~~~~~~~~~~
kernel/api/kapi_syscall.c:956:13: note: previous definition of ‘sys_sysinfo_impl’ with type ‘long int(long int,  long int,  long int,  long int,  long int,  long int)’
  956 | static long sys_sysinfo_impl(long info, long a2, long a3, long a4, long a5, long a6)
      |             ^~~~~~~~~~~~~~~~
kernel/api/kapi_syscall.c: 在函数‘sys_sysinfo_impl’中:
kernel/api/kapi_syscall.c:2553:12: warning: 将一个整数转换为大小不同的指针 [-Wint-to-pointer-cast]
 2553 |     memset((void*)info, 0, 64);
      |            ^
kernel/api/kapi_syscall.c: 在文件作用域：
kernel/api/kapi_syscall.c:2558:13: error: ‘sys_prctl_impl’重定义
 2558 | static long sys_prctl_impl(long option, long arg2, long arg3, long arg4, long arg5, long a6)
      |             ^~~~~~~~~~~~~~
kernel/api/kapi_syscall.c:1344:13: note: previous definition of ‘sys_prctl_impl’ with type ‘long int(long int,  long int,  long int,  long int,  long int,  long int)’
 1344 | static long sys_prctl_impl(long option, long arg2, long arg3, long arg4, long a5, long a6)
      |             ^~~~~~~~~~~~~~
kernel/api/kapi_syscall.c:2569:13: error: ‘sys_getrlimit_impl’重定义
 2569 | static long sys_getrlimit_impl(long resource, long rlim, long a3, long a4, long a5, long a6)
      |             ^~~~~~~~~~~~~~~~~~
kernel/api/kapi_syscall.c:936:13: note: previous definition of ‘sys_getrlimit_impl’ with type ‘long int(long int,  long int,  long int,  long int,  long int,  long int)’
  936 | static long sys_getrlimit_impl(long resource, long rlim, long a3, long a4, long a5, long a6)
      |             ^~~~~~~~~~~~~~~~~~
kernel/api/kapi_syscall.c: 在函数‘sys_getrlimit_impl’中:
kernel/api/kapi_syscall.c:2573:19: warning: 将一个整数转换为大小不同的指针 [-Wint-to-pointer-cast]
 2573 |     uint64_t* r = (uint64_t*)rlim;
      |                   ^
kernel/api/kapi_syscall.c:2569:37: warning: 未使用的参数‘resource’ [-Wunused-parameter]
 2569 | static long sys_getrlimit_impl(long resource, long rlim, long a3, long a4, long a5, long a6)
      |                                ~~~~~^~~~~~~~
kernel/api/kapi_syscall.c: 在函数‘sys_clock_getres_impl’中:
kernel/api/kapi_syscall.c:2592:48: warning: 将一个整数转换为大小不同的指针 [-Wint-to-pointer-cast]
 2592 |     struct { long tv_sec; long tv_nsec; } *r = (void*)res;
      |                                                ^
kernel/api/kapi_syscall.c: 在文件作用域：
kernel/api/kapi_syscall.c:2606:13: error: ‘sys_clock_gettime_impl’重定义
 2606 | static long sys_clock_gettime_impl(long clk_id, long tp, long a3, long a4, long a5, long a6)
      |             ^~~~~~~~~~~~~~~~~~~~~~
kernel/api/kapi_syscall.c:1110:13: note: previous definition of ‘sys_clock_gettime_impl’ with type ‘long int(long int,  long int,  long int,  long int,  long int,  long int)’
 1110 | static long sys_clock_gettime_impl(long clk_id, long tp, long a3, long a4, long a5, long a6)
      |             ^~~~~~~~~~~~~~~~~~~~~~
kernel/api/kapi_syscall.c: 在函数‘sys_getcpu_impl’中:
kernel/api/kapi_syscall.c:2653:15: warning: 将一个整数转换为大小不同的指针 [-Wint-to-pointer-cast]
 2653 |     if (cpu) *(unsigned int*)cpu = 0;
      |               ^
kernel/api/kapi_syscall.c: 在文件作用域：
kernel/api/kapi_syscall.c:2650:13: warning: ‘sys_getcpu_impl’ 在此处定义 [-Wunused-function]
 2650 | static long sys_getcpu_impl(long cpu, long node, long tcache, long a4, long a5, long a6)
      |             ^~~~~~~~~~~~~~~
kernel/api/kapi_syscall.c:2643:13: warning: ‘sys_kcmp_impl’ 在此处定义 [-Wunused-function]
 2643 | static long sys_kcmp_impl(long pid1, long pid2, long type, long idx1, long idx2, long a6)
      |             ^~~~~~~~~~~~~
kernel/api/kapi_syscall.c:2636:13: warning: ‘sys_process_vm_writev_impl’ 在此处定义 [-Wunused-function]
 2636 | static long sys_process_vm_writev_impl(long pid, long lvec, long liovcnt, long rvec, long riovcnt, long flags)
      |             ^~~~~~~~~~~~~~~~~~~~~~~~~~
kernel/api/kapi_syscall.c:2630:13: warning: ‘sys_process_vm_readv_impl’ 在此处定义 [-Wunused-function]
 2630 | static long sys_process_vm_readv_impl(long pid, long lvec, long liovcnt, long rvec, long riovcnt, long flags)
      |             ^~~~~~~~~~~~~~~~~~~~~~~~~
kernel/api/kapi_syscall.c:2621:13: warning: ‘sys_mincore_impl’ 在此处定义 [-Wunused-function]
 2621 | static long sys_mincore_impl(long start, long len, long vec, long a4, long a5, long a6)
      |             ^~~~~~~~~~~~~~~~
kernel/api/kapi_syscall.c:2614:13: warning: ‘sys_clock_nanosleep_impl’ 在此处定义 [-Wunused-function]
 2614 | static long sys_clock_nanosleep_impl(long clk_id, long flags, long rqtp, long rmtp, long a5, long a6)
      |             ^~~~~~~~~~~~~~~~~~~~~~~~
kernel/api/kapi_syscall.c:2598:13: warning: ‘sys_clock_settime_impl’ 在此处定义 [-Wunused-function]
 2598 | static long sys_clock_settime_impl(long clk_id, long tp, long a3, long a4, long a5, long a6)
      |             ^~~~~~~~~~~~~~~~~~~~~~
kernel/api/kapi_syscall.c:2588:13: warning: ‘sys_clock_getres_impl’ 在此处定义 [-Wunused-function]
 2588 | static long sys_clock_getres_impl(long clk_id, long res, long a3, long a4, long a5, long a6)
      |             ^~~~~~~~~~~~~~~~~~~~~
kernel/api/kapi_syscall.c:2580:13: warning: ‘sys_prlimit64_impl’ 在此处定义 [-Wunused-function]
 2580 | static long sys_prlimit64_impl(long pid, long resource, long new_limit, long old_limit, long a5, long a6)
      |             ^~~~~~~~~~~~~~~~~~
kernel/api/kapi_syscall.c:2488:13: warning: ‘sys_acct_impl’ 在此处定义 [-Wunused-function]
 2488 | static long sys_acct_impl(long filename, long a2, long a3, long a4, long a5, long a6)
      |             ^~~~~~~~~~~~~
kernel/api/kapi_syscall.c:2479:13: warning: ‘sys_adjtimex_impl’ 在此处定义 [-Wunused-function]
 2479 | static long sys_adjtimex_impl(long buf, long a2, long a3, long a4, long a5, long a6)
      |             ^~~~~~~~~~~~~~~~~
kernel/api/kapi_syscall.c:2472:13: warning: ‘sys_getdents_impl’ 在此处定义 [-Wunused-function]
 2472 | static long sys_getdents_impl(long fd, long dirp, long count, long a4, long a9, long a6)
      |             ^~~~~~~~~~~~~~~~~
kernel/api/kapi_syscall.c:2466:13: warning: ‘sys_lchown_impl’ 在此处定义 [-Wunused-function]
 2466 | static long sys_lchown_impl(long pathname, long owner, long group, long a4, long a5, long a6)
      |             ^~~~~~~~~~~~~~~
kernel/api/kapi_syscall.c:2458:13: warning: ‘sys_fchown_impl’ 在此处定义 [-Wunused-function]
 2458 | static long sys_fchown_impl(long fd, long owner, long group, long a4, long a5, long a6)
      |             ^~~~~~~~~~~~~~~
kernel/api/kapi_syscall.c:2450:13: warning: ‘sys_fchmod_impl’ 在此处定义 [-Wunused-function]
 2450 | static long sys_fchmod_impl(long fd, long mode, long a3, long a4, long a5, long a6)
      |             ^~~~~~~~~~~~~~~
kernel/api/kapi_syscall.c:2442:13: warning: ‘sys_fchdir_impl’ 在此处定义 [-Wunused-function]
 2442 | static long sys_fchdir_impl(long fd, long a2, long a3, long a4, long a5, long a6)
      |             ^~~~~~~~~~~~~~~
kernel/api/kapi_syscall.c:2435:13: warning: ‘sys_faccessat_impl’ 在此处定义 [-Wunused-function]
 2435 | static long sys_faccessat_impl(long dirfd, long pathname, long mode, long flags, long a5, long a6)
      |             ^~~~~~~~~~~~~~~~~~
kernel/api/kapi_syscall.c:2429:13: warning: ‘sys_fchmodat_impl’ 在此处定义 [-Wunused-function]
 2429 | static long sys_fchmodat_impl(long dirfd, long pathname, long mode, long flags, long a5, long a6)
      |             ^~~~~~~~~~~~~~~~~
kernel/api/kapi_syscall.c:2423:13: warning: ‘sys_readlinkat_impl’ 在此处定义 [-Wunused-function]
 2423 | static long sys_readlinkat_impl(long dirfd, long pathname, long buf, long bufsiz, long a5, long a6)
      |             ^~~~~~~~~~~~~~~~~~~
kernel/api/kapi_syscall.c:2417:13: warning: ‘sys_symlinkat_impl’ 在此处定义 [-Wunused-function]
 2417 | static long sys_symlinkat_impl(long target, long newdirfd, long linkpath, long a4, long a5, long a6)
      |             ^~~~~~~~~~~~~~~~~~
kernel/api/kapi_syscall.c:2411:13: warning: ‘sys_renameat_impl’ 在此处定义 [-Wunused-function]
 2411 | static long sys_renameat_impl(long olddirfd, long oldpath, long newdirfd, long newpath, long a5, long a6)
      |             ^~~~~~~~~~~~~~~~~
kernel/api/kapi_syscall.c:2405:13: warning: ‘sys_fchownat_impl’ 在此处定义 [-Wunused-function]
 2405 | static long sys_fchownat_impl(long dirfd, long pathname, long owner, long group, long flags, long a6)
      |             ^~~~~~~~~~~~~~~~~
kernel/api/kapi_syscall.c:2399:13: warning: ‘sys_mknodat_impl’ 在此处定义 [-Wunused-function]
 2399 | static long sys_mknodat_impl(long dirfd, long pathname, long mode, long dev, long a5, long a6)
      |             ^~~~~~~~~~~~~~~~
kernel/api/kapi_syscall.c:2393:13: warning: ‘sys_mkdirat_impl’ 在此处定义 [-Wunused-function]
 2393 | static long sys_mkdirat_impl(long dirfd, long pathname, long mode, long a4, long a5, long a6)
      |             ^~~~~~~~~~~~~~~~
kernel/api/kapi_syscall.c:2386:13: warning: ‘sys_vmsplice_impl’ 在此处定义 [-Wunused-function]
 2386 | static long sys_vmsplice_impl(long fd, long iov, long nr_segs, long flags, long a5, long a6)
      |             ^~~~~~~~~~~~~~~~~
kernel/api/kapi_syscall.c:2380:13: warning: ‘sys_tee_impl’ 在此处定义 [-Wunused-function]
 2380 | static long sys_tee_impl(long fd_in, long fd_out, long len, long flags, long a5, long a6)
      |             ^~~~~~~~~~~~
kernel/api/kapi_syscall.c:2361:13: warning: ‘sys_splice_impl’ 在此处定义 [-Wunused-function]
 2361 | static long sys_splice_impl(long fd_in, long off_in, long fd_out, long off_out, long len, long flags)
      |             ^~~~~~~~~~~~~~~
kernel/api/kapi_syscall.c:2354:13: warning: ‘sys_seccomp_impl’ 在此处定义 [-Wunused-function]
 2354 | static long sys_seccomp_impl(long operation, long flags, long args, long a4, long a5, long a6)
      |             ^~~~~~~~~~~~~~~~
kernel/api/kapi_syscall.c:2347:13: warning: ‘sys_bpf_impl’ 在此处定义 [-Wunused-function]
 2347 | static long sys_bpf_impl(long cmd, long attr, long size, long a4, long a5, long a6)
      |             ^~~~~~~~~~~~
kernel/api/kapi_syscall.c:2340:13: warning: ‘sys_memfd_create_impl’ 在此处定义 [-Wunused-function]
 2340 | static long sys_memfd_create_impl(long name, long flags, long a3, long a4, long a5, long a6)
      |             ^~~~~~~~~~~~~~~~~~~~~
kernel/api/kapi_syscall.c:2332:13: warning: ‘sys_fallocate_impl’ 在此处定义 [-Wunused-function]
 2332 | static long sys_fallocate_impl(long fd, long mode, long offset, long length, long a5, long a6)
      |             ^~~~~~~~~~~~~~~~~~
kernel/api/kapi_syscall.c:2325:13: warning: ‘sys_msgctl_impl’ 在此处定义 [-Wunused-function]
 2325 | static long sys_msgctl_impl(long msqid, long cmd, long buf, long a4, long a5, long a6)
      |             ^~~~~~~~~~~~~~~
kernel/api/kapi_syscall.c:2319:13: warning: ‘sys_msgrcv_impl’ 在此处定义 [-Wunused-function]
 2319 | static long sys_msgrcv_impl(long msqid, long msgp, long msgsz, long msgtyp, long msgflg, long a6)
      |             ^~~~~~~~~~~~~~~
kernel/api/kapi_syscall.c:2313:13: warning: ‘sys_msgsnd_impl’ 在此处定义 [-Wunused-function]
 2313 | static long sys_msgsnd_impl(long msqid, long msgp, long msgsz, long msgflg, long a5, long a6)
      |             ^~~~~~~~~~~~~~~
kernel/api/kapi_syscall.c:2307:13: warning: ‘sys_msgget_impl’ 在此处定义 [-Wunused-function]
 2307 | static long sys_msgget_impl(long key, long msgflg, long a3, long a4, long a5, long a6)
      |             ^~~~~~~~~~~~~~~
kernel/api/kapi_syscall.c:2300:13: warning: ‘sys_semctl_impl’ 在此处定义 [-Wunused-function]
 2300 | static long sys_semctl_impl(long semid, long semnum, long cmd, long arg, long a5, long a6)
      |             ^~~~~~~~~~~~~~~
kernel/api/kapi_syscall.c:2294:13: warning: ‘sys_semop_impl’ 在此处定义 [-Wunused-function]
 2294 | static long sys_semop_impl(long semid, long sops, long nsops, long a4, long a5, long a6)
      |             ^~~~~~~~~~~~~~
kernel/api/kapi_syscall.c:2288:13: warning: ‘sys_semget_impl’ 在此处定义 [-Wunused-function]
 2288 | static long sys_semget_impl(long key, long nsems, long semflg, long a4, long a5, long a6)
      |             ^~~~~~~~~~~~~~~
kernel/api/kapi_syscall.c:2281:13: warning: ‘sys_shmdt_impl’ 在此处定义 [-Wunused-function]
 2281 | static long sys_shmdt_impl(long shmaddr, long a2, long a3, long a4, long a5, long a6)
      |             ^~~~~~~~~~~~~~
kernel/api/kapi_syscall.c:2275:13: warning: ‘sys_shmctl_impl’ 在此处定义 [-Wunused-function]
 2275 | static long sys_shmctl_impl(long shmid, long cmd, long buf, long a4, long a5, long a6)
      |             ^~~~~~~~~~~~~~~
kernel/api/kapi_syscall.c:2269:13: warning: ‘sys_shmat_impl’ 在此处定义 [-Wunused-function]
 2269 | static long sys_shmat_impl(long shmid, long shmaddr, long shmflg, long a4, long a5, long a6)
      |             ^~~~~~~~~~~~~~
kernel/api/kapi_syscall.c:2263:13: warning: ‘sys_shmget_impl’ 在此处定义 [-Wunused-function]
 2263 | static long sys_shmget_impl(long key, long size, long shmflg, long a4, long a5, long a6)
      |             ^~~~~~~~~~~~~~~
kernel/api/kapi_syscall.c:2256:13: warning: ‘sys_syslog_impl’ 在此处定义 [-Wunused-function]
 2256 | static long sys_syslog_impl(long type, long buf, long len, long a4, long a5, long a6)
      |             ^~~~~~~~~~~~~~~
kernel/api/kapi_syscall.c:2247:13: warning: ‘sys_pivot_root_impl’ 在此处定义 [-Wunused-function]
 2247 | static long sys_pivot_root_impl(long new_root, long put_old, long a3, long a4, long a5, long a6)
      |             ^~~~~~~~~~~~~~~~~~~
kernel/api/kapi_syscall.c:2238:13: warning: ‘sys_ioperm_impl’ 在此处定义 [-Wunused-function]
 2238 | static long sys_ioperm_impl(long from, long num, long on, long a4, long a5, long a6)
      |             ^~~~~~~~~~~~~~~
kernel/api/kapi_syscall.c:2230:13: warning: ‘sys_iopl_impl’ 在此处定义 [-Wunused-function]
 2230 | static long sys_iopl_impl(long level, long a2, long a3, long a4, long a5, long a6)
      |             ^~~~~~~~~~~~~
kernel/api/kapi_syscall.c:2221:13: warning: ‘sys_swapoff_impl’ 在此处定义 [-Wunused-function]
 2221 | static long sys_swapoff_impl(long specialfile, long swapflags, long a3, long a4, long a5, long a6)
      |             ^~~~~~~~~~~~~~~~
kernel/api/kapi_syscall.c:2213:13: warning: ‘sys_swapon_impl’ 在此处定义 [-Wunused-function]
 2213 | static long sys_swapon_impl(long specialfile, long swapflags, long a3, long a4, long a5, long a6)
      |             ^~~~~~~~~~~~~~~
kernel/api/kapi_syscall.c:2204:13: warning: ‘sys_reboot_impl’ 在此处定义 [-Wunused-function]
 2204 | static long sys_reboot_impl(long magic1, long magic2, long cmd, long arg, long a5, long a6)
      |             ^~~~~~~~~~~~~~~
kernel/api/kapi_syscall.c:2195:13: warning: ‘sys_settimeofday_impl’ 在此处定义 [-Wunused-function]
 2195 | static long sys_settimeofday_impl(long tv, long tz, long a3, long a4, long a5, long a6)
      |             ^~~~~~~~~~~~~~~~~~~~~
kernel/api/kapi_syscall.c:2185:13: warning: ‘sys_fstatfs_impl’ 在此处定义 [-Wunused-function]
 2185 | static long sys_fstatfs_impl(long fd, long buf, long a3, long a4, long a5, long a6)
      |             ^~~~~~~~~~~~~~~~
kernel/api/kapi_syscall.c:2177:13: warning: ‘sys_statfs_impl’ 在此处定义 [-Wunused-function]
 2177 | static long sys_statfs_impl(long pathname, long buf, long a3, long a4, long a5, long a6)
      |             ^~~~~~~~~~~~~~~
kernel/api/kapi_syscall.c:2170:13: warning: ‘sys_personality_impl’ 在此处定义 [-Wunused-function]
 2170 | static long sys_personality_impl(long persona, long a2, long a3, long a4, long a5, long a6)
      |             ^~~~~~~~~~~~~~~~~~~~
kernel/api/kapi_syscall.c:2160:13: warning: ‘sys_sched_getaffinity_impl’ 在此处定义 [-Wunused-function]
 2160 | static long sys_sched_getaffinity_impl(long pid, long len, long mask, long a4, long a5, long a6)
      |             ^~~~~~~~~~~~~~~~~~~~~~~~~~
kernel/api/kapi_syscall.c:2154:13: warning: ‘sys_sched_setaffinity_impl’ 在此处定义 [-Wunused-function]
 2154 | static long sys_sched_setaffinity_impl(long pid, long len, long mask, long a4, long a5, long a6)
      |             ^~~~~~~~~~~~~~~~~~~~~~~~~~
kernel/api/kapi_syscall.c:2143:13: warning: ‘sys_sched_rr_get_interval_impl’ 在此处定义 [-Wunused-function]
 2143 | static long sys_sched_rr_get_interval_impl(long pid, long interval, long a3, long a4, long a5, long a6)
      |             ^~~~~~~~~~~~~~~~~~~~~~~~~~~~~~
kernel/api/kapi_syscall.c:2137:13: warning: ‘sys_sched_get_priority_min_impl’ 在此处定义 [-Wunused-function]
 2137 | static long sys_sched_get_priority_min_impl(long policy, long a2, long a3, long a4, long a5, long a6)
      |             ^~~~~~~~~~~~~~~~~~~~~~~~~~~~~~~
kernel/api/kapi_syscall.c:2131:13: warning: ‘sys_sched_get_priority_max_impl’ 在此处定义 [-Wunused-function]
 2131 | static long sys_sched_get_priority_max_impl(long policy, long a2, long a3, long a4, long a5, long a6)
      |             ^~~~~~~~~~~~~~~~~~~~~~~~~~~~~~~
kernel/api/kapi_syscall.c:2125:13: warning: ‘sys_sched_getscheduler_impl’ 在此处定义 [-Wunused-function]
 2125 | static long sys_sched_getscheduler_impl(long pid, long a2, long a3, long a4, long a5, long a6)
      |             ^~~~~~~~~~~~~~~~~~~~~~~~~~~
kernel/api/kapi_syscall.c:2119:13: warning: ‘sys_sched_setscheduler_impl’ 在此处定义 [-Wunused-function]
 2119 | static long sys_sched_setscheduler_impl(long pid, long policy, long param, long a4, long a5, long a6)
      |             ^~~~~~~~~~~~~~~~~~~~~~~~~~~
kernel/api/kapi_syscall.c:2111:13: warning: ‘sys_sched_getparam_impl’ 在此处定义 [-Wunused-function]
 2111 | static long sys_sched_getparam_impl(long pid, long param, long a3, long a4, long a5, long a6)
      |             ^~~~~~~~~~~~~~~~~~~~~~~
kernel/api/kapi_syscall.c:2105:13: warning: ‘sys_sched_setparam_impl’ 在此处定义 [-Wunused-function]
 2105 | static long sys_sched_setparam_impl(long pid, long param, long a3, long a4, long a5, long a6)
      |             ^~~~~~~~~~~~~~~~~~~~~~~
kernel/api/kapi_syscall.c:2098:13: warning: ‘sys_sigaltstack_impl’ 在此处定义 [-Wunused-function]
 2098 | static long sys_sigaltstack_impl(long ss, long oss, long a3, long a4, long a5, long a6)
      |             ^~~~~~~~~~~~~~~~~~~~
kernel/api/kapi_syscall.c:2090:13: warning: ‘sys_rt_sigsuspend_impl’ 在此处定义 [-Wunused-function]
 2090 | static long sys_rt_sigsuspend_impl(long mask, long sigsetsize, long a3, long a4, long a5, long a6)
      |             ^~~~~~~~~~~~~~~~~~~~~~
kernel/api/kapi_syscall.c:2084:13: warning: ‘sys_rt_sigqueueinfo_impl’ 在此处定义 [-Wunused-function]
 2084 | static long sys_rt_sigqueueinfo_impl(long pid, long sig, long info, long a4, long a5, long a6)
      |             ^~~~~~~~~~~~~~~~~~~~~~~~
kernel/api/kapi_syscall.c:2078:13: warning: ‘sys_rt_sigtimedwait_impl’ 在此处定义 [-Wunused-function]
 2078 | static long sys_rt_sigtimedwait_impl(long set, long info, long timeout, long sigsetsize, long a5, long a6)
      |             ^~~~~~~~~~~~~~~~~~~~~~~~
kernel/api/kapi_syscall.c:2070:13: warning: ‘sys_rt_sigpending_impl’ 在此处定义 [-Wunused-function]
 2070 | static long sys_rt_sigpending_impl(long set, long sigsetsize, long a3, long a4, long a5, long a6)
      |             ^~~~~~~~~~~~~~~~~~~~~~
kernel/api/kapi_syscall.c:2061:13: warning: ‘sys_capset_impl’ 在此处定义 [-Wunused-function]
 2061 | static long sys_capset_impl(long header, long data, long a3, long a4, long a5, long a6)
      |             ^~~~~~~~~~~~~~~
kernel/api/kapi_syscall.c:2055:13: warning: ‘sys_capget_impl’ 在此处定义 [-Wunused-function]
 2055 | static long sys_capget_impl(long header, long dataptr, long a3, long a4, long a5, long a6)
      |             ^~~~~~~~~~~~~~~
kernel/api/kapi_syscall.c:2045:13: warning: ‘sys_setfsgid_impl’ 在此处定义 [-Wunused-function]
 2045 | static long sys_setfsgid_impl(long gid, long a2, long a3, long a4, long a5, long a6)
      |             ^~~~~~~~~~~~~~~~~
kernel/api/kapi_syscall.c:2036:13: warning: ‘sys_setfsuid_impl’ 在此处定义 [-Wunused-function]
 2036 | static long sys_setfsuid_impl(long uid, long a2, long a3, long a4, long a5, long a6)
      |             ^~~~~~~~~~~~~~~~~
kernel/api/kapi_syscall.c:2025:13: warning: ‘sys_getresgid_impl’ 在此处定义 [-Wunused-function]
 2025 | static long sys_getresgid_impl(long rgid, long egid, long sgid, long a4, long a5, long a6)
      |             ^~~~~~~~~~~~~~~~~~
kernel/api/kapi_syscall.c:2016:13: warning: ‘sys_setresgid_impl’ 在此处定义 [-Wunused-function]
 2016 | static long sys_setresgid_impl(long rgid, long egid, long sgid, long a4, long a5, long a6)
      |             ^~~~~~~~~~~~~~~~~~
kernel/api/kapi_syscall.c:2006:13: warning: ‘sys_getresuid_impl’ 在此处定义 [-Wunused-function]
 2006 | static long sys_getresuid_impl(long ruid, long euid, long suid, long a4, long a5, long a6)
      |             ^~~~~~~~~~~~~~~~~~
kernel/api/kapi_syscall.c:1997:13: warning: ‘sys_setresuid_impl’ 在此处定义 [-Wunused-function]
 1997 | static long sys_setresuid_impl(long ruid, long euid, long suid, long a4, long a5, long a6)
      |             ^~~~~~~~~~~~~~~~~~
kernel/api/kapi_syscall.c:1988:13: warning: ‘sys_setgroups_impl’ 在此处定义 [-Wunused-function]
 1988 | static long sys_setgroups_impl(long size, long list, long a3, long a4, long a5, long a6)
      |             ^~~~~~~~~~~~~~~~~~
kernel/api/kapi_syscall.c:1982:13: warning: ‘sys_getgroups_impl’ 在此处定义 [-Wunused-function]
 1982 | static long sys_getgroups_impl(long size, long list, long a3, long a4, long a5, long a6)
      |             ^~~~~~~~~~~~~~~~~~
kernel/api/kapi_syscall.c:1975:13: warning: ‘sys_lstat_impl’ 在此处定义 [-Wunused-function]
 1975 | static long sys_lstat_impl(long pathname, long statbuf, long a3, long a4, long a5, long a6)
      |             ^~~~~~~~~~~~~~
kernel/api/kapi_syscall.c:1950:13: warning: ‘sys_umount2_impl’ 在此处定义 [-Wunused-function]
 1950 | static long sys_umount2_impl(long name, long flags, long a3, long a4, long a5, long a6)
      |             ^~~~~~~~~~~~~~~~
kernel/api/kapi_syscall.c:1941:13: warning: ‘sys_mount_impl’ 在此处定义 [-Wunused-function]
 1941 | static long sys_mount_impl(long dev_name, long dir_name, long type, long flags, long data, long a6)
      |             ^~~~~~~~~~~~~~
kernel/api/kapi_syscall.c:1933:13: warning: ‘sys_setrlimit_impl’ 在此处定义 [-Wunused-function]
 1933 | static long sys_setrlimit_impl(long resource, long rlim, long a3, long a4, long a5, long a6)
      |             ^~~~~~~~~~~~~~~~~~
kernel/api/kapi_syscall.c:1916:13: warning: ‘sys_waitid_impl’ 在此处定义 [-Wunused-function]
 1916 | static long sys_waitid_impl(long idtype, long id, long infop, long options, long a5, long a6)
      |             ^~~~~~~~~~~~~~~
kernel/api/kapi_syscall.c:1889:13: warning: ‘sys_accept4_impl’ 在此处定义 [-Wunused-function]
 1889 | static long sys_accept4_impl(long sockfd, long addr, long addrlen, long flags, long a5, long a6)
      |             ^~~~~~~~~~~~~~~~
kernel/api/kapi_syscall.c:1882:13: warning: ‘sys_dup3_impl’ 在此处定义 [-Wunused-function]
 1882 | static long sys_dup3_impl(long oldfd, long newfd, long flags, long a4, long a5, long a6)
      |             ^~~~~~~~~~~~~
kernel/api/kapi_syscall.c:1875:13: warning: ‘sys_pipe2_impl’ 在此处定义 [-Wunused-function]
 1875 | static long sys_pipe2_impl(long pipefd, long flags, long a3, long a4, long a5, long a6)
      |             ^~~~~~~~~~~~~~
kernel/api/kapi_syscall.c:1853:13: warning: ‘sys_writev_impl’ 在此处定义 [-Wunused-function]
 1853 | static long sys_writev_impl(long fd, long iov, long iovcnt, long a4, long a5, long a6)
      |             ^~~~~~~~~~~~~~~
kernel/api/kapi_syscall.c:1832:13: warning: ‘sys_readv_impl’ 在此处定义 [-Wunused-function]
 1832 | static long sys_readv_impl(long fd, long iov, long iovcnt, long a4, long a5, long a6)
      |             ^~~~~~~~~~~~~~
kernel/api/kapi_syscall.c:1824:13: warning: ‘sys_inotify_rm_watch_impl’ 在此处定义 [-Wunused-function]
 1824 | static long sys_inotify_rm_watch_impl(long fd, long wd, long a3, long a4, long a5, long a6)
      |             ^~~~~~~~~~~~~~~~~~~~~~~~~
kernel/api/kapi_syscall.c:1816:13: warning: ‘sys_inotify_add_watch_impl’ 在此处定义 [-Wunused-function]
 1816 | static long sys_inotify_add_watch_impl(long fd, long pathname, long mask, long a4, long a5, long a6)
      |             ^~~~~~~~~~~~~~~~~~~~~~~~~~
kernel/api/kapi_syscall.c:1809:13: warning: ‘sys_inotify_init1_impl’ 在此处定义 [-Wunused-function]
 1809 | static long sys_inotify_init1_impl(long flags, long a2, long a3, long a4, long a5, long a6)
      |             ^~~~~~~~~~~~~~~~~~~~~~
kernel/api/kapi_syscall.c:1802:13: warning: ‘sys_inotify_init_impl’ 在此处定义 [-Wunused-function]
 1802 | static long sys_inotify_init_impl(long a1, long a2, long a3, long a4, long a5, long a6)
      |             ^~~~~~~~~~~~~~~~~~~~~
kernel/api/kapi_syscall.c:1794:13: warning: ‘sys_eventfd_impl’ 在此处定义 [-Wunused-function]
 1794 | static long sys_eventfd_impl(long initval, long a2, long a3, long a4, long a5, long a6)
      |             ^~~~~~~~~~~~~~~~
kernel/api/kapi_syscall.c:1787:13: warning: ‘sys_eventfd2_impl’ 在此处定义 [-Wunused-function]
 1787 | static long sys_eventfd2_impl(long initval, long flags, long a3, long a4, long a5, long a6)
      |             ^~~~~~~~~~~~~~~~~
kernel/api/kapi_syscall.c:1778:13: warning: ‘sys_timerfd_gettime_impl’ 在此处定义 [-Wunused-function]
 1778 | static long sys_timerfd_gettime_impl(long fd, long curr_value, long a3, long a4, long a5, long a6)
      |             ^~~~~~~~~~~~~~~~~~~~~~~~
kernel/api/kapi_syscall.c:1768:13: warning: ‘sys_timerfd_settime_impl’ 在此处定义 [-Wunused-function]
 1768 | static long sys_timerfd_settime_impl(long fd, long flags, long new_value, long old_value, long a5, long a6)
      |             ^~~~~~~~~~~~~~~~~~~~~~~~
kernel/api/kapi_syscall.c:1761:13: warning: ‘sys_timerfd_create_impl’ 在此处定义 [-Wunused-function]
 1761 | static long sys_timerfd_create_impl(long clockid, long flags, long a3, long a4, long a5, long a6)
      |             ^~~~~~~~~~~~~~~~~~~~~~~
kernel/api/kapi_syscall.c:1752:13: warning: ‘sys_signalfd_impl’ 在此处定义 [-Wunused-function]
 1752 | static long sys_signalfd_impl(long fd, long mask, long masksize, long a4, long a5, long a6)
      |             ^~~~~~~~~~~~~~~~~
kernel/api/kapi_syscall.c:1744:13: warning: ‘sys_signalfd4_impl’ 在此处定义 [-Wunused-function]
 1744 | static long sys_signalfd4_impl(long fd, long mask, long masksize, long flags, long a5, long a6)
      |             ^~~~~~~~~~~~~~~~~~
kernel/api/kapi_syscall.c:1736:13: warning: ‘sys_pselect6_impl’ 在此处定义 [-Wunused-function]
 1736 | static long sys_pselect6_impl(long nfds, long readfds, long writefds, long exceptfds, long timeout, long sigmask)
      |             ^~~~~~~~~~~~~~~~~
kernel/api/kapi_syscall.c:1728:13: warning: ‘sys_ppoll_impl’ 在此处定义 [-Wunused-function]
 1728 | static long sys_ppoll_impl(long fds, long nfds, long timeout, long sigmask, long a5, long a6)
      |             ^~~~~~~~~~~~~~
kernel/api/kapi_syscall.c:1720:13: warning: ‘sys_select_impl’ 在此处定义 [-Wunused-function]
 1720 | static long sys_select_impl(long nfds, long readfds, long writefds, long exceptfds, long timeout, long a6)
      |             ^~~~~~~~~~~~~~~
kernel/api/kapi_syscall.c:1712:13: warning: ‘sys_poll_impl’ 在此处定义 [-Wunused-function]
 1712 | static long sys_poll_impl(long fds, long nfds, long timeout, long a4, long a5, long a6)
      |             ^~~~~~~~~~~~~
kernel/api/kapi_syscall.c:1702:13: warning: ‘sys_epoll_pwait_impl’ 在此处定义 [-Wunused-function]
 1702 | static long sys_epoll_pwait_impl(long epfd, long events, long maxevents, long timeout, long sigmask, long a6)
      |             ^~~~~~~~~~~~~~~~~~~~
kernel/api/kapi_syscall.c:1694:13: warning: ‘sys_epoll_wait_impl’ 在此处定义 [-Wunused-function]
 1694 | static long sys_epoll_wait_impl(long epfd, long events, long maxevents, long timeout, long a5, long a6)
      |             ^~~~~~~~~~~~~~~~~~~
kernel/api/kapi_syscall.c:1686:13: warning: ‘sys_epoll_ctl_impl’ 在此处定义 [-Wunused-function]
 1686 | static long sys_epoll_ctl_impl(long epfd, long op, long fd, long event, long a5, long a6)
      |             ^~~~~~~~~~~~~~~~~~
kernel/api/kapi_syscall.c:1679:13: warning: ‘sys_epoll_create1_impl’ 在此处定义 [-Wunused-function]
 1679 | static long sys_epoll_create1_impl(long flags, long a2, long a3, long a4, long a5, long a6)
      |             ^~~~~~~~~~~~~~~~~~~~~~
kernel/api/kapi_syscall.c:1672:13: warning: ‘sys_epoll_create_impl’ 在此处定义 [-Wunused-function]
 1672 | static long sys_epoll_create_impl(long size, long a2, long a3, long a4, long a5, long a6)
      |             ^~~~~~~~~~~~~~~~~~~~~
kernel/api/kapi_syscall.c:1436:13: warning: ‘sys_getsid_impl’ 在此处定义 [-Wunused-function]
 1436 | static long sys_getsid_impl(long pid, long a2, long a3, long a4, long a5, long a6)
      |             ^~~~~~~~~~~~~~~
kernel/api/kapi_syscall.c:1409:13: warning: ‘sys_setpgid_impl’ 在此处定义 [-Wunused-function]
 1409 | static long sys_setpgid_impl(long pid, long pgid, long a3, long a4, long a5, long a6)
      |             ^~~~~~~~~~~~~~~~
kernel/api/kapi_syscall.c:1344:13: warning: ‘sys_prctl_impl’ 在此处定义 [-Wunused-function]
 1344 | static long sys_prctl_impl(long option, long arg2, long arg3, long arg4, long a5, long a6)
      |             ^~~~~~~~~~~~~~
kernel/api/kapi_syscall.c:1110:13: warning: ‘sys_clock_gettime_impl’ 在此处定义 [-Wunused-function]
 1110 | static long sys_clock_gettime_impl(long clk_id, long tp, long a3, long a4, long a5, long a6)
      |             ^~~~~~~~~~~~~~~~~~~~~~
kernel/api/kapi_syscall.c:956:13: warning: ‘sys_sysinfo_impl’ 在此处定义 [-Wunused-function]
  956 | static long sys_sysinfo_impl(long info, long a2, long a3, long a4, long a5, long a6)
      |             ^~~~~~~~~~~~~~~~
kernel/api/kapi_syscall.c:936:13: warning: ‘sys_getrlimit_impl’ 在此处定义 [-Wunused-function]
  936 | static long sys_getrlimit_impl(long resource, long rlim, long a3, long a4, long a5, long a6)
      |             ^~~~~~~~~~~~~~~~~~
kernel/api/kapi_syscall.c:765:13: warning: ‘sys_uname_impl’ 在此处定义 [-Wunused-function]
  765 | static long sys_uname_impl(long buf, long a2, long a3, long a4, long a5, long a6)
      |             ^~~~~~~~~~~~~~
kernel/api/kapi_syscall.c:177:13: warning: ‘sys_nosys’ 在此处定义 [-Wunused-function]
  177 | static long sys_nosys(long a1, long a2, long a3, long a4, long a5, long a6)
      |             ^~~~~~~~~
<2> Building kernel/api/kapi_socket.c
kernel/api/kapi_sort.c: 在函数‘kapi_list_sort’中:
kernel/api/kapi_sort.c:116:27: warning: 未使用的参数‘priv’ [-Wunused-parameter]
  116 | void kapi_list_sort(void* priv, void* head, int (*cmp)(void* priv, void* a, void* b))
      |                     ~~~~~~^~~~
kernel/api/kapi_string.c: 在函数‘kapi_vsnprintf’中:
kernel/api/kapi_string.c:78:35: warning: conversion from ‘int’ to ‘char’ may change value [-Wconversion]
   78 |                     buffer[i++] = '0' + (n % 10);
      |                                   ^~~
FAILED TASK run all: 
