-- Start building task run all -- (970546849)
-- Start building task all -- (0)
-- Start building task kernel -- (1)
-- Enter folder kernel/gui/src --
<2> Building kernel/gui/src/kanvas_desktop.c
<3> Building kernel/gui/src/kanvas_animator.c
<0> Building kernel/gui/src/icon_data.c
<1> Building kernel/gui/src/icon.c
In file included from kernel/gui/include/kanvas_desktop.h:4,
In file included from kernel/gui/include/kanvas_animator.h:4,
                 from kernel/gui/src/kanvas_desktop.c:1:
include/kapi_kanvasui.h:155:29: warning: ‘struct kui_button’ declared inside parameter list will not be visible outside of this definition or declaration
  155 |     void (*on_click)(struct kui_button*);
      |                             ^~~~~~~~~~
include/kapi_kanvasui.h:179:36: warning: ‘struct kui_textbox’ declared inside parameter list will not be visible outside of this definition or declaration
  179 |     void (*on_text_changed)(struct kui_textbox*);
      |                                    ^~~~~~~~~~~
include/kapi_kanvasui.h:180:37: warning: ‘struct kui_textbox’ declared inside parameter list will not be visible outside of this definition or declaration
  180 |     void (*on_enter_pressed)(struct kui_textbox*);
      |                                     ^~~~~~~~~~~
include/kapi_kanvasui.h:205:37: warning: ‘struct kui_slider’ declared inside parameter list will not be visible outside of this definition or declaration
  205 |     void (*on_value_changed)(struct kui_slider*, int);
      |                                     ^~~~~~~~~~
include/kapi_kanvasui.h:214:37: warning: ‘struct kui_checkbox’ declared inside parameter list will not be visible outside of this definition or declaration
  214 |     void (*on_state_changed)(struct kui_checkbox*, bool);
      |                                     ^~~~~~~~~~~~
include/kapi_kanvasui.h:238:41: warning: ‘struct kui_listbox’ declared inside parameter list will not be visible outside of this definition or declaration
  238 |     void (*on_selection_changed)(struct kui_listbox*, int);
      |                                         ^~~~~~~~~~~
include/kapi_kanvasui.h:239:41: warning: ‘struct kui_listbox’ declared inside parameter list will not be visible outside of this definition or declaration
  239 |     void (*on_item_double_click)(struct kui_listbox*, int);
      |                                         ^~~~~~~~~~~
include/kapi_kanvasui.h:308:29: warning: ‘struct kui_toolbar_btn’ declared inside parameter list will not be visible outside of this definition or declaration
  308 |     void (*on_click)(struct kui_toolbar_btn*);
      |                             ^~~~~~~~~~~~~~~
include/kapi_kanvasui.h:342:35: warning: ‘struct kui_tabcontrol’ declared inside parameter list will not be visible outside of this definition or declaration
  342 |     void (*on_tab_changed)(struct kui_tabcontrol*, int);
      |                                   ^~~~~~~~~~~~~~
include/kapi_kanvasui.h:366:37: warning: ‘struct kui_treeview’ declared inside parameter list will not be visible outside of this definition or declaration
  366 |     void (*on_node_selected)(struct kui_treeview*, kui_treeview_node_t*);
      |                                     ^~~~~~~~~~~~
include/kapi_kanvasui.h:379:38: warning: ‘struct kui_splitter’ declared inside parameter list will not be visible outside of this definition or declaration
                 from kernel/gui/src/kanvas_animator.c:1:
  379 |     void (*on_splitter_moved)(struct kui_splitter*, int);
      |                                      ^~~~~~~~~~~~
include/kapi_kanvasui.h:155:29: warning: ‘struct kui_button’ declared inside parameter list will not be visible outside of this definition or declaration
  155 |     void (*on_click)(struct kui_button*);
      |                             ^~~~~~~~~~
include/kapi_kanvasui.h:179:36: warning: ‘struct kui_textbox’ declared inside parameter list will not be visible outside of this definition or declaration
  179 |     void (*on_text_changed)(struct kui_textbox*);
kernel/gui/src/icon.c: 在函数‘draw_settings’中:
      |                                    ^~~~~~~~~~~
include/kapi_kanvasui.h:180:37: warning: ‘struct kui_textbox’ declared inside parameter list will not be visible outside of this definition or declaration
kernel/gui/src/icon.c:102:23: warning: conversion from ‘int32_t’ {或称 ‘int’} to ‘float’ may change value [-Wconversion]
  102 |         float ang = a * 3.14159265f / 180.0f;
      |                       ^
kernel/gui/src/icon.c:103:45: warning: conversion from ‘int’ to ‘float’ may change value [-Wconversion]
  180 |     void (*on_enter_pressed)(struct kui_textbox*);
      |                                     ^~~~~~~~~~~
  103 |         int32_t tx = (int32_t)(cx + (r + 2) * cos_approx(ang));
include/kapi_kanvasui.h:205:37: warning: ‘struct kui_slider’ declared inside parameter list will not be visible outside of this definition or declaration
  205 |     void (*on_value_changed)(struct kui_slider*, int);
      |                                     ^~~~~~~~~~
      |                                             ^
kernel/gui/src/icon.c:103:35: warning: conversion from ‘uint32_t’ {或称 ‘unsigned int’} to ‘float’ may change value [-Wconversion]
  103 |         int32_t tx = (int32_t)(cx + (r + 2) * cos_approx(ang));
      |                                   ^
kernel/gui/src/icon.c:104:45: warning: conversion from ‘int’ to ‘float’ may change value [-Wconversion]
  104 |         int32_t ty = (int32_t)(cy + (r + 2) * sin_approx(ang));
      |                                             ^
kernel/gui/src/icon.c:104:35: warning: conversion from ‘uint32_t’ {或称 ‘unsigned int’} to ‘float’ may change value [-Wconversion]
include/kapi_kanvasui.h:214:37: warning: ‘struct kui_checkbox’ declared inside parameter list will not be visible outside of this definition or declaration
  214 |     void (*on_state_changed)(struct kui_checkbox*, bool);
      |                                     ^~~~~~~~~~~~
include/kapi_kanvasui.h:238:41: warning: ‘struct kui_listbox’ declared inside parameter list will not be visible outside of this definition or declaration
  104 |         int32_t ty = (int32_t)(cy + (r + 2) * sin_approx(ang));
  238 |     void (*on_selection_changed)(struct kui_listbox*, int);
      |                                   ^
      |                                         ^~~~~~~~~~~
kernel/gui/src/icon.c: 在函数‘draw_user’中:
kernel/gui/src/icon.c:129:14: warning: 未使用的变量‘bx’ [-Wunused-variable]
  129 |     uint32_t bx = cx - bw / 2;
      |              ^~
include/kapi_kanvasui.h:239:41: warning: ‘struct kui_listbox’ declared inside parameter list will not be visible outside of this definition or declaration
  239 |     void (*on_item_double_click)(struct kui_listbox*, int);
      |                                         ^~~~~~~~~~~
include/kapi_kanvasui.h:308:29: warning: ‘struct kui_toolbar_btn’ declared inside parameter list will not be visible outside of this definition or declaration
  308 |     void (*on_click)(struct kui_toolbar_btn*);
      |                             ^~~~~~~~~~~~~~~
include/kapi_kanvasui.h:342:35: warning: ‘struct kui_tabcontrol’ declared inside parameter list will not be visible outside of this definition or declaration
  342 |     void (*on_tab_changed)(struct kui_tabcontrol*, int);
kernel/gui/src/icon.c: 在函数‘draw_refresh’中:
      |                                   ^~~~~~~~~~~~~~
include/kapi_kanvasui.h:366:37: warning: ‘struct kui_treeview’ declared inside parameter list will not be visible outside of this definition or declaration
kernel/gui/src/icon.c:156:24: warning: conversion from ‘int32_t’ {或称 ‘int’} to ‘float’ may change value [-Wconversion]
  156 |         float ang1 = a * 3.14159265f / 180.0f;
      |                        ^
kernel/gui/src/icon.c:157:30: warning: conversion from ‘int’ to ‘float’ may change value [-Wconversion]
  157 |         float ang2 = (a + 5) * 3.14159265f / 180.0f;
      |                              ^
kernel/gui/src/icon.c:158:35: warning: conversion from ‘int32_t’ {或称 ‘int’} to ‘float’ may change value [-Wconversion]
  158 |         line_abs((int32_t)(cx + r * cos_approx(ang1)), (int32_t)(cy + r * sin_approx(ang1)),
      |                                   ^
kernel/gui/src/icon.c:158:31: warning: conversion from ‘uint32_t’ {或称 ‘unsigned int’} to ‘float’ may change value [-Wconversion]
  158 |         line_abs((int32_t)(cx + r * cos_approx(ang1)), (int32_t)(cy + r * sin_approx(ang1)),
      |                               ^
kernel/gui/src/icon.c:158:73: warning: conversion from ‘int32_t’ {或称 ‘int’} to ‘float’ may change value [-Wconversion]
  158 |         line_abs((int32_t)(cx + r * cos_approx(ang1)), (int32_t)(cy + r * sin_approx(ang1)),
      |                                                                         ^
kernel/gui/src/icon.c:158:69: warning: conversion from ‘uint32_t’ {或称 ‘unsigned int’} to ‘float’ may change value [-Wconversion]
  158 |         line_abs((int32_t)(cx + r * cos_approx(ang1)), (int32_t)(cy + r * sin_approx(ang1)),
      |                                                                     ^
  366 |     void (*on_node_selected)(struct kui_treeview*, kui_treeview_node_t*);
kernel/gui/src/icon.c:159:35: warning: conversion from ‘int32_t’ {或称 ‘int’} to ‘float’ may change value [-Wconversion]
  159 |                  (int32_t)(cx + r * cos_approx(ang2)), (int32_t)(cy + r * sin_approx(ang2)), C_WIN_GREEN);
      |                                   ^
kernel/gui/src/icon.c:159:31: warning: conversion from ‘uint32_t’ {或称 ‘unsigned int’} to ‘float’ may change value [-Wconversion]
  159 |                  (int32_t)(cx + r * cos_approx(ang2)), (int32_t)(cy + r * sin_approx(ang2)), C_WIN_GREEN);
      |                               ^
kernel/gui/src/icon.c:159:73: warning: conversion from ‘int32_t’ {或称 ‘int’} to ‘float’ may change value [-Wconversion]
  159 |                  (int32_t)(cx + r * cos_approx(ang2)), (int32_t)(cy + r * sin_approx(ang2)), C_WIN_GREEN);
      |                                                                         ^
kernel/gui/src/icon.c:159:69: warning: conversion from ‘uint32_t’ {或称 ‘unsigned int’} to ‘float’ may change value [-Wconversion]
  159 |                  (int32_t)(cx + r * cos_approx(ang2)), (int32_t)(cy + r * sin_approx(ang2)), C_WIN_GREEN);
      |                                                                     ^
kernel/gui/src/icon.c:161:35: warning: conversion from ‘int32_t’ {或称 ‘int’} to ‘float’ may change value [-Wconversion]
  161 |     int32_t ax = (int32_t)(cx + r * cos_approx(45 * 3.14159265f / 180.0f));
      |                                   ^
kernel/gui/src/icon.c:161:31: warning: conversion from ‘uint32_t’ {或称 ‘unsigned int’} to ‘float’ may change value [-Wconversion]
  161 |     int32_t ax = (int32_t)(cx + r * cos_approx(45 * 3.14159265f / 180.0f));
      |                                     ^~~~~~~~~~~~
include/kapi_kanvasui.h:379:38: warning: ‘struct kui_splitter’ declared inside parameter list will not be visible outside of this definition or declaration
  379 |     void (*on_splitter_moved)(struct kui_splitter*, int);
      |                               ^
      |                                      ^~~~~~~~~~~~
kernel/gui/src/icon.c:162:35: warning: conversion from ‘int32_t’ {或称 ‘int’} to ‘float’ may change value [-Wconversion]
  162 |     int32_t ay = (int32_t)(cy + r * sin_approx(45 * 3.14159265f / 180.0f));
      |                                   ^
kernel/gui/src/icon.c:162:31: warning: conversion from ‘uint32_t’ {或称 ‘unsigned int’} to ‘float’ may change value [-Wconversion]
  162 |     int32_t ay = (int32_t)(cy + r * sin_approx(45 * 3.14159265f / 180.0f));
      |                               ^
kernel/gui/src/icon.c: 在函数‘draw_check’中:
kernel/gui/src/icon.c:204:41: warning: ‘uint32_t’ {或称 ‘unsigned int’}转换自‘int’时可能会改变结果的符号 [-Wsign-conversion]
  204 |     line_abs((int32_t)x + 2, (int32_t)y + s / 2, (int32_t)x + s / 3, (int32_t)y + s * 2 / 3, C_WIN_GREEN);
      |                                         ^
kernel/gui/src/icon.c:204:61: warning: ‘uint32_t’ {或称 ‘unsigned int’}转换自‘int’时可能会改变结果的符号 [-Wsign-conversion]
  204 |     line_abs((int32_t)x + 2, (int32_t)y + s / 2, (int32_t)x + s / 3, (int32_t)y + s * 2 / 3, C_WIN_GREEN);
      |                                                             ^
kernel/gui/src/icon.c:204:81: warning: ‘uint32_t’ {或称 ‘unsigned int’}转换自‘int’时可能会改变结果的符号 [-Wsign-conversion]
  204 |     line_abs((int32_t)x + 2, (int32_t)y + s / 2, (int32_t)x + s / 3, (int32_t)y + s * 2 / 3, C_WIN_GREEN);
      |                                                                                 ^
kernel/gui/src/icon.c:204:41: warning: ‘int32_t’ {或称 ‘int’}转换自‘uint32_t’ {或称 ‘unsigned int’}时可能会改变结果的符号 [-Wsign-conversion]
  204 |     line_abs((int32_t)x + 2, (int32_t)y + s / 2, (int32_t)x + s / 3, (int32_t)y + s * 2 / 3, C_WIN_GREEN);
      |                              ~~~~~~~~~~~^~~~~~~
kernel/gui/src/icon.c:204:61: warning: ‘int32_t’ {或称 ‘int’}转换自‘uint32_t’ {或称 ‘unsigned int’}时可能会改变结果的符号 [-Wsign-conversion]
  204 |     line_abs((int32_t)x + 2, (int32_t)y + s / 2, (int32_t)x + s / 3, (int32_t)y + s * 2 / 3, C_WIN_GREEN);
      |                                                  ~~~~~~~~~~~^~~~~~~
kernel/gui/src/icon.c:204:81: warning: ‘int32_t’ {或称 ‘int’}转换自‘uint32_t’ {或称 ‘unsigned int’}时可能会改变结果的符号 [-Wsign-conversion]
  204 |     line_abs((int32_t)x + 2, (int32_t)y + s / 2, (int32_t)x + s / 3, (int32_t)y + s * 2 / 3, C_WIN_GREEN);
      |                                                                      ~~~~~~~~~~~^~~~~~~~~~~
kernel/gui/src/icon.c:205:25: warning: ‘uint32_t’ {或称 ‘unsigned int’}转换自‘int’时可能会改变结果的符号 [-Wsign-conversion]
  205 |     line_abs((int32_t)x + s / 3, (int32_t)y + s * 2 / 3, (int32_t)x + s - 2, (int32_t)y + 2, C_WIN_GREEN);
      |                         ^
In file included from kernel/gui/src/kanvas_desktop.c:3:
kernel/gui/src/icon.c:205:45: warning: ‘uint32_t’ {或称 ‘unsigned int’}转换自‘int’时可能会改变结果的符号 [-Wsign-conversion]
  205 |     line_abs((int32_t)x + s / 3, (int32_t)y + s * 2 / 3, (int32_t)x + s - 2, (int32_t)y + 2, C_WIN_GREEN);
      |                                             ^
kernel/gui/src/icon.c:205:69: warning: ‘uint32_t’ {或称 ‘unsigned int’}转换自‘int’时可能会改变结果的符号 [-Wsign-conversion]
  205 |     line_abs((int32_t)x + s / 3, (int32_t)y + s * 2 / 3, (int32_t)x + s - 2, (int32_t)y + 2, C_WIN_GREEN);
      |                                                                     ^
kernel/gui/src/icon.c:205:25: warning: ‘int32_t’ {或称 ‘int’}转换自‘uint32_t’ {或称 ‘unsigned int’}时可能会改变结果的符号 [-Wsign-conversion]
  205 |     line_abs((int32_t)x + s / 3, (int32_t)y + s * 2 / 3, (int32_t)x + s - 2, (int32_t)y + 2, C_WIN_GREEN);
      |              ~~~~~~~~~~~^~~~~~~
kernel/gui/include/kanvas_taskbar.h:15:9: warning: ‘KANVAS_TASKBAR_RADIUS’ 重定义
kernel/gui/src/icon.c:205:45: warning: ‘int32_t’ {或称 ‘int’}转换自‘uint32_t’ {或称 ‘unsigned int’}时可能会改变结果的符号 [-Wsign-conversion]
  205 |     line_abs((int32_t)x + s / 3, (int32_t)y + s * 2 / 3, (int32_t)x + s - 2, (int32_t)y + 2, C_WIN_GREEN);
      |                                  ~~~~~~~~~~~^~~~~~~~~~~
kernel/gui/src/icon.c:205:73: warning: ‘int32_t’ {或称 ‘int’}转换自‘uint32_t’ {或称 ‘unsigned int’}时可能会改变结果的符号 [-Wsign-conversion]
  205 |     line_abs((int32_t)x + s / 3, (int32_t)y + s * 2 / 3, (int32_t)x + s - 2, (int32_t)y + 2, C_WIN_GREEN);
      |                                                          ~~~~~~~~~~~~~~~^~~
kernel/gui/src/icon.c:206:41: warning: ‘uint32_t’ {或称 ‘unsigned int’}转换自‘int’时可能会改变结果的符号 [-Wsign-conversion]
  206 |     line_abs((int32_t)x + 2, (int32_t)y + s / 2 + 1, (int32_t)x + s / 3, (int32_t)y + s * 2 / 3 + 1, C_WIN_GREEN);
      |                                         ^
kernel/gui/src/icon.c:206:65: warning: ‘uint32_t’ {或称 ‘unsigned int’}转换自‘int’时可能会改变结果的符号 [-Wsign-conversion]
  206 |     line_abs((int32_t)x + 2, (int32_t)y + s / 2 + 1, (int32_t)x + s / 3, (int32_t)y + s * 2 / 3 + 1, C_WIN_GREEN);
      |                                                                 ^
kernel/gui/src/icon.c:206:85: warning: ‘uint32_t’ {或称 ‘unsigned int’}转换自‘int’时可能会改变结果的符号 [-Wsign-conversion]
   15 | #define KANVAS_TASKBAR_RADIUS       0
  206 |     line_abs((int32_t)x + 2, (int32_t)y + s / 2 + 1, (int32_t)x + s / 3, (int32_t)y + s * 2 / 3 + 1, C_WIN_GREEN);
      |                                                                                     ^
kernel/gui/src/icon.c:206:49: warning: ‘int32_t’ {或称 ‘int’}转换自‘uint32_t’ {或称 ‘unsigned int’}时可能会改变结果的符号 [-Wsign-conversion]
  206 |     line_abs((int32_t)x + 2, (int32_t)y + s / 2 + 1, (int32_t)x + s / 3, (int32_t)y + s * 2 / 3 + 1, C_WIN_GREEN);
      |                              ~~~~~~~~~~~~~~~~~~~^~~
kernel/gui/src/icon.c:206:65: warning: ‘int32_t’ {或称 ‘int’}转换自‘uint32_t’ {或称 ‘unsigned int’}时可能会改变结果的符号 [-Wsign-conversion]
  206 |     line_abs((int32_t)x + 2, (int32_t)y + s / 2 + 1, (int32_t)x + s / 3, (int32_t)y + s * 2 / 3 + 1, C_WIN_GREEN);
      |                                                      ~~~~~~~~~~~^~~~~~~
kernel/gui/src/icon.c:206:97: warning: ‘int32_t’ {或称 ‘int’}转换自‘uint32_t’ {或称 ‘unsigned int’}时可能会改变结果的符号 [-Wsign-conversion]
  206 |     line_abs((int32_t)x + 2, (int32_t)y + s / 2 + 1, (int32_t)x + s / 3, (int32_t)y + s * 2 / 3 + 1, C_WIN_GREEN);
      |                                                                          ~~~~~~~~~~~~~~~~~~~~~~~^~~
      |         ^~~~~~~~~~~~~~~~~~~~~
kernel/gui/include/kanvas_desktop.h:16:9: note: 这是先前定义的位置
kernel/gui/src/icon.c: 在函数‘draw_error’中:
kernel/gui/src/icon.c:228:25: warning: ‘uint32_t’ {或称 ‘unsigned int’}转换自‘int’时可能会改变结果的符号 [-Wsign-conversion]
  228 |     line_abs((int32_t)x + s / 4, (int32_t)y + s / 4, (int32_t)x + s * 3 / 4, (int32_t)y + s * 3 / 4, C_WIN_WHITE);
      |                         ^
kernel/gui/src/icon.c:228:45: warning: ‘uint32_t’ {或称 ‘unsigned int’}转换自‘int’时可能会改变结果的符号 [-Wsign-conversion]
  228 |     line_abs((int32_t)x + s / 4, (int32_t)y + s / 4, (int32_t)x + s * 3 / 4, (int32_t)y + s * 3 / 4, C_WIN_WHITE);
      |                                             ^
kernel/gui/src/icon.c:228:65: warning: ‘uint32_t’ {或称 ‘unsigned int’}转换自‘int’时可能会改变结果的符号 [-Wsign-conversion]
  228 |     line_abs((int32_t)x + s / 4, (int32_t)y + s / 4, (int32_t)x + s * 3 / 4, (int32_t)y + s * 3 / 4, C_WIN_WHITE);
      |                                                                 ^
kernel/gui/src/icon.c:228:89: warning: ‘uint32_t’ {或称 ‘unsigned int’}转换自‘int’时可能会改变结果的符号 [-Wsign-conversion]
  228 |     line_abs((int32_t)x + s / 4, (int32_t)y + s / 4, (int32_t)x + s * 3 / 4, (int32_t)y + s * 3 / 4, C_WIN_WHITE);
      |                                                                                         ^
kernel/gui/src/icon.c:228:25: warning: ‘int32_t’ {或称 ‘int’}转换自‘uint32_t’ {或称 ‘unsigned int’}时可能会改变结果的符号 [-Wsign-conversion]
  228 |     line_abs((int32_t)x + s / 4, (int32_t)y + s / 4, (int32_t)x + s * 3 / 4, (int32_t)y + s * 3 / 4, C_WIN_WHITE);
      |              ~~~~~~~~~~~^~~~~~~
kernel/gui/src/icon.c:228:45: warning: ‘int32_t’ {或称 ‘int’}转换自‘uint32_t’ {或称 ‘unsigned int’}时可能会改变结果的符号 [-Wsign-conversion]
  228 |     line_abs((int32_t)x + s / 4, (int32_t)y + s / 4, (int32_t)x + s * 3 / 4, (int32_t)y + s * 3 / 4, C_WIN_WHITE);
      |                                  ~~~~~~~~~~~^~~~~~~
kernel/gui/src/icon.c:228:65: warning: ‘int32_t’ {或称 ‘int’}转换自‘uint32_t’ {或称 ‘unsigned int’}时可能会改变结果的符号 [-Wsign-conversion]
  228 |     line_abs((int32_t)x + s / 4, (int32_t)y + s / 4, (int32_t)x + s * 3 / 4, (int32_t)y + s * 3 / 4, C_WIN_WHITE);
      |                                                      ~~~~~~~~~~~^~~~~~~~~~~
kernel/gui/src/icon.c:228:89: warning: ‘int32_t’ {或称 ‘int’}转换自‘uint32_t’ {或称 ‘unsigned int’}时可能会改变结果的符号 [-Wsign-conversion]
  228 |     line_abs((int32_t)x + s / 4, (int32_t)y + s / 4, (int32_t)x + s * 3 / 4, (int32_t)y + s * 3 / 4, C_WIN_WHITE);
      |                                                                              ~~~~~~~~~~~^~~~~~~~~~~
kernel/gui/src/icon.c:229:25: warning: ‘uint32_t’ {或称 ‘unsigned int’}转换自‘int’时可能会改变结果的符号 [-Wsign-conversion]
  229 |     line_abs((int32_t)x + s / 4, (int32_t)y + s * 3 / 4, (int32_t)x + s * 3 / 4, (int32_t)y + s / 4, C_WIN_WHITE);
      |                         ^
kernel/gui/src/icon.c:229:45: warning: ‘uint32_t’ {或称 ‘unsigned int’}转换自‘int’时可能会改变结果的符号 [-Wsign-conversion]
  229 |     line_abs((int32_t)x + s / 4, (int32_t)y + s * 3 / 4, (int32_t)x + s * 3 / 4, (int32_t)y + s / 4, C_WIN_WHITE);
      |                                             ^
kernel/gui/src/icon.c:229:69: warning: ‘uint32_t’ {或称 ‘unsigned int’}转换自‘int’时可能会改变结果的符号 [-Wsign-conversion]
  229 |     line_abs((int32_t)x + s / 4, (int32_t)y + s * 3 / 4, (int32_t)x + s * 3 / 4, (int32_t)y + s / 4, C_WIN_WHITE);
      |                                                                     ^
kernel/gui/src/icon.c:229:93: warning: ‘uint32_t’ {或称 ‘unsigned int’}转换自‘int’时可能会改变结果的符号 [-Wsign-conversion]
  229 |     line_abs((int32_t)x + s / 4, (int32_t)y + s * 3 / 4, (int32_t)x + s * 3 / 4, (int32_t)y + s / 4, C_WIN_WHITE);
      |                                                                                             ^
kernel/gui/src/icon.c:229:25: warning: ‘int32_t’ {或称 ‘int’}转换自‘uint32_t’ {或称 ‘unsigned int’}时可能会改变结果的符号 [-Wsign-conversion]
  229 |     line_abs((int32_t)x + s / 4, (int32_t)y + s * 3 / 4, (int32_t)x + s * 3 / 4, (int32_t)y + s / 4, C_WIN_WHITE);
      |              ~~~~~~~~~~~^~~~~~~
kernel/gui/src/icon.c:229:45: warning: ‘int32_t’ {或称 ‘int’}转换自‘uint32_t’ {或称 ‘unsigned int’}时可能会改变结果的符号 [-Wsign-conversion]
  229 |     line_abs((int32_t)x + s / 4, (int32_t)y + s * 3 / 4, (int32_t)x + s * 3 / 4, (int32_t)y + s / 4, C_WIN_WHITE);
      |                                  ~~~~~~~~~~~^~~~~~~~~~~
kernel/gui/src/icon.c:229:69: warning: ‘int32_t’ {或称 ‘int’}转换自‘uint32_t’ {或称 ‘unsigned int’}时可能会改变结果的符号 [-Wsign-conversion]
  229 |     line_abs((int32_t)x + s / 4, (int32_t)y + s * 3 / 4, (int32_t)x + s * 3 / 4, (int32_t)y + s / 4, C_WIN_WHITE);
      |                                                          ~~~~~~~~~~~^~~~~~~~~~~
kernel/gui/src/icon.c:229:93: warning: ‘int32_t’ {或称 ‘int’}转换自‘uint32_t’ {或称 ‘unsigned int’}时可能会改变结果的符号 [-Wsign-conversion]
  229 |     line_abs((int32_t)x + s / 4, (int32_t)y + s * 3 / 4, (int32_t)x + s * 3 / 4, (int32_t)y + s / 4, C_WIN_WHITE);
      |                                                                                  ~~~~~~~~~~~^~~~~~~
kernel/gui/src/icon.c: 在函数‘draw_lock’中:
kernel/gui/src/icon.c:242:23: warning: conversion from ‘int32_t’ {或称 ‘int’} to ‘float’ may change value [-Wconversion]
  242 |         float ang = a * 3.14159265f / 180.0f;
      |                       ^
kernel/gui/src/icon.c:243:30: warning: conversion from ‘int32_t’ {或称 ‘int’} to ‘float’ may change value [-Wconversion]
  243 |         px((uint32_t)(cx + r * cos_approx(ang)), (uint32_t)(cy + r * sin_approx(ang) / 2), C_WIN_DKGRAY);
      |                              ^
kernel/gui/src/icon.c:243:26: warning: conversion from ‘int32_t’ {或称 ‘int’} to ‘float’ may change value [-Wconversion]
  243 |         px((uint32_t)(cx + r * cos_approx(ang)), (uint32_t)(cy + r * sin_approx(ang) / 2), C_WIN_DKGRAY);
      |                          ^
kernel/gui/src/icon.c:243:68: warning: conversion from ‘int32_t’ {或称 ‘int’} to ‘float’ may change value [-Wconversion]
  243 |         px((uint32_t)(cx + r * cos_approx(ang)), (uint32_t)(cy + r * sin_approx(ang) / 2), C_WIN_DKGRAY);
      |                                                                    ^
kernel/gui/src/icon.c:243:64: warning: conversion from ‘int32_t’ {或称 ‘int’} to ‘float’ may change value [-Wconversion]
  243 |         px((uint32_t)(cx + r * cos_approx(ang)), (uint32_t)(cy + r * sin_approx(ang) / 2), C_WIN_DKGRAY);
      |                                                                ^
kernel/gui/src/icon.c:244:36: warning: conversion from ‘int’ to ‘float’ may change value [-Wconversion]
  244 |         px((uint32_t)(cx + (r - 1) * cos_approx(ang)), (uint32_t)(cy + (r - 1) * sin_approx(ang) / 2), C_WIN_DKGRAY);
      |                                    ^
kernel/gui/src/icon.c:244:26: warning: conversion from ‘int32_t’ {或称 ‘int’} to ‘float’ may change value [-Wconversion]
  244 |         px((uint32_t)(cx + (r - 1) * cos_approx(ang)), (uint32_t)(cy + (r - 1) * sin_approx(ang) / 2), C_WIN_DKGRAY);
   16 | #define KANVAS_TASKBAR_RADIUS       12
      |                          ^
kernel/gui/src/icon.c:244:80: warning: conversion from ‘int’ to ‘float’ may change value [-Wconversion]
  244 |         px((uint32_t)(cx + (r - 1) * cos_approx(ang)), (uint32_t)(cy + (r - 1) * sin_approx(ang) / 2), C_WIN_DKGRAY);
      |                                                                                ^
kernel/gui/src/icon.c:244:70: warning: conversion from ‘int32_t’ {或称 ‘int’} to ‘float’ may change value [-Wconversion]
  244 |         px((uint32_t)(cx + (r - 1) * cos_approx(ang)), (uint32_t)(cy + (r - 1) * sin_approx(ang) / 2), C_WIN_DKGRAY);
      |                                                                      ^
      |         ^~~~~~~~~~~~~~~~~~~~~
kernel/gui/src/icon.c: 在函数‘draw_arrow_left’中:
kernel/gui/src/icon.c:278:25: warning: ‘uint32_t’ {或称 ‘unsigned int’}转换自‘int’时可能会改变结果的符号 [-Wsign-conversion]
  278 |     line_abs((int32_t)x + s / 2, (int32_t)y + 2, (int32_t)x + 2, cy, C_WIN_DKGRAY);
      |                         ^
kernel/gui/src/icon.c:278:25: warning: ‘int32_t’ {或称 ‘int’}转换自‘uint32_t’ {或称 ‘unsigned int’}时可能会改变结果的符号 [-Wsign-conversion]
  278 |     line_abs((int32_t)x + s / 2, (int32_t)y + 2, (int32_t)x + 2, cy, C_WIN_DKGRAY);
      |              ~~~~~~~~~~~^~~~~~~
kernel/gui/src/icon.c:279:45: warning: ‘uint32_t’ {或称 ‘unsigned int’}转换自‘int’时可能会改变结果的符号 [-Wsign-conversion]
  279 |     line_abs((int32_t)x + 2, cy, (int32_t)x + s / 2, (int32_t)(y + s - 2), C_WIN_DKGRAY);
      |                                             ^
kernel/gui/src/icon.c:279:45: warning: ‘int32_t’ {或称 ‘int’}转换自‘uint32_t’ {或称 ‘unsigned int’}时可能会改变结果的符号 [-Wsign-conversion]
  279 |     line_abs((int32_t)x + 2, cy, (int32_t)x + s / 2, (int32_t)(y + s - 2), C_WIN_DKGRAY);
      |                                  ~~~~~~~~~~~^~~~~~~
kernel/gui/src/icon.c: 在函数‘draw_arrow_right’中:
kernel/gui/src/icon.c:284:57: warning: ‘uint32_t’ {或称 ‘unsigned int’}转换自‘int’时可能会改变结果的符号 [-Wsign-conversion]
  284 |     line_abs((int32_t)x + 2, (int32_t)y + 2, (int32_t)x + s / 2, cy, C_WIN_DKGRAY);
      |                                                         ^
kernel/gui/src/icon.c:284:57: warning: ‘int32_t’ {或称 ‘int’}转换自‘uint32_t’ {或称 ‘unsigned int’}时可能会改变结果的符号 [-Wsign-conversion]
  284 |     line_abs((int32_t)x + 2, (int32_t)y + 2, (int32_t)x + s / 2, cy, C_WIN_DKGRAY);
      |                                              ~~~~~~~~~~~^~~~~~~
kernel/gui/src/icon.c:285:25: warning: ‘uint32_t’ {或称 ‘unsigned int’}转换自‘int’时可能会改变结果的符号 [-Wsign-conversion]
  285 |     line_abs((int32_t)x + s / 2, cy, (int32_t)x + 2, (int32_t)(y + s - 2), C_WIN_DKGRAY);
      |                         ^
kernel/gui/src/icon.c:285:25: warning: ‘int32_t’ {或称 ‘int’}转换自‘uint32_t’ {或称 ‘unsigned int’}时可能会改变结果的符号 [-Wsign-conversion]
  285 |     line_abs((int32_t)x + s / 2, cy, (int32_t)x + 2, (int32_t)(y + s - 2), C_WIN_DKGRAY);
      |              ~~~~~~~~~~~^~~~~~~
kernel/gui/src/icon.c: 在函数‘draw_fill’中:
kernel/gui/src/icon.c:366:23: warning: conversion from ‘int32_t’ {或称 ‘int’} to ‘float’ may change value [-Wconversion]
  366 |         float ang = a * 3.14159265f / 180.0f;
      |                       ^
kernel/gui/src/icon.c:367:47: warning: conversion from ‘uint32_t’ {或称 ‘unsigned int’} to ‘float’ may change value [-Wconversion]
  367 |         line_abs(cx, cy, (int32_t)(cx + s / 3 * cos_approx(ang)), (int32_t)(cy + s / 3 * sin_approx(ang) / 2), C_WIN_BLUE);
      |                                               ^
kernel/gui/src/icon.c:367:39: warning: conversion from ‘int32_t’ {或称 ‘int’} to ‘float’ may change value [-Wconversion]
  367 |         line_abs(cx, cy, (int32_t)(cx + s / 3 * cos_approx(ang)), (int32_t)(cy + s / 3 * sin_approx(ang) / 2), C_WIN_BLUE);
      |                                       ^
kernel/gui/src/icon.c:367:88: warning: conversion from ‘uint32_t’ {或称 ‘unsigned int’} to ‘float’ may change value [-Wconversion]
  367 |         line_abs(cx, cy, (int32_t)(cx + s / 3 * cos_approx(ang)), (int32_t)(cy + s / 3 * sin_approx(ang) / 2), C_WIN_BLUE);
      |                                                                                        ^
kernel/gui/src/icon.c:367:80: warning: conversion from ‘int32_t’ {或称 ‘int’} to ‘float’ may change value [-Wconversion]
  367 |         line_abs(cx, cy, (int32_t)(cx + s / 3 * cos_approx(ang)), (int32_t)(cy + s / 3 * sin_approx(ang) / 2), C_WIN_BLUE);
      |                                                                                ^
kernel/gui/src/icon.c: 在函数‘draw_network’中:
kernel/gui/src/icon.c:432:58: warning: ‘int32_t’ {或称 ‘int’}转换自‘uint32_t’ {或称 ‘unsigned int’}时可能会改变结果的符号 [-Wsign-conversion]
  432 |     gfx_draw_circle((int32_t)cx, (int32_t)(y + s / 2), s / 3, C_WIN_GREEN);
      |                                                        ~~^~~
kernel/gui/src/icon.c:433:62: warning: ‘int32_t’ {或称 ‘int’}转换自‘uint32_t’ {或称 ‘unsigned int’}时可能会改变结果的符号 [-Wsign-conversion]
  433 |     gfx_draw_circle((int32_t)cx, (int32_t)(y + s / 2), s / 2 - 1, C_WIN_GREEN);
      |                                                        ~~~~~~^~~
kernel/gui/src/icon.c: 在函数‘draw_power’中:
kernel/gui/src/icon.c:441:23: warning: conversion from ‘int32_t’ {或称 ‘int’} to ‘float’ may change value [-Wconversion]
  441 |         float ang = a * 3.14159265f / 180.0f;
      |                       ^
kernel/gui/src/icon.c:442:49: warning: conversion from ‘int32_t’ {或称 ‘int’} to ‘float’ may change value [-Wconversion]
  442 |         px((uint32_t)((int32_t)cx + (int32_t)(r * cos_approx(ang))),
      |                                                 ^
kernel/gui/src/icon.c:443:49: warning: conversion from ‘int32_t’ {或称 ‘int’} to ‘float’ may change value [-Wconversion]
  443 |            (uint32_t)((int32_t)cy + (int32_t)(r * sin_approx(ang))), C_WIN_RED);
      |                                                 ^
kernel/gui/src/icon.c: 在函数‘cos_approx’中:
kernel/gui/src/icon.c:449:50: warning: conversion from ‘int’ to ‘float’ may change value [-Wconversion]
  449 |     x = x - (int32_t)(x / (2 * 3.14159265f)) * 2 * 3.14159265f;
      |                                                  ^
kernel/gui/src/icon.c: 在文件作用域：
kernel/gui/src/icon.c:16:17: warning: ‘col_folder_dark’ 在此处定义 [-Wunused-variable]
   16 | static uint32_t col_folder_dark = 0;
      |                 ^~~~~~~~~~~~~~~
kernel/gui/src/icon.c:15:17: warning: ‘col_folder’ 在此处定义 [-Wunused-variable]
   15 | static uint32_t col_folder = 0;
      |                 ^~~~~~~~~~
kernel/gui/src/kanvas_desktop.c: 在函数‘kanvas_desktop_create’中:
kernel/gui/src/kanvas_desktop.c:157:79: warning: 未使用的参数‘fb’ [-Wunused-parameter]
  157 | kanvas_desktop_t* kanvas_desktop_create(int screen_w, int screen_h, uint32_t* fb, int stride)
      |                                                                     ~~~~~~~~~~^~
kernel/gui/src/kanvas_desktop.c:157:87: warning: 未使用的参数‘stride’ [-Wunused-parameter]
  157 | kanvas_desktop_t* kanvas_desktop_create(int screen_w, int screen_h, uint32_t* fb, int stride)
      |                                                                                   ~~~~^~~~~~
kernel/gui/src/kanvas_desktop.c: 在函数‘kanvas_desktop_handle_mouse’中:
kernel/gui/src/kanvas_desktop.c:215:100: warning: 未使用的参数‘mid’ [-Wunused-parameter]
  215 | void kanvas_desktop_handle_mouse(kanvas_desktop_t* desk, int x, int y, bool left, bool right, bool mid)
kernel/gui/src/kanvas_desktop.c: 在函数‘kanvas_desktop_set_wallpaper_image’中:
kernel/gui/src/kanvas_desktop.c:450:27: warning: ‘long long unsigned int’转换自‘int’时可能会改变结果的符号 [-Wsign-conversion]
  450 |     size_t sz = (size_t)w * h * 4;
      |                           ^
<3> Building kernel/gui/src/graphics.c
kernel/gui/src/graphics.c: 在函数‘gfx_draw_circle’中:
kernel/gui/src/graphics.c:49:25: warning: ‘uint32_t’ {或称 ‘unsigned int’}转换自‘int32_t’ {或称 ‘int’}时可能会改变结果的符号 [-Wsign-conversion]
   49 |         fb_set_pixel(xc + x, yc + y, color);
      |                      ~~~^~~
kernel/gui/src/graphics.c:49:33: warning: ‘uint32_t’ {或称 ‘unsigned int’}转换自‘int32_t’ {或称 ‘int’}时可能会改变结果的符号 [-Wsign-conversion]
   49 |         fb_set_pixel(xc + x, yc + y, color);
      |                              ~~~^~~
kernel/gui/src/graphics.c:50:25: warning: ‘uint32_t’ {或称 ‘unsigned int’}转换自‘int32_t’ {或称 ‘int’}时可能会改变结果的符号 [-Wsign-conversion]
   50 |         fb_set_pixel(xc - x, yc + y, color);
      |                      ~~~^~~
kernel/gui/src/graphics.c:50:33: warning: ‘uint32_t’ {或称 ‘unsigned int’}转换自‘int32_t’ {或称 ‘int’}时可能会改变结果的符号 [-Wsign-conversion]
   50 |         fb_set_pixel(xc - x, yc + y, color);
      |                              ~~~^~~
kernel/gui/src/graphics.c:51:25: warning: ‘uint32_t’ {或称 ‘unsigned int’}转换自‘int32_t’ {或称 ‘int’}时可能会改变结果的符号 [-Wsign-conversion]
   51 |         fb_set_pixel(xc + x, yc - y, color);
      |                      ~~~^~~
kernel/gui/src/graphics.c:51:33: warning: ‘uint32_t’ {或称 ‘unsigned int’}转换自‘int32_t’ {或称 ‘int’}时可能会改变结果的符号 [-Wsign-conversion]
   51 |         fb_set_pixel(xc + x, yc - y, color);
      |                              ~~~^~~
kernel/gui/src/graphics.c:52:25: warning: ‘uint32_t’ {或称 ‘unsigned int’}转换自‘int32_t’ {或称 ‘int’}时可能会改变结果的符号 [-Wsign-conversion]
   52 |         fb_set_pixel(xc - x, yc - y, color);
      |                      ~~~^~~
kernel/gui/src/graphics.c:52:33: warning: ‘uint32_t’ {或称 ‘unsigned int’}转换自‘int32_t’ {或称 ‘int’}时可能会改变结果的符号 [-Wsign-conversion]
   52 |         fb_set_pixel(xc - x, yc - y, color);
      |                              ~~~^~~
kernel/gui/src/graphics.c:53:25: warning: ‘uint32_t’ {或称 ‘unsigned int’}转换自‘int32_t’ {或称 ‘int’}时可能会改变结果的符号 [-Wsign-conversion]
   53 |         fb_set_pixel(xc + y, yc + x, color);
      |                      ~~~^~~
kernel/gui/src/graphics.c:53:33: warning: ‘uint32_t’ {或称 ‘unsigned int’}转换自‘int32_t’ {或称 ‘int’}时可能会改变结果的符号 [-Wsign-conversion]
   53 |         fb_set_pixel(xc + y, yc + x, color);
      |                              ~~~^~~
kernel/gui/src/graphics.c:54:25: warning: ‘uint32_t’ {或称 ‘unsigned int’}转换自‘int32_t’ {或称 ‘int’}时可能会改变结果的符号 [-Wsign-conversion]
   54 |         fb_set_pixel(xc - y, yc + x, color);
      |                      ~~~^~~
kernel/gui/src/graphics.c:54:33: warning: ‘uint32_t’ {或称 ‘unsigned int’}转换自‘int32_t’ {或称 ‘int’}时可能会改变结果的符号 [-Wsign-conversion]
   54 |         fb_set_pixel(xc - y, yc + x, color);
      |                              ~~~^~~
kernel/gui/src/graphics.c:55:25: warning: ‘uint32_t’ {或称 ‘unsigned int’}转换自‘int32_t’ {或称 ‘int’}时可能会改变结果的符号 [-Wsign-conversion]
   55 |         fb_set_pixel(xc + y, yc - x, color);
      |                      ~~~^~~
kernel/gui/src/graphics.c:55:33: warning: ‘uint32_t’ {或称 ‘unsigned int’}转换自‘int32_t’ {或称 ‘int’}时可能会改变结果的符号 [-Wsign-conversion]
   55 |         fb_set_pixel(xc + y, yc - x, color);
      |                              ~~~^~~
kernel/gui/src/graphics.c:56:25: warning: ‘uint32_t’ {或称 ‘unsigned int’}转换自‘int32_t’ {或称 ‘int’}时可能会改变结果的符号 [-Wsign-conversion]
   56 |         fb_set_pixel(xc - y, yc - x, color);
      |                      ~~~^~~
kernel/gui/src/graphics.c:56:33: warning: ‘uint32_t’ {或称 ‘unsigned int’}转换自‘int32_t’ {或称 ‘int’}时可能会改变结果的符号 [-Wsign-conversion]
   56 |         fb_set_pixel(xc - y, yc - x, color);
      |                              ~~~^~~
kernel/gui/src/graphics.c: 在函数‘gfx_draw_filled_circle’中:
kernel/gui/src/graphics.c:72:33: warning: ‘uint32_t’ {或称 ‘unsigned int’}转换自‘int32_t’ {或称 ‘int’}时可能会改变结果的符号 [-Wsign-conversion]
   72 |                 fb_set_pixel(xc + x, yc + y, color);
      |                              ~~~^~~
kernel/gui/src/graphics.c:72:41: warning: ‘uint32_t’ {或称 ‘unsigned int’}转换自‘int32_t’ {或称 ‘int’}时可能会改变结果的符号 [-Wsign-conversion]
   72 |                 fb_set_pixel(xc + x, yc + y, color);
      |                                      ~~~^~~
<2> Building kernel/gui/src/framebuffer.c
<3> Building kernel/gui/src/font_ttf.c
kernel/gui/src/framebuffer.c: 在函数‘gui_fb_init’中:
kernel/gui/src/framebuffer.c:52:14: warning: conversion from ‘uint32_t’ {或称 ‘unsigned int’} to ‘uint8_t’ {或称 ‘unsigned char’} may change value [-Wconversion]
   52 |     fb.bpp = info->bpp;
      |              ^~~~
kernel/gui/src/framebuffer.c: 在函数‘fb_convert_color’中:
kernel/gui/src/framebuffer.c:91:17: warning: conversion from ‘uint32_t’ {或称 ‘unsigned int’} to ‘uint8_t’ {或称 ‘unsigned char’} may change value [-Wconversion]
   91 |     uint8_t a = (rgb_color >> 24) & 0xFF;
      |                 ^
kernel/gui/src/framebuffer.c: 在函数‘fb_blit_alpha’中:
kernel/gui/src/framebuffer.c:475:25: warning: conversion from ‘uint32_t’ {或称 ‘unsigned int’} to ‘uint8_t’ {或称 ‘unsigned char’} may change value [-Wconversion]
  475 |             uint8_t a = (pixel >> 24) & 0xFF;
      |                         ^
kernel/gui/src/framebuffer.c: 在函数‘fb_fill_rounded_rect’中:
kernel/gui/src/framebuffer.c:520:36: warning: ‘uint32_t’ {或称 ‘unsigned int’}转换自‘int32_t’ {或称 ‘int’}时可能会改变结果的符号 [-Wsign-conversion]
  520 |                 set_pixel_direct(x + dx, y + dy, color);               /* TL */
      |                                    ^
kernel/gui/src/framebuffer.c:520:44: warning: ‘uint32_t’ {或称 ‘unsigned int’}转换自‘int32_t’ {或称 ‘int’}时可能会改变结果的符号 [-Wsign-conversion]
  520 |                 set_pixel_direct(x + dx, y + dy, color);               /* TL */
      |                                            ^
kernel/gui/src/framebuffer.c:521:44: warning: ‘uint32_t’ {或称 ‘unsigned int’}转换自‘int32_t’ {或称 ‘int’}时可能会改变结果的符号 [-Wsign-conversion]
  521 |                 set_pixel_direct(x + w - 1 - dx, y + dy, color);       /* TR */
      |                                            ^
kernel/gui/src/framebuffer.c:521:52: warning: ‘uint32_t’ {或称 ‘unsigned int’}转换自‘int32_t’ {或称 ‘int’}时可能会改变结果的符号 [-Wsign-conversion]
  521 |                 set_pixel_direct(x + w - 1 - dx, y + dy, color);       /* TR */
      |                                                    ^
kernel/gui/src/framebuffer.c:522:36: warning: ‘uint32_t’ {或称 ‘unsigned int’}转换自‘int32_t’ {或称 ‘int’}时可能会改变结果的符号 [-Wsign-conversion]
  522 |                 set_pixel_direct(x + dx, y + h - 1 - dy, color);       /* BL */
      |                                    ^
kernel/gui/src/framebuffer.c:522:52: warning: ‘uint32_t’ {或称 ‘unsigned int’}转换自‘int32_t’ {或称 ‘int’}时可能会改变结果的符号 [-Wsign-conversion]
  522 |                 set_pixel_direct(x + dx, y + h - 1 - dy, color);       /* BL */
      |                                                    ^
kernel/gui/src/framebuffer.c:523:44: warning: ‘uint32_t’ {或称 ‘unsigned int’}转换自‘int32_t’ {或称 ‘int’}时可能会改变结果的符号 [-Wsign-conversion]
  523 |                 set_pixel_direct(x + w - 1 - dx, y + h - 1 - dy, color); /* BR */
      |                                            ^
kernel/gui/src/framebuffer.c:523:60: warning: ‘uint32_t’ {或称 ‘unsigned int’}转换自‘int32_t’ {或称 ‘int’}时可能会改变结果的符号 [-Wsign-conversion]
  523 |                 set_pixel_direct(x + w - 1 - dx, y + h - 1 - dy, color); /* BR */
      |                                                            ^
kernel/gui/src/framebuffer.c: 在函数‘fb_fill_rounded_top_rect’中:
kernel/gui/src/framebuffer.c:548:36: warning: ‘uint32_t’ {或称 ‘unsigned int’}转换自‘int32_t’ {或称 ‘int’}时可能会改变结果的符号 [-Wsign-conversion]
  548 |                 set_pixel_direct(x + dx, y + dy, color);
      |                                    ^
kernel/gui/src/framebuffer.c:548:44: warning: ‘uint32_t’ {或称 ‘unsigned int’}转换自‘int32_t’ {或称 ‘int’}时可能会改变结果的符号 [-Wsign-conversion]
  548 |                 set_pixel_direct(x + dx, y + dy, color);
      |                                            ^
kernel/gui/src/framebuffer.c:549:44: warning: ‘uint32_t’ {或称 ‘unsigned int’}转换自‘int32_t’ {或称 ‘int’}时可能会改变结果的符号 [-Wsign-conversion]
  549 |                 set_pixel_direct(x + w - 1 - dx, y + dy, color);
      |                                            ^
kernel/gui/src/framebuffer.c:549:52: warning: ‘uint32_t’ {或称 ‘unsigned int’}转换自‘int32_t’ {或称 ‘int’}时可能会改变结果的符号 [-Wsign-conversion]
  549 |                 set_pixel_direct(x + w - 1 - dx, y + dy, color);
      |                                                    ^
kernel/gui/src/framebuffer.c: 在函数‘fb_draw_rounded_rect_outline’中:
kernel/gui/src/framebuffer.c:578:36: warning: ‘uint32_t’ {或称 ‘unsigned int’}转换自‘int32_t’ {或称 ‘int’}时可能会改变结果的符号 [-Wsign-conversion]
  578 |                 set_pixel_direct(x + dx, y + dy, color);
      |                                    ^
kernel/gui/src/framebuffer.c:578:44: warning: ‘uint32_t’ {或称 ‘unsigned int’}转换自‘int32_t’ {或称 ‘int’}时可能会改变结果的符号 [-Wsign-conversion]
  578 |                 set_pixel_direct(x + dx, y + dy, color);
      |                                            ^
kernel/gui/src/framebuffer.c:579:44: warning: ‘uint32_t’ {或称 ‘unsigned int’}转换自‘int32_t’ {或称 ‘int’}时可能会改变结果的符号 [-Wsign-conversion]
  579 |                 set_pixel_direct(x + w - 1 - dx, y + dy, color);
      |                                            ^
kernel/gui/src/framebuffer.c:579:52: warning: ‘uint32_t’ {或称 ‘unsigned int’}转换自‘int32_t’ {或称 ‘int’}时可能会改变结果的符号 [-Wsign-conversion]
  579 |                 set_pixel_direct(x + w - 1 - dx, y + dy, color);
      |                                                    ^
kernel/gui/src/framebuffer.c:580:36: warning: ‘uint32_t’ {或称 ‘unsigned int’}转换自‘int32_t’ {或称 ‘int’}时可能会改变结果的符号 [-Wsign-conversion]
  580 |                 set_pixel_direct(x + dx, y + h - 1 - dy, color);
      |                                    ^
kernel/gui/src/framebuffer.c:580:52: warning: ‘uint32_t’ {或称 ‘unsigned int’}转换自‘int32_t’ {或称 ‘int’}时可能会改变结果的符号 [-Wsign-conversion]
  580 |                 set_pixel_direct(x + dx, y + h - 1 - dy, color);
      |                                                    ^
kernel/gui/src/framebuffer.c:581:44: warning: ‘uint32_t’ {或称 ‘unsigned int’}转换自‘int32_t’ {或称 ‘int’}时可能会改变结果的符号 [-Wsign-conversion]
  581 |                 set_pixel_direct(x + w - 1 - dx, y + h - 1 - dy, color);
      |                                            ^
kernel/gui/src/framebuffer.c:581:60: warning: ‘uint32_t’ {或称 ‘unsigned int’}转换自‘int32_t’ {或称 ‘int’}时可能会改变结果的符号 [-Wsign-conversion]
  581 |                 set_pixel_direct(x + w - 1 - dx, y + h - 1 - dy, color);
      |                                                            ^
In file included from kernel/gui/src/font_ttf.c:40:
kernel/gui/include/stb_truetype.h: 在函数‘stbtt__cff_get_index’中:
kernel/gui/include/stb_truetype.h:1178:30: warning: ‘int’转换自‘stbtt_uint32’ {或称 ‘unsigned int’}时可能会改变结果的符号 [-Wsign-conversion]
 1178 | #define stbtt__buf_get16(b)  stbtt__buf_get((b), 2)
      |                              ^~~~~~~~~~~~~~
kernel/gui/include/stb_truetype.h:1194:12: note: in expansion of macro ‘stbtt__buf_get16’
 1194 |    count = stbtt__buf_get16(b);
      |            ^~~~~~~~~~~~~~~~
kernel/gui/include/stb_truetype.h:1199:53: warning: ‘int’转换自‘stbtt_uint32’ {或称 ‘unsigned int’}时可能会改变结果的符号 [-Wsign-conversion]
 1199 |       stbtt__buf_skip(b, stbtt__buf_get(b, offsize) - 1);
      |                          ~~~~~~~~~~~~~~~~~~~~~~~~~~~^~~
kernel/gui/include/stb_truetype.h: 在函数‘stbtt__cff_int’中:
kernel/gui/include/stb_truetype.h:1207:47: warning: ‘stbtt_uint32’ {或称 ‘unsigned int’}转换自‘int’时可能会改变结果的符号 [-Wsign-conversion]
 1207 |    if (b0 >= 32 && b0 <= 246)       return b0 - 139;
      |                                            ~~~^~~~~
kernel/gui/include/stb_truetype.h:1208:80: warning: ‘stbtt_uint32’ {或称 ‘unsigned int’}转换自‘int’时可能会改变结果的符号 [-Wsign-conversion]
 1208 |    else if (b0 >= 247 && b0 <= 250) return (b0 - 247)*256 + stbtt__buf_get8(b) + 108;
      |                                            ~~~~~~~~~~~~~~~~~~~~~~~~~~~~~~~~~~~~^~~~~
kernel/gui/include/stb_truetype.h:1209:81: warning: ‘stbtt_uint32’ {或称 ‘unsigned int’}转换自‘int’时可能会改变结果的符号 [-Wsign-conversion]
 1209 |    else if (b0 >= 251 && b0 <= 254) return -(b0 - 251)*256 - stbtt__buf_get8(b) - 108;
      |                                            ~~~~~~~~~~~~~~~~~~~~~~~~~~~~~~~~~~~~~^~~~~
kernel/gui/include/stb_truetype.h: 在函数‘stbtt__cff_index_count’中:
kernel/gui/include/stb_truetype.h:1178:30: warning: ‘int’转换自‘stbtt_uint32’ {或称 ‘unsigned int’}时可能会改变结果的符号 [-Wsign-conversion]
 1178 | #define stbtt__buf_get16(b)  stbtt__buf_get((b), 2)
      |                              ^~~~~~~~~~~~~~~~~~~~~~
kernel/gui/include/stb_truetype.h:1257:11: note: in expansion of macro ‘stbtt__buf_get16’
 1257 |    return stbtt__buf_get16(b);
      |           ^~~~~~~~~~~~~~~~
kernel/gui/include/stb_truetype.h: 在函数‘stbtt__cff_index_get’中:
kernel/gui/include/stb_truetype.h:1178:30: warning: ‘int’转换自‘stbtt_uint32’ {或称 ‘unsigned int’}时可能会改变结果的符号 [-Wsign-conversion]
 1178 | #define stbtt__buf_get16(b)  stbtt__buf_get((b), 2)
<1> Building kernel/gui/src/font_data.c
      |                              ^~~~~~~~~~~~~~
kernel/gui/include/stb_truetype.h:1264:12: note: in expansion of macro ‘stbtt__buf_get16’
 1264 |    count = stbtt__buf_get16(&b);
      |            ^~~~~~~~~~~~~~~~
kernel/gui/include/stb_truetype.h:1269:12: warning: ‘int’转换自‘stbtt_uint32’ {或称 ‘unsigned int’}时可能会改变结果的符号 [-Wsign-conversion]
 1269 |    start = stbtt__buf_get(&b, offsize);
      |            ^~~~~~~~~~~~~~
kernel/gui/include/stb_truetype.h:1270:10: warning: ‘int’转换自‘stbtt_uint32’ {或称 ‘unsigned int’}时可能会改变结果的符号 [-Wsign-conversion]
 1270 |    end = stbtt__buf_get(&b, offsize);
      |          ^~~~~~~~~~~~~~
kernel/gui/include/stb_truetype.h: 在函数‘ttUSHORT’中:
kernel/gui/include/stb_truetype.h:1286:64: warning: conversion from ‘int’ to ‘stbtt_uint16’ {或称 ‘short unsigned int’} may change value [-Wconversion]
 1286 | static stbtt_uint16 ttUSHORT(stbtt_uint8 *p) { return p[0]*256 + p[1]; }
      |                                                       ~~~~~~~~~^~~~~~
kernel/gui/include/stb_truetype.h: 在函数‘ttSHORT’中:
kernel/gui/include/stb_truetype.h:1287:64: warning: conversion from ‘int’ to ‘stbtt_int16’ {或称 ‘short int’} may change value [-Wconversion]
 1287 | static stbtt_int16 ttSHORT(stbtt_uint8 *p)   { return p[0]*256 + p[1]; }
      |                                                       ~~~~~~~~~^~~~~~
kernel/gui/include/stb_truetype.h: 在函数‘ttULONG’中:
kernel/gui/include/stb_truetype.h:1288:91: warning: ‘stbtt_uint32’ {或称 ‘unsigned int’}转换自‘int’时可能会改变结果的符号 [-Wsign-conversion]
 1288 | static stbtt_uint32 ttULONG(stbtt_uint8 *p)  { return (p[0]<<24) + (p[1]<<16) + (p[2]<<8) + p[3]; }
      |                                                       ~~~~~~~~~~~~~~~~~~~~~~~~~~~~~~~~~~~~^~~~~~
kernel/gui/include/stb_truetype.h: 在函数‘stbtt__find_table’中:
kernel/gui/include/stb_truetype.h:1312:35: warning: ‘stbtt_uint32’ {或称 ‘unsigned int’}转换自‘stbtt_int32’ {或称 ‘int’}时可能会改变结果的符号 [-Wsign-conversion]
 1312 |       stbtt_uint32 loc = tabledir + 16*i;
      |                                   ^
kernel/gui/include/stb_truetype.h: 在函数‘stbtt_GetFontOffsetForIndex_internal’中:
kernel/gui/include/stb_truetype.h:1332:17: warning: ‘int’转换自‘stbtt_uint32’ {或称 ‘unsigned int’}时可能会改变结果的符号 [-Wsign-conversion]
 1332 |          return ttULONG(font_collection+12+index*4);
      |                 ^~~~~~~~~~~~~~~~~~~~~~~~~~~~~~~~~~~
kernel/gui/include/stb_truetype.h: 在函数‘stbtt__get_subrs’中:
kernel/gui/include/stb_truetype.h:1360:46: warning: ‘int’转换自‘stbtt_uint32’ {或称 ‘unsigned int’}时可能会改变结果的符号 [-Wsign-conversion]
 1360 |    pdict = stbtt__buf_range(&cff, private_loc[1], private_loc[0]);
      |                                   ~~~~~~~~~~~^~~
kernel/gui/include/stb_truetype.h:1360:62: warning: ‘int’转换自‘stbtt_uint32’ {或称 ‘unsigned int’}时可能会改变结果的符号 [-Wsign-conversion]
 1360 |    pdict = stbtt__buf_range(&cff, private_loc[1], private_loc[0]);
      |                                                   ~~~~~~~~~~~^~~
kernel/gui/include/stb_truetype.h:1363:40: warning: ‘int’转换自‘stbtt_uint32’ {或称 ‘unsigned int’}时可能会改变结果的符号 [-Wsign-conversion]
 1363 |    stbtt__buf_seek(&cff, private_loc[1]+subrsoff);
      |                          ~~~~~~~~~~~~~~^~~~~~~~~
kernel/gui/include/stb_truetype.h: 在函数‘stbtt__get_svg’中:
kernel/gui/include/stb_truetype.h:1372:45: warning: ‘stbtt_uint32’ {或称 ‘unsigned int’}转换自‘int’时可能会改变结果的符号 [-Wsign-conversion]
 1372 |       t = stbtt__find_table(info->data, info->fontstart, "SVG ");
      |                                         ~~~~^~~~~~~~~~~
kernel/gui/include/stb_truetype.h:1375:22: warning: ‘int’转换自‘stbtt_uint32’ {或称 ‘unsigned int’}时可能会改变结果的符号 [-Wsign-conversion]
 1375 |          info->svg = t + offset;
      |                      ^
kernel/gui/include/stb_truetype.h: 在函数‘stbtt_InitFont_internal’中:
kernel/gui/include/stb_truetype.h:1392:35: warning: ‘stbtt_uint32’ {或称 ‘unsigned int’}转换自‘int’时可能会改变结果的符号 [-Wsign-conversion]
 1392 |    cmap = stbtt__find_table(data, fontstart, "cmap");       // required
      |                                   ^~~~~~~~~
kernel/gui/include/stb_truetype.h:1393:41: warning: ‘stbtt_uint32’ {或称 ‘unsigned int’}转换自‘int’时可能会改变结果的符号 [-Wsign-conversion]
 1393 |    info->loca = stbtt__find_table(data, fontstart, "loca"); // required
      |                                         ^~~~~~~~~
kernel/gui/include/stb_truetype.h:1393:17: warning: ‘int’转换自‘stbtt_uint32’ {或称 ‘unsigned int’}时可能会改变结果的符号 [-Wsign-conversion]
 1393 |    info->loca = stbtt__find_table(data, fontstart, "loca"); // required
      |                 ^~~~~~~~~~~~~~~~~
kernel/gui/include/stb_truetype.h:1394:41: warning: ‘stbtt_uint32’ {或称 ‘unsigned int’}转换自‘int’时可能会改变结果的符号 [-Wsign-conversion]
 1394 |    info->head = stbtt__find_table(data, fontstart, "head"); // required
      |                                         ^~~~~~~~~
kernel/gui/include/stb_truetype.h:1394:17: warning: ‘int’转换自‘stbtt_uint32’ {或称 ‘unsigned int’}时可能会改变结果的符号 [-Wsign-conversion]
 1394 |    info->head = stbtt__find_table(data, fontstart, "head"); // required
      |                 ^~~~~~~~~~~~~~~~~
kernel/gui/include/stb_truetype.h:1395:41: warning: ‘stbtt_uint32’ {或称 ‘unsigned int’}转换自‘int’时可能会改变结果的符号 [-Wsign-conversion]
 1395 |    info->glyf = stbtt__find_table(data, fontstart, "glyf"); // required
      |                                         ^~~~~~~~~
kernel/gui/include/stb_truetype.h:1395:17: warning: ‘int’转换自‘stbtt_uint32’ {或称 ‘unsigned int’}时可能会改变结果的符号 [-Wsign-conversion]
 1395 |    info->glyf = stbtt__find_table(data, fontstart, "glyf"); // required
      |                 ^~~~~~~~~~~~~~~~~
kernel/gui/include/stb_truetype.h:1396:41: warning: ‘stbtt_uint32’ {或称 ‘unsigned int’}转换自‘int’时可能会改变结果的符号 [-Wsign-conversion]
 1396 |    info->hhea = stbtt__find_table(data, fontstart, "hhea"); // required
      |                                         ^~~~~~~~~
kernel/gui/include/stb_truetype.h:1396:17: warning: ‘int’转换自‘stbtt_uint32’ {或称 ‘unsigned int’}时可能会改变结果的符号 [-Wsign-conversion]
 1396 |    info->hhea = stbtt__find_table(data, fontstart, "hhea"); // required
      |                 ^~~~~~~~~~~~~~~~~
kernel/gui/include/stb_truetype.h:1397:41: warning: ‘stbtt_uint32’ {或称 ‘unsigned int’}转换自‘int’时可能会改变结果的符号 [-Wsign-conversion]
 1397 |    info->hmtx = stbtt__find_table(data, fontstart, "hmtx"); // required
      |                                         ^~~~~~~~~
kernel/gui/include/stb_truetype.h:1397:17: warning: ‘int’转换自‘stbtt_uint32’ {或称 ‘unsigned int’}时可能会改变结果的符号 [-Wsign-conversion]
 1397 |    info->hmtx = stbtt__find_table(data, fontstart, "hmtx"); // required
      |                 ^~~~~~~~~~~~~~~~~
kernel/gui/include/stb_truetype.h:1398:41: warning: ‘stbtt_uint32’ {或称 ‘unsigned int’}转换自‘int’时可能会改变结果的符号 [-Wsign-conversion]
 1398 |    info->kern = stbtt__find_table(data, fontstart, "kern"); // not required
      |                                         ^~~~~~~~~
kernel/gui/include/stb_truetype.h:1398:17: warning: ‘int’转换自‘stbtt_uint32’ {或称 ‘unsigned int’}时可能会改变结果的符号 [-Wsign-conversion]
 1398 |    info->kern = stbtt__find_table(data, fontstart, "kern"); // not required
      |                 ^~~~~~~~~~~~~~~~~
kernel/gui/include/stb_truetype.h:1399:41: warning: ‘stbtt_uint32’ {或称 ‘unsigned int’}转换自‘int’时可能会改变结果的符号 [-Wsign-conversion]
 1399 |    info->gpos = stbtt__find_table(data, fontstart, "GPOS"); // not required
      |                                         ^~~~~~~~~
kernel/gui/include/stb_truetype.h:1399:17: warning: ‘int’转换自‘stbtt_uint32’ {或称 ‘unsigned int’}时可能会改变结果的符号 [-Wsign-conversion]
 1399 |    info->gpos = stbtt__find_table(data, fontstart, "GPOS"); // not required
      |                 ^~~~~~~~~~~~~~~~~
kernel/gui/include/stb_truetype.h:1412:37: warning: ‘stbtt_uint32’ {或称 ‘unsigned int’}转换自‘int’时可能会改变结果的符号 [-Wsign-conversion]
 1412 |       cff = stbtt__find_table(data, fontstart, "CFF ");
      |                                     ^~~~~~~~~
kernel/gui/include/stb_truetype.h:1447:30: warning: ‘int’转换自‘stbtt_uint32’ {或称 ‘unsigned int’}时可能会改变结果的符号 [-Wsign-conversion]
 1447 |          stbtt__buf_seek(&b, fdarrayoff);
      |                              ^~~~~~~~~~
kernel/gui/include/stb_truetype.h:1449:67: warning: ‘stbtt_uint32’ {或称 ‘unsigned int’}转换自‘int’时可能会改变结果的符号 [-Wsign-conversion]
 1449 |          info->fdselect = stbtt__buf_range(&b, fdselectoff, b.size-fdselectoff);
      |                                                                   ^
kernel/gui/include/stb_truetype.h:1449:48: warning: ‘int’转换自‘stbtt_uint32’ {或称 ‘unsigned int’}时可能会改变结果的符号 [-Wsign-conversion]
 1449 |          info->fdselect = stbtt__buf_range(&b, fdselectoff, b.size-fdselectoff);
      |                                                ^~~~~~~~~~~
kernel/gui/include/stb_truetype.h:1449:67: warning: ‘int’转换自‘stbtt_uint32’ {或称 ‘unsigned int’}时可能会改变结果的符号 [-Wsign-conversion]
 1449 |          info->fdselect = stbtt__buf_range(&b, fdselectoff, b.size-fdselectoff);
      |                                                             ~~~~~~^~~~~~~~~~~~
kernel/gui/include/stb_truetype.h:1452:27: warning: ‘int’转换自‘stbtt_uint32’ {或称 ‘unsigned int’}时可能会改变结果的符号 [-Wsign-conversion]
 1452 |       stbtt__buf_seek(&b, charstrings);
      |                           ^~~~~~~~~~~
kernel/gui/include/stb_truetype.h:1456:32: warning: ‘stbtt_uint32’ {或称 ‘unsigned int’}转换自‘int’时可能会改变结果的符号 [-Wsign-conversion]
 1456 |    t = stbtt__find_table(data, fontstart, "maxp");
      |                                ^~~~~~~~~
kernel/gui/include/stb_truetype.h:1470:47: warning: ‘stbtt_uint32’ {或称 ‘unsigned int’}转换自‘stbtt_int32’ {或称 ‘int’}时可能会改变结果的符号 [-Wsign-conversion]
 1470 |       stbtt_uint32 encoding_record = cmap + 4 + 8 * i;
      |                                               ^
kernel/gui/include/stb_truetype.h:1478:37: warning: ‘int’转换自‘stbtt_uint32’ {或称 ‘unsigned int’}时可能会改变结果的符号 [-Wsign-conversion]
 1478 |                   info->index_map = cmap + ttULONG(data+encoding_record+4);
      |                                     ^~~~
kernel/gui/include/stb_truetype.h:1485:31: warning: ‘int’转换自‘stbtt_uint32’ {或称 ‘unsigned int’}时可能会改变结果的符号 [-Wsign-conversion]
 1485 |             info->index_map = cmap + ttULONG(data+encoding_record+4);
      |                               ^~~~
kernel/gui/include/stb_truetype.h: 在函数‘stbtt_FindGlyphIndex’中:
kernel/gui/include/stb_truetype.h:1499:29: warning: ‘stbtt_uint32’ {或称 ‘unsigned int’}转换自‘int’时可能会改变结果的符号 [-Wsign-conversion]
 1499 |    stbtt_uint32 index_map = info->index_map;
      |                             ^~~~
kernel/gui/include/stb_truetype.h:1511:69: warning: ‘stbtt_uint32’ {或称 ‘unsigned int’}转换自‘int’时可能会改变结果的符号 [-Wsign-conversion]
 1511 |          return ttUSHORT(data + index_map + 10 + (unicode_codepoint - first)*2);
      |                                                                     ^
kernel/gui/include/stb_truetype.h:1577:35: warning: ‘stbtt_uint32’ {或称 ‘unsigned int’}转换自‘int’时可能会改变结果的符号 [-Wsign-conversion]
 1577 |                return start_glyph + unicode_codepoint-start_char;
      |                                   ^
kernel/gui/include/stb_truetype.h:1577:54: warning: ‘int’转换自‘stbtt_uint32’ {或称 ‘unsigned int’}时可能会改变结果的符号 [-Wsign-conversion]
 1577 |                return start_glyph + unicode_codepoint-start_char;
      |                       ~~~~~~~~~~~~~~~~~~~~~~~~~~~~~~~^~~~~~~~~~~
kernel/gui/include/stb_truetype.h:1579:23: warning: ‘int’转换自‘stbtt_uint32’ {或称 ‘unsigned int’}时可能会改变结果的符号 [-Wsign-conversion]
 1579 |                return start_glyph;
      |                       ^~~~~~~~~~~
kernel/gui/include/stb_truetype.h: 在函数‘stbtt__GetGlyfOffset’中:
kernel/gui/include/stb_truetype.h:1616:23: warning: ‘stbtt_uint32’ {或称 ‘unsigned int’}转换自‘int’时可能会改变结果的符号 [-Wsign-conversion]
 1616 |       g1 = info->glyf + ttULONG (info->data + info->loca + glyph_index * 4);
      |                       ^
kernel/gui/include/stb_truetype.h:1616:12: warning: ‘int’转换自‘stbtt_uint32’ {或称 ‘unsigned int’}时可能会改变结果的符号 [-Wsign-conversion]
 1616 |       g1 = info->glyf + ttULONG (info->data + info->loca + glyph_index * 4);
      |            ^~~~
kernel/gui/include/stb_truetype.h:1617:23: warning: ‘stbtt_uint32’ {或称 ‘unsigned int’}转换自‘int’时可能会改变结果的符号 [-Wsign-conversion]
 1617 |       g2 = info->glyf + ttULONG (info->data + info->loca + glyph_index * 4 + 4);
      |                       ^
kernel/gui/include/stb_truetype.h:1617:12: warning: ‘int’转换自‘stbtt_uint32’ {或称 ‘unsigned int’}时可能会改变结果的符号 [-Wsign-conversion]
 1617 |       g2 = info->glyf + ttULONG (info->data + info->loca + glyph_index * 4 + 4);
      |            ^~~~
kernel/gui/include/stb_truetype.h: 在函数‘stbtt__GetGlyphShapeTT’中:
kernel/gui/include/stb_truetype.h:1701:50: warning: ‘long long unsigned int’转换自‘stbtt_int32’ {或称 ‘int’}时可能会改变结果的符号 [-Wsign-conversion]
 1701 |       vertices = (stbtt_vertex *) STBTT_malloc(m * sizeof(vertices[0]), info->userdata);
      |                                                  ^
kernel/gui/src/font_ttf.c:26:64: note: in definition of macro ‘STBTT_malloc’
   26 | #define STBTT_malloc(x, u) ((void)(u), memory_alloc((uint64_t)(x)))
      |                                                                ^
kernel/gui/include/stb_truetype.h:1824:18: warning: ‘stbtt_uint16’ {或称 ‘short unsigned int’}转换自‘stbtt_int16’ {或称 ‘short int’}时可能会改变结果的符号 [-Wsign-conversion]
 1824 |          flags = ttSHORT(comp); comp+=2;
      |                  ^~~~~~~
kernel/gui/include/stb_truetype.h:1825:17: warning: ‘stbtt_uint16’ {或称 ‘short unsigned int’}转换自‘stbtt_int16’ {或称 ‘short int’}时可能会改变结果的符号 [-Wsign-conversion]
 1825 |          gidx = ttSHORT(comp); comp+=2;
      |                 ^~~~~~~
kernel/gui/include/stb_truetype.h:1873:76: warning: ‘long long unsigned int’转换自‘int’时可能会改变结果的符号 [-Wsign-conversion]
 1873 |             tmp = (stbtt_vertex*)STBTT_malloc((num_vertices+comp_num_verts)*sizeof(stbtt_vertex), info->userdata);
      |                                                                            ^
kernel/gui/src/font_ttf.c:26:64: note: in definition of macro ‘STBTT_malloc’
   26 | #define STBTT_malloc(x, u) ((void)(u), memory_alloc((uint64_t)(x)))
      |                                                                ^
kernel/gui/include/stb_truetype.h:1879:87: warning: ‘long long unsigned int’转换自‘int’时可能会改变结果的符号 [-Wsign-conversion]
 1879 |             if (num_vertices > 0 && vertices) STBTT_memcpy(tmp, vertices, num_vertices*sizeof(stbtt_vertex));
      |                                                                                       ^
kernel/gui/include/stb_truetype.h:1880:70: warning: ‘long long unsigned int’转换自‘int’时可能会改变结果的符号 [-Wsign-conversion]
 1880 |             STBTT_memcpy(tmp+num_vertices, comp_verts, comp_num_verts*sizeof(stbtt_vertex));
      |                                                                      ^
kernel/gui/include/stb_truetype.h: 在函数‘stbtt__cid_get_glyph_subrs’中:
kernel/gui/include/stb_truetype.h:1178:30: warning: ‘int’转换自‘stbtt_uint32’ {或称 ‘unsigned int’}时可能会改变结果的符号 [-Wsign-conversion]
 1178 | #define stbtt__buf_get16(b)  stbtt__buf_get((b), 2)
      |                              ^~~~~~~~~~~~~~
kernel/gui/include/stb_truetype.h:1994:17: note: in expansion of macro ‘stbtt__buf_get16’
 1994 |       nranges = stbtt__buf_get16(&fdselect);
      |                 ^~~~~~~~~~~~~~~~
kernel/gui/include/stb_truetype.h:1178:30: warning: ‘int’转换自‘stbtt_uint32’ {或称 ‘unsigned int’}时可能会改变结果的符号 [-Wsign-conversion]
 1178 | #define stbtt__buf_get16(b)  stbtt__buf_get((b), 2)
      |                              ^~~~~~~~~~~~~~
kernel/gui/include/stb_truetype.h:1995:15: note: in expansion of macro ‘stbtt__buf_get16’
 1995 |       start = stbtt__buf_get16(&fdselect);
      |               ^~~~~~~~~~~~~~~~
kernel/gui/include/stb_truetype.h:1178:30: warning: ‘int’转换自‘stbtt_uint32’ {或称 ‘unsigned int’}时可能会改变结果的符号 [-Wsign-conversion]
 1178 | #define stbtt__buf_get16(b)  stbtt__buf_get((b), 2)
      |                              ^~~~~~~~~~~~~~
kernel/gui/include/stb_truetype.h:1998:16: note: in expansion of macro ‘stbtt__buf_get16’
 1998 |          end = stbtt__buf_get16(&fdselect);
      |                ^~~~~~~~~~~~~~~~
kernel/gui/include/stb_truetype.h: 在函数‘stbtt__GetGlyphShapeT2’中:
kernel/gui/include/stb_truetype.h:2275:70: warning: ‘long long unsigned int’转换自‘int’时可能会改变结果的符号 [-Wsign-conversion]
 2275 |       *pvertices = (stbtt_vertex*)STBTT_malloc(count_ctx.num_vertices*sizeof(stbtt_vertex), info->userdata);
      |                                                                      ^
kernel/gui/src/font_ttf.c:26:64: note: in definition of macro ‘STBTT_malloc’
   26 | #define STBTT_malloc(x, u) ((void)(u), memory_alloc((uint64_t)(x)))
      |                                                                ^
kernel/gui/include/stb_truetype.h: 在函数‘stbtt__GetGlyphKernInfoAdvance’中:
kernel/gui/include/stb_truetype.h:2375:13: warning: ‘stbtt_uint32’ {或称 ‘unsigned int’}转换自‘int’时可能会改变结果的符号 [-Wsign-conversion]
 2375 |    needle = glyph1 << 16 | glyph2;
      |             ^~~~~~
kernel/gui/include/stb_truetype.h: 在函数‘stbtt_GetFontVMetricsOS2’中:
kernel/gui/include/stb_truetype.h:2643:48: warning: ‘stbtt_uint32’ {或称 ‘unsigned int’}转换自‘int’时可能会改变结果的符号 [-Wsign-conversion]
 2643 |    int tab = stbtt__find_table(info->data, info->fontstart, "OS/2");
      |                                            ~~~~^~~~~~~~~~~
kernel/gui/include/stb_truetype.h:2643:14: warning: ‘int’转换自‘stbtt_uint32’ {或称 ‘unsigned int’}时可能会改变结果的符号 [-Wsign-conversion]
 2643 |    int tab = stbtt__find_table(info->data, info->fontstart, "OS/2");
      |              ^~~~~~~~~~~~~~~~~
kernel/gui/include/stb_truetype.h: 在函数‘stbtt_ScaleForPixelHeight’中:
kernel/gui/include/stb_truetype.h:2663:26: warning: conversion from ‘int’ to ‘float’ may change value [-Wconversion]
 2663 |    return (float) height / fheight;
      |                          ^
kernel/gui/include/stb_truetype.h: 在函数‘stbtt_ScaleForMappingEmToPixels’中:
kernel/gui/include/stb_truetype.h:2669:18: warning: conversion from ‘int’ to ‘float’ may change value [-Wconversion]
 2669 |    return pixels / unitsPerEm;
      |                  ^
kernel/gui/include/stb_truetype.h: 在函数‘stbtt_GetGlyphSVG’中:
kernel/gui/include/stb_truetype.h:2705:14: warning: ‘int’转换自‘stbtt_uint32’ {或称 ‘unsigned int’}时可能会改变结果的符号 [-Wsign-conversion]
 2705 |       return ttULONG(svg_doc + 8);
      |              ^~~~~~~~~~~~~~~~~~~~
kernel/gui/include/stb_truetype.h: 在函数‘stbtt_GetGlyphBitmapBoxSubpixel’中:
kernel/gui/include/stb_truetype.h:2732:40: warning: conversion from ‘int’ to ‘float’ may change value [-Wconversion]
 2732 |       if (ix0) *ix0 = STBTT_ifloor( x0 * scale_x + shift_x);
      |                                        ^
kernel/gui/src/font_ttf.c:29:47: note: in definition of macro ‘STBTT_ifloor’
   29 | #define STBTT_ifloor(x)    ttf_ifloor((float)(x))
      |                                               ^
kernel/gui/include/stb_truetype.h:2733:40: warning: conversion from ‘int’ to ‘float’ may change value [-Wconversion]
 2733 |       if (iy0) *iy0 = STBTT_ifloor(-y1 * scale_y + shift_y);
      |                                        ^
kernel/gui/src/font_ttf.c:29:47: note: in definition of macro ‘STBTT_ifloor’
   29 | #define STBTT_ifloor(x)    ttf_ifloor((float)(x))
      |                                               ^
kernel/gui/include/stb_truetype.h:2734:40: warning: conversion from ‘int’ to ‘float’ may change value [-Wconversion]
 2734 |       if (ix1) *ix1 = STBTT_iceil ( x1 * scale_x + shift_x);
      |                                        ^
kernel/gui/src/font_ttf.c:30:46: note: in definition of macro ‘STBTT_iceil’
   30 | #define STBTT_iceil(x)     ttf_iceil((float)(x))
      |                                              ^
kernel/gui/include/stb_truetype.h:2735:40: warning: conversion from ‘int’ to ‘float’ may change value [-Wconversion]
 2735 |       if (iy1) *iy1 = STBTT_iceil (-y0 * scale_y + shift_y);
      |                                        ^
kernel/gui/src/font_ttf.c:30:46: note: in definition of macro ‘STBTT_iceil’
   30 | #define STBTT_iceil(x)     ttf_iceil((float)(x))
      |                                              ^
kernel/gui/include/stb_truetype.h: 在函数‘stbtt__hheap_alloc’中:
kernel/gui/include/stb_truetype.h:2779:104: warning: ‘size_t’ {或称 ‘long long unsigned int’}转换自‘int’时可能会改变结果的符号 [-Wsign-conversion]
 2779 |          stbtt__hheap_chunk *c = (stbtt__hheap_chunk *) STBTT_malloc(sizeof(stbtt__hheap_chunk) + size * count, userdata);
      |                                                                                                        ^
kernel/gui/src/font_ttf.c:26:64: note: in definition of macro ‘STBTT_malloc’
   26 | #define STBTT_malloc(x, u) ((void)(u), memory_alloc((uint64_t)(x)))
      |                                                                ^
kernel/gui/include/stb_truetype.h:2787:70: warning: ‘size_t’ {或称 ‘long long unsigned int’}转换自‘int’时可能会改变结果的符号 [-Wsign-conversion]
 2787 |       return (char *) (hh->head) + sizeof(stbtt__hheap_chunk) + size * hh->num_remaining_in_head_chunk;
      |                                                                      ^
kernel/gui/include/stb_truetype.h: 在函数‘stbtt__new_active’中:
kernel/gui/include/stb_truetype.h:2867:10: warning: conversion from ‘int’ to ‘float’ may change value [-Wconversion]
 2867 |    z->fx -= off_x;
      |          ^~
kernel/gui/include/stb_truetype.h: 在函数‘stbtt__handle_clipped_edge’中:
kernel/gui/include/stb_truetype.h:3061:54: warning: conversion from ‘int’ to ‘float’ may change value [-Wconversion]
 3061 |       scanline[x] += e->direction * (y1-y0) * (1-((x0-x)+(x1-x))/2); // coverage = 1 - average x position
      |                                                      ^
kernel/gui/include/stb_truetype.h:3061:61: warning: conversion from ‘int’ to ‘float’ may change value [-Wconversion]
 3061 |       scanline[x] += e->direction * (y1-y0) * (1-((x0-x)+(x1-x))/2); // coverage = 1 - average x position
      |                                                             ^
kernel/gui/include/stb_truetype.h: 在函数‘stbtt__fill_active_edges_new’中:
kernel/gui/include/stb_truetype.h:3138:83: warning: conversion from ‘int’ to ‘float’ may change value [-Wconversion]
 3138 |                scanline[x]      += stbtt__position_trapezoid_area(height, x_top, x+1.0f, x_bottom, x+1.0f);
      |                                                                                   ^
kernel/gui/include/stb_truetype.h:3138:101: warning: conversion from ‘int’ to ‘float’ may change value [-Wconversion]
 3138 |                scanline[x]      += stbtt__position_trapezoid_area(height, x_top, x+1.0f, x_bottom, x+1.0f);
      |                                                                                                     ^
kernel/gui/include/stb_truetype.h:3161:48: warning: conversion from ‘int’ to ‘float’ may change value [-Wconversion]
 3161 |                y_crossing = y_top + dy * (x1+1 - x0);
      |                                                ^
kernel/gui/include/stb_truetype.h:3164:43: warning: conversion from ‘int’ to ‘float’ may change value [-Wconversion]
 3164 |                y_final = y_top + dy * (x2 - x0);
      |                                           ^
kernel/gui/include/stb_truetype.h:3194:70: warning: conversion from ‘int’ to ‘float’ may change value [-Wconversion]
 3194 |                scanline[x1] += stbtt__sized_triangle_area(area, x1+1 - x_top);
      |                                                                      ^
kernel/gui/include/stb_truetype.h:3199:48: warning: conversion from ‘int’ to ‘float’ may change value [-Wconversion]
 3199 |                   dy = (y_final - y_crossing ) / (x2 - (x1+1)); // if denom=0, y_final = y_crossing, so y_final <= y_bottom
      |                                                ^
kernel/gui/include/stb_truetype.h:3225:104: warning: conversion from ‘int’ to ‘float’ may change value [-Wconversion]
 3225 |                scanline[x2] += area + sign * stbtt__position_trapezoid_area(sy1-y_final, (float) x2, x2+1.0f, x_bottom, x2+1.0f);
      |                                                                                                        ^
kernel/gui/include/stb_truetype.h:3225:123: warning: conversion from ‘int’ to ‘float’ may change value [-Wconversion]
 3225 |                scanline[x2] += area + sign * stbtt__position_trapezoid_area(sy1-y_final, (float) x2, x2+1.0f, x_bottom, x2+1.0f);
      |                                                                                                                           ^
kernel/gui/include/stb_truetype.h:3263:30: warning: conversion from ‘int’ to ‘float’ may change value [-Wconversion]
 3263 |                float y1 = (x - x0) / dx + y_top;
      |                              ^
kernel/gui/include/stb_truetype.h:3264:32: warning: conversion from ‘int’ to ‘float’ may change value [-Wconversion]
 3264 |                float y2 = (x+1 - x0) / dx + y_top;
      |                                ^
kernel/gui/include/stb_truetype.h: 在函数‘stbtt__rasterize_sorted_edges’中:
kernel/gui/include/stb_truetype.h:3307:57: warning: ‘long long unsigned int’转换自‘int’时可能会改变结果的符号 [-Wsign-conversion]
 3307 |       scanline = (float *) STBTT_malloc((result->w*2+1) * sizeof(float), userdata);
      |                                                         ^
kernel/gui/src/font_ttf.c:26:64: note: in definition of macro ‘STBTT_malloc’
   26 | #define STBTT_malloc(x, u) ((void)(u), memory_alloc((uint64_t)(x)))
      |                                                                ^
kernel/gui/include/stb_truetype.h:3318:31: warning: conversion from ‘int’ to ‘float’ may change value [-Wconversion]
 3318 |       float scan_y_top    = y + 0.0f;
      |                               ^
kernel/gui/include/stb_truetype.h:3319:31: warning: conversion from ‘int’ to ‘float’ may change value [-Wconversion]
 3319 |       float scan_y_bottom = y + 1.0f;
      |                               ^
kernel/gui/include/stb_truetype.h:3322:43: warning: ‘long long unsigned int’转换自‘int’时可能会改变结果的符号 [-Wsign-conversion]
 3322 |       STBTT_memset(scanline , 0, result->w*sizeof(scanline[0]));
      |                                           ^
kernel/gui/include/stb_truetype.h:3323:47: warning: ‘long long unsigned int’转换自‘int’时可能会改变结果的符号 [-Wsign-conversion]
 3323 |       STBTT_memset(scanline2, 0, (result->w+1)*sizeof(scanline[0]));
      |                                               ^
kernel/gui/include/stb_truetype.h: 在函数‘stbtt__rasterize’中:
kernel/gui/include/stb_truetype.h:3509:48: warning: ‘long long unsigned int’转换自‘int’时可能会改变结果的符号 [-Wsign-conversion]
 3509 |    e = (stbtt__edge *) STBTT_malloc(sizeof(*e) * (n+1), userdata); // add an extra one as a sentinel
      |                                                ^
kernel/gui/src/font_ttf.c:26:64: note: in definition of macro ‘STBTT_malloc’
   26 | #define STBTT_malloc(x, u) ((void)(u), memory_alloc((uint64_t)(x)))
      |                                                                ^
kernel/gui/include/stb_truetype.h:3530:53: warning: conversion from ‘int’ to ‘float’ may change value [-Wconversion]
 3530 |          e[n].y0 = (p[a].y * y_scale_inv + shift_y) * vsubsample;
      |                                                     ^
kernel/gui/include/stb_truetype.h:3532:53: warning: conversion from ‘int’ to ‘float’ may change value [-Wconversion]
 3532 |          e[n].y1 = (p[b].y * y_scale_inv + shift_y) * vsubsample;
      |                                                     ^
kernel/gui/include/stb_truetype.h: 在函数‘stbtt_FlattenCurves’中:
kernel/gui/include/stb_truetype.h:3634:70: warning: ‘long long unsigned int’转换自‘int’时可能会改变结果的符号 [-Wsign-conversion]
 3634 |    *contour_lengths = (int *) STBTT_malloc(sizeof(**contour_lengths) * n, userdata);
      |                                                                      ^
kernel/gui/src/font_ttf.c:26:64: note: in definition of macro ‘STBTT_malloc’
   26 | #define STBTT_malloc(x, u) ((void)(u), memory_alloc((uint64_t)(x)))
      |                                                                ^
kernel/gui/include/stb_truetype.h:3645:60: warning: ‘long long unsigned int’转换自‘int’时可能会改变结果的符号 [-Wsign-conversion]
 3645 |          points = (stbtt__point *) STBTT_malloc(num_points * sizeof(points[0]), userdata);
      |                                                            ^
kernel/gui/src/font_ttf.c:26:64: note: in definition of macro ‘STBTT_malloc’
   26 | #define STBTT_malloc(x, u) ((void)(u), memory_alloc((uint64_t)(x)))
      |                                                                ^
kernel/gui/src/font_data.c:4:8: warning: ISO C 不允许在初始化指定元素的范围 [-Wpedantic]
    4 |     [0 ... 255] = {0},
      |        ^~~
kernel/gui/src/font_data.c:6:13: warning: 已初始化的字段被覆盖 [-Woverride-init]
    6 |     [' '] = {0x00,0x00,0x00,0x00,0x00,0x00,0x00,0x00,0x00,0x00,0x00,0x00,0x00,0x00,0x00,0x00},
      |             ^
kernel/gui/src/font_data.c:6:13: note: (在‘font_8x16[32]’的初始化附近)
kernel/gui/src/font_data.c:7:13: warning: 已初始化的字段被覆盖 [-Woverride-init]
    7 |     ['!'] = {0x00,0x00,0x00,0x30,0x30,0x30,0x10,0x10,0x00,0x10,0x10,0x00,0x00,0x00,0x00,0x00},
      |             ^
kernel/gui/src/font_data.c:7:13: note: (在‘font_8x16[33]’的初始化附近)
kernel/gui/src/font_data.c:8:13: warning: 已初始化的字段被覆盖 [-Woverride-init]
    8 |     ['"'] = {0x00,0x00,0x00,0x38,0x38,0x00,0x00,0x00,0x00,0x00,0x00,0x00,0x00,0x00,0x00,0x00},
      |             ^
kernel/gui/src/font_data.c:8:13: note: (在‘font_8x16[34]’的初始化附近)
kernel/gui/src/font_data.c:9:13: warning: 已初始化的字段被覆盖 [-Woverride-init]
    9 |     ['#'] = {0x00,0x00,0x12,0x16,0x14,0x7F,0x2C,0xFE,0x28,0x68,0x58,0x00,0x00,0x00,0x00,0x00},
      |             ^
kernel/gui/src/font_data.c:9:13: note: (在‘font_8x16[35]’的初始化附近)
kernel/gui/src/font_data.c:10:13: warning: 已初始化的字段被覆盖 [-Woverride-init]
   10 |     ['$'] = {0x00,0x00,0x10,0x3C,0x74,0x70,0x38,0x1C,0x1C,0x78,0x10,0x00,0x00,0x00,0x00,0x00},
kernel/gui/include/stb_truetype.h: 在函数‘stbtt_BakeFontBitmap_internal’中:
      |             ^
kernel/gui/src/font_data.c:10:13: note: (在‘font_8x16[36]’的初始化附近)
kernel/gui/src/font_data.c:11:13: warning: 已初始化的字段被覆盖 [-Woverride-init]
   11 |     ['%'] = {0x00,0x00,0x00,0xE8,0xA8,0xB0,0xFE,0x3B,0x2B,0x6E,0x00,0x00,0x00,0x00,0x00,0x00},
      |             ^
kernel/gui/src/font_data.c:11:13: note: (在‘font_8x16[37]’的初始化附近)
kernel/gui/src/font_data.c:12:13: warning: 已初始化的字段被覆盖 [-Woverride-init]
   12 |     ['&'] = {0x00,0x00,0x38,0x78,0x78,0x70,0xF6,0xBC,0x9C,0xEE,0x00,0x00,0x00,0x00,0x00,0x00},
      |             ^
kernel/gui/src/font_data.c:12:13: note: (在‘font_8x16[38]’的初始化附近)
kernel/gui/src/font_data.c:13:14: warning: 已初始化的字段被覆盖 [-Woverride-init]
   13 |     ['\''] = {0x00,0x00,0x00,0x18,0x18,0x00,0x00,0x00,0x00,0x00,0x00,0x00,0x00,0x00,0x00,0x00},
      |              ^
kernel/gui/src/font_data.c:13:14: note: (在‘font_8x16[39]’的初始化附近)
kernel/gui/src/font_data.c:14:13: warning: 已初始化的字段被覆盖 [-Woverride-init]
   14 |     ['('] = {0x00,0x08,0x18,0x30,0x30,0x20,0x60,0x20,0x30,0x30,0x18,0x08,0x00,0x00,0x00,0x00},
      |             ^
kernel/gui/src/font_data.c:14:13: note: (在‘font_8x16[40]’的初始化附近)
kernel/gui/src/font_data.c:15:13: warning: 已初始化的字段被覆盖 [-Woverride-init]
   15 |     [')'] = {0x00,0x30,0x30,0x18,0x08,0x0C,0x0C,0x0C,0x0C,0x18,0x38,0x30,0x00,0x00,0x00,0x00},
      |             ^
kernel/gui/src/font_data.c:15:13: note: (在‘font_8x16[41]’的初始化附近)
kernel/gui/src/font_data.c:16:13: warning: 已初始化的字段被覆盖 [-Woverride-init]
   16 |     ['*'] = {0x00,0x00,0x00,0x18,0x3C,0x18,0x1C,0x00,0x00,0x00,0x00,0x00,0x00,0x00,0x00,0x00},
      |             ^
kernel/gui/src/font_data.c:16:13: note: (在‘font_8x16[42]’的初始化附近)
kernel/gui/src/font_data.c:17:13: warning: 已初始化的字段被覆盖 [-Woverride-init]
   17 |     ['+'] = {0x00,0x00,0x00,0x00,0x10,0x10,0x7C,0x10,0x10,0x00,0x00,0x00,0x00,0x00,0x00,0x00},
      |             ^
kernel/gui/include/stb_truetype.h:3825:30: warning: ‘size_t’ {或称 ‘long long unsigned int’}转换自‘int’时可能会改变结果的符号 [-Wsign-conversion]
 3825 |    STBTT_memset(pixels, 0, pw*ph); // background of 0 around pixels
kernel/gui/src/font_data.c:17:13: note: (在‘font_8x16[43]’的初始化附近)
kernel/gui/src/font_data.c:18:13: warning: 已初始化的字段被覆盖 [-Woverride-init]
   18 |     [','] = {0x00,0x00,0x00,0x00,0x00,0x18,0x18,0x10,0x00,0x00,0x00,0x00,0x00,0x00,0x00,0x00},
      |             ^
kernel/gui/src/font_data.c:18:13: note: (在‘font_8x16[44]’的初始化附近)
kernel/gui/src/font_data.c:19:13: warning: 已初始化的字段被覆盖 [-Woverride-init]
   19 |     ['-'] = {0x00,0x00,0x00,0x00,0x00,0x78,0x00,0x00,0x00,0x00,0x00,0x00,0x00,0x00,0x00,0x00},
      |             ^
kernel/gui/src/font_data.c:19:13: note: (在‘font_8x16[45]’的初始化附近)
kernel/gui/src/font_data.c:20:13: warning: 已初始化的字段被覆盖 [-Woverride-init]
   20 |     ['.'] = {0x00,0x00,0x00,0x00,0x00,0x00,0x30,0x30,0x00,0x00,0x00,0x00,0x00,0x00,0x00,0x00},
      |             ^
kernel/gui/src/font_data.c:20:13: note: (在‘font_8x16[46]’的初始化附近)
kernel/gui/src/font_data.c:21:13: warning: 已初始化的字段被覆盖 [-Woverride-init]
   21 |     ['/'] = {0x00,0x00,0x00,0x08,0x08,0x18,0x18,0x10,0x10,0x30,0x30,0x20,0x00,0x00,0x00,0x00},
      |             ^
kernel/gui/src/font_data.c:21:13: note: (在‘font_8x16[47]’的初始化附近)
kernel/gui/src/font_data.c:22:13: warning: 已初始化的字段被覆盖 [-Woverride-init]
   22 |     ['0'] = {0x00,0x00,0x00,0x38,0x6C,0xC6,0xC6,0xC6,0x6C,0x38,0x00,0x00,0x00,0x00,0x00,0x00},
      |             ^
kernel/gui/src/font_data.c:22:13: note: (在‘font_8x16[48]’的初始化附近)
kernel/gui/src/font_data.c:23:13: warning: 已初始化的字段被覆盖 [-Woverride-init]
   23 |     ['1'] = {0x00,0x00,0x00,0x18,0x38,0x18,0x18,0x18,0x18,0x18,0x00,0x00,0x00,0x00,0x00,0x00},
      |             ^
kernel/gui/src/font_data.c:23:13: note: (在‘font_8x16[49]’的初始化附近)
kernel/gui/src/font_data.c:24:13: warning: 已初始化的字段被覆盖 [-Woverride-init]
   24 |     ['2'] = {0x00,0x00,0x00,0x7C,0x4C,0x0C,0x0C,0x18,0x30,0x7E,0x00,0x00,0x00,0x00,0x00,0x00},
      |             ^
kernel/gui/src/font_data.c:24:13: note: (在‘font_8x16[50]’的初始化附近)
kernel/gui/src/font_data.c:25:13: warning: 已初始化的字段被覆盖 [-Woverride-init]
   25 |     ['3'] = {0x00,0x00,0x00,0x3C,0x6C,0x0C,0x3C,0x0C,0x6C,0x3C,0x00,0x00,0x00,0x00,0x00,0x00},
      |             ^
kernel/gui/src/font_data.c:25:13: note: (在‘font_8x16[51]’的初始化附近)
kernel/gui/src/font_data.c:26:13: warning: 已初始化的字段被覆盖 [-Woverride-init]
   26 |     ['4'] = {0x00,0x00,0x00,0x0C,0x1C,0x3C,0x6C,0x7E,0x0C,0x0C,0x00,0x00,0x00,0x00,0x00,0x00},
      |             ^
kernel/gui/src/font_data.c:26:13: note: (在‘font_8x16[52]’的初始化附近)
kernel/gui/src/font_data.c:27:13: warning: 已初始化的字段被覆盖 [-Woverride-init]
   27 |     ['5'] = {0x00,0x00,0x00,0x7C,0x60,0x7C,0x0C,0x0C,0x4C,0x38,0x00,0x00,0x00,0x00,0x00,0x00},
      |             ^
kernel/gui/src/font_data.c:27:13: note: (在‘font_8x16[53]’的初始化附近)
kernel/gui/src/font_data.c:28:13: warning: 已初始化的字段被覆盖 [-Woverride-init]
   28 |     ['6'] = {0x00,0x00,0x00,0x1C,0x38,0x7C,0x66,0x66,0x36,0x3C,0x00,0x00,0x00,0x00,0x00,0x00},
      |             ^
kernel/gui/src/font_data.c:28:13: note: (在‘font_8x16[54]’的初始化附近)
kernel/gui/src/font_data.c:29:13: warning: 已初始化的字段被覆盖 [-Woverride-init]
   29 |     ['7'] = {0x00,0x00,0x00,0x7C,0x0C,0x18,0x18,0x18,0x30,0x30,0x00,0x00,0x00,0x00,0x00,0x00},
      |                            ~~^~~
      |             ^
kernel/gui/src/font_data.c:29:13: note: (在‘font_8x16[55]’的初始化附近)
kernel/gui/src/font_data.c:30:13: warning: 已初始化的字段被覆盖 [-Woverride-init]
   30 |     ['8'] = {0x00,0x00,0x00,0x3C,0x6C,0x64,0x7C,0x6C,0x6C,0x3C,0x00,0x00,0x00,0x00,0x00,0x00},
      |             ^
kernel/gui/src/font_data.c:30:13: note: (在‘font_8x16[56]’的初始化附近)
kernel/gui/src/font_data.c:31:13: warning: 已初始化的字段被覆盖 [-Woverride-init]
   31 |     ['9'] = {0x00,0x00,0x00,0x3C,0x66,0x66,0x66,0x3E,0x0C,0x38,0x00,0x00,0x00,0x00,0x00,0x00},
      |             ^
kernel/gui/src/font_data.c:31:13: note: (在‘font_8x16[57]’的初始化附近)
kernel/gui/src/font_data.c:32:13: warning: 已初始化的字段被覆盖 [-Woverride-init]
   32 |     [':'] = {0x00,0x00,0x00,0x00,0x18,0x18,0x00,0x18,0x18,0x00,0x00,0x00,0x00,0x00,0x00,0x00},
      |             ^
kernel/gui/src/font_data.c:32:13: note: (在‘font_8x16[58]’的初始化附近)
kernel/gui/src/font_data.c:33:13: warning: 已初始化的字段被覆盖 [-Woverride-init]
   33 |     [';'] = {0x00,0x00,0x00,0x00,0x18,0x18,0x00,0x18,0x18,0x10,0x00,0x00,0x00,0x00,0x00,0x00},
      |             ^
kernel/gui/src/font_data.c:33:13: note: (在‘font_8x16[59]’的初始化附近)
kernel/gui/src/font_data.c:34:13: warning: 已初始化的字段被覆盖 [-Woverride-init]
   34 |     ['<'] = {0x00,0x00,0x00,0x00,0x08,0x30,0x60,0x30,0x08,0x00,0x00,0x00,0x00,0x00,0x00,0x00},
      |             ^
kernel/gui/src/font_data.c:34:13: note: (在‘font_8x16[60]’的初始化附近)
kernel/gui/src/font_data.c:35:13: warning: 已初始化的字段被覆盖 [-Woverride-init]
kernel/gui/include/stb_truetype.h:3845:24: warning: ‘short unsigned int’转换自‘short int’时可能会改变结果的符号 [-Wsign-conversion]
   35 |     ['='] = {0x00,0x00,0x00,0x00,0x7C,0x00,0x7C,0x00,0x00,0x00,0x00,0x00,0x00,0x00,0x00,0x00},
      |             ^
kernel/gui/src/font_data.c:35:13: note: (在‘font_8x16[61]’的初始化附近)
kernel/gui/src/font_data.c:36:13: warning: 已初始化的字段被覆盖 [-Woverride-init]
   36 |     ['>'] = {0x00,0x00,0x00,0x00,0x30,0x18,0x0C,0x18,0x30,0x00,0x00,0x00,0x00,0x00,0x00,0x00},
      |             ^
kernel/gui/src/font_data.c:36:13: note: (在‘font_8x16[62]’的初始化附近)
kernel/gui/src/font_data.c:37:13: warning: 已初始化的字段被覆盖 [-Woverride-init]
   37 |     ['?'] = {0x00,0x00,0x00,0x38,0x5C,0x0C,0x18,0x30,0x00,0x30,0x30,0x00,0x00,0x00,0x00,0x00},
      |             ^
kernel/gui/src/font_data.c:37:13: note: (在‘font_8x16[63]’的初始化附近)
kernel/gui/src/font_data.c:38:13: warning: 已初始化的字段被覆盖 [-Woverride-init]
   38 |     ['@'] = {0x00,0x00,0x00,0x3C,0x66,0xDE,0xF6,0xF6,0xDE,0x60,0x30,0x00,0x00,0x00,0x00,0x00},
 3845 |       chardata[i].x0 = (stbtt_int16) x;
      |                        ^
      |             ^
kernel/gui/src/font_data.c:38:13: note: (在‘font_8x16[64]’的初始化附近)
kernel/gui/src/font_data.c:39:13: warning: 已初始化的字段被覆盖 [-Woverride-init]
   39 |     ['A'] = {0x00,0x00,0x00,0x18,0x3C,0x3C,0x6C,0x66,0x7E,0xC7,0xC3,0x00,0x00,0x00,0x00,0x00},
      |             ^
kernel/gui/src/font_data.c:39:13: note: (在‘font_8x16[65]’的初始化附近)
kernel/gui/src/font_data.c:40:13: warning: 已初始化的字段被覆盖 [-Woverride-init]
   40 |     ['B'] = {0x00,0x00,0x00,0xFC,0xC6,0xC6,0xFC,0xC6,0xC6,0xC6,0xFC,0x00,0x00,0x00,0x00,0x00},
      |             ^
kernel/gui/src/font_data.c:40:13: note: (在‘font_8x16[66]’的初始化附近)
kernel/gui/src/font_data.c:41:13: warning: 已初始化的字段被覆盖 [-Woverride-init]
   41 |     ['C'] = {0x00,0x00,0x00,0x3E,0x66,0xC0,0xC0,0xC0,0xC0,0x66,0x3E,0x00,0x00,0x00,0x00,0x00},
      |             ^
kernel/gui/src/font_data.c:41:13: note: (在‘font_8x16[67]’的初始化附近)
kernel/gui/src/font_data.c:42:13: warning: 已初始化的字段被覆盖 [-Woverride-init]
   42 |     ['D'] = {0x00,0x00,0x00,0xFC,0xC6,0xC3,0xC3,0xC3,0xC3,0xC6,0xFC,0x00,0x00,0x00,0x00,0x00},
      |             ^
kernel/gui/src/font_data.c:42:13: note: (在‘font_8x16[68]’的初始化附近)
kernel/gui/src/font_data.c:43:13: warning: 已初始化的字段被覆盖 [-Woverride-init]
   43 |     ['E'] = {0x00,0x00,0xFC,0xC0,0xC0,0xFC,0xC0,0xC0,0xC0,0xFC,0x00,0x00,0x00,0x00,0x00,0x00},
      |             ^
kernel/gui/src/font_data.c:43:13: note: (在‘font_8x16[69]’的初始化附近)
kernel/gui/src/font_data.c:44:13: warning: 已初始化的字段被覆盖 [-Woverride-init]
   44 |     ['F'] = {0x00,0x00,0x00,0xFC,0xC0,0xC0,0xFC,0xC0,0xC0,0xC0,0xC0,0x00,0x00,0x00,0x00,0x00},
      |             ^
kernel/gui/src/font_data.c:44:13: note: (在‘font_8x16[70]’的初始化附近)
kernel/gui/include/stb_truetype.h:3846:24: warning: ‘short unsigned int’转换自‘short int’时可能会改变结果的符号 [-Wsign-conversion]
 3846 |       chardata[i].y0 = (stbtt_int16) y;
kernel/gui/src/font_data.c:45:13: warning: 已初始化的字段被覆盖 [-Woverride-init]
   45 |     ['G'] = {0x00,0x00,0x00,0x3E,0x66,0xC0,0xC0,0xC3,0xC3,0x63,0x3D,0x00,0x00,0x00,0x00,0x00},
      |             ^
kernel/gui/src/font_data.c:45:13: note: (在‘font_8x16[71]’的初始化附近)
kernel/gui/src/font_data.c:46:13: warning: 已初始化的字段被覆盖 [-Woverride-init]
   46 |     ['H'] = {0x00,0x00,0x00,0x86,0x86,0x86,0xFE,0x86,0x86,0x86,0x86,0x00,0x00,0x00,0x00,0x00},
      |             ^
kernel/gui/src/font_data.c:46:13: note: (在‘font_8x16[72]’的初始化附近)
kernel/gui/src/font_data.c:47:13: warning: 已初始化的字段被覆盖 [-Woverride-init]
   47 |     ['I'] = {0x00,0x00,0x00,0x30,0x30,0x30,0x30,0x30,0x30,0x30,0x30,0x00,0x00,0x00,0x00,0x00},
      |             ^
kernel/gui/src/font_data.c:47:13: note: (在‘font_8x16[73]’的初始化附近)
kernel/gui/src/font_data.c:48:13: warning: 已初始化的字段被覆盖 [-Woverride-init]
   48 |     ['J'] = {0x00,0x00,0x18,0x18,0x18,0x18,0x18,0x18,0x18,0x30,0x30,0x00,0x00,0x00,0x00,0x00},
      |             ^
kernel/gui/src/font_data.c:48:13: note: (在‘font_8x16[74]’的初始化附近)
kernel/gui/src/font_data.c:49:13: warning: 已初始化的字段被覆盖 [-Woverride-init]
   49 |     ['K'] = {0x00,0x00,0x00,0xC6,0xC6,0xCC,0xF8,0xD8,0xCC,0xCC,0xC6,0x00,0x00,0x00,0x00,0x00},
      |             ^
kernel/gui/src/font_data.c:49:13: note: (在‘font_8x16[75]’的初始化附近)
kernel/gui/src/font_data.c:50:13: warning: 已初始化的字段被覆盖 [-Woverride-init]
   50 |     ['L'] = {0x00,0x00,0xC0,0xC0,0xC0,0xC0,0xC0,0xC0,0xC0,0xFC,0x00,0x00,0x00,0x00,0x00,0x00},
      |             ^
kernel/gui/src/font_data.c:50:13: note: (在‘font_8x16[76]’的初始化附近)
kernel/gui/src/font_data.c:51:13: warning: 已初始化的字段被覆盖 [-Woverride-init]
   51 |     ['M'] = {0x00,0x00,0x83,0xC3,0xC7,0xE7,0xEF,0xBF,0xBB,0x9B,0x00,0x00,0x00,0x00,0x00,0x00},
      |             ^
kernel/gui/src/font_data.c:51:13: note: (在‘font_8x16[77]’的初始化附近)
kernel/gui/src/font_data.c:52:13: warning: 已初始化的字段被覆盖 [-Woverride-init]
   52 |     ['N'] = {0x00,0x00,0x00,0xC6,0xC6,0xA6,0xB6,0x96,0x8E,0x8E,0x86,0x00,0x00,0x00,0x00,0x00},
      |             ^
kernel/gui/src/font_data.c:52:13: note: (在‘font_8x16[78]’的初始化附近)
kernel/gui/src/font_data.c:53:13: warning: 已初始化的字段被覆盖 [-Woverride-init]
   53 |     ['O'] = {0x00,0x00,0x00,0x7C,0xCE,0x86,0x83,0x83,0x86,0xCE,0x7C,0x00,0x00,0x00,0x00,0x00},
      |             ^
kernel/gui/src/font_data.c:53:13: note: (在‘font_8x16[79]’的初始化附近)
kernel/gui/src/font_data.c:54:13: warning: 已初始化的字段被覆盖 [-Woverride-init]
   54 |     ['P'] = {0x00,0x00,0x00,0xFC,0xC6,0xC6,0xC6,0xC6,0xFC,0xC0,0xC0,0x00,0x00,0x00,0x00,0x00},
      |             ^
kernel/gui/src/font_data.c:54:13: note: (在‘font_8x16[80]’的初始化附近)
kernel/gui/src/font_data.c:55:13: warning: 已初始化的字段被覆盖 [-Woverride-init]
   55 |     ['Q'] = {0x00,0x00,0x7C,0xCE,0x86,0x83,0x83,0x86,0xCE,0x7C,0x30,0x18,0x00,0x00,0x00,0x00},
      |             ^
kernel/gui/src/font_data.c:55:13: note: (在‘font_8x16[81]’的初始化附近)
kernel/gui/src/font_data.c:56:13: warning: 已初始化的字段被覆盖 [-Woverride-init]
   56 |     ['R'] = {0x00,0x00,0x00,0xFC,0xC6,0xC6,0xC6,0xFC,0xCC,0xCE,0xC6,0x00,0x00,0x00,0x00,0x00},
      |             ^
kernel/gui/src/font_data.c:56:13: note: (在‘font_8x16[82]’的初始化附近)
kernel/gui/src/font_data.c:57:13: warning: 已初始化的字段被覆盖 [-Woverride-init]
   57 |     ['S'] = {0x00,0x00,0x00,0x3C,0x30,0x60,0x38,0x1C,0x0C,0x0C,0x38,0x00,0x00,0x00,0x00,0x00},
      |             ^
kernel/gui/src/font_data.c:57:13: note: (在‘font_8x16[83]’的初始化附近)
kernel/gui/src/font_data.c:58:13: warning: 已初始化的字段被覆盖 [-Woverride-init]
      |                        ^
   58 |     ['T'] = {0x00,0x00,0x00,0xFC,0x30,0x30,0x30,0x30,0x30,0x30,0x30,0x00,0x00,0x00,0x00,0x00},
      |             ^
kernel/gui/src/font_data.c:58:13: note: (在‘font_8x16[84]’的初始化附近)
kernel/gui/src/font_data.c:59:13: warning: 已初始化的字段被覆盖 [-Woverride-init]
   59 |     ['U'] = {0x00,0x00,0x00,0xC3,0xC3,0xC2,0xC2,0xC2,0xC2,0x66,0x7E,0x00,0x00,0x00,0x00,0x00},
      |             ^
kernel/gui/src/font_data.c:59:13: note: (在‘font_8x16[85]’的初始化附近)
kernel/gui/src/font_data.c:60:13: warning: 已初始化的字段被覆盖 [-Woverride-init]
   60 |     ['V'] = {0x00,0x00,0x00,0xC6,0xC6,0xC6,0xC6,0x66,0x6C,0x38,0x18,0x00,0x00,0x00,0x00,0x00},
      |             ^
kernel/gui/src/font_data.c:60:13: note: (在‘font_8x16[86]’的初始化附近)
kernel/gui/src/font_data.c:61:13: warning: 已初始化的字段被覆盖 [-Woverride-init]
   61 |     ['W'] = {0x00,0x00,0x00,0x31,0x31,0x31,0x33,0xBB,0xBA,0xEE,0xCC,0x00,0x00,0x00,0x00,0x00},
      |             ^
kernel/gui/src/font_data.c:61:13: note: (在‘font_8x16[87]’的初始化附近)
kernel/gui/src/font_data.c:62:13: warning: 已初始化的字段被覆盖 [-Woverride-init]
   62 |     ['X'] = {0x00,0x00,0x00,0xC6,0xEC,0x7C,0x38,0x38,0x7C,0x6C,0xC6,0x00,0x00,0x00,0x00,0x00},
      |             ^
kernel/gui/src/font_data.c:62:13: note: (在‘font_8x16[88]’的初始化附近)
kernel/gui/src/font_data.c:63:13: warning: 已初始化的字段被覆盖 [-Woverride-init]
   63 |     ['Y'] = {0x00,0x00,0x00,0xC6,0xC6,0xC6,0x6C,0x7C,0x38,0x38,0x38,0x00,0x00,0x00,0x00,0x00},
      |             ^
kernel/gui/src/font_data.c:63:13: note: (在‘font_8x16[89]’的初始化附近)
kernel/gui/src/font_data.c:64:13: warning: 已初始化的字段被覆盖 [-Woverride-init]
   64 |     ['Z'] = {0x00,0x00,0x7E,0x0C,0x0C,0x18,0x18,0x30,0x60,0x7E,0x00,0x00,0x00,0x00,0x00,0x00},
      |             ^
kernel/gui/src/font_data.c:64:13: note: (在‘font_8x16[90]’的初始化附近)
kernel/gui/src/font_data.c:65:13: warning: 已初始化的字段被覆盖 [-Woverride-init]
   65 |     ['['] = {0x00,0x00,0x38,0x20,0x20,0x20,0x20,0x20,0x20,0x20,0x20,0x38,0x00,0x00,0x00,0x00},
      |             ^
kernel/gui/src/font_data.c:65:13: note: (在‘font_8x16[91]’的初始化附近)
kernel/gui/src/font_data.c:66:14: warning: 已初始化的字段被覆盖 [-Woverride-init]
   66 |     ['\\'] = {0x00,0x00,0x00,0x20,0x30,0x10,0x10,0x10,0x18,0x18,0x08,0x08,0x00,0x00,0x00,0x00},
      |              ^
kernel/gui/src/font_data.c:66:14: note: (在‘font_8x16[92]’的初始化附近)
kernel/gui/src/font_data.c:67:13: warning: 已初始化的字段被覆盖 [-Woverride-init]
   67 |     [']'] = {0x00,0x00,0x3C,0x0C,0x0C,0x0C,0x0C,0x0C,0x0C,0x0C,0x0C,0x3C,0x00,0x00,0x00,0x00},
      |             ^
kernel/gui/src/font_data.c:67:13: note: (在‘font_8x16[93]’的初始化附近)
kernel/gui/src/font_data.c:68:13: warning: 已初始化的字段被覆盖 [-Woverride-init]
   68 |     ['^'] = {0x00,0x00,0x00,0x00,0x18,0x38,0x3C,0x64,0x00,0x00,0x00,0x00,0x00,0x00,0x00,0x00},
      |             ^
kernel/gui/include/stb_truetype.h:3847:24: warning: ‘short unsigned int’转换自‘short int’时可能会改变结果的符号 [-Wsign-conversion]
 3847 |       chardata[i].x1 = (stbtt_int16) (x + gw);
      |                        ^
kernel/gui/include/stb_truetype.h:3848:24: warning: ‘short unsigned int’转换自‘short int’时可能会改变结果的符号 [-Wsign-conversion]
kernel/gui/src/font_data.c:68:13: note: (在‘font_8x16[94]’的初始化附近)
kernel/gui/src/font_data.c:69:13: warning: 已初始化的字段被覆盖 [-Woverride-init]
 3848 |       chardata[i].y1 = (stbtt_int16) (y + gh);
      |                        ^
kernel/gui/include/stb_truetype.h:3849:36: warning: conversion from ‘int’ to ‘float’ may change value [-Wconversion]
 3849 |       chardata[i].xadvance = scale * advance;
      |                                    ^
kernel/gui/include/stb_truetype.h: 在函数‘stbtt_GetBakedQuad’中:
kernel/gui/include/stb_truetype.h:3862:21: warning: conversion from ‘int’ to ‘float’ may change value [-Wconversion]
   69 |     ['_'] = {0x00,0x00,0x00,0x00,0x00,0x00,0x7C,0x00,0x00,0x00,0x00,0x00,0x00,0x00,0x00,0x00},
      |             ^
kernel/gui/src/font_data.c:69:13: note: (在‘font_8x16[95]’的初始化附近)
kernel/gui/src/font_data.c:70:13: warning: 已初始化的字段被覆盖 [-Woverride-init]
   70 |     ['`'] = {0x00,0x00,0x00,0x30,0x08,0x00,0x00,0x00,0x00,0x00,0x00,0x00,0x00,0x00,0x00,0x00},
      |             ^
kernel/gui/src/font_data.c:70:13: note: (在‘font_8x16[96]’的初始化附近)
kernel/gui/src/font_data.c:71:13: warning: 已初始化的字段被覆盖 [-Woverride-init]
   71 |     ['a'] = {0x00,0x00,0x00,0x00,0x7C,0xEC,0xCC,0xCC,0xEC,0x7C,0x00,0x00,0x00,0x00,0x00,0x00},
      |             ^
kernel/gui/src/font_data.c:71:13: note: (在‘font_8x16[97]’的初始化附近)
 3862 |    float ipw = 1.0f / pw, iph = 1.0f / ph;
      |                     ^
kernel/gui/include/stb_truetype.h:3862:38: warning: conversion from ‘int’ to ‘float’ may change value [-Wconversion]
 3862 |    float ipw = 1.0f / pw, iph = 1.0f / ph;
      |                                      ^
kernel/gui/include/stb_truetype.h:3867:20: warning: conversion from ‘int’ to ‘float’ may change value [-Wconversion]
 3867 |    q->x0 = round_x + d3d_bias;
      |                    ^
kernel/gui/include/stb_truetype.h:3868:20: warning: conversion from ‘int’ to ‘float’ may change value [-Wconversion]
 3868 |    q->y0 = round_y + d3d_bias;
      |                    ^
kernel/gui/include/stb_truetype.h:3869:36: warning: conversion from ‘int’ to ‘float’ may change value [-Wconversion]
 3869 |    q->x1 = round_x + b->x1 - b->x0 + d3d_bias;
      |                                    ^
kernel/gui/include/stb_truetype.h:3870:36: warning: conversion from ‘int’ to ‘float’ may change value [-Wconversion]
kernel/gui/src/font_data.c:72:13: warning: 已初始化的字段被覆盖 [-Woverride-init]
 3870 |    q->y1 = round_y + b->y1 - b->y0 + d3d_bias;
      |                                    ^
kernel/gui/include/stb_truetype.h: 在函数‘stbtt_PackBegin’中:
kernel/gui/include/stb_truetype.h:3961:77: warning: ‘long long unsigned int’转换自‘int’时可能会改变结果的符号 [-Wsign-conversion]
 3961 |    stbrp_node    *nodes   = (stbrp_node    *) STBTT_malloc(sizeof(*nodes  ) * num_nodes,alloc_context);
      |                                                                             ^
kernel/gui/src/font_ttf.c:26:64: note: in definition of macro ‘STBTT_malloc’
   26 | #define STBTT_malloc(x, u) ((void)(u), memory_alloc((uint64_t)(x)))
   72 |     ['b'] = {0x00,0x00,0x00,0xC0,0xC0,0xFC,0xEC,0xC6,0xC6,0xEC,0xF8,0x00,0x00,0x00,0x00,0x00},
      |             ^
kernel/gui/src/font_data.c:72:13: note: (在‘font_8x16[98]’的初始化附近)
kernel/gui/src/font_data.c:73:13: warning: 已初始化的字段被覆盖 [-Woverride-init]
   73 |     ['c'] = {0x00,0x00,0x00,0x00,0x3C,0x70,0x60,0x60,0x70,0x3C,0x00,0x00,0x00,0x00,0x00,0x00},
      |             ^
kernel/gui/src/font_data.c:73:13: note: (在‘font_8x16[99]’的初始化附近)
      |                                                                ^
kernel/gui/include/stb_truetype.h:3984:33: warning: ‘size_t’ {或称 ‘long long unsigned int’}转换自‘int’时可能会改变结果的符号 [-Wsign-conversion]
 3984 |       STBTT_memset(pixels, 0, pw*ph); // background of 0 around pixels
      |                               ~~^~~
kernel/gui/src/font_data.c:74:13: warning: 已初始化的字段被覆盖 [-Woverride-init]
   74 |     ['d'] = {0x00,0x00,0x00,0x04,0x04,0x7C,0xEC,0xCC,0xCC,0xEC,0x7C,0x00,0x00,0x00,0x00,0x00},
      |             ^
kernel/gui/src/font_data.c:74:13: note: (在‘font_8x16[100]’的初始化附近)
kernel/gui/src/font_data.c:75:13: warning: 已初始化的字段被覆盖 [-Woverride-init]
   75 |     ['e'] = {0x00,0x00,0x00,0x00,0x3C,0x66,0x7E,0x60,0x70,0x3C,0x00,0x00,0x00,0x00,0x00,0x00},
      |             ^
kernel/gui/src/font_data.c:75:13: note: (在‘font_8x16[101]’的初始化附近)
kernel/gui/src/font_data.c:76:13: warning: 已初始化的字段被覆盖 [-Woverride-init]
   76 |     ['f'] = {0x00,0x00,0x00,0x1C,0x18,0x3C,0x10,0x10,0x10,0x10,0x10,0x00,0x00,0x00,0x00,0x00},
      |             ^
kernel/gui/src/font_data.c:76:13: note: (在‘font_8x16[102]’的初始化附近)
kernel/gui/src/font_data.c:77:13: warning: 已初始化的字段被覆盖 [-Woverride-init]
   77 |     ['g'] = {0x00,0x00,0x00,0x3E,0x66,0x66,0x66,0x66,0x3E,0x06,0x3C,0x00,0x00,0x00,0x00,0x00},
      |             ^
kernel/gui/src/font_data.c:77:13: note: (在‘font_8x16[103]’的初始化附近)
kernel/gui/src/font_data.c:78:13: warning: 已初始化的字段被覆盖 [-Woverride-init]
   78 |     ['h'] = {0x00,0x00,0x60,0x60,0x7C,0x76,0x66,0x66,0x66,0x66,0x00,0x00,0x00,0x00,0x00,0x00},
      |             ^
kernel/gui/src/font_data.c:78:13: note: (在‘font_8x16[104]’的初始化附近)
kernel/gui/src/font_data.c:79:13: warning: 已初始化的字段被覆盖 [-Woverride-init]
   79 |     ['i'] = {0x00,0x00,0x00,0x30,0x00,0x30,0x30,0x30,0x30,0x30,0x30,0x00,0x00,0x00,0x00,0x00},
      |             ^
kernel/gui/src/font_data.c:79:13: note: (在‘font_8x16[105]’的初始化附近)
kernel/gui/src/font_data.c:80:13: warning: 已初始化的字段被覆盖 [-Woverride-init]
   80 |     ['j'] = {0x00,0x00,0x18,0x00,0x18,0x18,0x18,0x18,0x18,0x18,0x18,0x10,0x00,0x00,0x00,0x00},
      |             ^
kernel/gui/src/font_data.c:80:13: note: (在‘font_8x16[106]’的初始化附近)
kernel/gui/src/font_data.c:81:13: warning: 已初始化的字段被覆盖 [-Woverride-init]
   81 |     ['k'] = {0x00,0x00,0xC0,0xC0,0xFC,0xE6,0xCC,0xFC,0xCC,0xCC,0x00,0x00,0x00,0x00,0x00,0x00},
      |             ^
kernel/gui/src/font_data.c:81:13: note: (在‘font_8x16[107]’的初始化附近)
kernel/gui/src/font_data.c:82:13: warning: 已初始化的字段被覆盖 [-Woverride-init]
   82 |     ['l'] = {0x00,0x00,0x00,0x30,0x30,0x30,0x30,0x30,0x30,0x30,0x30,0x00,0x00,0x00,0x00,0x00},
      |             ^
kernel/gui/src/font_data.c:82:13: note: (在‘font_8x16[108]’的初始化附近)
kernel/gui/src/font_data.c:83:13: warning: 已初始化的字段被覆盖 [-Woverride-init]
   83 |     ['m'] = {0x00,0x00,0x00,0xF7,0xD9,0x99,0x99,0x99,0x99,0x00,0x00,0x00,0x00,0x00,0x00,0x00},
kernel/gui/include/stb_truetype.h: 在函数‘stbtt__h_prefilter’中:
kernel/gui/include/stb_truetype.h:4015:19: warning: ‘unsigned int’转换自‘int’时可能会改变结果的符号 [-Wsign-conversion]
      |             ^
kernel/gui/src/font_data.c:83:13: note: (在‘font_8x16[109]’的初始化附近)
 4015 |    int safe_w = w - kernel_width;
kernel/gui/src/font_data.c:84:13: warning: 已初始化的字段被覆盖 [-Woverride-init]
   84 |     ['n'] = {0x00,0x00,0x00,0x7E,0x76,0x66,0x66,0x66,0x66,0x00,0x00,0x00,0x00,0x00,0x00,0x00},
      |             ^
kernel/gui/src/font_data.c:84:13: note: (在‘font_8x16[110]’的初始化附近)
kernel/gui/src/font_data.c:85:13: warning: 已初始化的字段被覆盖 [-Woverride-init]
      |                   ^
kernel/gui/include/stb_truetype.h:4015:17: warning: ‘int’转换自‘unsigned int’时可能会改变结果的符号 [-Wsign-conversion]
 4015 |    int safe_w = w - kernel_width;
      |                 ^
kernel/gui/include/stb_truetype.h:4030:25: warning: ‘unsigned int’转换自‘int’时可能会改变结果的符号 [-Wsign-conversion]
 4030 |                buffer[(i+kernel_width) & STBTT__OVER_MASK] = pixels[i];
      |                         ^
kernel/gui/include/stb_truetype.h:4037:25: warning: ‘unsigned int’转换自‘int’时可能会改变结果的符号 [-Wsign-conversion]
 4037 |                buffer[(i+kernel_width) & STBTT__OVER_MASK] = pixels[i];
      |                         ^
kernel/gui/include/stb_truetype.h:4044:25: warning: ‘unsigned int’转换自‘int’时可能会改变结果的符号 [-Wsign-conversion]
 4044 |                buffer[(i+kernel_width) & STBTT__OVER_MASK] = pixels[i];
      |                         ^
kernel/gui/include/stb_truetype.h:4051:25: warning: ‘unsigned int’转换自‘int’时可能会改变结果的符号 [-Wsign-conversion]
 4051 |                buffer[(i+kernel_width) & STBTT__OVER_MASK] = pixels[i];
      |                         ^
kernel/gui/include/stb_truetype.h:4058:25: warning: ‘unsigned int’转换自‘int’时可能会改变结果的符号 [-Wsign-conversion]
 4058 |                buffer[(i+kernel_width) & STBTT__OVER_MASK] = pixels[i];
      |                         ^
kernel/gui/include/stb_truetype.h: 在函数‘stbtt__v_prefilter’中:
kernel/gui/include/stb_truetype.h:4077:19: warning: ‘unsigned int’转换自‘int’时可能会改变结果的符号 [-Wsign-conversion]
 4077 |    int safe_h = h - kernel_width;
      |                   ^
kernel/gui/include/stb_truetype.h:4077:17: warning: ‘int’转换自‘unsigned int’时可能会改变结果的符号 [-Wsign-conversion]
 4077 |    int safe_h = h - kernel_width;
      |                 ^
kernel/gui/include/stb_truetype.h:4092:25: warning: ‘unsigned int’转换自‘int’时可能会改变结果的符号 [-Wsign-conversion]
 4092 |                buffer[(i+kernel_width) & STBTT__OVER_MASK] = pixels[i*stride_in_bytes];
      |                         ^
kernel/gui/include/stb_truetype.h:4099:25: warning: ‘unsigned int’转换自‘int’时可能会改变结果的符号 [-Wsign-conversion]
 4099 |                buffer[(i+kernel_width) & STBTT__OVER_MASK] = pixels[i*stride_in_bytes];
      |                         ^
kernel/gui/include/stb_truetype.h:4106:25: warning: ‘unsigned int’转换自‘int’时可能会改变结果的符号 [-Wsign-conversion]
 4106 |                buffer[(i+kernel_width) & STBTT__OVER_MASK] = pixels[i*stride_in_bytes];
      |                         ^
kernel/gui/include/stb_truetype.h:4113:25: warning: ‘unsigned int’转换自‘int’时可能会改变结果的符号 [-Wsign-conversion]
 4113 |                buffer[(i+kernel_width) & STBTT__OVER_MASK] = pixels[i*stride_in_bytes];
      |                         ^
kernel/gui/include/stb_truetype.h:4120:25: warning: ‘unsigned int’转换自‘int’时可能会改变结果的符号 [-Wsign-conversion]
 4120 |                buffer[(i+kernel_width) & STBTT__OVER_MASK] = pixels[i*stride_in_bytes];
      |                         ^
kernel/gui/include/stb_truetype.h: 在函数‘stbtt_PackFontRangesGatherRects’中:
kernel/gui/include/stb_truetype.h:4168:51: warning: conversion from ‘unsigned int’ to ‘float’ may change value [-Wconversion]
 4168 |                                             scale * spc->h_oversample,
      |                                                   ^
kernel/gui/include/stb_truetype.h:4169:51: warning: conversion from ‘unsigned int’ to ‘float’ may change value [-Wconversion]
 4169 |                                             scale * spc->v_oversample,
      |                                                   ^
kernel/gui/include/stb_truetype.h:4172:62: warning: ‘unsigned int’转换自‘int’时可能会改变结果的符号 [-Wsign-conversion]
 4172 |             rects[k].w = (stbrp_coord) (x1-x0 + spc->padding + spc->h_oversample-1);
      |                                                              ^
kernel/gui/include/stb_truetype.h:4173:62: warning: ‘unsigned int’转换自‘int’时可能会改变结果的符号 [-Wsign-conversion]
 4173 |             rects[k].h = (stbrp_coord) (y1-y0 + spc->padding + spc->v_oversample-1);
      |                                                              ^
kernel/gui/include/stb_truetype.h: 在函数‘stbtt_MakeGlyphBitmapSubpixelPrefilter’中:
kernel/gui/include/stb_truetype.h:4198:60: warning: ‘unsigned int’转换自‘int’时可能会改变结果的符号 [-Wsign-conversion]
 4198 |       stbtt__h_prefilter(output, out_w, out_h, out_stride, prefilter_x);
      |                                                            ^~~~~~~~~~~
kernel/gui/include/stb_truetype.h:4201:60: warning: ‘unsigned int’转换自‘int’时可能会改变结果的符号 [-Wsign-conversion]
   85 |     ['o'] = {0x00,0x00,0x00,0x00,0x3C,0x66,0x66,0x66,0x66,0x3C,0x00,0x00,0x00,0x00,0x00,0x00},
 4201 |       stbtt__v_prefilter(output, out_w, out_h, out_stride, prefilter_y);
      |                                                            ^~~~~~~~~~~
kernel/gui/include/stb_truetype.h: 在函数‘stbtt_PackFontRangesRenderIntoRects’中:
kernel/gui/include/stb_truetype.h:4213:21: warning: ‘int’转换自‘unsigned int’时可能会改变结果的符号 [-Wsign-conversion]
 4213 |    int old_h_over = spc->h_oversample;
      |                     ^~~
kernel/gui/include/stb_truetype.h:4214:21: warning: ‘int’转换自‘unsigned int’时可能会改变结果的符号 [-Wsign-conversion]
 4214 |    int old_v_over = spc->v_oversample;
      |                     ^~~
kernel/gui/include/stb_truetype.h:4223:22: warning: conversion from ‘unsigned int’ to ‘float’ may change value [-Wconversion]
 4223 |       recip_h = 1.0f / spc->h_oversample;
      |                      ^
kernel/gui/include/stb_truetype.h:4224:22: warning: conversion from ‘unsigned int’ to ‘float’ may change value [-Wconversion]
 4224 |       recip_v = 1.0f / spc->v_oversample;
      |                      ^
kernel/gui/include/stb_truetype.h:4225:42: warning: ‘int’转换自‘unsigned int’时可能会改变结果的符号 [-Wsign-conversion]
 4225 |       sub_x = stbtt__oversample_shift(spc->h_oversample);
      |                                       ~~~^~~~~~~~~~~~~~
kernel/gui/include/stb_truetype.h:4226:42: warning: ‘int’转换自‘unsigned int’时可能会改变结果的符号 [-Wsign-conversion]
 4226 |       sub_y = stbtt__oversample_shift(spc->v_oversample);
      |                                       ~~~^~~~~~~~~~~~~~
kernel/gui/include/stb_truetype.h:4243:43: warning: conversion from ‘unsigned int’ to ‘float’ may change value [-Wconversion]
 4243 |                                     scale * spc->h_oversample,
      |                                           ^
kernel/gui/include/stb_truetype.h:4244:43: warning: conversion from ‘unsigned int’ to ‘float’ may change value [-Wconversion]
 4244 |                                     scale * spc->v_oversample,
      |                                           ^
kernel/gui/include/stb_truetype.h:4248:48: warning: ‘unsigned int’转换自‘int’时可能会改变结果的符号 [-Wsign-conversion]
 4248 |                                           r->w - spc->h_oversample+1,
      |                                                ^
kernel/gui/include/stb_truetype.h:4249:48: warning: ‘unsigned int’转换自‘int’时可能会改变结果的符号 [-Wsign-conversion]
 4249 |                                           r->h - spc->v_oversample+1,
      |                                                ^
kernel/gui/include/stb_truetype.h:4251:49: warning: conversion from ‘unsigned int’ to ‘float’ may change value [-Wconversion]
 4251 |                                           scale * spc->h_oversample,
      |                                                 ^
kernel/gui/include/stb_truetype.h:4252:49: warning: conversion from ‘unsigned int’ to ‘float’ may change value [-Wconversion]
 4252 |                                           scale * spc->v_oversample,
      |                                                 ^
kernel/gui/include/stb_truetype.h:4248:67: warning: ‘int’转换自‘unsigned int’时可能会改变结果的符号 [-Wsign-conversion]
 4248 |                                           r->w - spc->h_oversample+1,
      |                                           ~~~~~~~~~~~~~~~~~~~~~~~~^~
kernel/gui/include/stb_truetype.h:4249:67: warning: ‘int’转换自‘unsigned int’时可能会改变结果的符号 [-Wsign-conversion]
 4249 |                                           r->h - spc->v_oversample+1,
      |                                           ~~~~~~~~~~~~~~~~~~~~~~~~^~
kernel/gui/include/stb_truetype.h:4266:28: warning: ‘short unsigned int’转换自‘short int’时可能会改变结果的符号 [-Wsign-conversion]
 4266 |             bc->x0       = (stbtt_int16)  r->x;
      |                            ^
kernel/gui/include/stb_truetype.h:4267:28: warning: ‘short unsigned int’转换自‘short int’时可能会改变结果的符号 [-Wsign-conversion]
 4267 |             bc->y0       = (stbtt_int16)  r->y;
      |                            ^
kernel/gui/include/stb_truetype.h:4268:28: warning: ‘short unsigned int’转换自‘short int’时可能会改变结果的符号 [-Wsign-conversion]
      |             ^
 4268 |             bc->x1       = (stbtt_int16) (r->x + r->w);
      |                            ^
kernel/gui/include/stb_truetype.h:4269:28: warning: ‘short unsigned int’转换自‘short int’时可能会改变结果的符号 [-Wsign-conversion]
 4269 |             bc->y1       = (stbtt_int16) (r->y + r->h);
      |                            ^
kernel/gui/include/stb_truetype.h:4270:49: warning: conversion from ‘int’ to ‘float’ may change value [-Wconversion]
 4270 |             bc->xadvance =                scale * advance;
      |                                                 ^
kernel/gui/include/stb_truetype.h:4273:55: warning: conversion from ‘int’ to ‘float’ may change value [-Wconversion]
 4273 |             bc->xoff2    =                (x0 + r->w) * recip_h + sub_x;
      |                                                       ^
kernel/gui/include/stb_truetype.h:4274:55: warning: conversion from ‘int’ to ‘float’ may change value [-Wconversion]
kernel/gui/src/font_data.c:85:13: note: (在‘font_8x16[111]’的初始化附近)
 4274 |             bc->yoff2    =                (y0 + r->h) * recip_v + sub_y;
      |                                                       ^
kernel/gui/include/stb_truetype.h:4291:24: warning: ‘unsigned int’转换自‘int’时可能会改变结果的符号 [-Wsign-conversion]
 4291 |    spc->h_oversample = old_h_over;
      |                        ^~~~~~~~~~
kernel/gui/include/stb_truetype.h:4292:24: warning: ‘unsigned int’转换自‘int’时可能会改变结果的符号 [-Wsign-conversion]
 4292 |    spc->v_oversample = old_v_over;
      |                        ^~~~~~~~~~
kernel/gui/include/stb_truetype.h: 在函数‘stbtt_PackFontRanges’中:
kernel/gui/include/stb_truetype.h:4321:55: warning: ‘long long unsigned int’转换自‘int’时可能会改变结果的符号 [-Wsign-conversion]
 4321 |    rects = (stbrp_rect *) STBTT_malloc(sizeof(*rects) * n, spc->user_allocator_context);
      |                                                       ^
kernel/gui/src/font_ttf.c:26:64: note: in definition of macro ‘STBTT_malloc’
   26 | #define STBTT_malloc(x, u) ((void)(u), memory_alloc((uint64_t)(x)))
      |                                                                ^
kernel/gui/include/stb_truetype.h: 在函数‘stbtt_GetPackedQuad’中:
kernel/gui/include/stb_truetype.h:4365:21: warning: conversion from ‘int’ to ‘float’ may change value [-Wconversion]
 4365 |    float ipw = 1.0f / pw, iph = 1.0f / ph;
      |                     ^
kernel/gui/include/stb_truetype.h:4365:38: warning: conversion from ‘int’ to ‘float’ may change value [-Wconversion]
 4365 |    float ipw = 1.0f / pw, iph = 1.0f / ph;
      |                                      ^
kernel/gui/include/stb_truetype.h: 在函数‘stbtt__ray_intersect_bezier’中:
kernel/gui/include/stb_truetype.h:4412:10: warning: implicit conversion from ‘float’ to ‘double’ to match other operand of binary expression [-Wdouble-promotion]
 4412 |    if (a != 0.0) {
      |          ^~
kernel/gui/include/stb_truetype.h:4414:17: warning: implicit conversion from ‘float’ to ‘double’ to match other operand of binary expression [-Wdouble-promotion]
 4414 |       if (discr > 0.0) {
      |                 ^
kernel/gui/include/stb_truetype.h:4419:17: warning: implicit conversion from ‘float’ to ‘double’ to match other operand of binary expression [-Wdouble-promotion]
 4419 |          if (s0 >= 0.0 && s0 <= 1.0)
      |                 ^~
kernel/gui/include/stb_truetype.h:4419:30: warning: implicit conversion from ‘float’ to ‘double’ to match other operand of binary expression [-Wdouble-promotion]
 4419 |          if (s0 >= 0.0 && s0 <= 1.0)
      |                              ^~
kernel/gui/include/stb_truetype.h:4421:16: warning: implicit conversion from ‘float’ to ‘double’ to match other operand of binary expression [-Wdouble-promotion]
 4421 |          if (d > 0.0 && s1 >= 0.0 && s1 <= 1.0) {
      |                ^
kernel/gui/include/stb_truetype.h:4421:28: warning: implicit conversion from ‘float’ to ‘double’ to match other operand of binary expression [-Wdouble-promotion]
 4421 |          if (d > 0.0 && s1 >= 0.0 && s1 <= 1.0) {
      |                            ^~
kernel/gui/include/stb_truetype.h:4421:41: warning: implicit conversion from ‘float’ to ‘double’ to match other operand of binary expression [-Wdouble-promotion]
 4421 |          if (d > 0.0 && s1 >= 0.0 && s1 <= 1.0) {
      |                                         ^~
kernel/gui/include/stb_truetype.h:4430:14: warning: implicit conversion from ‘float’ to ‘double’ to match other operand of binary expression [-Wdouble-promotion]
 4430 |       if (s0 >= 0.0 && s0 <= 1.0)
      |              ^~
kernel/gui/include/stb_truetype.h:4430:27: warning: implicit conversion from ‘float’ to ‘double’ to match other operand of binary expression [-Wdouble-promotion]
 4430 |       if (s0 >= 0.0 && s0 <= 1.0)
      |                           ^~
kernel/gui/include/stb_truetype.h: 在函数‘stbtt__compute_crossings_x’中:
kernel/gui/include/stb_truetype.h:4490:32: warning: conversion from ‘int’ to ‘float’ may change value [-Wconversion]
 4490 |             float x_inter = (y - y0) / (y1 - y0) * (x1-x0) + x0;
      |                                ^
kernel/gui/include/stb_truetype.h:4490:38: warning: conversion from ‘int’ to ‘float’ may change value [-Wconversion]
 4490 |             float x_inter = (y - y0) / (y1 - y0) * (x1-x0) + x0;
      |                                      ^
kernel/gui/include/stb_truetype.h:4490:50: warning: conversion from ‘int’ to ‘float’ may change value [-Wconversion]
 4490 |             float x_inter = (y - y0) / (y1 - y0) * (x1-x0) + x0;
      |                                                  ^
kernel/gui/include/stb_truetype.h:4490:60: warning: conversion from ‘int’ to ‘float’ may change value [-Wconversion]
 4490 |             float x_inter = (y - y0) / (y1 - y0) * (x1-x0) + x0;
      |                                                            ^
kernel/gui/include/stb_truetype.h:4516:38: warning: conversion from ‘int’ to ‘float’ may change value [-Wconversion]
 4516 |                   float x_inter = (y - y0) / (y1 - y0) * (x1-x0) + x0;
      |                                      ^
kernel/gui/src/font_data.c:86:13: warning: 已初始化的字段被覆盖 [-Woverride-init]
   86 |     ['p'] = {0x00,0x00,0x00,0xF8,0xEC,0xC6,0xC6,0xEC,0xF8,0xC0,0xC0,0x00,0x00,0x00,0x00,0x00},
      |             ^
kernel/gui/include/stb_truetype.h:4516:44: warning: conversion from ‘int’ to ‘float’ may change value [-Wconversion]
kernel/gui/src/font_data.c:86:13: note: (在‘font_8x16[112]’的初始化附近)
kernel/gui/src/font_data.c:87:13: warning: 已初始化的字段被覆盖 [-Woverride-init]
 4516 |                   float x_inter = (y - y0) / (y1 - y0) * (x1-x0) + x0;
   87 |     ['q'] = {0x00,0x00,0x00,0x7C,0xEC,0xCC,0xC4,0xEC,0x7C,0x04,0x04,0x00,0x00,0x00,0x00,0x00},
      |                                            ^
      |             ^
kernel/gui/src/font_data.c:87:13: note: (在‘font_8x16[113]’的初始化附近)
kernel/gui/src/font_data.c:88:13: warning: 已初始化的字段被覆盖 [-Woverride-init]
   88 |     ['r'] = {0x00,0x00,0x00,0x3C,0x30,0x30,0x30,0x30,0x30,0x00,0x00,0x00,0x00,0x00,0x00,0x00},
      |             ^
kernel/gui/include/stb_truetype.h:4516:56: warning: conversion from ‘int’ to ‘float’ may change value [-Wconversion]
 4516 |                   float x_inter = (y - y0) / (y1 - y0) * (x1-x0) + x0;
      |                                                        ^
kernel/gui/include/stb_truetype.h:4516:66: warning: conversion from ‘int’ to ‘float’ may change value [-Wconversion]
 4516 |                   float x_inter = (y - y0) / (y1 - y0) * (x1-x0) + x0;
      |                                                                  ^
kernel/gui/include/stb_truetype.h: 在函数‘stbtt__solve_cubic’中:
kernel/gui/include/stb_truetype.h:4561:56: warning: implicit conversion from ‘float’ to ‘double’ to match other operand of binary expression [-Wdouble-promotion]
 4561 |       float v = (float) STBTT_acos(-STBTT_sqrt(-27/p3) * q / 2) / 3; // p3 must be negative, since d is negative
      |                                                        ^
kernel/gui/src/font_ttf.c:35:42: note: in definition of macro ‘STBTT_acos’
   35 | #define STBTT_acos(x)      acos((double)(x))
      |                                          ^
kernel/gui/include/stb_truetype.h:4563:36: warning: implicit conversion from ‘float’ to ‘double’ to match other operand of binary expression [-Wdouble-promotion]
 4563 |       float n = (float) STBTT_cos(v-3.141592/2)*1.732050808f;
      |                                    ^
kernel/gui/src/font_ttf.c:34:41: note: in definition of macro ‘STBTT_cos’
   34 | #define STBTT_cos(x)       cos((double)(x))
kernel/gui/src/font_data.c:88:13: note: (在‘font_8x16[114]’的初始化附近)
      |                                         ^
kernel/gui/include/stb_truetype.h: 在函数‘stbtt_GetGlyphSDF’中:
kernel/gui/include/stb_truetype.h:4614:53: warning: ‘long long unsigned int’转换自‘int’时可能会改变结果的符号 [-Wsign-conversion]
 4614 |       precompute = (float *) STBTT_malloc(num_verts * sizeof(float), info->userdata);
      |                                                     ^
kernel/gui/src/font_ttf.c:26:64: note: in definition of macro ‘STBTT_malloc’
   26 | #define STBTT_malloc(x, u) ((void)(u), memory_alloc((uint64_t)(x)))
      |                                                                ^
kernel/gui/include/stb_truetype.h:4690:32: warning: implicit conversion from ‘float’ to ‘double’ to match other operand of binary expression [-Wdouble-promotion]
 4690 |                      if (a_inv == 0.0) { // if a_inv is 0, it's 2nd degree so use quadratic formula
      |                                ^~
kernel/gui/include/stb_truetype.h:4694:43: warning: implicit conversion from ‘float’ to ‘double’ to match other operand of binary expression [-Wdouble-promotion]
 4694 |                         if (STBTT_fabs(a) < eps2) { // if a is 0, it's linear
      |                                           ^
kernel/gui/include/stb_truetype.h:4695:46: warning: implicit conversion from ‘float’ to ‘double’ to match other operand of binary expression [-Wdouble-promotion]
 4695 |                            if (STBTT_fabs(b) >= eps2) {
      |                                              ^~
kernel/gui/include/stb_truetype.h: 在函数‘stbtt__CompareUTF8toUTF16_bigendian_prefix’中:
kernel/gui/include/stb_truetype.h:4784:25: warning: conversion from ‘int’ to ‘stbtt_uint16’ {或称 ‘short unsigned int’} may change value [-Wconversion]
 4784 |       stbtt_uint16 ch = s2[0]*256 + s2[1];
      |                         ^~
kernel/gui/include/stb_truetype.h:4794:29: warning: conversion from ‘int’ to ‘stbtt_uint16’ {或称 ‘short unsigned int’} may change value [-Wconversion]
 4794 |          stbtt_uint16 ch2 = s2[2]*256 + s2[3];
      |                             ^~
kernel/gui/include/stb_truetype.h:4796:14: warning: ‘stbtt_uint32’ {或称 ‘unsigned int’}转换自‘int’时可能会改变结果的符号 [-Wsign-conversion]
 4796 |          c = ((ch - 0xd800) << 10) + (ch2 - 0xdc00) + 0x10000;
      |              ^
kernel/gui/include/stb_truetype.h: 在函数‘stbtt_GetFontNameString’中:
kernel/gui/include/stb_truetype.h:4828:26: warning: ‘stbtt_uint32’ {或称 ‘unsigned int’}转换自‘int’时可能会改变结果的符号 [-Wsign-conversion]
 4828 |    stbtt_uint32 offset = font->fontstart;
      |                          ^~~~
kernel/gui/src/font_data.c:89:13: warning: 已初始化的字段被覆盖 [-Woverride-init]
   89 |     ['s'] = {0x00,0x00,0x00,0x00,0x18,0x30,0x38,0x18,0x08,0x38,0x00,0x00,0x00,0x00,0x00,0x00},
      |             ^
kernel/gui/src/font_data.c:89:13: note: (在‘font_8x16[115]’的初始化附近)
kernel/gui/src/font_data.c:90:13: warning: 已初始化的字段被覆盖 [-Woverride-init]
   90 |     ['t'] = {0x00,0x00,0x00,0x10,0x10,0x3C,0x10,0x10,0x10,0x10,0x1C,0x00,0x00,0x00,0x00,0x00},
      |             ^
kernel/gui/src/font_data.c:90:13: note: (在‘font_8x16[116]’的初始化附近)
kernel/gui/src/font_data.c:91:13: warning: 已初始化的字段被覆盖 [-Woverride-init]
   91 |     ['u'] = {0x00,0x00,0x00,0x00,0x4C,0xCC,0xCC,0xCC,0xEC,0x7C,0x00,0x00,0x00,0x00,0x00,0x00},
      |             ^
kernel/gui/src/font_data.c:91:13: note: (在‘font_8x16[117]’的初始化附近)
kernel/gui/src/font_data.c:92:13: warning: 已初始化的字段被覆盖 [-Woverride-init]
   92 |     ['v'] = {0x00,0x00,0x00,0x66,0x66,0x66,0x26,0x3C,0x18,0x00,0x00,0x00,0x00,0x00,0x00,0x00},
      |             ^
kernel/gui/src/font_data.c:92:13: note: (在‘font_8x16[118]’的初始化附近)
kernel/gui/src/font_data.c:93:13: warning: 已初始化的字段被覆盖 [-Woverride-init]
   93 |     ['w'] = {0x00,0x00,0x00,0x00,0x93,0x93,0xB3,0xBA,0xFE,0x6C,0x00,0x00,0x00,0x00,0x00,0x00},
      |             ^
kernel/gui/src/font_data.c:93:13: note: (在‘font_8x16[119]’的初始化附近)
kernel/gui/src/font_data.c:94:13: warning: 已初始化的字段被覆盖 [-Woverride-init]
   94 |     ['x'] = {0x00,0x00,0x00,0x00,0x6C,0x7C,0x38,0x38,0x7C,0x6C,0x00,0x00,0x00,0x00,0x00,0x00},
      |             ^
kernel/gui/src/font_data.c:94:13: note: (在‘font_8x16[120]’的初始化附近)
kernel/gui/src/font_data.c:95:13: warning: 已初始化的字段被覆盖 [-Woverride-init]
   95 |     ['y'] = {0x00,0x00,0x00,0x66,0x66,0x66,0x64,0x3C,0x18,0x18,0x70,0x00,0x00,0x00,0x00,0x00},
      |             ^
kernel/gui/src/font_data.c:95:13: note: (在‘font_8x16[121]’的初始化附近)
kernel/gui/src/font_data.c:96:13: warning: 已初始化的字段被覆盖 [-Woverride-init]
   96 |     ['z'] = {0x00,0x00,0x00,0x7C,0x0C,0x18,0x30,0x60,0x7C,0x00,0x00,0x00,0x00,0x00,0x00,0x00},
      |             ^
kernel/gui/src/font_data.c:96:13: note: (在‘font_8x16[122]’的初始化附近)
kernel/gui/src/font_data.c:97:13: warning: 已初始化的字段被覆盖 [-Woverride-init]
   97 |     ['{'] = {0x00,0x00,0x1C,0x18,0x18,0x18,0x18,0x30,0x18,0x18,0x18,0x1C,0x00,0x00,0x00,0x00},
      |             ^
kernel/gui/src/font_data.c:97:13: note: (在‘font_8x16[123]’的初始化附近)
kernel/gui/src/font_data.c:98:13: warning: 已初始化的字段被覆盖 [-Woverride-init]
   98 |     ['|'] = {0x00,0x00,0x00,0x10,0x10,0x10,0x10,0x10,0x10,0x10,0x10,0x10,0x00,0x00,0x00,0x00},
      |             ^
kernel/gui/src/font_data.c:98:13: note: (在‘font_8x16[124]’的初始化附近)
kernel/gui/src/font_data.c:99:13: warning: 已初始化的字段被覆盖 [-Woverride-init]
   99 |     ['}'] = {0x00,0x00,0x38,0x08,0x18,0x18,0x0C,0x18,0x18,0x08,0x08,0x38,0x00,0x00,0x00,0x00},
kernel/gui/include/stb_truetype.h:4833:19: warning: ‘stbtt_int32’ {或称 ‘int’}转换自‘stbtt_uint32’ {或称 ‘unsigned int’}时可能会改变结果的符号 [-Wsign-conversion]
      |             ^
kernel/gui/src/font_data.c:99:13: note: (在‘font_8x16[125]’的初始化附近)
kernel/gui/src/font_data.c:100:13: warning: 已初始化的字段被覆盖 [-Woverride-init]
  100 |     ['~'] = {0x00,0x00,0x00,0x00,0x00,0x36,0x6E,0x00,0x00,0x00,0x00,0x00,0x00,0x00,0x00,0x00},
      |             ^
kernel/gui/src/font_data.c:100:13: note: (在‘font_8x16[126]’的初始化附近)
 4833 |    stringOffset = nm + ttUSHORT(fc+nm+4);
      |                   ^~
kernel/gui/include/stb_truetype.h:4835:33: warning: ‘stbtt_uint32’ {或称 ‘unsigned int’}转换自‘stbtt_int32’ {或称 ‘int’}时可能会改变结果的符号 [-Wsign-conversion]
 4835 |       stbtt_uint32 loc = nm + 6 + 12 * i;
      |                                 ^
kernel/gui/include/stb_truetype.h: 在函数‘stbtt__matchpair’中:
kernel/gui/include/stb_truetype.h:4849:31: warning: ‘stbtt_int32’ {或称 ‘int’}转换自‘stbtt_uint32’ {或称 ‘unsigned int’}时可能会改变结果的符号 [-Wsign-conversion]
<1> Building kernel/gui/src/font.c
 4849 |    stbtt_int32 stringOffset = nm + ttUSHORT(fc+nm+4);
      |                               ^~
kernel/gui/include/stb_truetype.h:4852:33: warning: ‘stbtt_uint32’ {或称 ‘unsigned int’}转换自‘stbtt_int32’ {或称 ‘int’}时可能会改变结果的符号 [-Wsign-conversion]
 4852 |       stbtt_uint32 loc = nm + 6 + 12 * i;
      |                                 ^
kernel/gui/include/stb_truetype.h: 在函数‘stbtt_FindMatchingFont_internal’中:
kernel/gui/include/stb_truetype.h:4927:59: warning: ‘stbtt_uint32’ {或称 ‘unsigned int’}转换自‘stbtt_int32’ {或称 ‘int’}时可能会改变结果的符号 [-Wsign-conversion]
 4927 |       if (stbtt__matches((stbtt_uint8 *) font_collection, off, (stbtt_uint8*) name_utf8, flags))
      |                                                           ^~~
kernel/gui/include/stb_truetype.h: 在文件作用域：
kernel/gui/include/stb_truetype.h:4964:15: warning: ‘stbtt_CompareUTF8toUTF16_bigendian’ 在此处定义 [-Wunused-function]
 4964 | STBTT_DEF int stbtt_CompareUTF8toUTF16_bigendian(const char *s1, int len1, const char *s2, int len2)
      |               ^~~~~~~~~~~~~~~~~~~~~~~~~~~~~~~~~~
kernel/gui/include/stb_truetype.h:4959:15: warning: ‘stbtt_FindMatchingFont’ 在此处定义 [-Wunused-function]
 4959 | STBTT_DEF int stbtt_FindMatchingFont(const unsigned char *fontdata, const char *name, int flags)
      |               ^~~~~~~~~~~~~~~~~~~~~~
kernel/gui/include/stb_truetype.h:4949:15: warning: ‘stbtt_GetNumberOfFonts’ 在此处定义 [-Wunused-function]
 4949 | STBTT_DEF int stbtt_GetNumberOfFonts(const unsigned char *data)
      |               ^~~~~~~~~~~~~~~~~~~~~~
kernel/gui/include/stb_truetype.h:4937:15: warning: ‘stbtt_BakeFontBitmap’ 在此处定义 [-Wunused-function]
 4937 | STBTT_DEF int stbtt_BakeFontBitmap(const unsigned char *data, int offset,
      |               ^~~~~~~~~~~~~~~~~~~~
kernel/gui/include/stb_truetype.h:4824:23: warning: ‘stbtt_GetFontNameString’ 在此处定义 [-Wunused-function]
 4824 | STBTT_DEF const char *stbtt_GetFontNameString(const stbtt_fontinfo *font, int *length, int platformID, int encodingID, int languageID, int nameID)
      |                       ^~~~~~~~~~~~~~~~~~~~~~~
kernel/gui/include/stb_truetype.h:4767:16: warning: ‘stbtt_FreeSDF’ 在此处定义 [-Wunused-function]
 4767 | STBTT_DEF void stbtt_FreeSDF(unsigned char *bitmap, void *userdata)
      |                ^~~~~~~~~~~~~
kernel/gui/include/stb_truetype.h:4762:27: warning: ‘stbtt_GetCodepointSDF’ 在此处定义 [-Wunused-function]
 4762 | STBTT_DEF unsigned char * stbtt_GetCodepointSDF(const stbtt_fontinfo *info, float scale, int codepoint, int padding, unsigned char onedge_value, float pixel_dist_scale, int *width, int *height, int *xoff, int *yoff)
      |                           ^~~~~~~~~~~~~~~~~~~~~
kernel/gui/include/stb_truetype.h:4363:16: warning: ‘stbtt_GetPackedQuad’ 在此处定义 [-Wunused-function]
 4363 | STBTT_DEF void stbtt_GetPackedQuad(const stbtt_packedchar *chardata, int pw, int ph, int char_index, float *xpos, float *ypos, stbtt_aligned_quad *q, int align_to_integer)
      |                ^~~~~~~~~~~~~~~~~~~
kernel/gui/include/stb_truetype.h:4350:16: warning: ‘stbtt_GetScaledFontVMetrics’ 在此处定义 [-Wunused-function]
 4350 | STBTT_DEF void stbtt_GetScaledFontVMetrics(const unsigned char *fontdata, int index, float size, float *ascent, float *descent, float *lineGap)
      |                ^~~~~~~~~~~~~~~~~~~~~~~~~~~
kernel/gui/include/stb_truetype.h:4338:15: warning: ‘stbtt_PackFontRange’ 在此处定义 [-Wunused-function]
 4338 | STBTT_DEF int stbtt_PackFontRange(stbtt_pack_context *spc, const unsigned char *fontdata, int font_index, float font_size,
      |               ^~~~~~~~~~~~~~~~~~~
kernel/gui/include/stb_truetype.h:4005:16: warning: ‘stbtt_PackSetSkipMissingCodepoints’ 在此处定义 [-Wunused-function]
 4005 | STBTT_DEF void stbtt_PackSetSkipMissingCodepoints(stbtt_pack_context *spc, int skip)
      |                ^~~~~~~~~~~~~~~~~~~~~~~~~~~~~~~~~~
kernel/gui/include/stb_truetype.h:3995:16: warning: ‘stbtt_PackSetOversampling’ 在此处定义 [-Wunused-function]
 3995 | STBTT_DEF void stbtt_PackSetOversampling(stbtt_pack_context *spc, unsigned int h_oversample, unsigned int v_oversample)
      |                ^~~~~~~~~~~~~~~~~~~~~~~~~
kernel/gui/include/stb_truetype.h:3989:16: warning: ‘stbtt_PackEnd’ 在此处定义 [-Wunused-function]
 3989 | STBTT_DEF void stbtt_PackEnd  (stbtt_pack_context *spc)
      |                ^~~~~~~~~~~~~
kernel/gui/include/stb_truetype.h:3957:15: warning: ‘stbtt_PackBegin’ 在此处定义 [-Wunused-function]
 3957 | STBTT_DEF int stbtt_PackBegin(stbtt_pack_context *spc, unsigned char *pixels, int pw, int ph, int stride_in_bytes, int padding, void *alloc_context)
      |               ^~~~~~~~~~~~~~~
kernel/gui/include/stb_truetype.h:3859:16: warning: ‘stbtt_GetBakedQuad’ 在此处定义 [-Wunused-function]
 3859 | STBTT_DEF void stbtt_GetBakedQuad(const stbtt_bakedchar *chardata, int pw, int ph, int char_index, float *xpos, float *ypos, stbtt_aligned_quad *q, int opengl_fillrule)
      |                ^~~~~~~~~~~~~~~~~~
kernel/gui/include/stb_truetype.h:3802:16: warning: ‘stbtt_MakeCodepointBitmap’ 在此处定义 [-Wunused-function]
 3802 | STBTT_DEF void stbtt_MakeCodepointBitmap(const stbtt_fontinfo *info, unsigned char *output, int out_w, int out_h, int out_stride, float scale_x, float scale_y, int codepoint)
      |                ^~~~~~~~~~~~~~~~~~~~~~~~~
kernel/gui/include/stb_truetype.h:3797:26: warning: ‘stbtt_GetCodepointBitmap’ 在此处定义 [-Wunused-function]
 3797 | STBTT_DEF unsigned char *stbtt_GetCodepointBitmap(const stbtt_fontinfo *info, float scale_x, float scale_y, int codepoint, int *width, int *height, int *xoff, int *yoff)
      |                          ^~~~~~~~~~~~~~~~~~~~~~~~
kernel/gui/include/stb_truetype.h:3787:16: warning: ‘stbtt_MakeCodepointBitmapSubpixelPrefilter’ 在此处定义 [-Wunused-function]
 3787 | STBTT_DEF void stbtt_MakeCodepointBitmapSubpixelPrefilter(const stbtt_fontinfo *info, unsigned char *output, int out_w, int out_h, int out_stride, float scale_x, float scale_y, float shift_x, float shift_y, int oversample_x, int oversample_y, float *sub_x, float *sub_y, int codepoint)
      |                ^~~~~~~~~~~~~~~~~~~~~~~~~~~~~~~~~~~~~~~~~~
kernel/gui/include/stb_truetype.h:3753:26: warning: ‘stbtt_GetGlyphBitmap’ 在此处定义 [-Wunused-function]
 3753 | STBTT_DEF unsigned char *stbtt_GetGlyphBitmap(const stbtt_fontinfo *info, float scale_x, float scale_y, int glyph, int *width, int *height, int *xoff, int *yoff)
      |                          ^~~~~~~~~~~~~~~~~~~~
kernel/gui/include/stb_truetype.h:3708:16: warning: ‘stbtt_FreeBitmap’ 在此处定义 [-Wunused-function]
 3708 | STBTT_DEF void stbtt_FreeBitmap(unsigned char *bitmap, void *userdata)
      |                ^~~~~~~~~~~~~~~~
kernel/gui/include/stb_truetype.h:2749:16: warning: ‘stbtt_GetCodepointBitmapBox’ 在此处定义 [-Wunused-function]
 2749 | STBTT_DEF void stbtt_GetCodepointBitmapBox(const stbtt_fontinfo *font, int codepoint, float scale_x, float scale_y, int *ix0, int *iy0, int *ix1, int *iy1)
      |                ^~~~~~~~~~~~~~~~~~~~~~~~~~~
kernel/gui/include/stb_truetype.h:2711:15: warning: ‘stbtt_GetCodepointSVG’ 在此处定义 [-Wunused-function]
 2711 | STBTT_DEF int stbtt_GetCodepointSVG(const stbtt_fontinfo *info, int unicode_codepoint, const char **svg)
      |               ^~~~~~~~~~~~~~~~~~~~~
kernel/gui/include/stb_truetype.h:2672:16: warning: ‘stbtt_FreeShape’ 在此处定义 [-Wunused-function]
 2672 | STBTT_DEF void stbtt_FreeShape(const stbtt_fontinfo *info, stbtt_vertex *v)
      |                ^~~~~~~~~~~~~~~
kernel/gui/include/stb_truetype.h:2652:16: warning: ‘stbtt_GetFontBoundingBox’ 在此处定义 [-Wunused-function]
 2652 | STBTT_DEF void stbtt_GetFontBoundingBox(const stbtt_fontinfo *info, int *x0, int *y0, int *x1, int *y1)
      |                ^~~~~~~~~~~~~~~~~~~~~~~~
kernel/gui/include/stb_truetype.h:2641:16: warning: ‘stbtt_GetFontVMetricsOS2’ 在此处定义 [-Wunused-function]
 2641 | STBTT_DEF int  stbtt_GetFontVMetricsOS2(const stbtt_fontinfo *info, int *typoAscent, int *typoDescent, int *typoLineGap)
      |                ^~~~~~~~~~~~~~~~~~~~~~~~
kernel/gui/include/stb_truetype.h:2622:16: warning: ‘stbtt_GetCodepointKernAdvance’ 在此处定义 [-Wunused-function]
 2622 | STBTT_DEF int  stbtt_GetCodepointKernAdvance(const stbtt_fontinfo *info, int ch1, int ch2)
      |                ^~~~~~~~~~~~~~~~~~~~~~~~~~~~~
kernel/gui/include/stb_truetype.h:2332:15: warning: ‘stbtt_GetKerningTable’ 在此处定义 [-Wunused-function]
 2332 | STBTT_DEF int stbtt_GetKerningTable(const stbtt_fontinfo *info, stbtt_kerningentry* table, int table_length)
      |               ^~~~~~~~~~~~~~~~~~~~~
kernel/gui/include/stb_truetype.h:2317:16: warning: ‘stbtt_GetKerningTableLength’ 在此处定义 [-Wunused-function]
 2317 | STBTT_DEF int  stbtt_GetKerningTableLength(const stbtt_fontinfo *info)
      |                ^~~~~~~~~~~~~~~~~~~~~~~~~~~
kernel/gui/include/stb_truetype.h:1646:15: warning: ‘stbtt_IsGlyphEmpty’ 在此处定义 [-Wunused-function]
 1646 | STBTT_DEF int stbtt_IsGlyphEmpty(const stbtt_fontinfo *info, int glyph_index)
      |               ^~~~~~~~~~~~~~~~~~
kernel/gui/include/stb_truetype.h:1641:15: warning: ‘stbtt_GetCodepointBox’ 在此处定义 [-Wunused-function]
 1641 | STBTT_DEF int stbtt_GetCodepointBox(const stbtt_fontinfo *info, int codepoint, int *x0, int *y0, int *x1, int *y1)
      |               ^~~~~~~~~~~~~~~~~~~~~
kernel/gui/include/stb_truetype.h:1589:15: warning: ‘stbtt_GetCodepointShape’ 在此处定义 [-Wunused-function]
 1589 | STBTT_DEF int stbtt_GetCodepointShape(const stbtt_fontinfo *info, int unicode_codepoint, stbtt_vertex **vertices)
      |               ^~~~~~~~~~~~~~~~~~~~~~~
kernel/gui/src/font.c:28:17: warning: ‘font_shadow_color’ 在此处定义 [-Wunused-function]
   28 | static uint32_t font_shadow_color(uint32_t color) {
      |                 ^~~~~~~~~~~~~~~~~
<1> Building kernel/gui/src/filemgr.c
kernel/gui/src/filemgr.c: 在函数‘fm_int_to_str’中:
kernel/gui/src/filemgr.c:108:34: warning: conversion from ‘uint32_t’ {或称 ‘unsigned int’} to ‘char’ may change value [-Wconversion]
  108 |     while (val > 0) { tmp[i++] = '0' + (val % 10); val /= 10; }
      |                                  ^~~
kernel/gui/src/filemgr.c: 在函数‘fm_format_size’中:
kernel/gui/src/filemgr.c:127:19: warning: conversion from ‘uint32_t’ {或称 ‘unsigned int’} to ‘char’ may change value [-Wconversion]
  127 |         frac[1] = '0' + mb_frac;
      |                   ^~~
kernel/gui/src/filemgr.c: 在函数‘fm_content_click’中:
kernel/gui/src/filemgr.c:523:40: warning: 未使用的参数‘win’ [-Wunused-parameter]
  523 | static void fm_content_click(window_t* win, uint32_t x, uint32_t y, void* user_data) {
      |                              ~~~~~~~~~~^~~
<2> Building kernel/gui/src/emoji_font.c
<2> Building kernel/gui/src/desktop.c
<1> Building kernel/gui/src/cursor_data.c
kernel/gui/src/desktop.c: 在函数‘int_to_str’中:
kernel/gui/src/desktop.c:45:34: warning: conversion from ‘uint32_t’ {或称 ‘unsigned int’} to ‘char’ may change value [-Wconversion]
   45 |     while (val > 0) { tmp[i++] = '0' + (val % 10); val /= 10; }
      |                                  ^~~
kernel/gui/src/desktop.c:46:12: warning: ‘uint32_t’ {或称 ‘unsigned int’}转换自‘int32_t’ {或称 ‘int’}时可能会改变结果的符号 [-Wsign-conversion]
   46 |     *len = i;
      |            ^
kernel/gui/src/desktop.c: 在函数‘wallpaper_color’中:
kernel/gui/src/desktop.c:191:19: warning: conversion from ‘long long unsigned int’ to ‘uint32_t’ {或称 ‘unsigned int’} may change value [-Wconversion]
  191 |     uint32_t sx = ((uint64_t)(x - offset_x) * sw) / scaled_w;
      |                   ^
kernel/gui/src/desktop.c:192:19: warning: conversion from ‘long long unsigned int’ to ‘uint32_t’ {或称 ‘unsigned int’} may change value [-Wconversion]
  192 |     uint32_t sy = ((uint64_t)(y - offset_y) * sh) / scaled_h;
      |                   ^
kernel/gui/src/desktop.c: 在函数‘taskbar_paint’中:
kernel/gui/src/desktop.c:578:28: warning: conversion from ‘uint32_t’ {或称 ‘unsigned int’} to ‘char’ may change value [-Wconversion]
  578 |         time_buf[tlen++] = '0' + desktop.clock_hour;
      |                            ^~~
kernel/gui/src/desktop.c:580:28: warning: conversion from ‘uint32_t’ {或称 ‘unsigned int’} to ‘char’ may change value [-Wconversion]
  580 |         time_buf[tlen++] = '0' + (desktop.clock_hour / 10);
      |                            ^~~
kernel/gui/src/desktop.c:581:28: warning: conversion from ‘uint32_t’ {或称 ‘unsigned int’} to ‘char’ may change value [-Wconversion]
  581 |         time_buf[tlen++] = '0' + (desktop.clock_hour % 10);
      |                            ^~~
kernel/gui/src/desktop.c:586:28: warning: conversion from ‘uint32_t’ {或称 ‘unsigned int’} to ‘char’ may change value [-Wconversion]
  586 |         time_buf[tlen++] = '0' + desktop.clock_minute;
      |                            ^~~
kernel/gui/src/desktop.c:588:28: warning: conversion from ‘uint32_t’ {或称 ‘unsigned int’} to ‘char’ may change value [-Wconversion]
  588 |         time_buf[tlen++] = '0' + (desktop.clock_minute / 10);
      |                            ^~~
kernel/gui/src/desktop.c:589:28: warning: conversion from ‘uint32_t’ {或称 ‘unsigned int’} to ‘char’ may change value [-Wconversion]
  589 |         time_buf[tlen++] = '0' + (desktop.clock_minute % 10);
      |                            ^~~
kernel/gui/src/desktop.c: 在函数‘context_menu_handle_click’中:
kernel/gui/src/desktop.c:1163:14: warning: 未使用的变量‘mx’ [-Wunused-variable]
 1163 |     uint32_t mx = desktop.context_menu.x;
      |              ^~
kernel/gui/src/desktop.c: 在文件作用域：
kernel/gui/src/desktop.c:600:16: warning: ‘sqrt_approx’ 在此处定义 [-Wunused-function]
  600 | static int32_t sqrt_approx(int32_t n) {
      |                ^~~~~~~~~~~
kernel/gui/src/desktop.c:135:13: warning: ‘wp_build_map’ 在此处定义 [-Wunused-function]
  135 | static void wp_build_map(void) {
      |             ^~~~~~~~~~~~
kernel/gui/src/desktop.c:41:13: warning: ‘int_to_str’ 在此处定义 [-Wunused-function]
   41 | static void int_to_str(uint32_t val, char* buf, uint32_t* len) {
      |             ^~~~~~~~~~
<1> Building kernel/gui/src/compat_center.c
<1> Building kernel/gui/src/color.c
kernel/gui/src/color.c: 在函数‘rgb_to_hsl’中:
kernel/gui/src/color.c:149:42: warning: ‘uint32_t’ {或称 ‘unsigned int’}转换自‘int’时可能会改变结果的符号 [-Wsign-conversion]
  149 |             hue = (int32_t)((g - b) * 60 / (int32_t)delta);
      |                                          ^
kernel/gui/src/color.c:151:42: warning: ‘uint32_t’ {或称 ‘unsigned int’}转换自‘int’时可能会改变结果的符号 [-Wsign-conversion]
  151 |             hue = (int32_t)((g - b) * 60 / (int32_t)delta) + 360;
      |                                          ^
kernel/gui/src/color.c:156:42: warning: ‘uint32_t’ {或称 ‘unsigned int’}转换自‘int’时可能会改变结果的符号 [-Wsign-conversion]
  156 |         hsl.h = (uint16_t)(((b - r) * 60 / (int32_t)delta) + 120);
      |                                          ^
kernel/gui/src/color.c:159:42: warning: ‘uint32_t’ {或称 ‘unsigned int’}转换自‘int’时可能会改变结果的符号 [-Wsign-conversion]
  159 |         hsl.h = (uint16_t)(((r - g) * 60 / (int32_t)delta) + 240);
      |                                          ^
kernel/gui/src/color.c: 在函数‘hue_to_rgb’中:
kernel/gui/src/color.c:174:18: warning: 未使用的变量‘nt’ [-Wunused-variable]
  174 |         uint32_t nt = t - 256;
      |                  ^~
kernel/gui/src/color.c: 在函数‘hsl_to_rgb’中:
kernel/gui/src/color.c:197:25: warning: ‘uint32_t’ {或称 ‘unsigned int’}转换自‘int’时可能会改变结果的符号 [-Wsign-conversion]
  197 |         uint32_t gray = l * 255 / 100;
      |                         ^
<1> Building kernel/gui/src/cjk_font.c
<0> Building kernel/gui/src/browser.c
kernel/gui/src/browser.c: 在函数‘br_int_to_str’中:
kernel/gui/src/browser.c:101:34: warning: conversion from ‘uint32_t’ {或称 ‘unsigned int’} to ‘char’ may change value [-Wconversion]
  101 |     while (val > 0) { tmp[i++] = '0' + (val % 10); val /= 10; }
      |                                  ^~~
kernel/gui/src/browser.c: 在文件作用域：
kernel/gui/src/browser.c:91:17: warning: ‘br_str_len’ 在此处定义 [-Wunused-function]
   91 | static uint32_t br_str_len(const char* s) {
      |                 ^~~~~~~~~~
-- Enter folder kernel/compat --
<3> Building kernel/compat/leonos_compat.c
In file included from kernel/compat/leonos_compat.c:4:
include/kapi_syscall.h: 在函数‘sys_read’中:
include/kapi_syscall.h:494:38: warning: 将一个指针转换为大小不同的整数 [-Wpointer-to-int-cast]
  494 | { return kapi_syscall3(SYS_read, fd, (long)buf, count); }
      |                                      ^
include/kapi_syscall.h:494:49: warning: conversion from ‘size_t’ {或称 ‘long long unsigned int’} to ‘long int’ may change value [-Wconversion]
  494 | { return kapi_syscall3(SYS_read, fd, (long)buf, count); }
      |                                                 ^~~~~
include/kapi_syscall.h: 在函数‘sys_write’中:
include/kapi_syscall.h:497:39: warning: 将一个指针转换为大小不同的整数 [-Wpointer-to-int-cast]
  497 | { return kapi_syscall3(SYS_write, fd, (long)buf, count); }
      |                                       ^
include/kapi_syscall.h:497:50: warning: conversion from ‘size_t’ {或称 ‘long long unsigned int’} to ‘long int’ may change value [-Wconversion]
  497 | { return kapi_syscall3(SYS_write, fd, (long)buf, count); }
      |                                                  ^~~~~
include/kapi_syscall.h: 在函数‘sys_open’中:
include/kapi_syscall.h:500:34: warning: 将一个指针转换为大小不同的整数 [-Wpointer-to-int-cast]
  500 | { return kapi_syscall3(SYS_open, (long)pathname, flags, mode); }
      |                                  ^
include/kapi_syscall.h: 在函数‘sys_mmap’中:
include/kapi_syscall.h:509:34: warning: 将一个指针转换为大小不同的整数 [-Wpointer-to-int-cast]
  509 | { return kapi_syscall6(SYS_mmap, (long)addr, length, prot, flags, fd, offset); }
      |                                  ^
include/kapi_syscall.h:509:46: warning: conversion from ‘size_t’ {或称 ‘long long unsigned int’} to ‘long int’ may change value [-Wconversion]
  509 | { return kapi_syscall6(SYS_mmap, (long)addr, length, prot, flags, fd, offset); }
      |                                              ^~~~~~
include/kapi_syscall.h: 在函数‘sys_munmap’中:
include/kapi_syscall.h:512:36: warning: 将一个指针转换为大小不同的整数 [-Wpointer-to-int-cast]
  512 | { return kapi_syscall2(SYS_munmap, (long)addr, length); }
      |                                    ^
include/kapi_syscall.h:512:48: warning: conversion from ‘size_t’ {或称 ‘long long unsigned int’} to ‘long int’ may change value [-Wconversion]
  512 | { return kapi_syscall2(SYS_munmap, (long)addr, length); }
      |                                                ^~~~~~
include/kapi_syscall.h: 在函数‘sys_mprotect’中:
include/kapi_syscall.h:515:38: warning: 将一个指针转换为大小不同的整数 [-Wpointer-to-int-cast]
  515 | { return kapi_syscall3(SYS_mprotect, (long)addr, len, prot); }
      |                                      ^
include/kapi_syscall.h:515:50: warning: conversion from ‘size_t’ {或称 ‘long long unsigned int’} to ‘long int’ may change value [-Wconversion]
  515 | { return kapi_syscall3(SYS_mprotect, (long)addr, len, prot); }
      |                                                  ^~~
include/kapi_syscall.h: 在函数‘sys_brk’中:
include/kapi_syscall.h:518:33: warning: 将一个指针转换为大小不同的整数 [-Wpointer-to-int-cast]
  518 | { return kapi_syscall1(SYS_brk, (long)addr); }
      |                                 ^
include/kapi_syscall.h: 在函数‘sys_clone’中:
include/kapi_syscall.h:527:42: warning: 将一个指针转换为大小不同的整数 [-Wpointer-to-int-cast]
  527 | { return kapi_syscall5(SYS_clone, flags, (long)stack, (long)ptid, (long)ctid, tls); }
      |                                          ^
include/kapi_syscall.h:527:55: warning: 将一个指针转换为大小不同的整数 [-Wpointer-to-int-cast]
  527 | { return kapi_syscall5(SYS_clone, flags, (long)stack, (long)ptid, (long)ctid, tls); }
      |                                                       ^
include/kapi_syscall.h:527:67: warning: 将一个指针转换为大小不同的整数 [-Wpointer-to-int-cast]
  527 | { return kapi_syscall5(SYS_clone, flags, (long)stack, (long)ptid, (long)ctid, tls); }
      |                                                                   ^
include/kapi_syscall.h:527:35: warning: ‘long int’转换自‘long unsigned int’时可能会改变结果的符号 [-Wsign-conversion]
  527 | { return kapi_syscall5(SYS_clone, flags, (long)stack, (long)ptid, (long)ctid, tls); }
      |                                   ^~~~~
include/kapi_syscall.h:527:79: warning: ‘long int’转换自‘long unsigned int’时可能会改变结果的符号 [-Wsign-conversion]
  527 | { return kapi_syscall5(SYS_clone, flags, (long)stack, (long)ptid, (long)ctid, tls); }
      |                                                                               ^~~
include/kapi_syscall.h: 在函数‘sys_execve’中:
include/kapi_syscall.h:530:36: warning: 将一个指针转换为大小不同的整数 [-Wpointer-to-int-cast]
  530 | { return kapi_syscall3(SYS_execve, (long)filename, (long)argv, (long)envp); }
      |                                    ^
include/kapi_syscall.h:530:52: warning: 将一个指针转换为大小不同的整数 [-Wpointer-to-int-cast]
  530 | { return kapi_syscall3(SYS_execve, (long)filename, (long)argv, (long)envp); }
      |                                                    ^
include/kapi_syscall.h:530:64: warning: 将一个指针转换为大小不同的整数 [-Wpointer-to-int-cast]
  530 | { return kapi_syscall3(SYS_execve, (long)filename, (long)argv, (long)envp); }
      |                                                                ^
include/kapi_syscall.h: 在函数‘sys_wait4’中:
include/kapi_syscall.h:539:40: warning: 将一个指针转换为大小不同的整数 [-Wpointer-to-int-cast]
  539 | { return kapi_syscall4(SYS_wait4, pid, (long)wstatus, options, (long)rusage); }
      |                                        ^
include/kapi_syscall.h:539:64: warning: 将一个指针转换为大小不同的整数 [-Wpointer-to-int-cast]
  539 | { return kapi_syscall4(SYS_wait4, pid, (long)wstatus, options, (long)rusage); }
      |                                                                ^
include/kapi_syscall.h: 在函数‘sys_stat’中:
include/kapi_syscall.h:554:34: warning: 将一个指针转换为大小不同的整数 [-Wpointer-to-int-cast]
  554 | { return kapi_syscall2(SYS_stat, (long)pathname, (long)statbuf); }
      |                                  ^
include/kapi_syscall.h:554:50: warning: 将一个指针转换为大小不同的整数 [-Wpointer-to-int-cast]
  554 | { return kapi_syscall2(SYS_stat, (long)pathname, (long)statbuf); }
      |                                                  ^
include/kapi_syscall.h: 在函数‘sys_fstat’中:
include/kapi_syscall.h:557:39: warning: 将一个指针转换为大小不同的整数 [-Wpointer-to-int-cast]
  557 | { return kapi_syscall2(SYS_fstat, fd, (long)statbuf); }
      |                                       ^
include/kapi_syscall.h: 在函数‘sys_lstat’中:
include/kapi_syscall.h:560:35: warning: 将一个指针转换为大小不同的整数 [-Wpointer-to-int-cast]
  560 | { return kapi_syscall2(SYS_lstat, (long)pathname, (long)statbuf); }
      |                                   ^
include/kapi_syscall.h:560:51: warning: 将一个指针转换为大小不同的整数 [-Wpointer-to-int-cast]
  560 | { return kapi_syscall2(SYS_lstat, (long)pathname, (long)statbuf); }
      |                                                   ^
include/kapi_syscall.h: 在函数‘sys_access’中:
include/kapi_syscall.h:563:36: warning: 将一个指针转换为大小不同的整数 [-Wpointer-to-int-cast]
  563 | { return kapi_syscall2(SYS_access, (long)pathname, mode); }
      |                                    ^
include/kapi_syscall.h: 在函数‘sys_chdir’中:
include/kapi_syscall.h:566:35: warning: 将一个指针转换为大小不同的整数 [-Wpointer-to-int-cast]
  566 | { return kapi_syscall1(SYS_chdir, (long)path); }
      |                                   ^
include/kapi_syscall.h: 在函数‘sys_getcwd’中:
include/kapi_syscall.h:569:36: warning: 将一个指针转换为大小不同的整数 [-Wpointer-to-int-cast]
  569 | { return kapi_syscall2(SYS_getcwd, (long)buf, size); }
      |                                    ^
include/kapi_syscall.h:569:47: warning: conversion from ‘size_t’ {或称 ‘long long unsigned int’} to ‘long int’ may change value [-Wconversion]
  569 | { return kapi_syscall2(SYS_getcwd, (long)buf, size); }
      |                                               ^~~~
include/kapi_syscall.h: 在函数‘sys_mkdir’中:
include/kapi_syscall.h:572:35: warning: 将一个指针转换为大小不同的整数 [-Wpointer-to-int-cast]
  572 | { return kapi_syscall2(SYS_mkdir, (long)pathname, mode); }
      |                                   ^
include/kapi_syscall.h: 在函数‘sys_rmdir’中:
include/kapi_syscall.h:575:35: warning: 将一个指针转换为大小不同的整数 [-Wpointer-to-int-cast]
  575 | { return kapi_syscall1(SYS_rmdir, (long)pathname); }
      |                                   ^
include/kapi_syscall.h: 在函数‘sys_unlink’中:
include/kapi_syscall.h:578:36: warning: 将一个指针转换为大小不同的整数 [-Wpointer-to-int-cast]
  578 | { return kapi_syscall1(SYS_unlink, (long)pathname); }
      |                                    ^
include/kapi_syscall.h: 在函数‘sys_rename’中:
include/kapi_syscall.h:581:36: warning: 将一个指针转换为大小不同的整数 [-Wpointer-to-int-cast]
  581 | { return kapi_syscall2(SYS_rename, (long)oldpath, (long)newpath); }
      |                                    ^
include/kapi_syscall.h:581:51: warning: 将一个指针转换为大小不同的整数 [-Wpointer-to-int-cast]
  581 | { return kapi_syscall2(SYS_rename, (long)oldpath, (long)newpath); }
      |                                                   ^
include/kapi_syscall.h: 在函数‘sys_creat’中:
include/kapi_syscall.h:584:35: warning: 将一个指针转换为大小不同的整数 [-Wpointer-to-int-cast]
  584 | { return kapi_syscall2(SYS_creat, (long)pathname, mode); }
      |                                   ^
include/kapi_syscall.h: 在函数‘sys_link’中:
include/kapi_syscall.h:587:34: warning: 将一个指针转换为大小不同的整数 [-Wpointer-to-int-cast]
  587 | { return kapi_syscall2(SYS_link, (long)oldpath, (long)newpath); }
      |                                  ^
include/kapi_syscall.h:587:49: warning: 将一个指针转换为大小不同的整数 [-Wpointer-to-int-cast]
  587 | { return kapi_syscall2(SYS_link, (long)oldpath, (long)newpath); }
      |                                                 ^
include/kapi_syscall.h: 在函数‘sys_symlink’中:
include/kapi_syscall.h:590:37: warning: 将一个指针转换为大小不同的整数 [-Wpointer-to-int-cast]
  590 | { return kapi_syscall2(SYS_symlink, (long)target, (long)linkpath); }
      |                                     ^
include/kapi_syscall.h:590:51: warning: 将一个指针转换为大小不同的整数 [-Wpointer-to-int-cast]
  590 | { return kapi_syscall2(SYS_symlink, (long)target, (long)linkpath); }
      |                                                   ^
include/kapi_syscall.h: 在函数‘sys_readlink’中:
include/kapi_syscall.h:593:38: warning: 将一个指针转换为大小不同的整数 [-Wpointer-to-int-cast]
  593 | { return kapi_syscall3(SYS_readlink, (long)pathname, (long)buf, bufsiz); }
      |                                      ^
include/kapi_syscall.h:593:54: warning: 将一个指针转换为大小不同的整数 [-Wpointer-to-int-cast]
  593 | { return kapi_syscall3(SYS_readlink, (long)pathname, (long)buf, bufsiz); }
      |                                                      ^
include/kapi_syscall.h:593:65: warning: conversion from ‘size_t’ {或称 ‘long long unsigned int’} to ‘long int’ may change value [-Wconversion]
  593 | { return kapi_syscall3(SYS_readlink, (long)pathname, (long)buf, bufsiz); }
      |                                                                 ^~~~~~
include/kapi_syscall.h: 在函数‘sys_chmod’中:
include/kapi_syscall.h:596:35: warning: 将一个指针转换为大小不同的整数 [-Wpointer-to-int-cast]
  596 | { return kapi_syscall2(SYS_chmod, (long)pathname, mode); }
      |                                   ^
include/kapi_syscall.h: 在函数‘sys_chown’中:
include/kapi_syscall.h:599:35: warning: 将一个指针转换为大小不同的整数 [-Wpointer-to-int-cast]
  599 | { return kapi_syscall3(SYS_chown, (long)pathname, owner, group); }
      |                                   ^
include/kapi_syscall.h: 在函数‘sys_truncate’中:
include/kapi_syscall.h:602:38: warning: 将一个指针转换为大小不同的整数 [-Wpointer-to-int-cast]
  602 | { return kapi_syscall2(SYS_truncate, (long)path, length); }
      |                                      ^
include/kapi_syscall.h: 在函数‘sys_pipe’中:
include/kapi_syscall.h:626:34: warning: 将一个指针转换为大小不同的整数 [-Wpointer-to-int-cast]
  626 | { return kapi_syscall1(SYS_pipe, (long)pipefd); }
      |                                  ^
include/kapi_syscall.h: 在函数‘sys_pipe2’中:
include/kapi_syscall.h:629:35: warning: 将一个指针转换为大小不同的整数 [-Wpointer-to-int-cast]
  629 | { return kapi_syscall2(SYS_pipe2, (long)pipefd, flags); }
      |                                   ^
include/kapi_syscall.h: 在函数‘sys_mount’中:
include/kapi_syscall.h:634:35: warning: 将一个指针转换为大小不同的整数 [-Wpointer-to-int-cast]
  634 | { return kapi_syscall5(SYS_mount, (long)source, (long)target, (long)filesystemtype, mountflags, (long)data); }
      |                                   ^
include/kapi_syscall.h:634:49: warning: 将一个指针转换为大小不同的整数 [-Wpointer-to-int-cast]
  634 | { return kapi_syscall5(SYS_mount, (long)source, (long)target, (long)filesystemtype, mountflags, (long)data); }
      |                                                 ^
include/kapi_syscall.h:634:63: warning: 将一个指针转换为大小不同的整数 [-Wpointer-to-int-cast]
  634 | { return kapi_syscall5(SYS_mount, (long)source, (long)target, (long)filesystemtype, mountflags, (long)data); }
      |                                                               ^
include/kapi_syscall.h:634:97: warning: 将一个指针转换为大小不同的整数 [-Wpointer-to-int-cast]
  634 | { return kapi_syscall5(SYS_mount, (long)source, (long)target, (long)filesystemtype, mountflags, (long)data); }
      |                                                                                                 ^
include/kapi_syscall.h:634:85: warning: ‘long int’转换自‘long unsigned int’时可能会改变结果的符号 [-Wsign-conversion]
  634 | { return kapi_syscall5(SYS_mount, (long)source, (long)target, (long)filesystemtype, mountflags, (long)data); }
      |                                                                                     ^~~~~~~~~~
include/kapi_syscall.h: 在函数‘sys_umount2’中:
include/kapi_syscall.h:637:37: warning: 将一个指针转换为大小不同的整数 [-Wpointer-to-int-cast]
  637 | { return kapi_syscall2(SYS_umount2, (long)target, flags); }
      |                                     ^
include/kapi_syscall.h: 在函数‘sys_swapon’中:
include/kapi_syscall.h:640:36: warning: 将一个指针转换为大小不同的整数 [-Wpointer-to-int-cast]
  640 | { return kapi_syscall2(SYS_swapon, (long)path, swapflags); }
      |                                    ^
include/kapi_syscall.h: 在函数‘sys_swapoff’中:
include/kapi_syscall.h:643:37: warning: 将一个指针转换为大小不同的整数 [-Wpointer-to-int-cast]
  643 | { return kapi_syscall1(SYS_swapoff, (long)path); }
      |                                     ^
include/kapi_syscall.h: 在函数‘sys_nanosleep’中:
include/kapi_syscall.h:646:39: warning: 将一个指针转换为大小不同的整数 [-Wpointer-to-int-cast]
  646 | { return kapi_syscall2(SYS_nanosleep, (long)req, (long)rem); }
      |                                       ^
include/kapi_syscall.h:646:50: warning: 将一个指针转换为大小不同的整数 [-Wpointer-to-int-cast]
  646 | { return kapi_syscall2(SYS_nanosleep, (long)req, (long)rem); }
      |                                                  ^
include/kapi_syscall.h: 在函数‘sys_gettimeofday’中:
include/kapi_syscall.h:649:42: warning: 将一个指针转换为大小不同的整数 [-Wpointer-to-int-cast]
  649 | { return kapi_syscall2(SYS_gettimeofday, (long)tv, (long)tz); }
      |                                          ^
include/kapi_syscall.h:649:52: warning: 将一个指针转换为大小不同的整数 [-Wpointer-to-int-cast]
  649 | { return kapi_syscall2(SYS_gettimeofday, (long)tv, (long)tz); }
      |                                                    ^
include/kapi_syscall.h: 在函数‘sys_settimeofday’中:
include/kapi_syscall.h:652:42: warning: 将一个指针转换为大小不同的整数 [-Wpointer-to-int-cast]
  652 | { return kapi_syscall2(SYS_settimeofday, (long)tv, (long)tz); }
      |                                          ^
include/kapi_syscall.h:652:52: warning: 将一个指针转换为大小不同的整数 [-Wpointer-to-int-cast]
  652 | { return kapi_syscall2(SYS_settimeofday, (long)tv, (long)tz); }
      |                                                    ^
include/kapi_syscall.h: 在函数‘sys_time’中:
include/kapi_syscall.h:655:34: warning: 将一个指针转换为大小不同的整数 [-Wpointer-to-int-cast]
  655 | { return kapi_syscall1(SYS_time, (long)tloc); }
      |                                  ^
include/kapi_syscall.h: 在函数‘sys_clock_gettime’中:
include/kapi_syscall.h:658:51: warning: 将一个指针转换为大小不同的整数 [-Wpointer-to-int-cast]
  658 | { return kapi_syscall2(SYS_clock_gettime, clk_id, (long)tp); }
      |                                                   ^
include/kapi_syscall.h: 在函数‘sys_clock_settime’中:
include/kapi_syscall.h:661:51: warning: 将一个指针转换为大小不同的整数 [-Wpointer-to-int-cast]
  661 | { return kapi_syscall2(SYS_clock_settime, clk_id, (long)tp); }
      |                                                   ^
include/kapi_syscall.h: 在函数‘sys_clock_nanosleep’中:
include/kapi_syscall.h:664:60: warning: 将一个指针转换为大小不同的整数 [-Wpointer-to-int-cast]
  664 | { return kapi_syscall4(SYS_clock_nanosleep, clk_id, flags, (long)req, (long)rem); }
      |                                                            ^
include/kapi_syscall.h:664:71: warning: 将一个指针转换为大小不同的整数 [-Wpointer-to-int-cast]
  664 | { return kapi_syscall4(SYS_clock_nanosleep, clk_id, flags, (long)req, (long)rem); }
      |                                                                       ^
include/kapi_syscall.h: 在函数‘sys_rt_sigaction’中:
include/kapi_syscall.h:667:47: warning: 将一个指针转换为大小不同的整数 [-Wpointer-to-int-cast]
  667 | { return kapi_syscall4(SYS_rt_sigaction, sig, (long)act, (long)oact, sigsetsize); }
      |                                               ^
include/kapi_syscall.h:667:58: warning: 将一个指针转换为大小不同的整数 [-Wpointer-to-int-cast]
  667 | { return kapi_syscall4(SYS_rt_sigaction, sig, (long)act, (long)oact, sigsetsize); }
      |                                                          ^
include/kapi_syscall.h:667:70: warning: conversion from ‘size_t’ {或称 ‘long long unsigned int’} to ‘long int’ may change value [-Wconversion]
  667 | { return kapi_syscall4(SYS_rt_sigaction, sig, (long)act, (long)oact, sigsetsize); }
      |                                                                      ^~~~~~~~~~
include/kapi_syscall.h: 在函数‘sys_rt_sigprocmask’中:
include/kapi_syscall.h:670:49: warning: 将一个指针转换为大小不同的整数 [-Wpointer-to-int-cast]
  670 | { return kapi_syscall4(SYS_rt_sigprocmask, how, (long)set, (long)oldset, sigsetsize); }
      |                                                 ^
include/kapi_syscall.h:670:60: warning: 将一个指针转换为大小不同的整数 [-Wpointer-to-int-cast]
  670 | { return kapi_syscall4(SYS_rt_sigprocmask, how, (long)set, (long)oldset, sigsetsize); }
      |                                                            ^
include/kapi_syscall.h:670:74: warning: conversion from ‘size_t’ {或称 ‘long long unsigned int’} to ‘long int’ may change value [-Wconversion]
  670 | { return kapi_syscall4(SYS_rt_sigprocmask, how, (long)set, (long)oldset, sigsetsize); }
      |                                                                          ^~~~~~~~~~
include/kapi_syscall.h: 在函数‘sys_ioctl’中:
include/kapi_syscall.h:679:39: warning: ‘long int’转换自‘long unsigned int’时可能会改变结果的符号 [-Wsign-conversion]
  679 | { return kapi_syscall3(SYS_ioctl, fd, request, arg); }
      |                                       ^~~~~~~
include/kapi_syscall.h: 在函数‘sys_pread64’中:
include/kapi_syscall.h:682:41: warning: 将一个指针转换为大小不同的整数 [-Wpointer-to-int-cast]
  682 | { return kapi_syscall4(SYS_pread64, fd, (long)buf, count, offset); }
      |                                         ^
include/kapi_syscall.h:682:52: warning: conversion from ‘size_t’ {或称 ‘long long unsigned int’} to ‘long int’ may change value [-Wconversion]
  682 | { return kapi_syscall4(SYS_pread64, fd, (long)buf, count, offset); }
      |                                                    ^~~~~
include/kapi_syscall.h: 在函数‘sys_pwrite64’中:
include/kapi_syscall.h:685:42: warning: 将一个指针转换为大小不同的整数 [-Wpointer-to-int-cast]
  685 | { return kapi_syscall4(SYS_pwrite64, fd, (long)buf, count, offset); }
      |                                          ^
include/kapi_syscall.h:685:53: warning: conversion from ‘size_t’ {或称 ‘long long unsigned int’} to ‘long int’ may change value [-Wconversion]
  685 | { return kapi_syscall4(SYS_pwrite64, fd, (long)buf, count, offset); }
      |                                                     ^~~~~
include/kapi_syscall.h: 在函数‘sys_readv’中:
include/kapi_syscall.h:688:39: warning: 将一个指针转换为大小不同的整数 [-Wpointer-to-int-cast]
  688 | { return kapi_syscall3(SYS_readv, fd, (long)iov, iovcnt); }
      |                                       ^
include/kapi_syscall.h: 在函数‘sys_writev’中:
include/kapi_syscall.h:691:40: warning: 将一个指针转换为大小不同的整数 [-Wpointer-to-int-cast]
  691 | { return kapi_syscall3(SYS_writev, fd, (long)iov, iovcnt); }
      |                                        ^
include/kapi_syscall.h: 在函数‘sys_getdents’中:
include/kapi_syscall.h:694:42: warning: 将一个指针转换为大小不同的整数 [-Wpointer-to-int-cast]
  694 | { return kapi_syscall3(SYS_getdents, fd, (long)dirp, count); }
      |                                          ^
include/kapi_syscall.h:694:54: warning: ‘long int’转换自‘unsigned int’时可能会改变结果的符号 [-Wsign-conversion]
  694 | { return kapi_syscall3(SYS_getdents, fd, (long)dirp, count); }
      |                                                      ^~~~~
include/kapi_syscall.h: 在函数‘sys_getdents64’中:
include/kapi_syscall.h:697:44: warning: 将一个指针转换为大小不同的整数 [-Wpointer-to-int-cast]
  697 | { return kapi_syscall3(SYS_getdents64, fd, (long)dirp, count); }
      |                                            ^
include/kapi_syscall.h:697:56: warning: ‘long int’转换自‘unsigned int’时可能会改变结果的符号 [-Wsign-conversion]
  697 | { return kapi_syscall3(SYS_getdents64, fd, (long)dirp, count); }
      |                                                        ^~~~~
include/kapi_syscall.h: 在函数‘sys_getgroups’中:
include/kapi_syscall.h:718:45: warning: 将一个指针转换为大小不同的整数 [-Wpointer-to-int-cast]
  718 | { return kapi_syscall2(SYS_getgroups, size, (long)list); }
      |                                             ^
include/kapi_syscall.h: 在函数‘sys_setgroups’中:
include/kapi_syscall.h:721:45: warning: 将一个指针转换为大小不同的整数 [-Wpointer-to-int-cast]
  721 | { return kapi_syscall2(SYS_setgroups, size, (long)list); }
      |                                             ^
include/kapi_syscall.h: 在函数‘sys_uname’中:
include/kapi_syscall.h:724:35: warning: 将一个指针转换为大小不同的整数 [-Wpointer-to-int-cast]
  724 | { return kapi_syscall1(SYS_uname, (long)buf); }
      |                                   ^
include/kapi_syscall.h: 在函数‘sys_sysinfo’中:
include/kapi_syscall.h:727:37: warning: 将一个指针转换为大小不同的整数 [-Wpointer-to-int-cast]
  727 | { return kapi_syscall1(SYS_sysinfo, (long)info); }
      |                                     ^
include/kapi_syscall.h: 在函数‘sys_getrlimit’中:
include/kapi_syscall.h:730:49: warning: 将一个指针转换为大小不同的整数 [-Wpointer-to-int-cast]
  730 | { return kapi_syscall2(SYS_getrlimit, resource, (long)rlim); }
      |                                                 ^
include/kapi_syscall.h: 在函数‘sys_setrlimit’中:
include/kapi_syscall.h:733:49: warning: 将一个指针转换为大小不同的整数 [-Wpointer-to-int-cast]
  733 | { return kapi_syscall2(SYS_setrlimit, resource, (long)rlim); }
      |                                                 ^
include/kapi_syscall.h: 在函数‘sys_getrusage’中:
include/kapi_syscall.h:736:44: warning: 将一个指针转换为大小不同的整数 [-Wpointer-to-int-cast]
  736 | { return kapi_syscall2(SYS_getrusage, who, (long)usage); }
      |                                            ^
include/kapi_syscall.h: 在函数‘sys_times’中:
include/kapi_syscall.h:739:35: warning: 将一个指针转换为大小不同的整数 [-Wpointer-to-int-cast]
  739 | { return kapi_syscall1(SYS_times, (long)tbuf); }
      |                                   ^
include/kapi_syscall.h: 在函数‘sys_reboot’中:
include/kapi_syscall.h:754:57: warning: 将一个指针转换为大小不同的整数 [-Wpointer-to-int-cast]
  754 | { return kapi_syscall4(SYS_reboot, magic1, magic2, cmd, (long)arg); }
      |                                                         ^
include/kapi_syscall.h: 在函数‘sys_chroot’中:
include/kapi_syscall.h:757:36: warning: 将一个指针转换为大小不同的整数 [-Wpointer-to-int-cast]
  757 | { return kapi_syscall1(SYS_chroot, (long)path); }
      |                                    ^
include/kapi_syscall.h: 在函数‘sys_sethostname’中:
include/kapi_syscall.h:760:41: warning: 将一个指针转换为大小不同的整数 [-Wpointer-to-int-cast]
  760 | { return kapi_syscall2(SYS_sethostname, (long)name, len); }
      |                                         ^
include/kapi_syscall.h: 在函数‘sys_setdomainname’中:
include/kapi_syscall.h:763:43: warning: 将一个指针转换为大小不同的整数 [-Wpointer-to-int-cast]
  763 | { return kapi_syscall2(SYS_setdomainname, (long)name, len); }
      |                                           ^
include/kapi_syscall.h: 在函数‘sys_init_module’中:
include/kapi_syscall.h:766:41: warning: 将一个指针转换为大小不同的整数 [-Wpointer-to-int-cast]
  766 | { return kapi_syscall3(SYS_init_module, (long)module_image, len, (long)param_values); }
      |                                         ^
include/kapi_syscall.h:766:66: warning: 将一个指针转换为大小不同的整数 [-Wpointer-to-int-cast]
  766 | { return kapi_syscall3(SYS_init_module, (long)module_image, len, (long)param_values); }
      |                                                                  ^
include/kapi_syscall.h:766:61: warning: ‘long int’转换自‘long unsigned int’时可能会改变结果的符号 [-Wsign-conversion]
  766 | { return kapi_syscall3(SYS_init_module, (long)module_image, len, (long)param_values); }
      |                                                             ^~~
include/kapi_syscall.h: 在函数‘sys_delete_module’中:
include/kapi_syscall.h:769:43: warning: 将一个指针转换为大小不同的整数 [-Wpointer-to-int-cast]
  769 | { return kapi_syscall2(SYS_delete_module, (long)name, flags); }
      |                                           ^
include/kapi_syscall.h:769:55: warning: ‘long int’转换自‘unsigned int’时可能会改变结果的符号 [-Wsign-conversion]
  769 | { return kapi_syscall2(SYS_delete_module, (long)name, flags); }
      |                                                       ^~~~~
include/kapi_syscall.h: 在函数‘sys_finit_module’中:
include/kapi_syscall.h:772:46: warning: 将一个指针转换为大小不同的整数 [-Wpointer-to-int-cast]
  772 | { return kapi_syscall3(SYS_finit_module, fd, (long)param_values, flags); }
      |                                              ^
-- Enter folder kernel/arch/x86_64 --
<2> Building kernel/arch/x86_64/xhci.c
kernel/arch/x86_64/xhci.c: 在函数‘xhci_init’中:
kernel/arch/x86_64/xhci.c:17:59: warning: conversion from ‘int’ to ‘uint8_t’ {或称 ‘unsigned char’} may change value [-Wconversion]
   17 |                 uint32_t class_code_reg = pci_read_config(b, d, f, 0x08);
      |                                                           ^
kernel/arch/x86_64/xhci.c:17:62: warning: conversion from ‘int’ to ‘uint8_t’ {或称 ‘unsigned char’} may change value [-Wconversion]
   17 |                 uint32_t class_code_reg = pci_read_config(b, d, f, 0x08);
      |                                                              ^
kernel/arch/x86_64/xhci.c:17:65: warning: conversion from ‘int’ to ‘uint8_t’ {或称 ‘unsigned char’} may change value [-Wconversion]
   17 |                 uint32_t class_code_reg = pci_read_config(b, d, f, 0x08);
      |                                                                 ^
kernel/arch/x86_64/xhci.c:21:38: warning: conversion from ‘uint32_t’ {或称 ‘unsigned int’} to ‘uint8_t’ {或称 ‘unsigned char’} may change value [-Wconversion]
   21 |                 uint8_t class_code = (class_code_reg >> 24) & 0xFF;
      |                                      ^
kernel/arch/x86_64/xhci.c:27:37: warning: conversion from ‘int’ to ‘uint8_t’ {或称 ‘unsigned char’} may change value [-Wconversion]
   27 |                         ctrl->bus = b;
      |                                     ^
kernel/arch/x86_64/xhci.c:28:40: warning: conversion from ‘int’ to ‘uint8_t’ {或称 ‘unsigned char’} may change value [-Wconversion]
   28 |                         ctrl->device = d;
      |                                        ^
kernel/arch/x86_64/xhci.c:29:42: warning: conversion from ‘int’ to ‘uint8_t’ {或称 ‘unsigned char’} may change value [-Wconversion]
   29 |                         ctrl->function = f;
      |                                          ^
kernel/arch/x86_64/xhci.c:30:54: warning: conversion from ‘int’ to ‘uint8_t’ {或称 ‘unsigned char’} may change value [-Wconversion]
   30 |                         ctrl->base = pci_read_config(b, d, f, 0x10) & 0xFFFFFFF0;
      |                                                      ^
kernel/arch/x86_64/xhci.c:30:57: warning: conversion from ‘int’ to ‘uint8_t’ {或称 ‘unsigned char’} may change value [-Wconversion]
   30 |                         ctrl->base = pci_read_config(b, d, f, 0x10) & 0xFFFFFFF0;
      |                                                         ^
kernel/arch/x86_64/xhci.c:30:60: warning: conversion from ‘int’ to ‘uint8_t’ {或称 ‘unsigned char’} may change value [-Wconversion]
   30 |                         ctrl->base = pci_read_config(b, d, f, 0x10) & 0xFFFFFFF0;
      |                                                            ^
<2> Building kernel/arch/x86_64/wmi.c
<3> Building kernel/arch/x86_64/win32_stubs.c
<1> Building kernel/arch/x86_64/win32_shell.c
kernel/arch/x86_64/win32_shell.c: 在函数‘ShellExecuteA’中:
kernel/arch/x86_64/win32_shell.c:207:30: warning: 未使用的变量‘tmp’ [-Wunused-variable]
  207 |                         char tmp[512];
      |                              ^~~
kernel/arch/x86_64/wmi.c: 在函数‘wmi_exec_query’中:
kernel/arch/x86_64/wmi.c:498:21: warning: 多字节字符常量 [-Wmultichar]
  498 |     en->signature = 'ENUM';
      |                     ^~~~~~
kernel/arch/x86_64/wmi.c: 在函数‘wmi_enum_get’中:
kernel/arch/x86_64/wmi.c:531:36: warning: 多字节字符常量 [-Wmultichar]
  531 |     if (en->signature != (uint32_t)'ENUM') return WBEM_E_INVALID_PARAMETER;
      |                                    ^~~~~~
kernel/arch/x86_64/win32_shell.c: 在函数‘PathCanonicalizeA’中:
kernel/arch/x86_64/win32_shell.c:728:34: warning: ‘size_t’ {或称 ‘long long unsigned int’}转换自‘int’时可能会改变结果的符号 [-Wsign-conversion]
  728 |             memcpy(tmp + ti, sp, ci);
      |                                  ^~
kernel/arch/x86_64/win32_shell.c: 在函数‘cmd_builtin_dir’中:
kernel/arch/x86_64/win32_shell.c:1598:9: warning: 变量‘found’被设定但未被使用 [-Wunused-but-set-variable=]
 1598 |     int found;
      |         ^~~~~
kernel/arch/x86_64/win32_shell.c: 在函数‘cmd_builtin_set’中:
kernel/arch/x86_64/win32_shell.c:1795:9: warning: 变量‘expr_mode’被设定但未被使用 [-Wunused-but-set-variable=]
 1795 |     int expr_mode = 0;
      |         ^~~~~~~~~
kernel/arch/x86_64/win32_shell.c: 在函数‘cmd_builtin_sort’中:
kernel/arch/x86_64/win32_shell.c:2065:22: warning: ‘size_t’ {或称 ‘long long unsigned int’}转换自‘int’时可能会改变结果的符号 [-Wsign-conversion]
 2065 |         qsort(lines, count, sizeof(char*), strcmp_void);
      |                      ^~~~~
kernel/arch/x86_64/win32_shell.c: 在函数‘cmd_builtin_help’中:
kernel/arch/x86_64/win32_shell.c:2116:42: warning: 未使用的参数‘cmd’ [-Wunused-parameter]
 2116 | static int cmd_builtin_help(cmd_state_t* cmd, int argc, char** argv) {
      |                             ~~~~~~~~~~~~~^~~
kernel/arch/x86_64/win32_shell.c: 在函数‘cmd_resolve_and_run’中:
kernel/arch/x86_64/win32_shell.c:2224:23: warning: 比较指针和整数
 2224 |         if (fn && *fn != cmdname) {
      |                       ^~
kernel/arch/x86_64/win32_shell.c: 在函数‘cmd_execute_line’中:
kernel/arch/x86_64/win32_shell.c:2373:13: warning: 变量‘match_idx’被设定但未被使用 [-Wunused-but-set-variable=]
 2373 |         int match_idx;
      |             ^~~~~~~~~
<3> Building kernel/arch/x86_64/win32_security.c
kernel/arch/x86_64/win32_security.c: 在函数‘CreateWellKnownSid’中:
kernel/arch/x86_64/win32_security.c:8:43: warning: 初始值设定周围缺少花括号 [-Wmissing-braces]
    8 | #define SECURITY_WORLD_SID_AUTHORITY      {0,0,0,0,0,1}
      |                                           ^
kernel/arch/x86_64/win32_security.c:397:43: note: in expansion of macro ‘SECURITY_WORLD_SID_AUTHORITY’
  397 |     SID_IDENTIFIER_AUTHORITY world_auth = SECURITY_WORLD_SID_AUTHORITY;
      |                                           ^~~~~~~~~~~~~~~~~~~~~~~~~~~~
kernel/arch/x86_64/win32_security.c:9:43: warning: 初始值设定周围缺少花括号 [-Wmissing-braces]
    9 | #define SECURITY_LOCAL_SID_AUTHORITY      {0,0,0,0,0,2}
      |                                           ^
kernel/arch/x86_64/win32_security.c:398:43: note: in expansion of macro ‘SECURITY_LOCAL_SID_AUTHORITY’
  398 |     SID_IDENTIFIER_AUTHORITY local_auth = SECURITY_LOCAL_SID_AUTHORITY;
      |                                           ^~~~~~~~~~~~~~~~~~~~~~~~~~~~
kernel/arch/x86_64/win32_security.c:10:43: warning: 初始值设定周围缺少花括号 [-Wmissing-braces]
   10 | #define SECURITY_CREATOR_SID_AUTHORITY    {0,0,0,0,0,3}
      |                                           ^
kernel/arch/x86_64/win32_security.c:399:45: note: in expansion of macro ‘SECURITY_CREATOR_SID_AUTHORITY’
  399 |     SID_IDENTIFIER_AUTHORITY creator_auth = SECURITY_CREATOR_SID_AUTHORITY;
      |                                             ^~~~~~~~~~~~~~~~~~~~~~~~~~~~~~
kernel/arch/x86_64/win32_security.c:12:43: warning: 初始值设定周围缺少花括号 [-Wmissing-braces]
   12 | #define SECURITY_NT_AUTHORITY             {0,0,0,0,0,5}
      |                                           ^
kernel/arch/x86_64/win32_security.c:400:40: note: in expansion of macro ‘SECURITY_NT_AUTHORITY’
  400 |     SID_IDENTIFIER_AUTHORITY nt_auth = SECURITY_NT_AUTHORITY;
      |                                        ^~~~~~~~~~~~~~~~~~~~~
kernel/arch/x86_64/win32_security.c: 在函数‘sid_is_world_or_auth’中:
kernel/arch/x86_64/win32_security.c:8:43: warning: 初始值设定周围缺少花括号 [-Wmissing-braces]
    8 | #define SECURITY_WORLD_SID_AUTHORITY      {0,0,0,0,0,1}
      |                                           ^
kernel/arch/x86_64/win32_security.c:591:43: note: in expansion of macro ‘SECURITY_WORLD_SID_AUTHORITY’
  591 |     SID_IDENTIFIER_AUTHORITY world_auth = SECURITY_WORLD_SID_AUTHORITY;
      |                                           ^~~~~~~~~~~~~~~~~~~~~~~~~~~~
kernel/arch/x86_64/win32_security.c:12:43: warning: 初始值设定周围缺少花括号 [-Wmissing-braces]
   12 | #define SECURITY_NT_AUTHORITY             {0,0,0,0,0,5}
      |                                           ^
kernel/arch/x86_64/win32_security.c:592:40: note: in expansion of macro ‘SECURITY_NT_AUTHORITY’
  592 |     SID_IDENTIFIER_AUTHORITY nt_auth = SECURITY_NT_AUTHORITY;
      |                                        ^~~~~~~~~~~~~~~~~~~~~
kernel/arch/x86_64/win32_security.c: 在函数‘create_system_token’中:
kernel/arch/x86_64/win32_security.c:12:43: warning: 初始值设定周围缺少花括号 [-Wmissing-braces]
   12 | #define SECURITY_NT_AUTHORITY             {0,0,0,0,0,5}
      |                                           ^
kernel/arch/x86_64/win32_security.c:662:40: note: in expansion of macro ‘SECURITY_NT_AUTHORITY’
  662 |     SID_IDENTIFIER_AUTHORITY nt_auth = SECURITY_NT_AUTHORITY;
      |                                        ^~~~~~~~~~~~~~~~~~~~~
kernel/arch/x86_64/win32_security.c:8:43: warning: 初始值设定周围缺少花括号 [-Wmissing-braces]
    8 | #define SECURITY_WORLD_SID_AUTHORITY      {0,0,0,0,0,1}
      |                                           ^
kernel/arch/x86_64/win32_security.c:663:43: note: in expansion of macro ‘SECURITY_WORLD_SID_AUTHORITY’
  663 |     SID_IDENTIFIER_AUTHORITY world_auth = SECURITY_WORLD_SID_AUTHORITY;
      |                                           ^~~~~~~~~~~~~~~~~~~~~~~~~~~~
kernel/arch/x86_64/win32_security.c: 在函数‘LookupAccountNameA’中:
kernel/arch/x86_64/win32_security.c:12:43: warning: 初始值设定周围缺少花括号 [-Wmissing-braces]
   12 | #define SECURITY_NT_AUTHORITY             {0,0,0,0,0,5}
      |                                           ^
kernel/arch/x86_64/win32_security.c:886:44: note: in expansion of macro ‘SECURITY_NT_AUTHORITY’
  886 |         SID_IDENTIFIER_AUTHORITY nt_auth = SECURITY_NT_AUTHORITY;
      |                                            ^~~~~~~~~~~~~~~~~~~~~
<0> Building kernel/arch/x86_64/win32_process.c
kernel/arch/x86_64/win32_security.c: 在文件作用域：
kernel/arch/x86_64/win32_security.c:175:13: warning: ‘set_last_error’ 在此处定义 [-Wunused-function]
  175 | static void set_last_error(uint32_t err) {
      |             ^~~~~~~~~~~~~~
kernel/arch/x86_64/win32_process.c: 在函数‘ZwClose’中:
kernel/arch/x86_64/win32_process.c:1137:12: warning: ‘uint32_t’ {或称 ‘unsigned int’}转换自‘NTSTATUS’ {或称 ‘long int’}时可能会改变结果的符号 [-Wsign-conversion]
 1137 |     return NtClose(Handle);
      |            ^~~~~~~~~~~~~~~
kernel/arch/x86_64/win32_process.c: 在函数‘ZwAllocateVirtualMemory’中:
kernel/arch/x86_64/win32_process.c:1148:12: warning: ‘uint32_t’ {或称 ‘unsigned int’}转换自‘NTSTATUS’ {或称 ‘long int’}时可能会改变结果的符号 [-Wsign-conversion]
 1148 |     return NtAllocateVirtualMemory(ProcessHandle, BaseAddress, ZeroBits, RegionSize, AllocationType, Protect);
      |            ^~~~~~~~~~~~~~~~~~~~~~~~~~~~~~~~~~~~~~~~~~~~~~~~~~~~~~~~~~~~~~~~~~~~~~~~~~~~~~~~~~~~~~~~~~~~~~~~~~
kernel/arch/x86_64/win32_process.c: 在函数‘ZwFreeVirtualMemory’中:
kernel/arch/x86_64/win32_process.c:1157:12: warning: ‘uint32_t’ {或称 ‘unsigned int’}转换自‘NTSTATUS’ {或称 ‘long int’}时可能会改变结果的符号 [-Wsign-conversion]
 1157 |     return NtFreeVirtualMemory(ProcessHandle, BaseAddress, RegionSize, FreeType);
      |            ^~~~~~~~~~~~~~~~~~~~~~~~~~~~~~~~~~~~~~~~~~~~~~~~~~~~~~~~~~~~~~~~~~~~~
kernel/arch/x86_64/win32_process.c: 在函数‘ZwQueryInformationProcess’中:
kernel/arch/x86_64/win32_process.c:1167:12: warning: ‘uint32_t’ {或称 ‘unsigned int’}转换自‘NTSTATUS’ {或称 ‘long int’}时可能会改变结果的符号 [-Wsign-conversion]
 1167 |     return NtQueryInformationProcess(ProcessHandle, ProcessInformationClass, ProcessInformation, ProcessInformationLength, ReturnLength);
      |            ^~~~~~~~~~~~~~~~~~~~~~~~~~~~~~~~~~~~~~~~~~~~~~~~~~~~~~~~~~~~~~~~~~~~~~~~~~~~~~~~~~~~~~~~~~~~~~~~~~~~~~~~~~~~~~~~~~~~~~~~~~~~~
kernel/arch/x86_64/win32_process.c: 在函数‘ZwQueryInformationThread’中:
kernel/arch/x86_64/win32_process.c:1177:12: warning: ‘uint32_t’ {或称 ‘unsigned int’}转换自‘NTSTATUS’ {或称 ‘long int’}时可能会改变结果的符号 [-Wsign-conversion]
 1177 |     return NtQueryInformationThread(ThreadHandle, ThreadInformationClass, ThreadInformation, ThreadInformationLength, ReturnLength);
      |            ^~~~~~~~~~~~~~~~~~~~~~~~~~~~~~~~~~~~~~~~~~~~~~~~~~~~~~~~~~~~~~~~~~~~~~~~~~~~~~~~~~~~~~~~~~~~~~~~~~~~~~~~~~~~~~~~~~~~~~~~
kernel/arch/x86_64/win32_process.c: 在函数‘ZwCreateFile’中:
kernel/arch/x86_64/win32_process.c:1193:12: warning: ‘uint32_t’ {或称 ‘unsigned int’}转换自‘NTSTATUS’ {或称 ‘long int’}时可能会改变结果的符号 [-Wsign-conversion]
 1193 |     return NtCreateFile(FileHandle, DesiredAccess, ObjectAttributes, IoStatusBlock, AllocationSize, FileAttributes, ShareAccess, CreateDisposition, CreateOptions, EaBuffer, EaLength);
      |            ^~~~~~~~~~~~~~~~~~~~~~~~~~~~~~~~~~~~~~~~~~~~~~~~~~~~~~~~~~~~~~~~~~~~~~~~~~~~~~~~~~~~~~~~~~~~~~~~~~~~~~~~~~~~~~~~~~~~~~~~~~~~~~~~~~~~~~~~~~~~~~~~~~~~~~~~~~~~~~~~~~~~~~~~~~~
kernel/arch/x86_64/win32_process.c: 在函数‘ZwReadFile’中:
kernel/arch/x86_64/win32_process.c:1207:12: warning: ‘uint32_t’ {或称 ‘unsigned int’}转换自‘NTSTATUS’ {或称 ‘long int’}时可能会改变结果的符号 [-Wsign-conversion]
 1207 |     return NtReadFile(FileHandle, Event, ApcRoutine, ApcContext, IoStatusBlock, Buffer, Length, ByteOffset, Key);
      |            ^~~~~~~~~~~~~~~~~~~~~~~~~~~~~~~~~~~~~~~~~~~~~~~~~~~~~~~~~~~~~~~~~~~~~~~~~~~~~~~~~~~~~~~~~~~~~~~~~~~~~
kernel/arch/x86_64/win32_process.c: 在函数‘ZwWriteFile’中:
kernel/arch/x86_64/win32_process.c:1221:12: warning: ‘uint32_t’ {或称 ‘unsigned int’}转换自‘NTSTATUS’ {或称 ‘long int’}时可能会改变结果的符号 [-Wsign-conversion]
 1221 |     return NtWriteFile(FileHandle, Event, ApcRoutine, ApcContext, IoStatusBlock, Buffer, Length, ByteOffset, Key);
      |            ^~~~~~~~~~~~~~~~~~~~~~~~~~~~~~~~~~~~~~~~~~~~~~~~~~~~~~~~~~~~~~~~~~~~~~~~~~~~~~~~~~~~~~~~~~~~~~~~~~~~~~
kernel/arch/x86_64/win32_process.c: 在函数‘ZwQueryAttributesFile’中:
kernel/arch/x86_64/win32_process.c:1228:12: warning: ‘uint32_t’ {或称 ‘unsigned int’}转换自‘NTSTATUS’ {或称 ‘long int’}时可能会改变结果的符号 [-Wsign-conversion]
 1228 |     return NtQueryAttributesFile(ObjectAttributes, FileInformation);
      |            ^~~~~~~~~~~~~~~~~~~~~~~~~~~~~~~~~~~~~~~~~~~~~~~~~~~~~~~~
kernel/arch/x86_64/win32_process.c: 在文件作用域：
kernel/arch/x86_64/win32_process.c:291:13: warning: ‘process_slot_cleanup’ 在此处定义 [-Wunused-function]
  291 | static void process_slot_cleanup(win32_process_t* proc) {
      |             ^~~~~~~~~~~~~~~~~~~~
kernel/arch/x86_64/win32_shell.c: 在函数‘PathCanonicalizeA.part.0’中:
kernel/arch/x86_64/win32_shell.c:724:40: warning: array subscript 128 is above array bounds of ‘char *[64]’ [-Warray-bounds=]
  724 |             ci = (int)((uintptr_t)comps[i + 128]);
      |                                   ~~~~~^~~~~~~~~
kernel/arch/x86_64/win32_shell.c:650:11: note: while referencing ‘comps’
  650 |     char* comps[64];
      |           ^~~~~
<2> Building kernel/arch/x86_64/win32_ntdll.c
kernel/arch/x86_64/win32_ntdll.c: 在函数‘NtCreateFile’中:
kernel/arch/x86_64/win32_ntdll.c:391:55: warning: 未使用的参数‘DesiredAccess’ [-Wunused-parameter]
  391 | NTSTATUS NtCreateFile(PHANDLE FileHandle, ACCESS_MASK DesiredAccess,
      |                                           ~~~~~~~~~~~~^~~~~~~~~~~~~
<3> Building kernel/arch/x86_64/win32_msvcrt.c
kernel/arch/x86_64/win32_ntdll.c: 在函数‘NtDeviceIoControlFile’中:
kernel/arch/x86_64/win32_ntdll.c:893:18: error: ‘struct _IO_STATUS_BLOCK’没有名为‘Status’的成员
  893 |     IoStatusBlock->Status = STATUS_SUCCESS;
      |                  ^~
kernel/arch/x86_64/win32_ntdll.c: 在文件作用域：
kernel/arch/x86_64/win32_ntdll.c:1052:22: error: 未知的类型名‘PTIMER_APC_ROUTINE’
 1052 |                      PTIMER_APC_ROUTINE TimerApcRoutine,
      |                      ^~~~~~~~~~~~~~~~~~
kernel/arch/x86_64/win32_ntdll.c:1170:25: error: 未知的类型名‘KEY_VALUE_INFORMATION_CLASS’
 1170 |                         KEY_VALUE_INFORMATION_CLASS KeyValueInformationClass,
      |                         ^~~~~~~~~~~~~~~~~~~~~~~~~~~
kernel/arch/x86_64/win32_ntdll.c:1193:24: error: 未知的类型名‘KEY_INFORMATION_CLASS’
 1193 |                        KEY_INFORMATION_CLASS KeyInformationClass,
      |                        ^~~~~~~~~~~~~~~~~~~~~
kernel/arch/x86_64/win32_ntdll.c:1216:30: error: 未知的类型名‘KEY_VALUE_INFORMATION_CLASS’
 1216 |                              KEY_VALUE_INFORMATION_CLASS KeyValueInformationClass,
      |                              ^~~~~~~~~~~~~~~~~~~~~~~~~~~
kernel/arch/x86_64/win32_ntdll.c:1243:39: error: 未知的类型名‘OBJECT_INFORMATION_CLASS’
 1243 | NTSTATUS NtQueryObject(HANDLE Handle, OBJECT_INFORMATION_CLASS ObjectInformationClass,
      |                                       ^~~~~~~~~~~~~~~~~~~~~~~~
kernel/arch/x86_64/win32_ntdll.c: 在函数‘NtQueryDirectoryObject’中:
kernel/arch/x86_64/win32_ntdll.c:1313:54: warning: 未使用的参数‘BufferLength’ [-Wunused-parameter]
 1313 |                                  PVOID Buffer, ULONG BufferLength,
      |                                                ~~~~~~^~~~~~~~~~~~
kernel/arch/x86_64/win32_ntdll.c: 在文件作用域：
kernel/arch/x86_64/win32_ntdll.c:1329:10: error: ‘NtCreateFile’重定义
 1329 | NTSTATUS NtCreateFile(PHANDLE FileHandle, ACCESS_MASK DesiredAccess,
      |          ^~~~~~~~~~~~
kernel/arch/x86_64/win32_ntdll.c:391:10: note: previous definition of ‘NtCreateFile’ with type ‘NTSTATUS(void **, ACCESS_MASK,  struct _OBJECT_ATTRIBUTES *, struct _IO_STATUS_BLOCK *, LARGE_INTEGER *, ULONG,  ULONG,  ULONG,  ULONG,  void *, ULONG)’ {或称 ‘long int(void **, unsigned int,  struct _OBJECT_ATTRIBUTES *, struct _IO_STATUS_BLOCK *, long long int *, long unsigned int,  long unsigned int,  long unsigned int,  long unsigned int,  void *, long unsigned int)’}
  391 | NTSTATUS NtCreateFile(PHANDLE FileHandle, ACCESS_MASK DesiredAccess,
      |          ^~~~~~~~~~~~
kernel/arch/x86_64/win32_ntdll.c: 在函数‘NtCreateFile’中:
kernel/arch/x86_64/win32_ntdll.c:1329:55: warning: 未使用的参数‘DesiredAccess’ [-Wunused-parameter]
 1329 | NTSTATUS NtCreateFile(PHANDLE FileHandle, ACCESS_MASK DesiredAccess,
      |                                           ~~~~~~~~~~~~^~~~~~~~~~~~~
kernel/arch/x86_64/win32_ntdll.c:1331:40: warning: 未使用的参数‘IoStatusBlock’ [-Wunused-parameter]
 1331 |                       PIO_STATUS_BLOCK IoStatusBlock,
      |                       ~~~~~~~~~~~~~~~~~^~~~~~~~~~~~~
kernel/arch/x86_64/win32_ntdll.c: 在文件作用域：
kernel/arch/x86_64/win32_ntdll.c:1351:10: error: ‘NtOpenFile’重定义
 1351 | NTSTATUS NtOpenFile(PHANDLE FileHandle, ACCESS_MASK DesiredAccess,
      |          ^~~~~~~~~~
kernel/arch/x86_64/win32_ntdll.c:414:10: note: previous definition of ‘NtOpenFile’ with type ‘NTSTATUS(void **, ACCESS_MASK,  struct _OBJECT_ATTRIBUTES *, struct _IO_STATUS_BLOCK *, ULONG,  ULONG)’ {或称 ‘long int(void **, unsigned int,  struct _OBJECT_ATTRIBUTES *, struct _IO_STATUS_BLOCK *, long unsigned int,  long unsigned int)’}
  414 | NTSTATUS NtOpenFile(PHANDLE FileHandle, ACCESS_MASK DesiredAccess,
      |          ^~~~~~~~~~
kernel/arch/x86_64/win32_ntdll.c: 在函数‘NtOpenFile’中:
kernel/arch/x86_64/win32_ntdll.c:1353:38: warning: 未使用的参数‘IoStatusBlock’ [-Wunused-parameter]
 1353 |                     PIO_STATUS_BLOCK IoStatusBlock,
      |                     ~~~~~~~~~~~~~~~~~^~~~~~~~~~~~~
kernel/arch/x86_64/win32_ntdll.c: 在文件作用域：
kernel/arch/x86_64/win32_ntdll.c:1366:10: error: ‘NtReadFile’重定义
 1366 | NTSTATUS NtReadFile(HANDLE FileHandle, HANDLE Event, PVOID ApcRoutine,
      |          ^~~~~~~~~~
kernel/arch/x86_64/win32_ntdll.c:430:10: note: previous definition of ‘NtReadFile’ with type ‘NTSTATUS(void *, void *, void *, void *, struct _IO_STATUS_BLOCK *, void *, ULONG,  LARGE_INTEGER *, ULONG *)’ {或称 ‘long int(void *, void *, void *, void *, struct _IO_STATUS_BLOCK *, void *, long unsigned int,  long long int *, long unsigned int *)’}
  430 | NTSTATUS NtReadFile(HANDLE FileHandle, HANDLE Event, PVOID ApcRoutine,
      |          ^~~~~~~~~~
kernel/arch/x86_64/win32_ntdll.c: 在函数‘NtReadFile’中:
kernel/arch/x86_64/win32_ntdll.c:1386:22: error: ‘struct _IO_STATUS_BLOCK’没有名为‘Status’的成员
 1386 |         IoStatusBlock->Status = STATUS_SUCCESS;
      |                      ^~
kernel/arch/x86_64/win32_ntdll.c: 在文件作用域：
kernel/arch/x86_64/win32_ntdll.c:1392:10: error: ‘NtWriteFile’重定义
 1392 | NTSTATUS NtWriteFile(HANDLE FileHandle, HANDLE Event, PVOID ApcRoutine,
      |          ^~~~~~~~~~~
kernel/arch/x86_64/win32_ntdll.c:453:10: note: previous definition of ‘NtWriteFile’ with type ‘NTSTATUS(void *, void *, void *, void *, struct _IO_STATUS_BLOCK *, const void *, ULONG,  LARGE_INTEGER *, ULONG *)’ {或称 ‘long int(void *, void *, void *, void *, struct _IO_STATUS_BLOCK *, const void *, long unsigned int,  long long int *, long unsigned int *)’}
  453 | NTSTATUS NtWriteFile(HANDLE FileHandle, HANDLE Event, PVOID ApcRoutine,
      |          ^~~~~~~~~~~
kernel/arch/x86_64/win32_ntdll.c: 在函数‘NtWriteFile’中:
kernel/arch/x86_64/win32_ntdll.c:1411:22: error: ‘struct _IO_STATUS_BLOCK’没有名为‘Status’的成员
 1411 |         IoStatusBlock->Status = STATUS_SUCCESS;
      |                      ^~
kernel/arch/x86_64/win32_ntdll.c: 在文件作用域：
kernel/arch/x86_64/win32_ntdll.c:1417:10: error: ‘NtClose’重定义
 1417 | NTSTATUS NtClose(HANDLE Handle) {
      |          ^~~~~~~
kernel/arch/x86_64/win32_ntdll.c:475:10: note: previous definition of ‘NtClose’ with type ‘NTSTATUS(void *)’ {或称 ‘long int(void *)’}
  475 | NTSTATUS NtClose(HANDLE Handle) {
      |          ^~~~~~~
kernel/arch/x86_64/win32_ntdll.c:1427:10: error: ‘NtQueryInformationFile’重定义
 1427 | NTSTATUS NtQueryInformationFile(HANDLE FileHandle,
      |          ^~~~~~~~~~~~~~~~~~~~~~
kernel/arch/x86_64/win32_ntdll.c:485:10: note: previous definition of ‘NtQueryInformationFile’ with type ‘NTSTATUS(void *, struct _IO_STATUS_BLOCK *, void *, ULONG,  ULONG)’ {或称 ‘long int(void *, struct _IO_STATUS_BLOCK *, void *, long unsigned int,  long unsigned int)’}
  485 | NTSTATUS NtQueryInformationFile(HANDLE FileHandle,
      |          ^~~~~~~~~~~~~~~~~~~~~~
kernel/arch/x86_64/win32_ntdll.c: 在函数‘NtQueryInformationFile’中:
kernel/arch/x86_64/win32_ntdll.c:1440:22: error: ‘struct _IO_STATUS_BLOCK’没有名为‘Status’的成员
 1440 |         IoStatusBlock->Status = STATUS_SUCCESS;
      |                      ^~
kernel/arch/x86_64/win32_ntdll.c: 在文件作用域：
kernel/arch/x86_64/win32_ntdll.c:1450:10: error: ‘NtSetInformationFile’重定义
 1450 | NTSTATUS NtSetInformationFile(HANDLE FileHandle,
      |          ^~~~~~~~~~~~~~~~~~~~
kernel/arch/x86_64/win32_ntdll.c:505:10: note: previous definition of ‘NtSetInformationFile’ with type ‘NTSTATUS(void *, struct _IO_STATUS_BLOCK *, void *, ULONG,  ULONG)’ {或称 ‘long int(void *, struct _IO_STATUS_BLOCK *, void *, long unsigned int,  long unsigned int)’}
  505 | NTSTATUS NtSetInformationFile(HANDLE FileHandle,
      |          ^~~~~~~~~~~~~~~~~~~~
kernel/arch/x86_64/win32_ntdll.c: 在函数‘NtSetInformationFile’中:
kernel/arch/x86_64/win32_ntdll.c:1465:22: error: ‘struct _IO_STATUS_BLOCK’没有名为‘Status’的成员
 1465 |         IoStatusBlock->Status = STATUS_SUCCESS;
      |                      ^~
kernel/arch/x86_64/win32_ntdll.c: 在文件作用域：
kernel/arch/x86_64/win32_ntdll.c:1471:10: error: ‘NtCreateSection’重定义
 1471 | NTSTATUS NtCreateSection(PHANDLE SectionHandle, ACCESS_MASK DesiredAccess,
      |          ^~~~~~~~~~~~~~~
kernel/arch/x86_64/win32_ntdll.c:523:10: note: previous definition of ‘NtCreateSection’ with type ‘NTSTATUS(void **, ACCESS_MASK,  struct _OBJECT_ATTRIBUTES *, LARGE_INTEGER *, ULONG,  ULONG,  void *)’ {或称 ‘long int(void **, unsigned int,  struct _OBJECT_ATTRIBUTES *, long long int *, long unsigned int,  long unsigned int,  void *)’}
  523 | NTSTATUS NtCreateSection(PHANDLE SectionHandle, ACCESS_MASK DesiredAccess,
      |          ^~~~~~~~~~~~~~~
kernel/arch/x86_64/win32_ntdll.c:1490:10: error: ‘NtMapViewOfSection’重定义
 1490 | NTSTATUS NtMapViewOfSection(HANDLE SectionHandle, HANDLE ProcessHandle,
      |          ^~~~~~~~~~~~~~~~~~
kernel/arch/x86_64/win32_ntdll.c:542:10: note: previous definition of ‘NtMapViewOfSection’ with type ‘NTSTATUS(void *, void *, void **, ULONG_PTR,  SIZE_T,  LARGE_INTEGER *, SIZE_T *, ULONG,  ULONG,  ULONG)’ {或称 ‘long int(void *, void *, void **, long long unsigned int,  long long unsigned int,  long long int *, long long unsigned int *, long unsigned int,  long unsigned int,  long unsigned int)’}
  542 | NTSTATUS NtMapViewOfSection(HANDLE SectionHandle, HANDLE ProcessHandle,
      |          ^~~~~~~~~~~~~~~~~~
kernel/arch/x86_64/win32_ntdll.c:1521:10: error: ‘NtUnmapViewOfSection’重定义
 1521 | NTSTATUS NtUnmapViewOfSection(HANDLE ProcessHandle, PVOID BaseAddress) {
      |          ^~~~~~~~~~~~~~~~~~~~
kernel/arch/x86_64/win32_ntdll.c:573:10: note: previous definition of ‘NtUnmapViewOfSection’ with type ‘NTSTATUS(void *, void *)’ {或称 ‘long int(void *, void *)’}
  573 | NTSTATUS NtUnmapViewOfSection(HANDLE ProcessHandle, PVOID BaseAddress) {
      |          ^~~~~~~~~~~~~~~~~~~~
kernel/arch/x86_64/win32_ntdll.c:1531:10: error: ‘NtAllocateVirtualMemory’重定义
 1531 | NTSTATUS NtAllocateVirtualMemory(HANDLE ProcessHandle, PVOID* BaseAddress,
      |          ^~~~~~~~~~~~~~~~~~~~~~~
kernel/arch/x86_64/win32_ntdll.c:583:10: note: previous definition of ‘NtAllocateVirtualMemory’ with type ‘NTSTATUS(void *, void **, ULONG_PTR,  SIZE_T *, ULONG,  ULONG)’ {或称 ‘long int(void *, void **, long long unsigned int,  long long unsigned int *, long unsigned int,  long unsigned int)’}
  583 | NTSTATUS NtAllocateVirtualMemory(HANDLE ProcessHandle, PVOID* BaseAddress,
      |          ^~~~~~~~~~~~~~~~~~~~~~~
kernel/arch/x86_64/win32_ntdll.c:1553:10: error: ‘NtFreeVirtualMemory’重定义
 1553 | NTSTATUS NtFreeVirtualMemory(HANDLE ProcessHandle, PVOID* BaseAddress,
      |          ^~~~~~~~~~~~~~~~~~~
kernel/arch/x86_64/win32_ntdll.c:605:10: note: previous definition of ‘NtFreeVirtualMemory’ with type ‘NTSTATUS(void *, void **, SIZE_T *, ULONG)’ {或称 ‘long int(void *, void **, long long unsigned int *, long unsigned int)’}
  605 | NTSTATUS NtFreeVirtualMemory(HANDLE ProcessHandle, PVOID* BaseAddress,
      |          ^~~~~~~~~~~~~~~~~~~
kernel/arch/x86_64/win32_ntdll.c:1569:10: error: ‘NtProtectVirtualMemory’重定义
 1569 | NTSTATUS NtProtectVirtualMemory(HANDLE ProcessHandle, PVOID* BaseAddress,
      |          ^~~~~~~~~~~~~~~~~~~~~~
kernel/arch/x86_64/win32_ntdll.c:621:10: note: previous definition of ‘NtProtectVirtualMemory’ with type ‘NTSTATUS(void *, void **, SIZE_T *, ULONG,  ULONG *)’ {或称 ‘long int(void *, void **, long long unsigned int *, long unsigned int,  long unsigned int *)’}
  621 | NTSTATUS NtProtectVirtualMemory(HANDLE ProcessHandle, PVOID* BaseAddress,
      |          ^~~~~~~~~~~~~~~~~~~~~~
kernel/arch/x86_64/win32_ntdll.c:1586:10: error: ‘NtQueryVirtualMemory’重定义
 1586 | NTSTATUS NtQueryVirtualMemory(HANDLE ProcessHandle, LPCVOID Address,
      |          ^~~~~~~~~~~~~~~~~~~~
kernel/arch/x86_64/win32_ntdll.c:638:10: note: previous definition of ‘NtQueryVirtualMemory’ with type ‘NTSTATUS(void *, const void *, ULONG,  void *, SIZE_T,  SIZE_T *)’ {或称 ‘long int(void *, const void *, long unsigned int,  void *, long long unsigned int,  long long unsigned int *)’}
  638 | NTSTATUS NtQueryVirtualMemory(HANDLE ProcessHandle, LPCVOID Address,
      |          ^~~~~~~~~~~~~~~~~~~~
kernel/arch/x86_64/win32_ntdll.c:1612:10: error: ‘NtCreateProcess’重定义
 1612 | NTSTATUS NtCreateProcess(PHANDLE ProcessHandle, ACCESS_MASK DesiredAccess,
      |          ^~~~~~~~~~~~~~~
kernel/arch/x86_64/win32_ntdll.c:664:10: note: previous definition of ‘NtCreateProcess’ with type ‘NTSTATUS(void **, ACCESS_MASK,  struct _OBJECT_ATTRIBUTES *, void *, BOOLEAN,  void *, void *, void *)’ {或称 ‘long int(void **, unsigned int,  struct _OBJECT_ATTRIBUTES *, void *, unsigned char,  void *, void *, void *)’}
  664 | NTSTATUS NtCreateProcess(PHANDLE ProcessHandle, ACCESS_MASK DesiredAccess,
      |          ^~~~~~~~~~~~~~~
kernel/arch/x86_64/win32_ntdll.c:1632:10: error: ‘NtQuerySystemInformation’重定义
 1632 | NTSTATUS NtQuerySystemInformation(ULONG SystemInformationClass,
      |          ^~~~~~~~~~~~~~~~~~~~~~~~
kernel/arch/x86_64/win32_ntdll.c:748:10: note: previous definition of ‘NtQuerySystemInformation’ with type ‘NTSTATUS(ULONG,  void *, ULONG,  ULONG *)’ {或称 ‘long int(long unsigned int,  void *, long unsigned int,  long unsigned int *)’}
  748 | NTSTATUS NtQuerySystemInformation(ULONG SystemInformationClass,
      |          ^~~~~~~~~~~~~~~~~~~~~~~~
kernel/arch/x86_64/win32_ntdll.c:1654:10: error: ‘NtSetSystemInformation’重定义
 1654 | NTSTATUS NtSetSystemInformation(ULONG SystemInformationClass,
      |          ^~~~~~~~~~~~~~~~~~~~~~
kernel/arch/x86_64/win32_ntdll.c:770:10: note: previous definition of ‘NtSetSystemInformation’ with type ‘NTSTATUS(ULONG,  void *, ULONG)’ {或称 ‘long int(long unsigned int,  void *, long unsigned int)’}
  770 | NTSTATUS NtSetSystemInformation(ULONG SystemInformationClass,
      |          ^~~~~~~~~~~~~~~~~~~~~~
kernel/arch/x86_64/win32_ntdll.c:1667:10: error: ‘NtQueryInformationProcess’重定义
 1667 | NTSTATUS NtQueryInformationProcess(HANDLE ProcessHandle,
      |          ^~~~~~~~~~~~~~~~~~~~~~~~~
kernel/arch/x86_64/win32_ntdll.c:783:10: note: previous definition of ‘NtQueryInformationProcess’ with type ‘NTSTATUS(void *, ULONG,  void *, ULONG,  ULONG *)’ {或称 ‘long int(void *, long unsigned int,  void *, long unsigned int,  long unsigned int *)’}
  783 | NTSTATUS NtQueryInformationProcess(HANDLE ProcessHandle,
      |          ^~~~~~~~~~~~~~~~~~~~~~~~~
kernel/arch/x86_64/win32_ntdll.c:1691:10: error: ‘NtQueryInformationThread’重定义
 1691 | NTSTATUS NtQueryInformationThread(HANDLE ThreadHandle,
      |          ^~~~~~~~~~~~~~~~~~~~~~~~
kernel/arch/x86_64/win32_ntdll.c:807:10: note: previous definition of ‘NtQueryInformationThread’ with type ‘NTSTATUS(void *, ULONG,  void *, ULONG,  ULONG *)’ {或称 ‘long int(void *, long unsigned int,  void *, long unsigned int,  long unsigned int *)’}
  807 | NTSTATUS NtQueryInformationThread(HANDLE ThreadHandle,
      |          ^~~~~~~~~~~~~~~~~~~~~~~~
kernel/arch/x86_64/win32_ntdll.c:1715:10: error: ‘NtDuplicateObject’重定义
 1715 | NTSTATUS NtDuplicateObject(HANDLE SourceProcessHandle, HANDLE SourceHandle,
      |          ^~~~~~~~~~~~~~~~~
kernel/arch/x86_64/win32_ntdll.c:831:10: note: previous definition of ‘NtDuplicateObject’ with type ‘NTSTATUS(void *, void *, void *, void **, ACCESS_MASK,  ULONG,  ULONG)’ {或称 ‘long int(void *, void *, void *, void **, unsigned int,  long unsigned int,  long unsigned int)’}
  831 | NTSTATUS NtDuplicateObject(HANDLE SourceProcessHandle, HANDLE SourceHandle,
      |          ^~~~~~~~~~~~~~~~~
kernel/arch/x86_64/win32_ntdll.c:1736:10: error: ‘NtLoadDriver’重定义
 1736 | NTSTATUS NtLoadDriver(PUNICODE_STRING DriverServiceName) {
      |          ^~~~~~~~~~~~
kernel/arch/x86_64/win32_ntdll.c:852:10: note: previous definition of ‘NtLoadDriver’ with type ‘NTSTATUS(struct _UNICODE_STRING *)’ {或称 ‘long int(struct _UNICODE_STRING *)’}
  852 | NTSTATUS NtLoadDriver(PUNICODE_STRING DriverServiceName) {
      |          ^~~~~~~~~~~~
kernel/arch/x86_64/win32_ntdll.c:1746:10: error: ‘NtUnloadDriver’重定义
 1746 | NTSTATUS NtUnloadDriver(PUNICODE_STRING DriverServiceName) {
      |          ^~~~~~~~~~~~~~
kernel/arch/x86_64/win32_ntdll.c:862:10: note: previous definition of ‘NtUnloadDriver’ with type ‘NTSTATUS(struct _UNICODE_STRING *)’ {或称 ‘long int(struct _UNICODE_STRING *)’}
  862 | NTSTATUS NtUnloadDriver(PUNICODE_STRING DriverServiceName) {
      |          ^~~~~~~~~~~~~~
kernel/arch/x86_64/win32_msvcrt.c: 在函数‘output_char’中:
kernel/arch/x86_64/win32_msvcrt.c:47:9: warning: ‘vga_putc’的地址总是等价为‘true’ [-Waddress]
   47 |     if (vga_putc) vga_putc(c);
      |         ^~~~~~~~
kernel/arch/x86_64/win32_msvcrt.c: 在函数‘output_string’中:
kernel/arch/x86_64/win32_msvcrt.c:55:9: warning: ‘vga_print’的地址总是等价为‘true’ [-Waddress]
   55 |     if (vga_print) vga_print(s);
      |         ^~~~~~~~~
<2> Building kernel/arch/x86_64/win32_kernel32.c
kernel/arch/x86_64/win32_msvcrt.c: 在函数‘fputs’中:
kernel/arch/x86_64/win32_msvcrt.c:739:12: warning: conversion from ‘size_t’ {或称 ‘long long unsigned int’} to ‘int’ may change value [-Wconversion]
  739 |     return strlen(s);
      |            ^~~~~~~~~
kernel/arch/x86_64/win32_kernel32.c: 在函数‘SetFilePointer’中:
kernel/arch/x86_64/win32_kernel32.c:668:48: warning: ‘long long unsigned int’转换自‘long long int’时可能会改变结果的符号 [-Wsign-conversion]
  668 |         offset = (int64_t)((uint64_t)hi << 32) | (uint64_t)(uint32_t)lDistanceToMove;
      |                                                ^
kernel/arch/x86_64/win32_kernel32.c:668:18: warning: ‘int64_t’ {或称 ‘long long int’}转换自‘long long unsigned int’时可能会改变结果的符号 [-Wsign-conversion]
  668 |         offset = (int64_t)((uint64_t)hi << 32) | (uint64_t)(uint32_t)lDistanceToMove;
      |                  ^
kernel/arch/x86_64/win32_kernel32.c: 在函数‘SetEndOfFile’中:
kernel/arch/x86_64/win32_kernel32.c:704:9: warning: 变量‘fd’被设定但未被使用 [-Wunused-but-set-variable=]
  704 |     int fd;
      |         ^~
kernel/arch/x86_64/win32_kernel32.c: 在函数‘GetFileSize’中:
kernel/arch/x86_64/win32_kernel32.c:770:16: error: ‘INVALID_FILE_SIZE’未声明(在此函数内第一次使用)
  770 |         return INVALID_FILE_SIZE;
      |                ^~~~~~~~~~~~~~~~~
kernel/arch/x86_64/win32_kernel32.c:770:16: note: 每个未声明的标识符在其出现的函数内只报告一次
kernel/arch/x86_64/win32_kernel32.c:765:9: warning: 变量‘fd’被设定但未被使用 [-Wunused-but-set-variable=]
  765 |     int fd;
      |         ^~
kernel/arch/x86_64/win32_kernel32.c: 在函数‘GetEnvironmentVariableA’中:
kernel/arch/x86_64/win32_kernel32.c:881:14: warning: 未使用的变量‘i’ [-Wunused-variable]
  881 |     uint32_t i;
      |              ^
kernel/arch/x86_64/win32_kernel32.c: 在文件作用域：
kernel/arch/x86_64/win32_kernel32.c:943:8: error: ‘GetCurrentProcess’重定义
  943 | HANDLE GetCurrentProcess(void) {
      |        ^~~~~~~~~~~~~~~~~
kernel/arch/x86_64/win32_kernel32.c:361:8: note: previous definition of ‘GetCurrentProcess’ with type ‘void *(void)’
  361 | HANDLE GetCurrentProcess(void) {
      |        ^~~~~~~~~~~~~~~~~
kernel/arch/x86_64/win32_kernel32.c:947:8: error: ‘GetCurrentThread’重定义
  947 | HANDLE GetCurrentThread(void) {
      |        ^~~~~~~~~~~~~~~~
kernel/arch/x86_64/win32_kernel32.c:365:8: note: previous definition of ‘GetCurrentThread’ with type ‘void *(void)’
  365 | HANDLE GetCurrentThread(void) {
      |        ^~~~~~~~~~~~~~~~
kernel/arch/x86_64/win32_kernel32.c:951:7: error: ‘GetCurrentProcessId’重定义
  951 | DWORD GetCurrentProcessId(void) {
      |       ^~~~~~~~~~~~~~~~~~~
kernel/arch/x86_64/win32_kernel32.c:353:10: note: previous definition of ‘GetCurrentProcessId’ with type ‘uint32_t(void)’ {或称 ‘unsigned int(void)’}
  353 | uint32_t GetCurrentProcessId(void) {
      |          ^~~~~~~~~~~~~~~~~~~
kernel/arch/x86_64/win32_kernel32.c:955:7: error: ‘GetCurrentThreadId’重定义
  955 | DWORD GetCurrentThreadId(void) {
      |       ^~~~~~~~~~~~~~~~~~
kernel/arch/x86_64/win32_kernel32.c:357:10: note: previous definition of ‘GetCurrentThreadId’ with type ‘uint32_t(void)’ {或称 ‘unsigned int(void)’}
  357 | uint32_t GetCurrentThreadId(void) {
      |          ^~~~~~~~~~~~~~~~~~
kernel/arch/x86_64/win32_kernel32.c: 在函数‘GetThreadPriority’中:
kernel/arch/x86_64/win32_kernel32.c:969:12: error: ‘THREAD_PRIORITY_NORMAL’未声明(在此函数内第一次使用)
  969 |     return THREAD_PRIORITY_NORMAL;
      |            ^~~~~~~~~~~~~~~~~~~~~~
kernel/arch/x86_64/win32_kernel32.c: 在文件作用域：
kernel/arch/x86_64/win32_kernel32.c:1024:7: error: ‘WaitForSingleObject’重定义
 1024 | DWORD WaitForSingleObject(HANDLE hHandle, DWORD dwMilliseconds) {
      |       ^~~~~~~~~~~~~~~~~~~
kernel/arch/x86_64/win32_kernel32.c:344:10: note: previous definition of ‘WaitForSingleObject’ with type ‘uint32_t(void *, uint32_t)’ {或称 ‘unsigned int(void *, unsigned int)’}
  344 | uint32_t WaitForSingleObject(HANDLE hHandle, uint32_t dwMilliseconds) {
      |          ^~~~~~~~~~~~~~~~~~~
kernel/arch/x86_64/win32_kernel32.c: 在函数‘GetFileType’中:
kernel/arch/x86_64/win32_kernel32.c:1191:16: error: ‘FILE_TYPE_UNKNOWN’未声明(在此函数内第一次使用)
 1191 |         return FILE_TYPE_UNKNOWN;
      |                ^~~~~~~~~~~~~~~~~
kernel/arch/x86_64/win32_kernel32.c:1205:12: error: ‘FILE_TYPE_DISK’未声明(在此函数内第一次使用)
 1205 |     return FILE_TYPE_DISK;
      |            ^~~~~~~~~~~~~~
kernel/arch/x86_64/win32_kernel32.c: 在函数‘GetFileInformationByHandle’中:
kernel/arch/x86_64/win32_kernel32.c:1211:18: error: ‘ERROR_NOT_SUPPORTED’ undeclared (first use in this function); did you mean ‘ERROR_NOT_FOUND’?
 1211 |     SetLastError(ERROR_NOT_SUPPORTED);
      |                  ^~~~~~~~~~~~~~~~~~~
      |                  ERROR_NOT_FOUND
kernel/arch/x86_64/win32_kernel32.c: 在文件作用域：
kernel/arch/x86_64/win32_kernel32.c:1286:6: error: conflicting types for ‘GetFileTime’; have ‘BOOL(void *, uint64_t *, uint64_t *, uint64_t *)’ {或称 ‘int(void *, long long unsigned int *, long long unsigned int *, long long unsigned int *)’}
 1286 | BOOL GetFileTime(HANDLE hFile, uint64_t* lpCreationTime,
      |      ^~~~~~~~~~~
In file included from kernel/arch/x86_64/win32_kernel32.c:1:
kernel/arch/x86_64/include/arch/win32.h:952:6: note: previous declaration of ‘GetFileTime’ with type ‘BOOL(void *, int64_t *, int64_t *, int64_t *)’ {或称 ‘int(void *, long long int *, long long int *, long long int *)’}
  952 | BOOL GetFileTime(HANDLE hFile, int64_t* lpCreationTime,
      |      ^~~~~~~~~~~
kernel/arch/x86_64/win32_kernel32.c:1313:6: error: conflicting types for ‘SetFileTime’; have ‘BOOL(void *, const uint64_t *, const uint64_t *, const uint64_t *)’ {或称 ‘int(void *, const long long unsigned int *, const long long unsigned int *, const long long unsigned int *)’}
 1313 | BOOL SetFileTime(HANDLE hFile, const uint64_t* lpCreationTime,
      |      ^~~~~~~~~~~
kernel/arch/x86_64/include/arch/win32.h:954:6: note: previous declaration of ‘SetFileTime’ with type ‘BOOL(void *, const int64_t *, const int64_t *, const int64_t *)’ {或称 ‘int(void *, const long long int *, const long long int *, const long long int *)’}
  954 | BOOL SetFileTime(HANDLE hFile, const int64_t* lpCreationTime,
      |      ^~~~~~~~~~~
kernel/arch/x86_64/win32_kernel32.c: 在函数‘LockFileEx’中:
kernel/arch/x86_64/win32_kernel32.c:1398:23: warning: 未使用的参数‘lpOverlapped’ [-Wunused-parameter]
 1398 |                 void* lpOverlapped) {
      |                 ~~~~~~^~~~~~~~~~~~
kernel/arch/x86_64/win32_kernel32.c: 在函数‘VirtualFree’中:
kernel/arch/x86_64/win32_kernel32.c:1475:22: error: ‘ERROR_INVALID_ADDRESS’ undeclared (first use in this function); did you mean ‘ERROR_INVALID_HANDLE’?
 1475 |         SetLastError(ERROR_INVALID_ADDRESS);
      |                      ^~~~~~~~~~~~~~~~~~~~~
      |                      ERROR_INVALID_HANDLE
kernel/arch/x86_64/win32_kernel32.c: 在文件作用域：
kernel/arch/x86_64/win32_kernel32.c:1499:8: error: conflicting types for ‘VirtualQuery’; have ‘SIZE_T(void *, void *, SIZE_T)’ {或称 ‘long long unsigned int(void *, void *, long long unsigned int)’}
 1499 | SIZE_T VirtualQuery(void* lpAddress, void* lpBuffer, SIZE_T dwLength) {
      |        ^~~~~~~~~~~~
kernel/arch/x86_64/include/arch/win32.h:1294:6: note: previous declaration of ‘VirtualQuery’ with type ‘BOOL(const void *, void *, uint64_t)’ {或称 ‘int(const void *, void *, long long unsigned int)’}
 1294 | BOOL VirtualQuery(LPCVOID lpAddress, void* lpBuffer, uint64_t dwLength);
      |      ^~~~~~~~~~~~
kernel/arch/x86_64/win32_kernel32.c:1505:6: error: conflicting types for ‘VirtualQueryEx’; have ‘BOOL(void *, void *, void *, SIZE_T)’ {或称 ‘int(void *, void *, void *, long long unsigned int)’}
 1505 | BOOL VirtualQueryEx(HANDLE hProcess, void* lpAddress,
      |      ^~~~~~~~~~~~~~
kernel/arch/x86_64/include/arch/win32.h:1009:8: note: previous declaration of ‘VirtualQueryEx’ with type ‘SIZE_T(void *, const void *, void *, SIZE_T)’ {或称 ‘long long unsigned int(void *, const void *, void *, long long unsigned int)’}
 1009 | SIZE_T VirtualQueryEx(HANDLE hProcess, LPCVOID lpAddress,
      |        ^~~~~~~~~~~~~~
kernel/arch/x86_64/win32_kernel32.c: 在函数‘VirtualQueryEx’中:
kernel/arch/x86_64/win32_kernel32.c:1508:12: warning: conversion from ‘SIZE_T’ {或称 ‘long long unsigned int’} to ‘BOOL’ {或称 ‘int’} may change value [-Wconversion]
 1508 |     return VirtualQuery(lpAddress, lpBuffer, dwLength);
      |            ^~~~~~~~~~~~~~~~~~~~~~~~~~~~~~~~~~~~~~~~~~~
kernel/arch/x86_64/win32_kernel32.c: 在文件作用域：
kernel/arch/x86_64/win32_kernel32.c:1573:7: error: ‘GetTickCount’重定义
 1573 | DWORD GetTickCount(void) {
      |       ^~~~~~~~~~~~
kernel/arch/x86_64/win32_kernel32.c:208:10: note: previous definition of ‘GetTickCount’ with type ‘uint32_t(void)’ {或称 ‘unsigned int(void)’}
  208 | uint32_t GetTickCount(void) {
      |          ^~~~~~~~~~~~
kernel/arch/x86_64/win32_kernel32.c:1587:11: error: ‘GetTickCount64’重定义
 1587 | ULONGLONG GetTickCount64(void) {
      |           ^~~~~~~~~~~~~~
kernel/arch/x86_64/win32_kernel32.c:222:10: note: previous definition of ‘GetTickCount64’ with type ‘uint64_t(void)’ {或称 ‘long long unsigned int(void)’}
  222 | uint64_t GetTickCount64(void) {
      |          ^~~~~~~~~~~~~~
kernel/arch/x86_64/win32_kernel32.c:1596:6: error: ‘Sleep’重定义
 1596 | void Sleep(DWORD dwMilliseconds) {
      |      ^~~~~
kernel/arch/x86_64/win32_kernel32.c:231:6: note: previous definition of ‘Sleep’ with type ‘void(uint32_t)’ {或称 ‘void(unsigned int)’}
  231 | void Sleep(uint32_t dwMilliseconds) {
      |      ^~~~~
kernel/arch/x86_64/win32_kernel32.c:1644:6: error: ‘GetSystemTimeAsFileTime’重定义
 1644 | BOOL GetSystemTimeAsFileTime(uint64_t* lpSystemTimeAsFileTime) {
      |      ^~~~~~~~~~~~~~~~~~~~~~~
kernel/arch/x86_64/win32_kernel32.c:249:6: note: previous definition of ‘GetSystemTimeAsFileTime’ with type ‘BOOL(uint64_t *)’ {或称 ‘int(long long unsigned int *)’}
  249 | BOOL GetSystemTimeAsFileTime(uint64_t* lpSystemTimeAsFileTime) {
      |      ^~~~~~~~~~~~~~~~~~~~~~~
kernel/arch/x86_64/win32_kernel32.c: 在函数‘FileTimeToDosDateTime’中:
kernel/arch/x86_64/win32_kernel32.c:1659:44: warning: 未使用的参数‘lpFileTime’ [-Wunused-parameter]
 1659 | BOOL FileTimeToDosDateTime(const uint64_t* lpFileTime, WORD* lpFatDate, WORD* lpFatTime) {
      |                            ~~~~~~~~~~~~~~~~^~~~~~~~~~
kernel/arch/x86_64/win32_kernel32.c: 在函数‘DosDateTimeToFileTime’中:
kernel/arch/x86_64/win32_kernel32.c:1665:33: warning: 未使用的参数‘wFatDate’ [-Wunused-parameter]
 1665 | BOOL DosDateTimeToFileTime(WORD wFatDate, WORD wFatTime, uint64_t* lpFileTime) {
      |                            ~~~~~^~~~~~~~
kernel/arch/x86_64/win32_kernel32.c:1665:48: warning: 未使用的参数‘wFatTime’ [-Wunused-parameter]
 1665 | BOOL DosDateTimeToFileTime(WORD wFatDate, WORD wFatTime, uint64_t* lpFileTime) {
      |                                           ~~~~~^~~~~~~~
kernel/arch/x86_64/win32_kernel32.c: 在函数‘ConnectNamedPipe’中:
kernel/arch/x86_64/win32_kernel32.c:1709:18: error: ‘ERROR_PIPE_NOT_CONNECTED’ undeclared (first use in this function); did you mean ‘ERROR_FILE_NOT_FOUND’?
 1709 |     SetLastError(ERROR_PIPE_NOT_CONNECTED);
      |                  ^~~~~~~~~~~~~~~~~~~~~~~~
      |                  ERROR_FILE_NOT_FOUND
kernel/arch/x86_64/win32_kernel32.c: 在函数‘GetStdHandle’中:
kernel/arch/x86_64/win32_kernel32.c:1721:14: error: ‘STD_INPUT_HANDLE’未声明(在此函数内第一次使用)
 1721 |         case STD_INPUT_HANDLE:
      |              ^~~~~~~~~~~~~~~~
kernel/arch/x86_64/win32_kernel32.c:1723:14: error: ‘STD_OUTPUT_HANDLE’未声明(在此函数内第一次使用)
 1723 |         case STD_OUTPUT_HANDLE:
      |              ^~~~~~~~~~~~~~~~~
kernel/arch/x86_64/win32_kernel32.c:1725:14: error: ‘STD_ERROR_HANDLE’未声明(在此函数内第一次使用)
 1725 |         case STD_ERROR_HANDLE:
      |              ^~~~~~~~~~~~~~~~
kernel/arch/x86_64/win32_kernel32.c: 在文件作用域：
kernel/arch/x86_64/win32_kernel32.c:1784:7: error: conflicting types for ‘GetFullPathNameA’; have ‘DWORD(const char *, DWORD,  char *, char **)’ {或称 ‘unsigned int(const char *, unsigned int,  char *, char **)’}
 1784 | DWORD GetFullPathNameA(const char* lpFileName, DWORD nBufferLength,
      |       ^~~~~~~~~~~~~~~~
kernel/arch/x86_64/include/arch/win32.h:960:6: note: previous declaration of ‘GetFullPathNameA’ with type ‘BOOL(const char *, uint32_t,  char *, char **)’ {或称 ‘int(const char *, unsigned int,  char *, char **)’}
  960 | BOOL GetFullPathNameA(const char* lpFileName, uint32_t nBufferLength,
      |      ^~~~~~~~~~~~~~~~
kernel/arch/x86_64/include/arch/win32.h:848:37: error: expected declaration specifiers or ‘...’ before numeric constant
  848 | #define ERROR_SUCCESS               0L
      |                                     ^~
kernel/arch/x86_64/win32_kernel32.c:1897:18: note: in expansion of macro ‘ERROR_SUCCESS’
 1897 |     SetLastError(ERROR_SUCCESS);
      |                  ^~~~~~~~~~~~~
kernel/arch/x86_64/win32_kernel32.c:1898:5: error: expected identifier or ‘(’ before ‘return’
 1898 |     return TRUE;
      |     ^~~~~~
kernel/arch/x86_64/win32_kernel32.c:1899:1: error: expected identifier or ‘(’ before ‘}’ token
 1899 | }
      | ^
kernel/arch/x86_64/win32_kernel32.c:1901:6: error: ‘FlushFileBuffers’重定义
 1901 | BOOL FlushFileBuffers(HANDLE hFile) {
      |      ^~~~~~~~~~~~~~~~
kernel/arch/x86_64/win32_kernel32.c:1157:6: note: previous definition of ‘FlushFileBuffers’ with type ‘BOOL(void *)’ {或称 ‘int(void *)’}
 1157 | BOOL FlushFileBuffers(HANDLE hFile) {
      |      ^~~~~~~~~~~~~~~~
kernel/arch/x86_64/win32_kernel32.c:2045:6: error: ‘CreateDirectoryA’重定义
 2045 | BOOL CreateDirectoryA(const char* lpPathName, void* lpSecurityAttributes) {
      |      ^~~~~~~~~~~~~~~~
kernel/arch/x86_64/win32_kernel32.c:835:6: note: previous definition of ‘CreateDirectoryA’ with type ‘BOOL(const char *, void *)’ {或称 ‘int(const char *, void *)’}
  835 | BOOL CreateDirectoryA(const char* lpPathName, void* lpSecurityAttributes) {
      |      ^~~~~~~~~~~~~~~~
kernel/arch/x86_64/win32_kernel32.c:2066:6: error: ‘RemoveDirectoryA’重定义
 2066 | BOOL RemoveDirectoryA(const char* lpPathName) {
      |      ^~~~~~~~~~~~~~~~
kernel/arch/x86_64/win32_kernel32.c:858:6: note: previous definition of ‘RemoveDirectoryA’ with type ‘BOOL(const char *)’ {或称 ‘int(const char *)’}
  858 | BOOL RemoveDirectoryA(const char* lpPathName) {
      |      ^~~~~~~~~~~~~~~~
kernel/arch/x86_64/win32_kernel32.c:2085:6: error: ‘DeleteFileA’重定义
 2085 | BOOL DeleteFileA(const char* lpFileName) {
      |      ^~~~~~~~~~~
kernel/arch/x86_64/win32_kernel32.c:791:6: note: previous definition of ‘DeleteFileA’ with type ‘BOOL(const char *)’ {或称 ‘int(const char *)’}
  791 | BOOL DeleteFileA(const char* lpFileName) {
      |      ^~~~~~~~~~~
kernel/arch/x86_64/win32_kernel32.c:2104:6: error: ‘MoveFileA’重定义
 2104 | BOOL MoveFileA(const char* lpExistingFileName, const char* lpNewFileName) {
      |      ^~~~~~~~~
kernel/arch/x86_64/win32_kernel32.c:812:6: note: previous definition of ‘MoveFileA’ with type ‘BOOL(const char *, const char *)’ {或称 ‘int(const char *, const char *)’}
  812 | BOOL MoveFileA(const char* lpExistingFileName, const char* lpNewFileName) {
      |      ^~~~~~~~~
kernel/arch/x86_64/win32_kernel32.c:2119:10: error: ‘GetFileAttributesA’重定义
 2119 | uint32_t GetFileAttributesA(const char* lpFileName) {
      |          ^~~~~~~~~~~~~~~~~~
kernel/arch/x86_64/win32_kernel32.c:1280:7: note: previous definition of ‘GetFileAttributesA’ with type ‘DWORD(const char *)’ {或称 ‘unsigned int(const char *)’}
 1280 | DWORD GetFileAttributesA(const char* lpFileName) {
      |       ^~~~~~~~~~~~~~~~~~
kernel/arch/x86_64/win32_kernel32.c:2146:6: error: ‘GetFileSizeEx’重定义
 2146 | BOOL GetFileSizeEx(HANDLE hFile, int64_t* lpFileSize) {
      |      ^~~~~~~~~~~~~
kernel/arch/x86_64/win32_kernel32.c:734:6: note: previous definition of ‘GetFileSizeEx’ with type ‘BOOL(void *, int64_t *)’ {或称 ‘int(void *, long long int *)’}
  734 | BOOL GetFileSizeEx(HANDLE hFile, int64_t* lpFileSize) {
      |      ^~~~~~~~~~~~~
kernel/arch/x86_64/win32_kernel32.c:2183:10: error: ‘GetLastError’重定义
 2183 | uint32_t GetLastError(void) {
      |          ^~~~~~~~~~~~
kernel/arch/x86_64/win32_kernel32.c:1079:7: note: previous definition of ‘GetLastError’ with type ‘DWORD(void)’ {或称 ‘unsigned int(void)’}
 1079 | DWORD GetLastError(void) {
      |       ^~~~~~~~~~~~
kernel/arch/x86_64/win32_kernel32.c:2187:6: error: ‘SetLastError’重定义
 2187 | void SetLastError(uint32_t dwErrCode) {
      |      ^~~~~~~~~~~~
kernel/arch/x86_64/win32_kernel32.c:1083:6: note: previous definition of ‘SetLastError’ with type ‘void(unsigned int)’
 1083 | void SetLastError(DWORD dwErrCode) {
      |      ^~~~~~~~~~~~
kernel/arch/x86_64/win32_kernel32.c:2214:23: warning: cast between incompatible function types from ‘DWORD (*)(void)’ {或称 ‘unsigned int (*)(void)’} to ‘intptr_t (*)()’ {或称 ‘long long int (*)()’} [-Wcast-function-type]
 2214 |     { "GetTickCount", (FARPROC)GetTickCount },
      |                       ^
kernel/arch/x86_64/win32_kernel32.c:2216:16: warning: cast between incompatible function types from ‘void (*)(DWORD)’ {或称 ‘void (*)(unsigned int)’} to ‘intptr_t (*)()’ {或称 ‘long long int (*)()’} [-Wcast-function-type]
 2216 |     { "Sleep", (FARPROC)Sleep },
      |                ^
kernel/arch/x86_64/win32_kernel32.c:2217:23: warning: cast between incompatible function types from ‘void * (*)(void *, uint64_t,  uint32_t (*)(void *), void *, uint32_t,  uint32_t *)’ {或称 ‘void * (*)(void *, long long unsigned int,  unsigned int (*)(void *), void *, unsigned int,  unsigned int *)’} to ‘intptr_t (*)()’ {或称 ‘long long int (*)()’} [-Wcast-function-type]
 2217 |     { "CreateThread", (FARPROC)CreateThread },
      |                       ^
kernel/arch/x86_64/win32_kernel32.c:2218:26: warning: cast between incompatible function types from ‘BOOL (*)(void *, uint32_t)’ {或称 ‘int (*)(void *, unsigned int)’} to ‘intptr_t (*)()’ {或称 ‘long long int (*)()’} [-Wcast-function-type]
 2218 |     { "TerminateThread", (FARPROC)TerminateThread },
      |                          ^
kernel/arch/x86_64/win32_kernel32.c:2219:22: warning: cast between incompatible function types from ‘BOOL (*)(void *)’ {或称 ‘int (*)(void *)’} to ‘intptr_t (*)()’ {或称 ‘long long int (*)()’} [-Wcast-function-type]
 2219 |     { "CloseHandle", (FARPROC)CloseHandle },
      |                      ^
kernel/arch/x86_64/win32_kernel32.c:2220:30: warning: cast between incompatible function types from ‘DWORD (*)(void *, DWORD)’ {或称 ‘unsigned int (*)(void *, unsigned int)’} to ‘intptr_t (*)()’ {或称 ‘long long int (*)()’} [-Wcast-function-type]
 2220 |     { "WaitForSingleObject", (FARPROC)WaitForSingleObject },
      |                              ^
kernel/arch/x86_64/win32_kernel32.c:2221:23: warning: cast between incompatible function types from ‘uint32_t (*)(void)’ {或称 ‘unsigned int (*)(void)’} to ‘intptr_t (*)()’ {或称 ‘long long int (*)()’} [-Wcast-function-type]
 2221 |     { "GetLastError", (FARPROC)GetLastError },
      |                       ^
kernel/arch/x86_64/win32_kernel32.c:2222:23: warning: cast between incompatible function types from ‘void (*)(uint32_t)’ {或称 ‘void (*)(unsigned int)’} to ‘intptr_t (*)()’ {或称 ‘long long int (*)()’} [-Wcast-function-type]
 2222 |     { "SetLastError", (FARPROC)SetLastError },
      |                       ^
kernel/arch/x86_64/win32_kernel32.c:2223:30: warning: cast between incompatible function types from ‘DWORD (*)(void)’ {或称 ‘unsigned int (*)(void)’} to ‘intptr_t (*)()’ {或称 ‘long long int (*)()’} [-Wcast-function-type]
 2223 |     { "GetCurrentProcessId", (FARPROC)GetCurrentProcessId },
      |                              ^
kernel/arch/x86_64/win32_kernel32.c:2224:29: warning: cast between incompatible function types from ‘DWORD (*)(void)’ {或称 ‘unsigned int (*)(void)’} to ‘intptr_t (*)()’ {或称 ‘long long int (*)()’} [-Wcast-function-type]
 2224 |     { "GetCurrentThreadId", (FARPROC)GetCurrentThreadId },
      |                             ^
kernel/arch/x86_64/win32_kernel32.c:2225:28: warning: cast between incompatible function types from ‘void * (*)(void)’ to ‘intptr_t (*)()’ {或称 ‘long long int (*)()’} [-Wcast-function-type]
 2225 |     { "GetCurrentProcess", (FARPROC)GetCurrentProcess },
      |                            ^
kernel/arch/x86_64/win32_kernel32.c:2226:27: warning: cast between incompatible function types from ‘void * (*)(void)’ to ‘intptr_t (*)()’ {或称 ‘long long int (*)()’} [-Wcast-function-type]
 2226 |     { "GetCurrentThread", (FARPROC)GetCurrentThread },
      |                           ^
kernel/arch/x86_64/win32_kernel32.c:2227:34: warning: cast between incompatible function types from ‘BOOL (*)(void *, BOOL)’ {或称 ‘int (*)(void *, int)’} to ‘intptr_t (*)()’ {或称 ‘long long int (*)()’} [-Wcast-function-type]
 2227 |     { "SetProcessPriorityBoost", (FARPROC)SetProcessPriorityBoost },
      |                                  ^
kernel/arch/x86_64/win32_kernel32.c:2228:29: warning: cast between incompatible function types from ‘BOOL (*)(void *, uint32_t *)’ {或称 ‘int (*)(void *, unsigned int *)’} to ‘intptr_t (*)()’ {或称 ‘long long int (*)()’} [-Wcast-function-type]
 2228 |     { "GetExitCodeProcess", (FARPROC)GetExitCodeProcess },
      |                             ^
kernel/arch/x86_64/win32_kernel32.c:2229:19: warning: cast between incompatible function types from ‘BOOL (*)(void *, void *, uint32_t,  uint32_t *, void *)’ {或称 ‘int (*)(void *, void *, unsigned int,  unsigned int *, void *)’} to ‘intptr_t (*)()’ {或称 ‘long long int (*)()’} [-Wcast-function-type]
 2229 |     { "ReadFile", (FARPROC)ReadFile },
      |                   ^
kernel/arch/x86_64/win32_kernel32.c:2230:20: warning: cast between incompatible function types from ‘BOOL (*)(void *, const void *, uint32_t,  uint32_t *, void *)’ {或称 ‘int (*)(void *, const void *, unsigned int,  unsigned int *, void *)’} to ‘intptr_t (*)()’ {或称 ‘long long int (*)()’} [-Wcast-function-type]
 2230 |     { "WriteFile", (FARPROC)WriteFile },
      |                    ^
kernel/arch/x86_64/win32_kernel32.c:2231:22: warning: cast between incompatible function types from ‘void * (*)(const char *, uint32_t,  uint32_t,  void *, uint32_t,  uint32_t,  void *)’ {或称 ‘void * (*)(const char *, unsigned int,  unsigned int,  void *, unsigned int,  unsigned int,  void *)’} to ‘intptr_t (*)()’ {或称 ‘long long int (*)()’} [-Wcast-function-type]
 2231 |     { "CreateFileA", (FARPROC)CreateFileA },
      |                      ^
kernel/arch/x86_64/win32_kernel32.c:2232:25: warning: cast between incompatible function types from ‘BOOL (*)(void *, int32_t,  int32_t *, uint32_t)’ {或称 ‘int (*)(void *, int,  int *, unsigned int)’} to ‘intptr_t (*)()’ {或称 ‘long long int (*)()’} [-Wcast-function-type]
 2232 |     { "SetFilePointer", (FARPROC)SetFilePointer },
      |                         ^
kernel/arch/x86_64/win32_kernel32.c:2233:23: warning: cast between incompatible function types from ‘BOOL (*)(void *)’ {或称 ‘int (*)(void *)’} to ‘intptr_t (*)()’ {或称 ‘long long int (*)()’} [-Wcast-function-type]
 2233 |     { "SetEndOfFile", (FARPROC)SetEndOfFile },
      |                       ^
kernel/arch/x86_64/win32_kernel32.c:2234:27: warning: cast between incompatible function types from ‘BOOL (*)(void *)’ {或称 ‘int (*)(void *)’} to ‘intptr_t (*)()’ {或称 ‘long long int (*)()’} [-Wcast-function-type]
 2234 |     { "FlushFileBuffers", (FARPROC)FlushFileBuffers },
      |                           ^
kernel/arch/x86_64/win32_kernel32.c:2235:25: warning: cast between incompatible function types from ‘void * (*)(const char *, void *)’ to ‘intptr_t (*)()’ {或称 ‘long long int (*)()’} [-Wcast-function-type]
 2235 |     { "FindFirstFileA", (FARPROC)FindFirstFileA },
      |                         ^
kernel/arch/x86_64/win32_kernel32.c:2236:24: warning: cast between incompatible function types from ‘BOOL (*)(void *, void *)’ {或称 ‘int (*)(void *, void *)’} to ‘intptr_t (*)()’ {或称 ‘long long int (*)()’} [-Wcast-function-type]
 2236 |     { "FindNextFileA", (FARPROC)FindNextFileA },
      |                        ^
kernel/arch/x86_64/win32_kernel32.c:2237:20: warning: cast between incompatible function types from ‘BOOL (*)(void *)’ {或称 ‘int (*)(void *)’} to ‘intptr_t (*)()’ {或称 ‘long long int (*)()’} [-Wcast-function-type]
 2237 |     { "FindClose", (FARPROC)FindClose },
      |                    ^
kernel/arch/x86_64/win32_kernel32.c:2238:27: warning: cast between incompatible function types from ‘BOOL (*)(const char *, void *)’ {或称 ‘int (*)(const char *, void *)’} to ‘intptr_t (*)()’ {或称 ‘long long int (*)()’} [-Wcast-function-type]
 2238 |     { "CreateDirectoryA", (FARPROC)CreateDirectoryA },
      |                           ^
kernel/arch/x86_64/win32_kernel32.c:2239:27: warning: cast between incompatible function types from ‘BOOL (*)(const char *)’ {或称 ‘int (*)(const char *)’} to ‘intptr_t (*)()’ {或称 ‘long long int (*)()’} [-Wcast-function-type]
 2239 |     { "RemoveDirectoryA", (FARPROC)RemoveDirectoryA },
      |                           ^
kernel/arch/x86_64/win32_kernel32.c:2240:22: warning: cast between incompatible function types from ‘BOOL (*)(const char *)’ {或称 ‘int (*)(const char *)’} to ‘intptr_t (*)()’ {或称 ‘long long int (*)()’} [-Wcast-function-type]
 2240 |     { "DeleteFileA", (FARPROC)DeleteFileA },
      |                      ^
kernel/arch/x86_64/win32_kernel32.c:2241:20: warning: cast between incompatible function types from ‘BOOL (*)(const char *, const char *)’ {或称 ‘int (*)(const char *, const char *)’} to ‘intptr_t (*)()’ {或称 ‘long long int (*)()’} [-Wcast-function-type]
 2241 |     { "MoveFileA", (FARPROC)MoveFileA },
      |                    ^
kernel/arch/x86_64/win32_kernel32.c:2242:20: warning: cast between incompatible function types from ‘BOOL (*)(const char *, const char *, BOOL)’ {或称 ‘int (*)(const char *, const char *, int)’} to ‘intptr_t (*)()’ {或称 ‘long long int (*)()’} [-Wcast-function-type]
 2242 |     { "CopyFileA", (FARPROC)CopyFileA },
      |                    ^
kernel/arch/x86_64/win32_kernel32.c:2243:29: warning: cast between incompatible function types from ‘uint32_t (*)(const char *)’ {或称 ‘unsigned int (*)(const char *)’} to ‘intptr_t (*)()’ {或称 ‘long long int (*)()’} [-Wcast-function-type]
 2243 |     { "GetFileAttributesA", (FARPROC)GetFileAttributesA },
      |                             ^
kernel/arch/x86_64/win32_kernel32.c:2244:24: warning: cast between incompatible function types from ‘BOOL (*)(void *, int64_t *)’ {或称 ‘int (*)(void *, long long int *)’} to ‘intptr_t (*)()’ {或称 ‘long long int (*)()’} [-Wcast-function-type]
 2244 |     { "GetFileSizeEx", (FARPROC)GetFileSizeEx },
      |                        ^
kernel/arch/x86_64/win32_kernel32.c:2245:29: warning: cast between incompatible function types from ‘uint32_t (*)(void *, char *, unsigned int)’ {或称 ‘unsigned int (*)(void *, char *, unsigned int)’} to ‘intptr_t (*)()’ {或称 ‘long long int (*)()’} [-Wcast-function-type]
 2245 |     { "GetModuleFileNameA", (FARPROC)GetModuleFileNameA },
      |                             ^
kernel/arch/x86_64/win32_kernel32.c:2246:27: warning: cast between incompatible function types from ‘void * (*)(const char *)’ to ‘intptr_t (*)()’ {或称 ‘long long int (*)()’} [-Wcast-function-type]
 2246 |     { "GetModuleHandleA", (FARPROC)GetModuleHandleA },
      |                           ^
kernel/arch/x86_64/win32_kernel32.c:2247:25: warning: cast between incompatible function types from ‘intptr_t (* (*)(void *, const char *))()’ {或称 ‘long long int (* (*)(void *, const char *))()’} to ‘intptr_t (*)()’ {或称 ‘long long int (*)()’} [-Wcast-function-type]
 2247 |     { "GetProcAddress", (FARPROC)GetProcAddress },
      |                         ^
kernel/arch/x86_64/win32_kernel32.c:2248:23: warning: cast between incompatible function types from ‘void * (*)(const char *)’ to ‘intptr_t (*)()’ {或称 ‘long long int (*)()’} [-Wcast-function-type]
 2248 |     { "LoadLibraryA", (FARPROC)LoadLibraryA },
      |                       ^
kernel/arch/x86_64/win32_kernel32.c:2249:22: warning: cast between incompatible function types from ‘BOOL (*)(void *)’ {或称 ‘int (*)(void *)’} to ‘intptr_t (*)()’ {或称 ‘long long int (*)()’} [-Wcast-function-type]
 2249 |     { "FreeLibrary", (FARPROC)FreeLibrary },
      |                      ^
kernel/arch/x86_64/win32_kernel32.c:2250:22: warning: cast between incompatible function types from ‘void * (*)(unsigned int,  long long unsigned int)’ to ‘intptr_t (*)()’ {或称 ‘long long int (*)()’} [-Wcast-function-type]
 2250 |     { "GlobalAlloc", (FARPROC)GlobalAlloc },
      |                      ^
kernel/arch/x86_64/win32_kernel32.c:2251:21: warning: cast between incompatible function types from ‘void * (*)(void *)’ to ‘intptr_t (*)()’ {或称 ‘long long int (*)()’} [-Wcast-function-type]
 2251 |     { "GlobalFree", (FARPROC)GlobalFree },
      |                     ^
kernel/arch/x86_64/win32_kernel32.c:2252:21: warning: cast between incompatible function types from ‘void * (*)(void *)’ to ‘intptr_t (*)()’ {或称 ‘long long int (*)()’} [-Wcast-function-type]
 2252 |     { "GlobalLock", (FARPROC)GlobalLock },
      |                     ^
kernel/arch/x86_64/win32_kernel32.c:2253:23: warning: cast between incompatible function types from ‘BOOL (*)(void *)’ {或称 ‘int (*)(void *)’} to ‘intptr_t (*)()’ {或称 ‘long long int (*)()’} [-Wcast-function-type]
 2253 |     { "GlobalUnlock", (FARPROC)GlobalUnlock },
      |                       ^
kernel/arch/x86_64/win32_kernel32.c:2255:21: warning: cast between incompatible function types from ‘void * (*)(unsigned int,  long long unsigned int)’ to ‘intptr_t (*)()’ {或称 ‘long long int (*)()’} [-Wcast-function-type]
 2255 |     { "LocalAlloc", (FARPROC)LocalAlloc },
      |                     ^
kernel/arch/x86_64/win32_kernel32.c:2256:20: warning: cast between incompatible function types from ‘void * (*)(void *)’ to ‘intptr_t (*)()’ {或称 ‘long long int (*)()’} [-Wcast-function-type]
 2256 |     { "LocalFree", (FARPROC)LocalFree },
      |                    ^
kernel/arch/x86_64/win32_kernel32.c:2257:20: warning: cast between incompatible function types from ‘void * (*)(void *)’ to ‘intptr_t (*)()’ {或称 ‘long long int (*)()’} [-Wcast-function-type]
 2257 |     { "LocalLock", (FARPROC)LocalLock },
      |                    ^
kernel/arch/x86_64/win32_kernel32.c:2258:22: warning: cast between incompatible function types from ‘BOOL (*)(void *)’ {或称 ‘int (*)(void *)’} to ‘intptr_t (*)()’ {或称 ‘long long int (*)()’} [-Wcast-function-type]
 2258 |     { "LocalUnlock", (FARPROC)LocalUnlock },
      |                      ^
kernel/arch/x86_64/win32_kernel32.c:2260:23: warning: cast between incompatible function types from ‘void * (*)(void *, long long unsigned int,  unsigned int,  unsigned int)’ to ‘intptr_t (*)()’ {或称 ‘long long int (*)()’} [-Wcast-function-type]
 2260 |     { "VirtualAlloc", (FARPROC)VirtualAlloc },
      |                       ^
kernel/arch/x86_64/win32_kernel32.c:2261:22: warning: cast between incompatible function types from ‘BOOL (*)(void *, long long unsigned int,  unsigned int)’ {或称 ‘int (*)(void *, long long unsigned int,  unsigned int)’} to ‘intptr_t (*)()’ {或称 ‘long long int (*)()’} [-Wcast-function-type]
 2261 |     { "VirtualFree", (FARPROC)VirtualFree },
      |                      ^
kernel/arch/x86_64/win32_kernel32.c:2262:25: warning: cast between incompatible function types from ‘BOOL (*)(void *, long long unsigned int,  unsigned int,  DWORD *)’ {或称 ‘int (*)(void *, long long unsigned int,  unsigned int,  unsigned int *)’} to ‘intptr_t (*)()’ {或称 ‘long long int (*)()’} [-Wcast-function-type]
 2262 |     { "VirtualProtect", (FARPROC)VirtualProtect },
      |                         ^
kernel/arch/x86_64/win32_kernel32.c:2264:21: warning: cast between incompatible function types from ‘void * (*)(DWORD,  uint64_t,  uint64_t)’ {或称 ‘void * (*)(unsigned int,  long long unsigned int,  long long unsigned int)’} to ‘intptr_t (*)()’ {或称 ‘long long int (*)()’} [-Wcast-function-type]
 2264 |     { "HeapCreate", (FARPROC)HeapCreate },
      |                     ^
kernel/arch/x86_64/win32_kernel32.c:2265:22: warning: cast between incompatible function types from ‘BOOL (*)(void *)’ {或称 ‘int (*)(void *)’} to ‘intptr_t (*)()’ {或称 ‘long long int (*)()’} [-Wcast-function-type]
 2265 |     { "HeapDestroy", (FARPROC)HeapDestroy },
      |                      ^
kernel/arch/x86_64/win32_kernel32.c:2266:20: warning: cast between incompatible function types from ‘void * (*)(void *, DWORD,  uint64_t)’ {或称 ‘void * (*)(void *, unsigned int,  long long unsigned int)’} to ‘intptr_t (*)()’ {或称 ‘long long int (*)()’} [-Wcast-function-type]
 2266 |     { "HeapAlloc", (FARPROC)HeapAlloc },
      |                    ^
kernel/arch/x86_64/win32_kernel32.c:2267:19: warning: cast between incompatible function types from ‘BOOL (*)(void *, DWORD,  void *)’ {或称 ‘int (*)(void *, unsigned int,  void *)’} to ‘intptr_t (*)()’ {或称 ‘long long int (*)()’} [-Wcast-function-type]
 2267 |     { "HeapFree", (FARPROC)HeapFree },
      |                   ^
kernel/arch/x86_64/win32_kernel32.c:2268:25: warning: cast between incompatible function types from ‘void * (*)(void)’ to ‘intptr_t (*)()’ {或称 ‘long long int (*)()’} [-Wcast-function-type]
 2268 |     { "GetProcessHeap", (FARPROC)GetProcessHeap },
      |                         ^
kernel/arch/x86_64/win32_kernel32.c:2269:24: warning: cast between incompatible function types from ‘void (*)(void *)’ to ‘intptr_t (*)()’ {或称 ‘long long int (*)()’} [-Wcast-function-type]
 2269 |     { "GetSystemInfo", (FARPROC)GetSystemInfo },
      |                        ^
kernel/arch/x86_64/win32_kernel32.c:2270:21: warning: cast between incompatible function types from ‘DWORD (*)(void)’ {或称 ‘unsigned int (*)(void)’} to ‘intptr_t (*)()’ {或称 ‘long long int (*)()’} [-Wcast-function-type]
 2270 |     { "GetVersion", (FARPROC)GetVersion },
      |                     ^
kernel/arch/x86_64/win32_kernel32.c:2271:24: warning: cast between incompatible function types from ‘BOOL (*)(void *)’ {或称 ‘int (*)(void *)’} to ‘intptr_t (*)()’ {或称 ‘long long int (*)()’} [-Wcast-function-type]
 2271 |     { "GetVersionExA", (FARPROC)GetVersionExA },
      |                        ^
kernel/arch/x86_64/win32_kernel32.c:2272:30: warning: cast between incompatible function types from ‘UINT (*)(char *, UINT)’ {或称 ‘unsigned int (*)(char *, unsigned int)’} to ‘intptr_t (*)()’ {或称 ‘long long int (*)()’} [-Wcast-function-type]
 2272 |     { "GetSystemDirectoryA", (FARPROC)GetSystemDirectoryA },
      |                              ^
kernel/arch/x86_64/win32_kernel32.c:2273:31: warning: cast between incompatible function types from ‘UINT (*)(char *, UINT)’ {或称 ‘unsigned int (*)(char *, unsigned int)’} to ‘intptr_t (*)()’ {或称 ‘long long int (*)()’} [-Wcast-function-type]
 2273 |     { "GetWindowsDirectoryA", (FARPROC)GetWindowsDirectoryA },
      |                               ^
kernel/arch/x86_64/win32_kernel32.c:2274:23: warning: cast between incompatible function types from ‘UINT (*)(uint32_t,  char *)’ {或称 ‘unsigned int (*)(unsigned int,  char *)’} to ‘intptr_t (*)()’ {或称 ‘long long int (*)()’} [-Wcast-function-type]
 2274 |     { "GetTempPathA", (FARPROC)GetTempPathA },
      |                       ^
kernel/arch/x86_64/win32_kernel32.c:2275:34: warning: cast between incompatible function types from ‘DWORD (*)(const char *, char *, DWORD)’ {或称 ‘unsigned int (*)(const char *, char *, unsigned int)’} to ‘intptr_t (*)()’ {或称 ‘long long int (*)()’} [-Wcast-function-type]
 2275 |     { "GetEnvironmentVariableA", (FARPROC)GetEnvironmentVariableA },
      |                                  ^
kernel/arch/x86_64/win32_kernel32.c:2276:34: warning: cast between incompatible function types from ‘BOOL (*)(const char *, const char *)’ {或称 ‘int (*)(const char *, const char *)’} to ‘intptr_t (*)()’ {或称 ‘long long int (*)()’} [-Wcast-function-type]
 2276 |     { "SetEnvironmentVariableA", (FARPROC)SetEnvironmentVariableA },
      |                                  ^
kernel/arch/x86_64/win32_kernel32.c:2277:36: warning: cast between incompatible function types from ‘DWORD (*)(const char *, char *, DWORD)’ {或称 ‘unsigned int (*)(const char *, char *, unsigned int)’} to ‘intptr_t (*)()’ {或称 ‘long long int (*)()’} [-Wcast-function-type]
 2277 |     { "ExpandEnvironmentStringsA", (FARPROC)ExpandEnvironmentStringsA },
      |                                    ^
kernel/arch/x86_64/win32_kernel32.c:2278:27: warning: cast between incompatible function types from ‘BOOL (*)(char *, uint32_t *)’ {或称 ‘int (*)(char *, unsigned int *)’} to ‘intptr_t (*)()’ {或称 ‘long long int (*)()’} [-Wcast-function-type]
 2278 |     { "GetComputerNameA", (FARPROC)GetComputerNameA },
      |                           ^
kernel/arch/x86_64/win32_kernel32.c:2279:23: warning: cast between incompatible function types from ‘BOOL (*)(char *, uint32_t *)’ {或称 ‘int (*)(char *, unsigned int *)’} to ‘intptr_t (*)()’ {或称 ‘long long int (*)()’} [-Wcast-function-type]
 2279 |     { "GetUserNameA", (FARPROC)GetUserNameA },
      |                       ^
kernel/arch/x86_64/win32_kernel32.c:2280:19: warning: cast between incompatible function types from ‘int (*)(const char *)’ to ‘intptr_t (*)()’ {或称 ‘long long int (*)()’} [-Wcast-function-type]
 2280 |     { "lstrlenA", (FARPROC)lstrlenA },
      |                   ^
kernel/arch/x86_64/win32_kernel32.c:2281:19: warning: cast between incompatible function types from ‘char * (*)(char *, const char *)’ to ‘intptr_t (*)()’ {或称 ‘long long int (*)()’} [-Wcast-function-type]
 2281 |     { "lstrcpyA", (FARPROC)lstrcpyA },
      |                   ^
kernel/arch/x86_64/win32_kernel32.c:2282:20: warning: cast between incompatible function types from ‘char * (*)(char *, const char *, int)’ to ‘intptr_t (*)()’ {或称 ‘long long int (*)()’} [-Wcast-function-type]
 2282 |     { "lstrcpynA", (FARPROC)lstrcpynA },
      |                    ^
kernel/arch/x86_64/win32_kernel32.c:2283:19: warning: cast between incompatible function types from ‘int (*)(const char *, const char *)’ to ‘intptr_t (*)()’ {或称 ‘long long int (*)()’} [-Wcast-function-type]
 2283 |     { "lstrcmpA", (FARPROC)lstrcmpA },
      |                   ^
kernel/arch/x86_64/win32_kernel32.c:2284:20: warning: cast between incompatible function types from ‘int (*)(const char *, const char *)’ to ‘intptr_t (*)()’ {或称 ‘long long int (*)()’} [-Wcast-function-type]
 2284 |     { "lstrcmpiA", (FARPROC)lstrcmpiA },
      |                    ^
kernel/arch/x86_64/win32_kernel32.c:2285:19: warning: cast between incompatible function types from ‘char * (*)(char *, const char *)’ to ‘intptr_t (*)()’ {或称 ‘long long int (*)()’} [-Wcast-function-type]
 2285 |     { "lstrcatA", (FARPROC)lstrcatA },
      |                   ^
kernel/arch/x86_64/win32_kernel32.c:2286:20: warning: cast between incompatible function types from ‘CHAR * (*)(const CHAR *)’ {或称 ‘char * (*)(const char *)’} to ‘intptr_t (*)()’ {或称 ‘long long int (*)()’} [-Wcast-function-type]
 2286 |     { "CharNextA", (FARPROC)CharNextA },
      |                    ^
kernel/arch/x86_64/win32_kernel32.c:2287:20: warning: cast between incompatible function types from ‘CHAR * (*)(const CHAR *, const CHAR *)’ {或称 ‘char * (*)(const char *, const char *)’} to ‘intptr_t (*)()’ {或称 ‘long long int (*)()’} [-Wcast-function-type]
 2287 |     { "CharPrevA", (FARPROC)CharPrevA },
      |                    ^
kernel/arch/x86_64/win32_kernel32.c:2288:23: warning: cast between incompatible function types from ‘BOOL (*)(CHAR)’ {或称 ‘int (*)(char)’} to ‘intptr_t (*)()’ {或称 ‘long long int (*)()’} [-Wcast-function-type]
 2288 |     { "IsCharAlphaA", (FARPROC)IsCharAlphaA },
      |                       ^
kernel/arch/x86_64/win32_kernel32.c:2289:30: warning: cast between incompatible function types from ‘BOOL (*)(CHAR)’ {或称 ‘int (*)(char)’} to ‘intptr_t (*)()’ {或称 ‘long long int (*)()’} [-Wcast-function-type]
 2289 |     { "IsCharAlphaNumericA", (FARPROC)IsCharAlphaNumericA },
      |                              ^
kernel/arch/x86_64/win32_kernel32.c:2290:23: warning: cast between incompatible function types from ‘BOOL (*)(CHAR)’ {或称 ‘int (*)(char)’} to ‘intptr_t (*)()’ {或称 ‘long long int (*)()’} [-Wcast-function-type]
 2290 |     { "IsCharUpperA", (FARPROC)IsCharUpperA },
      |                       ^
kernel/arch/x86_64/win32_kernel32.c:2291:23: warning: cast between incompatible function types from ‘BOOL (*)(CHAR)’ {或称 ‘int (*)(char)’} to ‘intptr_t (*)()’ {或称 ‘long long int (*)()’} [-Wcast-function-type]
 2291 |     { "IsCharLowerA", (FARPROC)IsCharLowerA },
      |                       ^
kernel/arch/x86_64/win32_kernel32.c:2292:21: warning: cast between incompatible function types from ‘CHAR (*)(CHAR)’ {或称 ‘char (*)(char)’} to ‘intptr_t (*)()’ {或称 ‘long long int (*)()’} [-Wcast-function-type]
 2292 |     { "CharUpperA", (FARPROC)CharUpperA },
      |                     ^
kernel/arch/x86_64/win32_kernel32.c:2293:21: warning: cast between incompatible function types from ‘CHAR (*)(CHAR)’ {或称 ‘char (*)(char)’} to ‘intptr_t (*)()’ {或称 ‘long long int (*)()’} [-Wcast-function-type]
 2293 |     { "CharLowerA", (FARPROC)CharLowerA },
      |                     ^
kernel/arch/x86_64/win32_kernel32.c:2294:21: warning: cast between incompatible function types from ‘int (*)(char *, const char *, void *)’ to ‘intptr_t (*)()’ {或称 ‘long long int (*)()’} [-Wcast-function-type]
 2294 |     { "wvsprintfA", (FARPROC)wvsprintfA },
      |                     ^
kernel/arch/x86_64/win32_kernel32.c:2295:24: warning: cast between incompatible function types from ‘int (*)(void *, const char *, unsigned int,  unsigned int,  void **)’ to ‘intptr_t (*)()’ {或称 ‘long long int (*)()’} [-Wcast-function-type]
 2295 |     { "RegOpenKeyExA", (FARPROC)RegOpenKeyExA },
      |                        ^
kernel/arch/x86_64/win32_kernel32.c:2296:26: warning: cast between incompatible function types from ‘int (*)(void *, const char *, unsigned int,  char *, unsigned int,  unsigned int,  void *, void **, DWORD *)’ {或称 ‘int (*)(void *, const char *, unsigned int,  char *, unsigned int,  unsigned int,  void *, void **, unsigned int *)’} to ‘intptr_t (*)()’ {或称 ‘long long int (*)()’} [-Wcast-function-type]
 2296 |     { "RegCreateKeyExA", (FARPROC)RegCreateKeyExA },
      |                          ^
kernel/arch/x86_64/win32_kernel32.c:2297:22: warning: cast between incompatible function types from ‘int (*)(void *)’ to ‘intptr_t (*)()’ {或称 ‘long long int (*)()’} [-Wcast-function-type]
 2297 |     { "RegCloseKey", (FARPROC)RegCloseKey },
      |                      ^
kernel/arch/x86_64/win32_kernel32.c:2298:27: warning: cast between incompatible function types from ‘int (*)(void *, const char *, DWORD *, DWORD *, BYTE *, DWORD *)’ {或称 ‘int (*)(void *, const char *, unsigned int *, unsigned int *, unsigned char *, unsigned int *)’} to ‘intptr_t (*)()’ {或称 ‘long long int (*)()’} [-Wcast-function-type]
 2298 |     { "RegQueryValueExA", (FARPROC)RegQueryValueExA },
      |                           ^
kernel/arch/x86_64/win32_kernel32.c:2299:25: warning: cast between incompatible function types from ‘int (*)(void *, const char *, unsigned int,  unsigned int,  const BYTE *, unsigned int)’ {或称 ‘int (*)(void *, const char *, unsigned int,  unsigned int,  const unsigned char *, unsigned int)’} to ‘intptr_t (*)()’ {或称 ‘long long int (*)()’} [-Wcast-function-type]
 2299 |     { "RegSetValueExA", (FARPROC)RegSetValueExA },
      |                         ^
kernel/arch/x86_64/win32_kernel32.c:2300:24: warning: cast between incompatible function types from ‘int (*)(void *, unsigned int,  char *, DWORD *, DWORD *, char *, DWORD *, uint64_t *)’ {或称 ‘int (*)(void *, unsigned int,  char *, unsigned int *, unsigned int *, char *, unsigned int *, long long unsigned int *)’} to ‘intptr_t (*)()’ {或称 ‘long long int (*)()’} [-Wcast-function-type]
 2300 |     { "RegEnumKeyExA", (FARPROC)RegEnumKeyExA },
      |                        ^
kernel/arch/x86_64/win32_kernel32.c:2301:24: warning: cast between incompatible function types from ‘int (*)(void *, unsigned int,  char *, DWORD *, DWORD *, DWORD *, BYTE *, DWORD *)’ {或称 ‘int (*)(void *, unsigned int,  char *, unsigned int *, unsigned int *, unsigned int *, unsigned char *, unsigned int *)’} to ‘intptr_t (*)()’ {或称 ‘long long int (*)()’} [-Wcast-function-type]
 2301 |     { "RegEnumValueA", (FARPROC)RegEnumValueA },
      |                        ^
kernel/arch/x86_64/win32_kernel32.c:2302:24: warning: cast between incompatible function types from ‘int (*)(void *, const char *)’ to ‘intptr_t (*)()’ {或称 ‘long long int (*)()’} [-Wcast-function-type]
 2302 |     { "RegDeleteKeyA", (FARPROC)RegDeleteKeyA },
      |                        ^
kernel/arch/x86_64/win32_kernel32.c:2303:26: warning: cast between incompatible function types from ‘int (*)(void *, const char *)’ to ‘intptr_t (*)()’ {或称 ‘long long int (*)()’} [-Wcast-function-type]
 2303 |     { "RegDeleteValueA", (FARPROC)RegDeleteValueA },
      |                          ^
kernel/arch/x86_64/win32_kernel32.c:2304:22: warning: cast between incompatible function types from ‘int (*)(void *)’ to ‘intptr_t (*)()’ {或称 ‘long long int (*)()’} [-Wcast-function-type]
 2304 |     { "RegFlushKey", (FARPROC)RegFlushKey },
      |                      ^
kernel/arch/x86_64/win32_kernel32.c:2305:19: warning: cast between incompatible function types from ‘BOOL (*)(void *, unsigned int,  unsigned int,  unsigned int,  unsigned int)’ {或称 ‘int (*)(void *, unsigned int,  unsigned int,  unsigned int,  unsigned int)’} to ‘intptr_t (*)()’ {或称 ‘long long int (*)()’} [-Wcast-function-type]
 2305 |     { "LockFile", (FARPROC)LockFile },
      |                   ^
kernel/arch/x86_64/win32_kernel32.c:2306:21: warning: cast between incompatible function types from ‘BOOL (*)(void *, unsigned int,  unsigned int,  unsigned int,  unsigned int)’ {或称 ‘int (*)(void *, unsigned int,  unsigned int,  unsigned int,  unsigned int)’} to ‘intptr_t (*)()’ {或称 ‘long long int (*)()’} [-Wcast-function-type]
 2306 |     { "UnlockFile", (FARPROC)UnlockFile },
      |                     ^
kernel/arch/x86_64/win32_kernel32.c:2307:21: warning: cast between incompatible function types from ‘BOOL (*)(void *, unsigned int,  unsigned int,  unsigned int,  unsigned int,  void *)’ {或称 ‘int (*)(void *, unsigned int,  unsigned int,  unsigned int,  unsigned int,  void *)’} to ‘intptr_t (*)()’ {或称 ‘long long int (*)()’} [-Wcast-function-type]
 2307 |     { "LockFileEx", (FARPROC)LockFileEx },
      |                     ^
kernel/arch/x86_64/win32_kernel32.c:2308:23: warning: cast between incompatible function types from ‘BOOL (*)(void *, unsigned int,  unsigned int,  unsigned int,  void *)’ {或称 ‘int (*)(void *, unsigned int,  unsigned int,  unsigned int,  void *)’} to ‘intptr_t (*)()’ {或称 ‘long long int (*)()’} [-Wcast-function-type]
 2308 |     { "UnlockFileEx", (FARPROC)UnlockFileEx },
      |                       ^
kernel/arch/x86_64/win32_kernel32.c:2309:35: error: ‘SetVolumeLabelA’未声明(不在函数内)
 2309 |     { "SetVolumeLabelA", (FARPROC)SetVolumeLabelA },
      |                                   ^~~~~~~~~~~~~~~
kernel/arch/x86_64/win32_kernel32.c:2309:5: warning: missing initializer for field ‘addr’ of ‘proc_entry_t’ [-Wmissing-field-initializers]
 2309 |     { "SetVolumeLabelA", (FARPROC)SetVolumeLabelA },
      |     ^
kernel/arch/x86_64/win32_kernel32.c:2208:13: note: ‘addr’在此声明
 2208 |     FARPROC addr;
      |             ^~~~
kernel/arch/x86_64/win32_kernel32.c:2310:34: warning: cast between incompatible function types from ‘DWORD (*)(uint32_t,  char *)’ {或称 ‘unsigned int (*)(unsigned int,  char *)’} to ‘intptr_t (*)()’ {或称 ‘long long int (*)()’} [-Wcast-function-type]
 2310 |     { "GetLogicalDriveStringsA", (FARPROC)GetLogicalDriveStringsA },
      |                                  ^
kernel/arch/x86_64/win32_kernel32.c:2311:24: warning: cast between incompatible function types from ‘UINT (*)(const char *)’ {或称 ‘unsigned int (*)(const char *)’} to ‘intptr_t (*)()’ {或称 ‘long long int (*)()’} [-Wcast-function-type]
 2311 |     { "GetDriveTypeA", (FARPROC)GetDriveTypeA },
      |                        ^
kernel/arch/x86_64/win32_kernel32.c:2312:28: warning: cast between incompatible function types from ‘BOOL (*)(const char *, uint32_t *, uint32_t *, uint32_t *, uint32_t *)’ {或称 ‘int (*)(const char *, unsigned int *, unsigned int *, unsigned int *, unsigned int *)’} to ‘intptr_t (*)()’ {或称 ‘long long int (*)()’} [-Wcast-function-type]
 2312 |     { "GetDiskFreeSpaceA", (FARPROC)GetDiskFreeSpaceA },
      |                            ^
kernel/arch/x86_64/win32_kernel32.c:2313:30: warning: cast between incompatible function types from ‘BOOL (*)(const char *, uint64_t *, uint64_t *, uint64_t *)’ {或称 ‘int (*)(const char *, long long unsigned int *, long long unsigned int *, long long unsigned int *)’} to ‘intptr_t (*)()’ {或称 ‘long long int (*)()’} [-Wcast-function-type]
 2313 |     { "GetDiskFreeSpaceExA", (FARPROC)GetDiskFreeSpaceExA },
      |                              ^
kernel/arch/x86_64/win32_kernel32.c:2314:22: warning: cast between incompatible function types from ‘BOOL (*)(void *, uint64_t *, uint64_t *, uint64_t *)’ {或称 ‘int (*)(void *, long long unsigned int *, long long unsigned int *, long long unsigned int *)’} to ‘intptr_t (*)()’ {或称 ‘long long int (*)()’} [-Wcast-function-type]
 2314 |     { "GetFileTime", (FARPROC)GetFileTime },
      |                      ^
kernel/arch/x86_64/win32_kernel32.c:2315:22: warning: cast between incompatible function types from ‘BOOL (*)(void *, const uint64_t *, const uint64_t *, const uint64_t *)’ {或称 ‘int (*)(void *, const long long unsigned int *, const long long unsigned int *, const long long unsigned int *)’} to ‘intptr_t (*)()’ {或称 ‘long long int (*)()’} [-Wcast-function-type]
 2315 |     { "SetFileTime", (FARPROC)SetFileTime },
      |                      ^
kernel/arch/x86_64/win32_kernel32.c:2316:31: warning: cast between incompatible function types from ‘BOOL (*)(const char *, uint32_t,  void *)’ {或称 ‘int (*)(const char *, unsigned int,  void *)’} to ‘intptr_t (*)()’ {或称 ‘long long int (*)()’} [-Wcast-function-type]
 2316 |     { "GetFileAttributesExA", (FARPROC)GetFileAttributesExA },
      |                               ^
kernel/arch/x86_64/win32_kernel32.c:2317:29: warning: cast between incompatible function types from ‘BOOL (*)(const char *, unsigned int)’ {或称 ‘int (*)(const char *, unsigned int)’} to ‘intptr_t (*)()’ {或称 ‘long long int (*)()’} [-Wcast-function-type]
 2317 |     { "SetFileAttributesA", (FARPROC)SetFileAttributesA },
      |                             ^
kernel/arch/x86_64/win32_kernel32.c:2318:27: warning: cast between incompatible function types from ‘DWORD (*)(const char *, DWORD,  char *, char **)’ {或称 ‘unsigned int (*)(const char *, unsigned int,  char *, char **)’} to ‘intptr_t (*)()’ {或称 ‘long long int (*)()’} [-Wcast-function-type]
 2318 |     { "GetFullPathNameA", (FARPROC)GetFullPathNameA },
      |                           ^
kernel/arch/x86_64/win32_kernel32.c:2319:28: warning: cast between incompatible function types from ‘BOOL (*)(const char *, char *, uint32_t)’ {或称 ‘int (*)(const char *, char *, unsigned int)’} to ‘intptr_t (*)()’ {或称 ‘long long int (*)()’} [-Wcast-function-type]
 2319 |     { "GetShortPathNameA", (FARPROC)GetShortPathNameA },
      |                            ^
kernel/arch/x86_64/win32_kernel32.c:2320:27: warning: cast between incompatible function types from ‘BOOL (*)(const char *, char *, uint32_t)’ {或称 ‘int (*)(const char *, char *, unsigned int)’} to ‘intptr_t (*)()’ {或称 ‘long long int (*)()’} [-Wcast-function-type]
 2320 |     { "GetLongPathNameA", (FARPROC)GetLongPathNameA },
      |                           ^
kernel/arch/x86_64/win32_kernel32.c:2321:22: warning: cast between incompatible function types from ‘DWORD (*)(const char *, const char *, const char *, uint32_t,  char *, char **)’ {或称 ‘unsigned int (*)(const char *, const char *, const char *, unsigned int,  char *, char **)’} to ‘intptr_t (*)()’ {或称 ‘long long int (*)()’} [-Wcast-function-type]
 2321 |     { "SearchPathA", (FARPROC)SearchPathA },
      |                      ^
kernel/arch/x86_64/win32_kernel32.c:2322:29: warning: cast between incompatible function types from ‘void * (*)(void *, void *, unsigned int,  unsigned int,  unsigned int,  const char *)’ to ‘intptr_t (*)()’ {或称 ‘long long int (*)()’} [-Wcast-function-type]
 2322 |     { "CreateFileMappingA", (FARPROC)CreateFileMappingA },
      |                             ^
kernel/arch/x86_64/win32_kernel32.c:2323:24: warning: cast between incompatible function types from ‘void * (*)(void *, unsigned int,  unsigned int,  unsigned int,  long long unsigned int)’ to ‘intptr_t (*)()’ {或称 ‘long long int (*)()’} [-Wcast-function-type]
 2323 |     { "MapViewOfFile", (FARPROC)MapViewOfFile },
      |                        ^
kernel/arch/x86_64/win32_kernel32.c:2324:26: warning: cast between incompatible function types from ‘BOOL (*)(const void *)’ {或称 ‘int (*)(const void *)’} to ‘intptr_t (*)()’ {或称 ‘long long int (*)()’} [-Wcast-function-type]
 2324 |     { "UnmapViewOfFile", (FARPROC)UnmapViewOfFile },
      |                          ^
kernel/arch/x86_64/win32_kernel32.c:2325:34: warning: cast between incompatible function types from ‘BOOL (*)(int64_t *)’ {或称 ‘int (*)(long long int *)’} to ‘intptr_t (*)()’ {或称 ‘long long int (*)()’} [-Wcast-function-type]
 2325 |     { "QueryPerformanceCounter", (FARPROC)QueryPerformanceCounter },
      |                                  ^
kernel/arch/x86_64/win32_kernel32.c:2326:36: warning: cast between incompatible function types from ‘BOOL (*)(int64_t *)’ {或称 ‘int (*)(long long int *)’} to ‘intptr_t (*)()’ {或称 ‘long long int (*)()’} [-Wcast-function-type]
 2326 |     { "QueryPerformanceFrequency", (FARPROC)QueryPerformanceFrequency },
      |                                    ^
kernel/arch/x86_64/win32_kernel32.c:2327:18: warning: cast between incompatible function types from ‘void (*)(unsigned int,  int)’ to ‘intptr_t (*)()’ {或称 ‘long long int (*)()’} [-Wcast-function-type]
 2327 |     { "SleepEx", (FARPROC)SleepEx },
      |                  ^
kernel/arch/x86_64/win32_kernel32.c:2328:36: warning: cast between incompatible function types from ‘BOOL (*)(uint32_t)’ {或称 ‘int (*)(unsigned int)’} to ‘intptr_t (*)()’ {或称 ‘long long int (*)()’} [-Wcast-function-type]
 2328 |     { "IsProcessorFeaturePresent", (FARPROC)IsProcessorFeaturePresent },
      |                                    ^
kernel/arch/x86_64/win32_kernel32.c:2329:31: warning: cast between incompatible function types from ‘BOOL (*)(void *)’ {或称 ‘int (*)(void *)’} to ‘intptr_t (*)()’ {或称 ‘long long int (*)()’} [-Wcast-function-type]
 2329 |     { "GetSystemPowerStatus", (FARPROC)GetSystemPowerStatus },
      |                               ^
kernel/arch/x86_64/win32_kernel32.c:2330:27: warning: cast between incompatible function types from ‘int (*)(int)’ to ‘intptr_t (*)()’ {或称 ‘long long int (*)()’} [-Wcast-function-type]
 2330 |     { "GetSystemMetrics", (FARPROC)GetSystemMetrics },
      |                           ^
kernel/arch/x86_64/win32_kernel32.c:2331:33: warning: cast between incompatible function types from ‘int (*)(void)’ to ‘intptr_t (*)()’ {或称 ‘long long int (*)()’} [-Wcast-function-type]
 2331 |     { "GetSystemDefaultLangID", (FARPROC)GetSystemDefaultLangID },
      |                                 ^
kernel/arch/x86_64/win32_kernel32.c:2332:31: warning: cast between incompatible function types from ‘int (*)(void)’ to ‘intptr_t (*)()’ {或称 ‘long long int (*)()’} [-Wcast-function-type]
 2332 |     { "GetUserDefaultLangID", (FARPROC)GetUserDefaultLangID },
      |                               ^
kernel/arch/x86_64/win32_kernel32.c:2333:31: warning: cast between incompatible function types from ‘LCID (*)(void)’ {或称 ‘unsigned int (*)(void)’} to ‘intptr_t (*)()’ {或称 ‘long long int (*)()’} [-Wcast-function-type]
 2333 |     { "GetSystemDefaultLCID", (FARPROC)GetSystemDefaultLCID },
      |                               ^
kernel/arch/x86_64/win32_kernel32.c:2334:29: warning: cast between incompatible function types from ‘LCID (*)(void)’ {或称 ‘unsigned int (*)(void)’} to ‘intptr_t (*)()’ {或称 ‘long long int (*)()’} [-Wcast-function-type]
 2334 |     { "GetUserDefaultLCID", (FARPROC)GetUserDefaultLCID },
      |                             ^
kernel/arch/x86_64/win32_kernel32.c:2335:24: warning: cast between incompatible function types from ‘BOOL (*)(uint32_t,  uint32_t)’ {或称 ‘int (*)(unsigned int,  unsigned int)’} to ‘intptr_t (*)()’ {或称 ‘long long int (*)()’} [-Wcast-function-type]
 2335 |     { "IsValidLocale", (FARPROC)IsValidLocale },
      |                        ^
kernel/arch/x86_64/win32_kernel32.c:2336:29: warning: cast between incompatible function types from ‘BOOL (*)(BOOL (*)(CHAR *), uint32_t)’ {或称 ‘int (*)(int (*)(char *), unsigned int)’} to ‘intptr_t (*)()’ {或称 ‘long long int (*)()’} [-Wcast-function-type]
 2336 |     { "EnumSystemLocalesA", (FARPROC)EnumSystemLocalesA },
      |                             ^
kernel/arch/x86_64/win32_kernel32.c:2337:25: warning: cast between incompatible function types from ‘int (*)(uint32_t,  uint32_t,  const char *, int,  const char *, int)’ {或称 ‘int (*)(unsigned int,  unsigned int,  const char *, int,  const char *, int)’} to ‘intptr_t (*)()’ {或称 ‘long long int (*)()’} [-Wcast-function-type]
 2337 |     { "CompareStringA", (FARPROC)CompareStringA },
      |                         ^
kernel/arch/x86_64/win32_kernel32.c:2338:23: warning: cast between incompatible function types from ‘int (*)(uint32_t,  uint32_t,  const char *, int,  char *, int)’ {或称 ‘int (*)(unsigned int,  unsigned int,  const char *, int,  char *, int)’} to ‘intptr_t (*)()’ {或称 ‘long long int (*)()’} [-Wcast-function-type]
 2338 |     { "LCMapStringA", (FARPROC)LCMapStringA },
      |                       ^
kernel/arch/x86_64/win32_kernel32.c:2339:25: warning: cast between incompatible function types from ‘int (*)(uint32_t,  uint32_t,  const char *, int,  uint16_t *)’ {或称 ‘int (*)(unsigned int,  unsigned int,  const char *, int,  short unsigned int *)’} to ‘intptr_t (*)()’ {或称 ‘long long int (*)()’} [-Wcast-function-type]
 2339 |     { "GetStringTypeA", (FARPROC)GetStringTypeA },
      |                         ^
kernel/arch/x86_64/win32_kernel32.c:2340:28: warning: cast between incompatible function types from ‘BOOL (*)(void *, const void *, void *, SIZE_T,  SIZE_T *)’ {或称 ‘int (*)(void *, const void *, void *, long long unsigned int,  long long unsigned int *)’} to ‘intptr_t (*)()’ {或称 ‘long long int (*)()’} [-Wcast-function-type]
 2340 |     { "ReadProcessMemory", (FARPROC)ReadProcessMemory },
      |                            ^
kernel/arch/x86_64/win32_kernel32.c:2341:29: warning: cast between incompatible function types from ‘BOOL (*)(void *, void *, const void *, SIZE_T,  SIZE_T *)’ {或称 ‘int (*)(void *, void *, const void *, long long unsigned int,  long long unsigned int *)’} to ‘intptr_t (*)()’ {或称 ‘long long int (*)()’} [-Wcast-function-type]
 2341 |     { "WriteProcessMemory", (FARPROC)WriteProcessMemory },
      |                             ^
kernel/arch/x86_64/win32_kernel32.c:2342:27: warning: cast between incompatible function types from ‘void * (*)(const wchar_t *)’ {或称 ‘void * (*)(const short unsigned int *)’} to ‘intptr_t (*)()’ {或称 ‘long long int (*)()’} [-Wcast-function-type]
 2342 |     { "GetModuleHandleW", (FARPROC)GetModuleHandleW },
      |                           ^
kernel/arch/x86_64/win32_kernel32.c:2343:29: warning: cast between incompatible function types from ‘DWORD (*)(void *, wchar_t *, DWORD)’ {或称 ‘unsigned int (*)(void *, short unsigned int *, unsigned int)’} to ‘intptr_t (*)()’ {或称 ‘long long int (*)()’} [-Wcast-function-type]
 2343 |     { "GetModuleFileNameW", (FARPROC)GetModuleFileNameW },
      |                             ^
kernel/arch/x86_64/win32_kernel32.c:2344:23: warning: cast between incompatible function types from ‘void * (*)(const wchar_t *)’ {或称 ‘void * (*)(const short unsigned int *)’} to ‘intptr_t (*)()’ {或称 ‘long long int (*)()’} [-Wcast-function-type]
 2344 |     { "LoadLibraryW", (FARPROC)LoadLibraryW },
      |                       ^
kernel/arch/x86_64/win32_kernel32.c:2345:25: warning: cast between incompatible function types from ‘void * (*)(const char *, void *, uint32_t)’ {或称 ‘void * (*)(const char *, void *, unsigned int)’} to ‘intptr_t (*)()’ {或称 ‘long long int (*)()’} [-Wcast-function-type]
 2345 |     { "LoadLibraryExA", (FARPROC)LoadLibraryExA },
      |                         ^
kernel/arch/x86_64/win32_kernel32.c:2346:25: warning: cast between incompatible function types from ‘void * (*)(const wchar_t *, void *, uint32_t)’ {或称 ‘void * (*)(const short unsigned int *, void *, unsigned int)’} to ‘intptr_t (*)()’ {或称 ‘long long int (*)()’} [-Wcast-function-type]
 2346 |     { "LoadLibraryExW", (FARPROC)LoadLibraryExW },
      |                         ^
kernel/arch/x86_64/win32_kernel32.c:2347:35: warning: cast between incompatible function types from ‘BOOL (*)(void *, uint32_t)’ {或称 ‘int (*)(void *, unsigned int)’} to ‘intptr_t (*)()’ {或称 ‘long long int (*)()’} [-Wcast-function-type]
 2347 |     { "FreeLibraryAndExitThread", (FARPROC)FreeLibraryAndExitThread },
      |                                   ^
kernel/arch/x86_64/win32_kernel32.c:2348:27: warning: cast between incompatible function types from ‘DWORD (*)(uint32_t,  char *)’ {或称 ‘unsigned int (*)(unsigned int,  char *)’} to ‘intptr_t (*)()’ {或称 ‘long long int (*)()’} [-Wcast-function-type]
 2348 |     { "GetDllDirectoryA", (FARPROC)GetDllDirectoryA },
      |                           ^
kernel/arch/x86_64/win32_kernel32.c:2349:27: warning: cast between incompatible function types from ‘BOOL (*)(const char *)’ {或称 ‘int (*)(const char *)’} to ‘intptr_t (*)()’ {或称 ‘long long int (*)()’} [-Wcast-function-type]
 2349 |     { "SetDllDirectoryA", (FARPROC)SetDllDirectoryA },
      |                           ^
kernel/arch/x86_64/win32_kernel32.c:2350:25: warning: cast between incompatible function types from ‘BOOL (*)(void *, void *, void *, SIZE_T)’ {或称 ‘int (*)(void *, void *, void *, long long unsigned int)’} to ‘intptr_t (*)()’ {或称 ‘long long int (*)()’} [-Wcast-function-type]
 2350 |     { "VirtualQueryEx", (FARPROC)VirtualQueryEx },
      |                         ^
kernel/arch/x86_64/win32_kernel32.c:2351:22: warning: cast between incompatible function types from ‘void * (*)(void *, DWORD,  void *, uint64_t)’ {或称 ‘void * (*)(void *, unsigned int,  void *, long long unsigned int)’} to ‘intptr_t (*)()’ {或称 ‘long long int (*)()’} [-Wcast-function-type]
 2351 |     { "HeapReAlloc", (FARPROC)HeapReAlloc },
      |                      ^
kernel/arch/x86_64/win32_kernel32.c:2353:23: warning: cast between incompatible function types from ‘BOOL (*)(void *, DWORD,  const void *)’ {或称 ‘int (*)(void *, unsigned int,  const void *)’} to ‘intptr_t (*)()’ {或称 ‘long long int (*)()’} [-Wcast-function-type]
 2353 |     { "HeapValidate", (FARPROC)HeapValidate },
      |                       ^
kernel/arch/x86_64/win32_kernel32.c:2354:22: warning: cast between incompatible function types from ‘uint32_t (*)(void *, uint32_t)’ {或称 ‘unsigned int (*)(void *, unsigned int)’} to ‘intptr_t (*)()’ {或称 ‘long long int (*)()’} [-Wcast-function-type]
 2354 |     { "HeapCompact", (FARPROC)HeapCompact },
      |                      ^
kernel/arch/x86_64/win32_kernel32.c:2355:29: warning: cast between incompatible function types from ‘BOOL (*)(void *, uint32_t,  void *, SIZE_T)’ {或称 ‘int (*)(void *, unsigned int,  void *, long long unsigned int)’} to ‘intptr_t (*)()’ {或称 ‘long long int (*)()’} [-Wcast-function-type]
 2355 |     { "HeapSetInformation", (FARPROC)HeapSetInformation },
      |                             ^
kernel/arch/x86_64/win32_kernel32.c:2356:31: warning: cast between incompatible function types from ‘BOOL (*)(void *, uint32_t,  void *, SIZE_T,  SIZE_T *)’ {或称 ‘int (*)(void *, unsigned int,  void *, long long unsigned int,  long long unsigned int *)’} to ‘intptr_t (*)()’ {或称 ‘long long int (*)()’} [-Wcast-function-type]
 2356 |     { "HeapQueryInformation", (FARPROC)HeapQueryInformation },
      |                               ^
kernel/arch/x86_64/win32_kernel32.c:2357:36: warning: cast between incompatible function types from ‘BOOL (*)(void *)’ {或称 ‘int (*)(void *)’} to ‘intptr_t (*)()’ {或称 ‘long long int (*)()’} [-Wcast-function-type]
 2357 |     { "InitializeCriticalSection", (FARPROC)InitializeCriticalSection },
      |                                    ^
kernel/arch/x86_64/win32_kernel32.c:2358:31: warning: cast between incompatible function types from ‘void (*)(void *)’ to ‘intptr_t (*)()’ {或称 ‘long long int (*)()’} [-Wcast-function-type]
 2358 |     { "EnterCriticalSection", (FARPROC)EnterCriticalSection },
      |                               ^
kernel/arch/x86_64/win32_kernel32.c:2359:34: warning: cast between incompatible function types from ‘BOOL (*)(void *)’ {或称 ‘int (*)(void *)’} to ‘intptr_t (*)()’ {或称 ‘long long int (*)()’} [-Wcast-function-type]
 2359 |     { "TryEnterCriticalSection", (FARPROC)TryEnterCriticalSection },
      |                                  ^
kernel/arch/x86_64/win32_kernel32.c:2360:31: warning: cast between incompatible function types from ‘void (*)(void *)’ to ‘intptr_t (*)()’ {或称 ‘long long int (*)()’} [-Wcast-function-type]
 2360 |     { "LeaveCriticalSection", (FARPROC)LeaveCriticalSection },
      |                               ^
kernel/arch/x86_64/win32_kernel32.c:2361:32: warning: cast between incompatible function types from ‘void (*)(void *)’ to ‘intptr_t (*)()’ {或称 ‘long long int (*)()’} [-Wcast-function-type]
 2361 |     { "DeleteCriticalSection", (FARPROC)DeleteCriticalSection },
      |                                ^
kernel/arch/x86_64/win32_kernel32.c:2362:48: warning: cast between incompatible function types from ‘BOOL (*)(void *, uint32_t)’ {或称 ‘int (*)(void *, unsigned int)’} to ‘intptr_t (*)()’ {或称 ‘long long int (*)()’} [-Wcast-function-type]
 2362 |     { "InitializeCriticalSectionAndSpinCount", (FARPROC)InitializeCriticalSectionAndSpinCount },
      |                                                ^
kernel/arch/x86_64/win32_kernel32.c:2363:37: warning: cast between incompatible function types from ‘BOOL (*)(volatile LONG *, LONG,  LONG)’ {或称 ‘int (*)(volatile long int *, long int,  long int)’} to ‘intptr_t (*)()’ {或称 ‘long long int (*)()’} [-Wcast-function-type]
 2363 |     { "InterlockedCompareExchange", (FARPROC)InterlockedCompareExchange },
      |                                     ^
kernel/arch/x86_64/win32_kernel32.c:2364:31: warning: cast between incompatible function types from ‘LONG (*)(volatile LONG *)’ {或称 ‘long int (*)(volatile long int *)’} to ‘intptr_t (*)()’ {或称 ‘long long int (*)()’} [-Wcast-function-type]
 2364 |     { "InterlockedIncrement", (FARPROC)InterlockedIncrement },
      |                               ^
kernel/arch/x86_64/win32_kernel32.c:2365:31: warning: cast between incompatible function types from ‘LONG (*)(volatile LONG *)’ {或称 ‘long int (*)(volatile long int *)’} to ‘intptr_t (*)()’ {或称 ‘long long int (*)()’} [-Wcast-function-type]
 2365 |     { "InterlockedDecrement", (FARPROC)InterlockedDecrement },
      |                               ^
kernel/arch/x86_64/win32_kernel32.c:2366:30: warning: cast between incompatible function types from ‘LONG (*)(volatile LONG *, LONG)’ {或称 ‘long int (*)(volatile long int *, long int)’} to ‘intptr_t (*)()’ {或称 ‘long long int (*)()’} [-Wcast-function-type]
 2366 |     { "InterlockedExchange", (FARPROC)InterlockedExchange },
      |                              ^
kernel/arch/x86_64/win32_kernel32.c:2367:33: warning: cast between incompatible function types from ‘LONG (*)(volatile LONG *, LONG)’ {或称 ‘long int (*)(volatile long int *, long int)’} to ‘intptr_t (*)()’ {或称 ‘long long int (*)()’} [-Wcast-function-type]
 2367 |     { "InterlockedExchangeAdd", (FARPROC)InterlockedExchangeAdd },
      |                                 ^
kernel/arch/x86_64/win32_kernel32.c:2368:44: warning: cast between incompatible function types from ‘void * (*)(void * volatile*, void *, void *)’ to ‘intptr_t (*)()’ {或称 ‘long long int (*)()’} [-Wcast-function-type]
 2368 |     { "InterlockedCompareExchangePointer", (FARPROC)InterlockedCompareExchangePointer },
      |                                            ^
kernel/arch/x86_64/win32_kernel32.c:2369:37: warning: cast between incompatible function types from ‘void * (*)(void * volatile*, void *)’ to ‘intptr_t (*)()’ {或称 ‘long long int (*)()’} [-Wcast-function-type]
 2369 |     { "InterlockedExchangePointer", (FARPROC)InterlockedExchangePointer },
      |                                     ^
kernel/arch/x86_64/win32_kernel32.c:2370:29: warning: cast between incompatible function types from ‘void (*)(const char *)’ to ‘intptr_t (*)()’ {或称 ‘long long int (*)()’} [-Wcast-function-type]
 2370 |     { "OutputDebugStringA", (FARPROC)OutputDebugStringA },
      |                             ^
kernel/arch/x86_64/win32_kernel32.c:2372:28: warning: cast between incompatible function types from ‘BOOL (*)(void)’ {或称 ‘int (*)(void)’} to ‘intptr_t (*)()’ {或称 ‘long long int (*)()’} [-Wcast-function-type]
 2372 |     { "IsDebuggerPresent", (FARPROC)IsDebuggerPresent },
      |                            ^
kernel/arch/x86_64/win32_kernel32.c:2373:20: warning: cast between incompatible function types from ‘void (*)(int)’ to ‘intptr_t (*)()’ {或称 ‘long long int (*)()’} [-Wcast-function-type]
 2373 |     { "FatalExit", (FARPROC)FatalExit },
      |                    ^
kernel/arch/x86_64/win32_kernel32.c:2374:25: warning: cast between incompatible function types from ‘void (*)(uint32_t,  uint32_t,  uint32_t,  const uint32_t *)’ {或称 ‘void (*)(unsigned int,  unsigned int,  unsigned int,  const unsigned int *)’} to ‘intptr_t (*)()’ {或称 ‘long long int (*)()’} [-Wcast-function-type]
 2374 |     { "RaiseException", (FARPROC)RaiseException },
      |                         ^
kernel/arch/x86_64/win32_kernel32.c:2375:23: warning: cast between incompatible function types from ‘uint32_t (*)(uint32_t)’ {或称 ‘unsigned int (*)(unsigned int)’} to ‘intptr_t (*)()’ {或称 ‘long long int (*)()’} [-Wcast-function-type]
 2375 |     { "SetErrorMode", (FARPROC)SetErrorMode },
      |                       ^
kernel/arch/x86_64/win32_kernel32.c:2376:15: warning: cast between incompatible function types from ‘BOOL (*)(uint32_t,  uint32_t)’ {或称 ‘int (*)(unsigned int,  unsigned int)’} to ‘intptr_t (*)()’ {或称 ‘long long int (*)()’} [-Wcast-function-type]
 2376 |     { "Beep", (FARPROC)Beep },
      |               ^
kernel/arch/x86_64/win32_kernel32.c:2377:35: warning: cast between incompatible function types from ‘BOOL (*)(uint32_t,  uint32_t)’ {或称 ‘int (*)(unsigned int,  unsigned int)’} to ‘intptr_t (*)()’ {或称 ‘long long int (*)()’} [-Wcast-function-type]
 2377 |     { "GenerateConsoleCtrlEvent", (FARPROC)GenerateConsoleCtrlEvent },
      |                                   ^
kernel/arch/x86_64/win32_kernel32.c:2378:23: warning: cast between incompatible function types from ‘BOOL (*)(void)’ {或称 ‘int (*)(void)’} to ‘intptr_t (*)()’ {或称 ‘long long int (*)()’} [-Wcast-function-type]
 2378 |     { "AllocConsole", (FARPROC)AllocConsole },
      |                       ^
kernel/arch/x86_64/win32_kernel32.c:2379:22: warning: cast between incompatible function types from ‘BOOL (*)(void)’ {或称 ‘int (*)(void)’} to ‘intptr_t (*)()’ {或称 ‘long long int (*)()’} [-Wcast-function-type]
 2379 |     { "FreeConsole", (FARPROC)FreeConsole },
      |                      ^
kernel/arch/x86_64/win32_kernel32.c:2380:27: warning: cast between incompatible function types from ‘void * (*)(void)’ to ‘intptr_t (*)()’ {或称 ‘long long int (*)()’} [-Wcast-function-type]
 2380 |     { "GetConsoleWindow", (FARPROC)GetConsoleWindow },
      |                           ^
kernel/arch/x86_64/win32_kernel32.c:2381:27: warning: cast between incompatible function types from ‘BOOL (*)(const char *)’ {或称 ‘int (*)(const char *)’} to ‘intptr_t (*)()’ {或称 ‘long long int (*)()’} [-Wcast-function-type]
 2381 |     { "SetConsoleTitleA", (FARPROC)SetConsoleTitleA },
      |                           ^
kernel/arch/x86_64/win32_kernel32.c:2382:27: warning: cast between incompatible function types from ‘DWORD (*)(char *, uint32_t)’ {或称 ‘unsigned int (*)(char *, unsigned int)’} to ‘intptr_t (*)()’ {或称 ‘long long int (*)()’} [-Wcast-function-type]
 2382 |     { "GetConsoleTitleA", (FARPROC)GetConsoleTitleA },
      |                           ^
kernel/arch/x86_64/win32_kernel32.c:2383:34: warning: cast between incompatible function types from ‘BOOL (*)(void *, uint16_t)’ {或称 ‘int (*)(void *, short unsigned int)’} to ‘intptr_t (*)()’ {或称 ‘long long int (*)()’} [-Wcast-function-type]
 2383 |     { "SetConsoleTextAttribute", (FARPROC)SetConsoleTextAttribute },
      |                                  ^
kernel/arch/x86_64/win32_kernel32.c:2384:37: warning: cast between incompatible function types from ‘BOOL (*)(void *, void *)’ {或称 ‘int (*)(void *, void *)’} to ‘intptr_t (*)()’ {或称 ‘long long int (*)()’} [-Wcast-function-type]
 2384 |     { "GetConsoleScreenBufferInfo", (FARPROC)GetConsoleScreenBufferInfo },
      |                                     ^
kernel/arch/x86_64/win32_kernel32.c:2385:35: warning: cast between incompatible function types from ‘BOOL (*)(void *, COORD)’ {或称 ‘int (*)(void *, COORD)’} to ‘intptr_t (*)()’ {或称 ‘long long int (*)()’} [-Wcast-function-type]
 2385 |     { "SetConsoleCursorPosition", (FARPROC)SetConsoleCursorPosition },
      |                                   ^
kernel/arch/x86_64/win32_kernel32.c:2386:31: warning: cast between incompatible function types from ‘BOOL (*)(void *, const void *)’ {或称 ‘int (*)(void *, const void *)’} to ‘intptr_t (*)()’ {或称 ‘long long int (*)()’} [-Wcast-function-type]
 2386 |     { "SetConsoleCursorInfo", (FARPROC)SetConsoleCursorInfo },
      |                               ^
kernel/arch/x86_64/win32_kernel32.c:2387:38: warning: cast between incompatible function types from ‘BOOL (*)(void *, CHAR,  DWORD,  COORD,  DWORD *)’ {或称 ‘int (*)(void *, char,  unsigned int,  COORD,  unsigned int *)’} to ‘intptr_t (*)()’ {或称 ‘long long int (*)()’} [-Wcast-function-type]
 2387 |     { "FillConsoleOutputCharacterA", (FARPROC)FillConsoleOutputCharacterA },
      |                                      ^
kernel/arch/x86_64/win32_kernel32.c:2388:37: warning: cast between incompatible function types from ‘BOOL (*)(void *, WORD,  DWORD,  COORD,  DWORD *)’ {或称 ‘int (*)(void *, short unsigned int,  unsigned int,  COORD,  unsigned int *)’} to ‘intptr_t (*)()’ {或称 ‘long long int (*)()’} [-Wcast-function-type]
 2388 |     { "FillConsoleOutputAttribute", (FARPROC)FillConsoleOutputAttribute },
      |                                     ^
kernel/arch/x86_64/win32_kernel32.c:2389:37: warning: cast between incompatible function types from ‘BOOL (*)(void *, const SMALL_RECT *, const SMALL_RECT *, COORD,  const union <匿名> *)’ {或称 ‘int (*)(void *, const SMALL_RECT *, const SMALL_RECT *, COORD,  const union <匿名> *)’} to ‘intptr_t (*)()’ {或称 ‘long long int (*)()’} [-Wcast-function-type]
 2389 |     { "ScrollConsoleScreenBufferA", (FARPROC)ScrollConsoleScreenBufferA },
      |                                     ^
kernel/arch/x86_64/win32_kernel32.c:2390:24: warning: cast between incompatible function types from ‘BOOL (*)(void *, const void *, DWORD,  DWORD *, void *)’ {或称 ‘int (*)(void *, const void *, unsigned int,  unsigned int *, void *)’} to ‘intptr_t (*)()’ {或称 ‘long long int (*)()’} [-Wcast-function-type]
 2390 |     { "WriteConsoleA", (FARPROC)WriteConsoleA },
      |                        ^
kernel/arch/x86_64/win32_kernel32.c:2391:23: warning: cast between incompatible function types from ‘BOOL (*)(void *, void *, DWORD,  DWORD *, void *)’ {或称 ‘int (*)(void *, void *, unsigned int,  unsigned int *, void *)’} to ‘intptr_t (*)()’ {或称 ‘long long int (*)()’} [-Wcast-function-type]
 2391 |     { "ReadConsoleA", (FARPROC)ReadConsoleA },
      |                       ^
kernel/arch/x86_64/win32_kernel32.c:2395:9: error: ‘GetModuleHandleA’重定义
 2395 | HMODULE GetModuleHandleA(const char* lpModuleName) {
      |         ^~~~~~~~~~~~~~~~
kernel/arch/x86_64/win32_kernel32.c:1135:9: note: previous definition of ‘GetModuleHandleA’ with type ‘void *(const char *)’
 1135 | HMODULE GetModuleHandleA(const char* lpModuleName) {
      |         ^~~~~~~~~~~~~~~~
kernel/arch/x86_64/win32_kernel32.c: 在函数‘LoadLibraryA’中:
kernel/arch/x86_64/win32_kernel32.c:2469:40: warning: ‘long long unsigned int’转换自‘off_t’ {或称 ‘long long int’}时可能会改变结果的符号 [-Wsign-conversion]
 2469 |     file_buf = memory_alloc(st.st_size + 16ULL);
      |                                        ^
kernel/arch/x86_64/win32_kernel32.c:2475:36: warning: ‘long long unsigned int’转换自‘off_t’ {或称 ‘long long int’}时可能会改变结果的符号 [-Wsign-conversion]
 2475 |     memset(file_buf, 0, st.st_size + 16ULL);
      |                                    ^
kernel/arch/x86_64/win32_kernel32.c:2477:36: warning: ‘uint64_t’ {或称 ‘long long unsigned int’}转换自‘off_t’ {或称 ‘long long int’}时可能会改变结果的符号 [-Wsign-conversion]
 2477 |     res = vfs_read(fd, file_buf, st.st_size);
      |                                  ~~^~~~~~~~
kernel/arch/x86_64/win32_kernel32.c: 在文件作用域：
kernel/arch/x86_64/win32_kernel32.c:2535:9: error: ‘GetProcAddress’重定义
 2535 | FARPROC GetProcAddress(HMODULE hModule, const char* lpProcName) {
      |         ^~~~~~~~~~~~~~
kernel/arch/x86_64/win32_kernel32.c:1151:9: note: previous definition of ‘GetProcAddress’ with type ‘intptr_t (*(void *, const char *))()’ {或称 ‘long long int (*(void *, const char *))()’}
 1151 | FARPROC GetProcAddress(HMODULE hModule, const char* lpProcName) {
      |         ^~~~~~~~~~~~~~
kernel/arch/x86_64/win32_kernel32.c:2559:10: error: ‘GetModuleFileNameA’重定义
 2559 | uint32_t GetModuleFileNameA(HMODULE hModule, char* lpFilename, uint32_t nSize) {
      |          ^~~~~~~~~~~~~~~~~~
kernel/arch/x86_64/win32_kernel32.c:1140:7: note: previous definition of ‘GetModuleFileNameA’ with type ‘uint32_t(void *, char *, unsigned int)’ {或称 ‘unsigned int(void *, char *, unsigned int)’}
 1140 | DWORD GetModuleFileNameA(HMODULE hModule, char* lpFilename, DWORD nSize) {
      |       ^~~~~~~~~~~~~~~~~~
kernel/arch/x86_64/win32_kernel32.c:2752:7: error: ‘GetEnvironmentVariableA’重定义
 2752 | DWORD GetEnvironmentVariableA(const char* lpName, char* lpBuffer, DWORD nSize) {
      |       ^~~~~~~~~~~~~~~~~~~~~~~
kernel/arch/x86_64/win32_kernel32.c:879:7: note: previous definition of ‘GetEnvironmentVariableA’ with type ‘DWORD(const char *, char *, DWORD)’ {或称 ‘unsigned int(const char *, char *, unsigned int)’}
  879 | DWORD GetEnvironmentVariableA(const char* lpName, char* lpBuffer, DWORD nSize) {
      |       ^~~~~~~~~~~~~~~~~~~~~~~
kernel/arch/x86_64/win32_kernel32.c:2785:6: error: ‘SetEnvironmentVariableA’重定义
 2785 | BOOL SetEnvironmentVariableA(const char* lpName, const char* lpValue) {
      |      ^~~~~~~~~~~~~~~~~~~~~~~
kernel/arch/x86_64/win32_kernel32.c:910:6: note: previous definition of ‘SetEnvironmentVariableA’ with type ‘BOOL(const char *, const char *)’ {或称 ‘int(const char *, const char *)’}
  910 | BOOL SetEnvironmentVariableA(const char* lpName, const char* lpValue) {
      |      ^~~~~~~~~~~~~~~~~~~~~~~
kernel/arch/x86_64/win32_kernel32.c:2944:8: error: ‘GlobalAlloc’重定义
 2944 | HANDLE GlobalAlloc(UINT uFlags, uint64_t dwBytes) {
      |        ^~~~~~~~~~~
kernel/arch/x86_64/win32_kernel32.c:1511:9: note: previous definition of ‘GlobalAlloc’ with type ‘void *(unsigned int,  long long unsigned int)’
 1511 | HGLOBAL GlobalAlloc(UINT uFlags, SIZE_T dwBytes) {
      |         ^~~~~~~~~~~
kernel/arch/x86_64/win32_kernel32.c:2973:9: error: ‘GlobalFree’重定义
 2973 | HGLOBAL GlobalFree(HGLOBAL hMem) {
      |         ^~~~~~~~~~
kernel/arch/x86_64/win32_kernel32.c:1530:9: note: previous definition of ‘GlobalFree’ with type ‘void *(void *)’
 1530 | HGLOBAL GlobalFree(HGLOBAL hMem) {
      |         ^~~~~~~~~~
kernel/arch/x86_64/win32_kernel32.c:2993:8: error: ‘GlobalLock’重定义
 2993 | LPVOID GlobalLock(HGLOBAL hMem) {
      |        ^~~~~~~~~~
FAILED TASK run all: [Errno 32] Broken pipe
